Crash_ID,Cmv_Involv_Fl,Crash_Date,Crash_Time,Crash_Speed_Limit,Wthr_Cond_ID,Light_Cond_ID,Surf_Cond_ID,Traffic_Cntl_ID,Harm_Evnt_ID,Intrsct_Relat_ID,FHE_Collsn_ID,Road_Relat_ID,Cnty_ID,City_ID,Latitude,Longitude,Hwy_Sys,Hwy_Nbr,Dfo,Street_Name,Onsys_Fl,Rural_Fl,Crash_Sev_ID,Day_of_Week,Shldr_Width_Left,Shldr_Width_Right,Median_Width,Nbr_Of_Lane,Func_Sys_ID,Adt_Curnt_Amt,Adt_Curnt_Year,Trk_Aadt_Pct,Curve_Type_ID,Curve_Lngth,Cd_Degr,Sus_Serious_Injry_Cnt,Nonincap_Injry_Cnt,Poss_Injry_Cnt,Non_Injry_Cnt,Unkn_Injry_Cnt,Tot_Injry_Cnt,Death_Cnt,Year
14839123,N,01/01/2016,12:23 AM,80,11,4,1,20,10,4,1,2.0,227,9999,30.29562745,-97.57088993,SH,130.0,29.381,SH0130,Y,Y,2,FRI,12.0,20.0,135.0,4.0,12.0,39424.0,2018.0,17.9,1.0,1686.0,0.0,0,1,0,0,0,1,0,2016
14839940,N,01/01/2016,08:50 PM,-1,12,3,1,1,2,4,46,1.0,227,9999,30.29975559,-97.83821351,RM,2244.0,6.86,RM2244,Y,Y,2,FRI,10.0,10.0,0.0,4.0,14.0,49430.0,2018.0,3.1,1.0,37.0,4.0,0,1,3,1,0,4,0,2016
14842086,N,01/01/2016,09:08 AM,45,11,1,1,11,7,4,1,2.0,227,22,30.35692503,-97.70074296,SL,275.0,5.0310000000000015,SL0275,Y,N,1,FRI,0.0,0.0,0.0,4.0,14.0,37706.0,2018.0,1.2,1.0,112.0,0.0,1,0,0,0,0,1,0,2016
14842189,N,01/02/2016,06:46 PM,55,2,4,6,1,2,4,20,1.0,227,22,30.3441924,-97.69694545,IH,35.0,239.693,IH0035,Y,N,2,SAT,20.0,20.0,3.0,6.0,11.0,145168.0,2018.0,11.9,,,,0,1,0,9,0,1,0,2016
14842205,N,01/03/2016,03:41 PM,-1,11,1,1,1,2,4,22,1.0,227,22,30.28943453,-97.72311252,IH,35.0,235.565,IH0035,Y,N,2,SUN,8.0,20.0,24.0,8.0,11.0,202376.0,2018.0,9.3,,,,0,1,0,2,1,1,0,2016
14842252,N,01/03/2016,06:09 PM,40,11,3,1,20,2,2,22,1.0,227,22,30.33519908,-97.74286778,RM,2222.0,9.534,RM2222,Y,N,2,SUN,0.0,0.0,0.0,4.0,14.0,34181.0,2018.0,3.5,,,,0,1,0,6,0,1,0,2016
14842253,N,01/03/2016,04:16 PM,50,11,1,2,9,2,2,22,1.0,227,22,30.32557857,-97.67328047,US,290.0,127.157,US0290,Y,N,2,SUN,12.0,20.0,36.0,4.0,12.0,24503.0,2018.0,2.7,,,,0,1,1,4,0,2,0,2016
14844465,N,01/04/2016,03:04 PM,50,11,1,1,20,2,3,34,1.0,227,22,30.44790964,-97.66220172,FM,1825.0,0.721,FM1825,Y,N,2,MON,8.0,8.0,0.0,4.0,16.0,34141.0,2018.0,3.5,1.0,102.0,4.0,0,2,1,0,0,3,0,2016
14844467,N,01/04/2016,04:14 PM,-1,11,1,1,1,2,3,10,1.0,227,22,30.40926635,-97.67801803,SL,275.0,1.149,SL0275,Y,N,2,MON,0.0,10.0,0.0,4.0,17.0,4708.0,2018.0,1.4,1.0,49.0,2.0,0,1,2,0,1,3,0,2016
14844476,N,01/04/2016,06:49 PM,60,11,3,1,11,2,4,22,1.0,227,22,30.345848699999998,-97.79951774,SL,360.0,4.892,SL0360,Y,N,2,MON,8.0,20.0,60.0,4.0,14.0,53846.0,2018.0,2.7,,,,0,1,0,2,0,1,0,2016
14844480,N,01/04/2016,06:31 PM,70,11,4,1,20,2,4,20,1.0,227,22,30.18204817,-97.77625051,IH,35.0,227.331,IH0035,Y,N,2,MON,6.0,20.0,30.0,6.0,11.0,156852.0,2018.0,11.1,,,,0,1,0,3,0,1,0,2016
14848769,Y,01/01/2016,01:22 AM,-1,11,4,1,20,2,4,21,1.0,227,22,30.19626582,-97.76585917,IH,35.0,228.49,IH0035,Y,N,1,FRI,24.0,24.0,42.0,6.0,11.0,170988.0,2018.0,10.7,,,,1,1,0,1,0,2,0,2016
14848770,N,01/01/2016,04:17 PM,45,11,1,1,5,2,3,10,1.0,227,22,30.23429398,-97.79613665,SL,343.0,0.374,SL0343,Y,N,2,FRI,6.0,16.0,10.0,2.0,14.0,36688.0,2018.0,1.5,,,,0,1,0,1,0,1,0,2016
14848802,N,01/04/2016,08:35 PM,-1,11,4,1,20,2,2,21,1.0,227,22,30.35083993,-97.70915299,SL,275.0,5.684,SL0275,Y,N,2,MON,8.0,8.0,0.0,4.0,14.0,37706.0,2018.0,1.2,,,,0,1,0,2,0,1,0,2016
14848815,N,01/05/2016,08:58 AM,45,11,1,1,11,2,4,20,1.0,227,22,30.21630725,-97.74714881,SH,71.0,123.756,SH0071,Y,N,2,TUE,20.0,20.0,32.0,6.0,12.0,122565.0,2018.0,3.2,1.0,202.0,0.0,0,2,0,1,0,2,0,2016
14848882,N,01/06/2016,02:26 PM,45,12,1,1,20,7,2,1,2.0,227,22,30.23536845,-97.86003115,US,290.0,110.295,US0290,Y,N,2,WED,6.0,6.0,0.0,4.0,14.0,72290.0,2018.0,2.7,,,,0,1,0,0,0,1,0,2016
14850138,N,01/07/2016,12:56 PM,65,11,1,1,1,2,4,22,1.0,227,22,30.32185338,-97.70685511,IH,35.0,238.025,IH0035,Y,N,2,THU,8.0,20.0,24.0,8.0,11.0,199837.0,2018.0,9.4,,,,0,1,3,0,0,4,0,2016
14851481,Y,01/05/2016,10:40 AM,50,11,1,1,5,2,1,10,1.0,227,538,30.30692476,-97.9406825,SH,71.0,108.961,SH0071,Y,Y,1,TUE,0.0,0.0,26.0,6.0,14.0,51884.0,2018.0,3.0,1.0,169.0,3.0,1,1,0,1,0,2,0,2016
14851678,N,01/08/2016,06:22 PM,55,11,4,1,5,2,2,22,1.0,227,9999,30.25357841,-97.60399734,FM,969.0,6.756,FM0969,Y,Y,2,FRI,0.0,0.0,0.0,2.0,17.0,22309.0,2018.0,6.4,1.0,400.0,2.0,0,1,0,7,0,1,0,2016
14852667,N,01/10/2016,07:36 PM,-1,11,4,1,20,2,3,10,1.0,227,9999,30.16113849,-97.68654336,FM,812.0,0.435,FM0812,Y,Y,1,SUN,0.0,0.0,0.0,4.0,16.0,14493.0,2018.0,6.9,,,,1,0,1,0,0,2,0,2016
14856469,N,01/08/2016,01:00 PM,55,12,1,1,11,2,4,30,1.0,227,9999,30.205070399999997,-97.91183723,RM,1826.0,2.417,RM1826,Y,Y,2,FRI,1.0,1.0,0.0,2.0,16.0,15562.0,2018.0,4.5,1.0,149.0,6.0,0,1,0,2,0,1,0,2016
14857188,N,01/07/2016,04:30 PM,70,11,1,1,11,2,4,22,1.0,227,22,30.1986358,-97.76394664,IH,35.0,228.689,IH0035,Y,N,2,THU,24.0,24.0,42.0,6.0,11.0,148474.0,2018.0,11.3,,,,0,1,0,2,0,1,0,2016
14857289,N,01/09/2016,12:39 PM,-1,11,1,1,5,2,1,34,1.0,227,22,30.33088548,-97.73154794,RM,2222.0,10.28,RM2222,Y,N,2,SAT,0.0,0.0,0.0,4.0,14.0,34181.0,2018.0,3.5,,,,0,1,0,1,0,1,0,2016
14857290,N,01/09/2016,11:47 AM,70,11,1,1,20,2,4,20,1.0,227,22,30.36443022,-97.68414019,IH,35.0,241.281,IH0035,Y,N,2,SAT,8.0,20.0,3.0,6.0,11.0,138459.0,2018.0,12.2,,,,0,1,0,1,1,1,0,2016
14857362,N,01/10/2016,04:20 PM,65,11,1,1,20,2,4,20,1.0,227,22,30.28538325,-97.7643188,SL,1.0,14.436,SL0001,Y,N,2,SUN,12.0,20.0,60.0,6.0,12.0,145144.0,2018.0,1.2,,,,0,1,0,1,1,1,0,2016
14857365,N,01/10/2016,07:46 PM,35,11,4,1,1,2,3,34,1.0,227,22,30.24274076,-97.78353425,SL,343.0,1.3259999999999998,SL0343,Y,N,2,SUN,0.0,0.0,0.0,4.0,14.0,36688.0,2018.0,1.5,,,,0,1,0,2,0,1,0,2016
14857366,N,01/11/2016,12:04 AM,55,11,4,1,11,7,4,3,4.0,227,22,30.2180017,-97.66791691,SH,71.0,128.739,SH0071,Y,N,2,MON,10.0,14.0,40.0,7.0,12.0,95090.0,2018.0,3.5,,,,0,1,0,3,0,1,0,2016
14857375,N,01/11/2016,02:53 PM,55,11,1,1,5,2,1,34,1.0,227,22,30.38815949,-97.75981145,SL,360.0,0.939,SL0360,Y,N,2,MON,8.0,20.0,48.0,4.0,14.0,53584.0,2018.0,2.7,,,,0,1,0,0,1,1,0,2016
14857381,N,01/11/2016,07:23 PM,60,11,4,1,20,2,4,20,1.0,227,22,30.24654758,-97.735025,IH,35.0,232.433,IH0035,Y,N,2,MON,4.0,10.0,3.0,6.0,11.0,150700.0,2018.0,10.7,,,,0,1,0,1,0,1,0,2016
14858259,N,01/06/2016,03:43 AM,60,11,3,1,20,2,3,22,1.0,227,9999,30.24269667,-97.62098218,FM,973.0,26.21,FM0973,Y,Y,2,WED,5.0,5.0,0.0,2.0,16.0,22301.0,2018.0,5.5,,,,0,2,0,0,0,2,0,2016
14859728,N,01/11/2016,04:36 PM,55,12,1,1,1,4,4,1,5.0,227,22,,,US,183.0,,US0183,Y,N,2,MON,,,,,,,,,,,,0,2,0,1,0,2,0,2016
14859766,N,01/11/2016,11:35 AM,65,12,1,1,20,7,4,1,2.0,227,9999,,,FM,734.0,,FM0734,Y,Y,2,MON,,,,,,,,,,,,0,1,0,0,0,1,0,2016
14859791,N,01/12/2016,01:43 PM,45,11,1,1,5,2,2,22,1.0,227,22,30.33917999,-97.70010376,IH,35.0,239.3,IH0035,Y,N,2,TUE,20.0,20.0,3.0,6.0,11.0,145168.0,2018.0,11.9,,,,0,1,0,3,0,1,0,2016
14859811,N,01/13/2016,07:23 AM,55,11,1,1,20,7,4,1,4.0,227,22,30.33378947,-97.68926126,US,183.0,319.401,US0183,Y,N,2,WED,4.0,10.0,24.0,5.0,12.0,61688.0,2018.0,6.9,,,,0,1,0,0,0,1,0,2016
14863190,N,01/12/2016,04:01 PM,65,11,1,1,5,2,1,10,1.0,227,9999,30.35240173,-97.59226227,SH,130.0,25.058000000000003,SH0130,Y,Y,2,TUE,8.0,20.0,135.0,4.0,12.0,39424.0,2018.0,17.9,,,,0,1,3,0,0,4,0,2016
14864859,N,01/16/2016,04:06 PM,45,11,1,1,5,2,1,34,1.0,227,330,30.43660355,-97.61391449,FM,685.0,7.957999999999998,FM0685,Y,N,2,SAT,1.0,1.0,0.0,4.0,16.0,29334.0,2018.0,4.3,,,,0,1,0,2,0,1,0,2016
14865990,N,01/07/2016,07:57 AM,50,5,1,2,5,2,1,34,1.0,227,538,30.30506304,-97.93604319,SH,71.0,109.266,SH0071,Y,Y,2,THU,8.0,8.0,0.0,4.0,14.0,50310.0,2018.0,3.1,,,,0,1,0,2,0,1,0,2016
14867740,N,01/01/2016,05:13 AM,50,2,4,2,20,2,4,22,1.0,227,22,30.33728692,-97.69654236,US,183.0,318.905,US0183,Y,N,1,FRI,20.0,20.0,24.0,6.0,12.0,61688.0,2018.0,6.9,,,,1,1,0,0,0,2,0,2016
14867752,N,01/07/2016,10:48 PM,60,11,4,1,5,2,1,34,1.0,227,22,30.38708413,-97.64859242,FM,734.0,14.168,FM0734,Y,N,2,THU,11.0,0.0,55.0,4.0,14.0,39056.0,2018.0,4.1,,,,0,2,0,1,0,2,0,2016
14867808,N,01/12/2016,01:05 PM,55,11,1,1,20,2,4,20,1.0,227,22,30.32151997,-97.81600284,SL,360.0,6.841,SL0360,Y,N,2,TUE,8.0,20.0,60.0,4.0,14.0,53846.0,2018.0,2.7,1.0,189.0,3.0,0,1,0,2,0,1,0,2016
14867814,N,01/13/2016,08:41 PM,65,11,4,1,1,2,2,20,1.0,227,22,30.20886441,-97.75592008,IH,35.0,229.541,IH0035,Y,N,2,WED,4.0,20.0,3.0,6.0,11.0,148474.0,2018.0,11.3,,,,0,2,0,1,0,2,0,2016
14867815,N,01/13/2016,09:32 PM,55,11,4,1,5,2,1,14,1.0,227,22,30.21239719,-97.71256098,SH,71.0,125.84,SH0071,Y,N,2,WED,20.0,20.0,44.0,8.0,12.0,70740.0,2018.0,4.0,1.0,284.0,2.0,0,1,0,1,0,1,0,2016
14867866,N,01/06/2016,07:17 PM,60,2,3,2,1,2,2,22,1.0,227,9999,30.28477661,-97.82491446,SL,360.0,9.794,SL0360,Y,Y,2,WED,8.0,20.0,60.0,4.0,14.0,50299.0,2018.0,2.7,,,,0,1,0,2,0,1,0,2016
14867875,Y,01/13/2016,09:02 AM,60,11,1,1,9,2,2,10,1.0,227,22,30.233487100000005,-97.74133772,IH,35.0,231.445,IH0035,Y,N,2,WED,4.0,20.0,3.0,6.0,11.0,150700.0,2018.0,10.7,,,,0,1,0,1,0,1,0,2016
14867880,N,01/13/2016,01:58 PM,-1,11,1,1,5,2,4,20,1.0,227,22,30.32227382,-97.70592482,US,290.0,125.155,US0290,Y,N,2,WED,12.0,20.0,24.0,5.0,12.0,55306.0,2018.0,6.3,,,,0,1,0,1,0,1,0,2016
14867881,N,01/13/2016,02:29 PM,60,11,1,1,5,2,1,10,1.0,227,22,30.35813342,-97.68810455,IH,35.0,240.788,IH0035,Y,N,2,WED,8.0,20.0,3.0,6.0,11.0,138459.0,2018.0,12.2,,,,0,1,0,2,0,1,0,2016
14867887,N,01/13/2016,03:59 PM,55,11,1,1,1,2,4,20,1.0,227,22,30.32426331,-97.75584805,SL,1.0,11.673,SL0001,Y,N,2,WED,12.0,20.0,100.0,6.0,12.0,157489.0,2018.0,1.1,,,,0,1,0,2,1,1,0,2016
14867930,N,01/13/2016,04:15 PM,60,11,1,1,11,10,4,1,1.0,227,22,30.33488127,-97.69158481,US,183.0,319.244,US0183,Y,N,2,WED,4.0,10.0,24.0,5.0,12.0,61688.0,2018.0,6.9,,,,0,1,0,0,0,1,0,2016
14867938,N,01/13/2016,06:24 PM,60,11,3,1,20,2,4,22,1.0,227,22,30.29975615,-97.71658868,IH,35.0,236.375,IH0035,Y,N,2,WED,8.0,20.0,24.0,8.0,11.0,202376.0,2018.0,9.3,,,,0,1,0,4,0,1,0,2016
14867954,N,01/14/2016,03:51 PM,-1,11,1,1,20,2,3,14,1.0,227,22,30.4243511,-97.84419623,RM,620.0,14.37,RM0620,Y,N,2,THU,8.0,8.0,0.0,4.0,14.0,50802.0,2018.0,3.1,,,,0,1,0,1,0,1,0,2016
14867956,N,01/14/2016,04:28 PM,55,11,1,1,5,2,4,22,1.0,227,22,30.25642962,-97.81104300000001,SL,360.0,11.994000000000002,SL0360,Y,N,2,THU,8.0,20.0,60.0,4.0,14.0,55818.0,2018.0,2.6,,,,0,1,0,5,0,1,0,2016
14868001,N,01/14/2016,09:07 PM,45,11,4,1,5,2,2,22,1.0,227,22,30.17362221,-97.82385369,FM,2304.0,2.065,FM2304,Y,N,2,THU,13.0,14.0,0.0,2.0,16.0,31291.0,2018.0,3.6,1.0,119.0,2.0,0,1,0,1,0,1,0,2016
14868057,N,01/15/2016,06:34 PM,45,11,3,1,20,2,4,20,1.0,227,22,30.31678335,-97.66345508,US,183.0,321.362,US0183,Y,N,2,FRI,16.0,16.0,70.0,4.0,12.0,57843.0,2018.0,3.2,,,,0,1,1,3,0,2,0,2016
14868063,N,01/15/2016,02:09 PM,65,11,1,1,20,2,4,22,1.0,227,22,30.27749723,-97.76894569,SL,1.0,15.046,SL0001,Y,N,1,FRI,12.0,20.0,60.0,6.0,12.0,145144.0,2018.0,1.2,,,,2,0,0,4,0,2,0,2016
14868065,N,01/16/2016,03:10 AM,50,11,4,1,20,2,2,20,1.0,227,22,30.22836442,-97.74436912,IH,35.0,231.049,IH0035,Y,N,2,SAT,4.0,20.0,3.0,6.0,11.0,157370.0,2018.0,10.5,,,,0,2,0,1,0,2,0,2016
14868068,N,01/16/2016,12:06 PM,40,12,1,2,21,2,1,10,1.0,227,22,30.21621427,-97.7440169,SH,71.0,123.943,SH0071,Y,N,2,SAT,20.0,20.0,32.0,6.0,12.0,122565.0,2018.0,3.2,,,,0,1,2,1,0,3,0,2016
14868071,N,01/16/2016,12:48 PM,35,11,1,1,20,2,4,34,1.0,227,22,30.33101705,-97.73182622,RM,2222.0,10.261,RM2222,Y,N,2,SAT,0.0,0.0,0.0,4.0,14.0,34181.0,2018.0,3.5,,,,0,1,0,1,0,1,0,2016
14868072,N,01/16/2016,02:22 PM,55,12,1,1,1,2,4,20,1.0,227,22,30.33916579,-97.7544243,SL,1.0,10.638,SL0001,Y,N,2,SAT,12.0,20.0,100.0,6.0,12.0,148872.0,2018.0,1.2,,,,0,1,0,4,0,1,0,2016
14868126,N,01/16/2016,06:58 PM,45,11,4,1,1,2,1,34,1.0,227,22,30.28633091,-97.66940182,FM,969.0,2.091,FM0969,Y,N,2,SAT,0.0,0.0,0.0,4.0,14.0,17992.0,2018.0,6.6,,,,0,2,0,0,0,2,0,2016
14868138,N,01/17/2016,12:24 AM,45,11,4,1,5,2,2,22,1.0,227,22,30.36477532,-97.69604529,SL,275.0,4.421,SL0275,Y,N,2,SUN,0.0,0.0,0.0,4.0,14.0,37689.0,2018.0,1.2,,,,0,1,0,4,0,1,0,2016
14868146,N,01/17/2016,01:39 PM,45,11,1,1,20,2,3,34,1.0,227,22,30.27205529,-97.69745098,SL,111.0,0.8270000000000001,SL0111,Y,N,1,SUN,1.0,2.0,0.0,4.0,14.0,31328.0,2018.0,1.8,,,,1,0,0,1,0,1,0,2016
14868150,N,01/17/2016,02:28 PM,-1,11,1,1,11,2,1,30,1.0,227,22,30.40376816,-97.85397396,RM,620.0,12.838,RM0620,Y,N,1,SUN,8.0,8.0,0.0,4.0,14.0,50802.0,2018.0,3.1,1.0,57.0,2.0,1,0,0,5,1,1,0,2016
14868195,N,01/18/2016,05:09 PM,40,11,4,1,5,2,2,22,1.0,227,22,30.36762226,-97.69441986,SL,275.0,4.203,SL0275,Y,N,2,MON,0.0,0.0,0.0,4.0,14.0,37689.0,2018.0,1.2,,,,0,1,0,3,0,1,0,2016
14868213,N,01/19/2016,07:11 AM,50,11,1,1,8,2,2,22,1.0,227,22,30.37099816,-97.72159454,US,183.0,315.973,US0183,Y,N,2,TUE,20.0,20.0,8.0,6.0,12.0,138365.0,2018.0,3.6,,,,0,1,1,1,0,2,0,2016
14868494,N,01/19/2016,10:07 AM,55,11,1,1,5,2,1,34,1.0,227,9999,30.29763114,-97.92688207,SH,71.0,110.019,SH0071,Y,Y,1,TUE,8.0,8.0,0.0,4.0,14.0,50310.0,2018.0,3.1,,,,1,1,0,1,0,2,0,2016
14871044,N,01/03/2016,03:28 AM,70,12,4,2,20,7,4,1,4.0,227,22,30.39630664,-97.6720897,IH,35.0,243.639,IH0035,Y,N,2,SUN,8.0,20.0,3.0,6.0,11.0,159315.0,2018.0,11.5,1.0,438.0,1.0,0,1,0,0,0,1,0,2016
14872926,N,01/01/2016,06:27 PM,60,11,3,1,20,2,4,30,1.0,227,9999,30.34683927,-98.05131266,SH,71.0,101.497,SH0071,Y,Y,4,FRI,2.0,2.0,0.0,4.0,2.0,37755.0,2018.0,3.3,,,,1,0,0,0,0,1,2,2016
14873051,Y,01/20/2016,10:18 AM,60,12,1,1,11,2,3,14,1.0,227,9999,30.16036689,-97.68495490000001,FM,812.0,0.544,FM0812,Y,Y,2,WED,0.0,0.0,0.0,4.0,16.0,14493.0,2018.0,6.9,,,,0,3,1,2,0,4,0,2016
14875346,N,01/09/2016,02:47 AM,-1,11,3,1,20,2,4,20,1.0,227,22,30.42143184,-97.70614772,FM,734.0,9.695,FM0734,Y,N,2,SAT,8.0,20.0,36.0,6.0,14.0,61367.0,2018.0,3.7,,,,0,2,0,0,0,2,0,2016
14875357,N,01/11/2016,07:06 AM,-1,12,2,1,20,7,4,1,4.0,227,22,30.21369355,-97.72359329999999,SH,71.0,125.176,SH0071,Y,N,2,MON,20.0,20.0,44.0,8.0,12.0,85342.0,2018.0,3.6,,,,0,1,0,1,0,1,0,2016
14875382,N,01/12/2016,10:50 PM,65,11,3,1,17,7,4,1,2.0,227,22,30.21462472,-97.66192085,SH,71.0,129.166,SH0071,Y,N,2,TUE,10.0,8.0,2.0,6.0,12.0,66025.0,2018.0,4.1,,,,0,1,0,0,0,1,0,2016
14875395,N,01/14/2016,11:09 AM,65,11,1,1,5,2,1,10,1.0,227,22,30.38708413,-97.64859242,FM,734.0,14.168,FM0734,Y,N,2,THU,11.0,0.0,55.0,4.0,14.0,39056.0,2018.0,4.1,,,,0,5,0,0,0,5,0,2016
14875425,N,01/15/2016,07:34 PM,45,11,4,1,20,2,4,20,1.0,227,22,30.27500671,-97.73136232,IH,35.0,234.455,IH0035,Y,N,2,FRI,20.0,40.0,3.0,8.0,11.0,177389.0,2018.0,9.9,,,,0,1,0,2,0,1,0,2016
14875433,N,01/17/2016,04:40 PM,70,11,1,1,20,2,4,20,1.0,227,22,30.20898486,-97.75584444,IH,35.0,229.551,IH0035,Y,N,2,SUN,4.0,20.0,3.0,6.0,11.0,148474.0,2018.0,11.3,,,,0,1,0,4,0,1,0,2016
14875495,N,01/19/2016,03:24 PM,50,11,1,1,20,2,3,10,1.0,227,22,30.24295076,-97.88300579,SH,71.0,114.852,SH0071,Y,N,2,TUE,10.0,10.0,0.0,4.0,14.0,34138.0,2018.0,3.5,1.0,140.0,2.0,0,1,2,0,0,3,0,2016
14875499,N,01/19/2016,06:15 PM,65,11,4,1,1,7,4,1,4.0,227,22,30.235579100000002,-97.82465264,US,290.0,112.425,US0290,Y,N,2,TUE,20.0,20.0,42.0,5.0,12.0,77933.0,2018.0,3.6,1.0,361.0,1.0,0,1,0,2,0,1,0,2016
14875511,N,01/19/2016,08:46 AM,30,11,1,1,1,1,3,1,1.0,227,22,30.260857399999995,-97.75852178,SL,343.0,3.383,SL0343,Y,N,2,TUE,0.0,0.0,0.0,4.0,14.0,46479.0,2018.0,1.4,,,,0,1,0,1,0,1,0,2016
14875515,N,01/20/2016,09:14 AM,50,12,1,1,20,2,4,22,1.0,227,22,30.21388856,-97.66060308,SH,71.0,129.259,SH0071,Y,N,2,WED,10.0,8.0,2.0,5.0,12.0,66025.0,2018.0,4.1,,,,0,1,0,2,0,1,0,2016
14875537,N,01/20/2016,11:49 AM,55,12,1,1,5,2,1,10,1.0,227,22,30.30260724,-97.66094526,US,183.0,322.355,US0183,Y,N,2,WED,16.0,16.0,36.0,4.0,14.0,57843.0,2018.0,3.2,,,,0,2,0,0,0,2,0,2016
14875549,N,01/20/2016,05:53 PM,50,12,1,1,1,2,4,21,1.0,227,22,30.34945496,-97.69361392,IH,35.0,240.106,IH0035,Y,N,2,WED,20.0,20.0,3.0,6.0,11.0,145168.0,2018.0,11.9,,,,0,1,2,0,0,3,0,2016
14875551,N,01/20/2016,06:02 PM,50,12,5,1,20,10,2,1,1.0,227,22,30.38466601,-97.67334636,IH,35.0,242.825,IH0035,Y,N,2,WED,8.0,20.0,3.0,6.0,11.0,159315.0,2018.0,11.5,1.0,328.0,1.0,0,1,0,0,0,1,0,2016
14875554,N,01/21/2016,06:19 AM,45,5,4,2,11,7,4,1,4.0,227,22,30.33222449,-97.68565302,US,183.0,319.642,US0183,Y,N,2,THU,2.0,10.0,24.0,5.0,12.0,65226.0,2018.0,6.6,,,,0,1,0,0,0,1,0,2016
14875576,N,01/21/2016,09:42 AM,50,12,1,1,5,2,1,10,1.0,227,22,30.32556534,-97.67331696,US,183.0,320.512,US0183,Y,N,2,THU,16.0,20.0,70.0,4.0,12.0,55986.0,2018.0,7.2,,,,0,2,2,0,0,4,0,2016
14875578,N,01/21/2016,12:30 PM,-1,11,1,1,8,2,1,10,1.0,227,22,30.34774163,-97.71247936,SL,275.0,5.977,SL0275,Y,N,2,THU,2.0,20.0,12.0,4.0,14.0,37706.0,2018.0,1.2,,,,0,1,0,1,0,1,0,2016
14875584,N,01/21/2016,08:50 AM,35,11,1,1,8,2,1,10,1.0,227,22,30.26213943,-97.75806447,SL,343.0,3.475,SL0343,Y,N,2,THU,0.0,0.0,22.0,6.0,14.0,46479.0,2018.0,1.4,,,,0,2,1,1,0,3,0,2016
14875589,N,01/21/2016,10:29 AM,55,11,1,1,20,10,4,1,2.0,227,22,30.24446703,-97.73506337,IH,35.0,232.289,IH0035,Y,N,2,THU,4.0,16.0,40.0,6.0,11.0,150700.0,2018.0,10.7,,,,0,1,0,0,0,1,0,2016
14876548,N,01/22/2016,05:22 PM,45,11,1,1,11,2,4,22,1.0,227,9999,30.15093432,-97.83322279,FM,2304.0,3.804,FM2304,Y,Y,2,FRI,4.0,4.0,0.0,2.0,16.0,31291.0,2018.0,3.6,,,,0,1,1,3,0,2,0,2016
14878655,N,01/11/2016,05:06 PM,60,11,1,1,11,2,4,22,1.0,227,22,30.34490382,-97.75156308,SL,1.0,10.208,SL0001,Y,N,2,MON,12.0,20.0,36.0,6.0,12.0,148872.0,2018.0,1.2,,,,0,1,0,1,0,1,0,2016
14878658,N,01/15/2016,01:55 PM,40,11,1,1,5,2,1,10,1.0,227,22,30.38348513,-97.72409409,FM,1325.0,7.428,FM1325,Y,N,1,FRI,0.0,0.0,0.0,4.0,14.0,43120.0,2018.0,1.5,,,,1,0,1,0,0,2,0,2016
14878660,N,01/15/2016,04:05 PM,50,11,1,1,5,2,1,10,1.0,227,22,30.40782673,-97.67824495,SL,275.0,1.249,SL0275,Y,N,2,FRI,0.0,10.0,0.0,4.0,14.0,4708.0,2018.0,1.4,,,,0,1,1,3,0,2,0,2016
14878683,N,01/22/2016,03:10 PM,60,11,1,1,20,2,4,22,1.0,227,22,30.28847097,-97.72372622,IH,35.0,235.49,IH0035,Y,N,2,FRI,8.0,20.0,24.0,8.0,11.0,202376.0,2018.0,9.3,,,,0,1,2,3,0,3,0,2016
14878707,N,01/21/2016,12:37 PM,60,11,1,1,5,2,1,10,1.0,227,22,30.33658563,-97.59979866,FM,3177.0,0.0,FM3177,Y,N,2,THU,1.0,1.0,0.0,4.0,17.0,1276.0,2018.0,7.1,1.0,64.0,4.0,0,2,0,0,0,2,0,2016
14878725,N,01/23/2016,12:04 PM,55,11,1,1,1,2,4,22,1.0,227,22,30.25057667,-97.68483442,US,183.0,326.331,US0183,Y,N,2,SAT,8.0,12.0,200.0,4.0,14.0,68772.0,2018.0,6.5,1.0,471.0,2.0,0,1,0,1,0,1,0,2016
14878757,N,01/24/2016,04:43 AM,65,11,3,1,1,2,4,22,1.0,227,22,30.21815061,-97.66819927,SH,71.0,128.719,SH0071,Y,N,2,SUN,10.0,14.0,40.0,7.0,12.0,95090.0,2018.0,3.5,,,,0,2,0,0,0,2,0,2016
14878768,N,01/24/2016,01:19 PM,55,11,1,1,20,2,4,21,1.0,227,22,30.29181398,-97.66372689,US,183.0,323.116,US0183,Y,N,2,SUN,16.0,20.0,36.0,4.0,14.0,57843.0,2018.0,3.2,,,,0,3,1,5,0,4,0,2016
14878771,N,01/24/2016,01:23 PM,55,11,1,1,5,2,1,34,1.0,227,22,30.35246832,-97.79531786,SL,360.0,4.373,SL0360,Y,N,2,SUN,8.0,20.0,60.0,4.0,14.0,53846.0,2018.0,2.7,,,,0,1,1,1,0,2,0,2016
14878773,N,01/25/2016,09:27 AM,50,12,1,1,1,2,3,20,1.0,227,22,30.37023948,-97.74173123,SL,1.0,8.36,SL0001,Y,N,2,MON,12.0,20.0,36.0,6.0,12.0,149361.0,2018.0,1.2,,,,0,1,0,1,0,1,0,2016