Crash_ID,Cmv_Involv_Fl,Crash_Date,Crash_Time,Crash_Speed_Limit,Wthr_Cond_ID,Light_Cond_ID,Surf_Cond_ID,Traffic_Cntl_ID,Harm_Evnt_ID,Intrsct_Relat_ID,FHE_Collsn_ID,Road_Relat_ID,Cnty_ID,City_ID,Latitude,Longitude,Hwy_Sys,Hwy_Nbr,Dfo,Street_Name,Onsys_Fl,Rural_Fl,Crash_Sev_ID,Day_of_Week,Shldr_Width_Left,Shldr_Width_Right,Median_Width,Nbr_Of_Lane,Func_Sys_ID,Adt_Curnt_Amt,Adt_Curnt_Year,Trk_Aadt_Pct,Curve_Type_ID,Curve_Lngth,Cd_Degr,Sus_Serious_Injry_Cnt,Nonincap_Injry_Cnt,Poss_Injry_Cnt,Non_Injry_Cnt,Unkn_Injry_Cnt,Tot_Injry_Cnt,Death_Cnt,Year
14970263,N,03/07/2016,09:36 PM,-1,11,4,1,11,2,4,21,1.0,227,22,30.34777492,-97.71252621,US,183.0,317.693,US0183,Y,N,2,MON,20.0,20.0,8.0,6.0,12.0,138247.0,2018.0,3.6,,,,0,1,1,2,0,2,0,2016
14970271,N,03/14/2016,04:45 AM,60,11,4,1,20,2,4,20,1.0,227,22,30.28943453,-97.72311252,IH,35.0,235.565,IH0035,Y,N,2,MON,8.0,20.0,24.0,8.0,11.0,202376.0,2018.0,9.3,,,,0,1,0,3,0,1,0,2016
14970306,N,03/15/2016,05:30 AM,55,5,4,1,20,5,4,1,3.0,227,22,30.16283841,-97.83145687,FM,2304.0,2.955,FM2304,Y,N,1,TUE,13.0,14.0,0.0,2.0,16.0,31291.0,2018.0,3.6,,,,1,0,0,1,0,1,0,2016
14970514,N,02/28/2016,07:33 PM,-1,11,4,1,20,2,3,10,1.0,227,22,30.37113617,-97.69243006,SL,275.0,3.934,SL0275,Y,N,2,SUN,0.0,2.0,0.0,4.0,14.0,37689.0,2018.0,1.2,,,,0,1,0,4,0,1,0,2016
14971235,N,03/07/2016,09:40 PM,65,11,6,1,20,2,4,30,1.0,227,22,30.36814096,-97.61128069,FM,734.0,16.783,FM0734,Y,N,2,MON,4.0,4.0,66.0,4.0,14.0,22111.0,2018.0,4.8,,,,0,1,0,2,0,1,0,2016
14971265,N,03/02/2016,08:09 PM,-1,11,3,1,1,2,4,30,1.0,227,9999,30.10423044,-97.61593829,FM,812.0,6.63,FM0812,Y,Y,1,WED,10.0,10.0,0.0,2.0,6.0,13167.0,2018.0,7.0,,,,1,0,0,2,0,1,0,2016
14971766,N,02/26/2016,09:47 AM,55,11,1,1,1,2,4,22,1.0,227,22,30.39043463,-97.82824691,RM,2222.0,1.923,RM2222,Y,N,4,FRI,8.0,8.0,0.0,4.0,14.0,42777.0,2018.0,3.2,,,,0,2,0,0,0,2,1,2016
14971794,N,03/14/2016,12:20 PM,50,11,1,1,11,2,4,21,1.0,227,22,30.30737116,-97.71172221,IH,35.0,236.974,IH0035,Y,N,2,MON,8.0,20.0,24.0,8.0,11.0,196302.0,2018.0,9.5,,,,0,1,1,1,0,2,0,2016
14971796,N,03/15/2016,10:53 AM,-1,11,1,1,5,2,2,22,1.0,227,22,30.21642876,-97.75132751,IH,35.0,230.129,IH0035,Y,N,2,TUE,4.0,20.0,3.0,6.0,11.0,157370.0,2018.0,10.5,,,,0,2,0,2,0,2,0,2016
14971800,N,03/15/2016,12:47 PM,-1,11,1,1,5,2,1,10,1.0,227,22,30.34050179,-97.5911026,US,290.0,132.21,US0290,Y,N,2,TUE,20.0,20.0,3.0,5.0,12.0,34434.0,2018.0,8.4,,,,0,1,2,0,0,3,0,2016
14971802,N,03/15/2016,03:09 PM,50,11,1,1,20,2,4,20,1.0,227,22,30.23023792,-97.74327035,IH,35.0,231.194,IH0035,Y,N,2,TUE,4.0,20.0,3.0,6.0,11.0,157370.0,2018.0,10.5,,,,0,1,0,1,0,1,0,2016
14971807,N,03/15/2016,07:00 PM,-1,11,1,1,5,10,1,1,1.0,227,22,30.21524705,-97.73492728,SH,71.0,124.49,SH0071,Y,N,2,TUE,20.0,20.0,44.0,8.0,12.0,85342.0,2018.0,3.6,,,,0,1,0,0,0,1,0,2016
14976156,N,03/12/2016,12:47 AM,-1,11,3,2,20,2,3,34,1.0,227,22,30.40736159,-97.85214922,RM,620.0,13.108,RM0620,Y,N,1,SAT,8.0,8.0,0.0,4.0,14.0,50802.0,2018.0,3.1,,,,1,0,0,2,0,1,0,2016
14976203,N,03/07/2016,07:24 PM,40,11,4,1,5,2,1,34,1.0,227,22,30.19035979,-97.77059653,IH,35.0,227.995,IH0035,Y,N,2,MON,24.0,24.0,42.0,6.0,11.0,170988.0,2018.0,10.7,,,,0,1,0,6,0,1,0,2016
14976260,N,03/15/2016,02:25 PM,45,11,1,1,5,2,1,34,1.0,227,22,30.38708038,-97.64858637,FM,734.0,14.169,FM0734,Y,N,2,TUE,11.0,0.0,55.0,4.0,14.0,39056.0,2018.0,4.1,,,,0,2,0,3,0,2,0,2016
14976263,N,03/15/2016,10:47 AM,55,11,1,1,20,2,4,20,1.0,227,22,30.35137387,-97.79599653,SL,360.0,4.458,SL0360,Y,N,2,TUE,8.0,20.0,60.0,4.0,14.0,53846.0,2018.0,2.7,,,,0,1,1,6,0,2,0,2016
14976266,N,03/16/2016,04:10 AM,45,11,3,1,20,7,4,1,2.0,227,22,30.16108661,-97.83277613,FM,2304.0,3.099,FM2304,Y,N,2,WED,13.0,14.0,0.0,2.0,16.0,31291.0,2018.0,3.6,1.0,165.0,4.0,0,1,0,0,1,1,0,2016
14976267,N,03/16/2016,09:30 AM,65,11,1,1,1,2,4,21,1.0,227,22,30.35116265,-97.71387061,US,183.0,317.445,US0183,Y,N,2,WED,20.0,20.0,8.0,6.0,12.0,138247.0,2018.0,3.6,,,,0,1,0,2,0,1,0,2016
14976277,N,03/16/2016,02:04 PM,-1,11,1,1,8,2,1,10,1.0,227,22,30.34774163,-97.71247936,SL,275.0,5.977,SL0275,Y,N,2,WED,2.0,20.0,12.0,4.0,14.0,37706.0,2018.0,1.2,,,,0,2,0,0,0,2,0,2016
14976278,N,03/16/2016,09:52 AM,40,11,1,1,1,2,2,22,1.0,227,22,30.24702698,-97.69073115,US,183.0,326.797,US0183,Y,N,2,WED,2.0,2.0,36.0,6.0,14.0,68772.0,2018.0,6.5,,,,0,1,0,0,1,1,0,2016
14976282,N,03/16/2016,04:32 PM,50,11,1,1,1,2,4,21,1.0,227,22,30.41152862,-97.67396523,IH,35.0,244.723,IH0035,Y,N,2,WED,8.0,20.0,3.0,6.0,11.0,134367.0,2018.0,12.4,,,,0,1,0,1,0,1,0,2016
14976321,N,03/16/2016,07:40 PM,70,11,5,1,20,10,4,1,1.0,227,22,30.18108051,-97.77688395,IH,35.0,227.254,IH0035,Y,N,2,WED,6.0,20.0,30.0,6.0,11.0,156852.0,2018.0,11.1,,,,0,2,0,0,0,2,0,2016
14976335,N,03/17/2016,10:28 AM,40,2,1,2,20,2,3,10,1.0,227,22,30.35764657,-97.7000886,SL,275.0,4.967,SL0275,Y,N,2,THU,0.0,0.0,0.0,4.0,14.0,37689.0,2018.0,1.2,,,,0,1,0,1,0,1,0,2016
14976353,N,03/13/2016,08:00 PM,55,11,3,1,5,2,1,10,1.0,227,22,30.33716403,-97.59992118,US,290.0,131.636,US0290,Y,N,2,SUN,20.0,20.0,3.0,5.0,12.0,34434.0,2018.0,8.4,1.0,121.0,1.0,0,2,0,3,0,2,0,2016
14976399,N,03/18/2016,10:27 AM,-1,12,1,1,1,2,4,20,1.0,227,22,30.18421554,-97.77483023,IH,35.0,227.502,IH0035,Y,N,2,FRI,6.0,20.0,30.0,6.0,11.0,156852.0,2018.0,11.1,,,,0,1,3,2,0,4,0,2016
14976466,N,03/08/2016,08:46 PM,-1,11,3,1,20,7,4,1,2.0,227,22,30.37746187,-97.63449208,FM,734.0,15.242,FM0734,Y,N,2,TUE,10.0,6.0,59.0,4.0,14.0,31624.0,2018.0,4.3,,,,0,1,0,0,0,1,0,2016
14977103,N,03/18/2016,10:13 PM,50,2,4,2,1,2,4,30,1.0,227,250,30.35432605,-97.96136115,RM,620.0,3.874,RM0620,Y,N,2,FRI,8.0,8.0,0.0,4.0,14.0,50317.0,2018.0,3.1,1.0,110.0,2.0,0,3,0,0,0,3,0,2016
14977104,N,03/18/2016,10:45 PM,55,12,4,2,7,2,1,14,1.0,227,250,30.376894399999998,-97.94652099,RM,620.0,5.725,RM0620,Y,N,1,FRI,8.0,8.0,0.0,4.0,14.0,43643.0,2018.0,3.2,,,,1,1,0,2,0,2,0,2016
14977654,N,03/19/2016,07:19 PM,55,11,1,1,8,10,2,1,1.0,227,9999,30.27580021,-97.60000564,FM,973.0,23.613000000000003,FM0973,Y,Y,2,SAT,10.0,10.0,0.0,2.0,16.0,10385.0,2018.0,7.3,,,,0,1,0,2,1,1,0,2016
14977702,N,03/18/2016,08:31 PM,60,2,3,2,11,2,3,20,1.0,227,9999,30.16002463,-97.69416005,US,183.0,332.954,US0183,Y,Y,1,FRI,8.0,8.0,0.0,4.0,14.0,23967.0,2018.0,8.1,,,,1,0,0,5,0,1,0,2016
14978090,N,03/19/2016,02:53 PM,45,11,1,1,11,2,3,20,1.0,227,9999,30.43939337,-97.87435117,RM,2769.0,3.614,RM2769,Y,Y,2,SAT,3.0,3.0,0.0,2.0,17.0,7248.0,2018.0,8.0,,,,0,1,0,2,0,1,0,2016
14978357,N,03/20/2016,02:00 PM,70,11,1,1,20,7,4,1,4.0,227,9999,30.34441445,-97.57926496,US,290.0,132.966,US0290,Y,Y,2,SUN,20.0,20.0,3.0,4.0,12.0,18975.0,2018.0,10.0,,,,0,2,0,0,0,2,0,2016
14979602,N,03/03/2016,07:07 PM,-1,11,4,1,9,2,2,22,1.0,227,22,30.32556534,-97.67331696,US,183.0,320.512,US0183,Y,N,2,THU,16.0,20.0,70.0,4.0,12.0,55986.0,2018.0,7.2,,,,0,3,0,4,0,3,0,2016
14979621,N,03/15/2016,06:23 PM,-1,11,1,1,20,2,4,20,1.0,227,22,30.14000066,-97.79610368,IH,35.0,224.185,IH0035,Y,N,2,TUE,6.0,20.0,30.0,6.0,11.0,128785.0,2018.0,12.2,,,,0,1,0,4,0,1,0,2016
14979659,N,03/17/2016,06:41 PM,-1,11,1,1,20,2,4,21,1.0,227,22,30.34902007,-97.69388923,IH,35.0,240.072,IH0035,Y,N,2,THU,20.0,20.0,3.0,6.0,11.0,145168.0,2018.0,11.9,,,,0,1,0,4,0,1,0,2016
14979670,N,03/18/2016,01:33 PM,70,12,1,1,20,2,4,22,1.0,227,22,30.17413847,-97.78142832,IH,35.0,226.705,IH0035,Y,N,1,FRI,6.0,20.0,30.0,6.0,11.0,156852.0,2018.0,11.1,,,,1,1,0,4,0,2,0,2016
14979700,N,03/18/2016,05:06 PM,-1,12,1,1,1,2,3,20,1.0,227,22,30.39612335,-97.68009254,SL,275.0,2.063,SL0275,Y,N,2,FRI,9.0,9.0,0.0,4.0,14.0,28204.0,2018.0,1.4,1.0,196.0,1.0,0,2,2,0,0,4,0,2016
14979714,N,03/19/2016,08:09 AM,40,12,1,1,9,10,4,1,1.0,227,22,30.27674257,-97.76951577,SL,1.0,15.108,SL0001,Y,N,2,SAT,12.0,20.0,60.0,6.0,12.0,145144.0,2018.0,1.2,,,,0,1,0,0,0,1,0,2016
14979721,N,03/19/2016,01:43 PM,65,11,1,1,20,2,2,22,1.0,227,22,30.39921527,-97.73107381,SL,1.0,6.263,SL0001,Y,N,2,SAT,24.0,20.0,36.0,6.0,12.0,112347.0,2018.0,1.6,1.0,386.0,1.0,0,1,1,1,0,2,0,2016
14979723,N,03/19/2016,03:42 PM,-1,11,1,1,20,2,2,21,1.0,227,22,30.37587752,-97.80508096,RM,2222.0,3.706,RM2222,Y,N,2,SAT,8.0,8.0,0.0,4.0,14.0,42777.0,2018.0,3.2,,,,0,1,0,4,0,1,0,2016
14979724,N,03/19/2016,03:42 PM,45,11,1,1,5,2,1,10,1.0,227,22,30.23417133,-97.79635265,SL,360.0,13.767,SL0360,Y,N,2,SAT,8.0,16.0,48.0,4.0,14.0,99537.0,2018.0,2.0,1.0,358.0,2.0,0,3,0,0,0,3,0,2016
14979783,N,03/19/2016,11:04 PM,60,11,4,1,11,2,4,22,1.0,227,22,,,IH,35.0,,IH0035,Y,N,2,SAT,,,,,,,,,,,,0,1,0,27,0,1,0,2016
14979866,N,03/20/2016,11:51 PM,55,11,4,1,5,2,2,22,1.0,227,22,30.22328848,-97.74734329,IH,35.0,230.658,IH0035,Y,N,2,SUN,4.0,20.0,3.0,6.0,11.0,157370.0,2018.0,10.5,,,,0,1,0,2,0,1,0,2016
14979868,N,03/21/2016,06:56 AM,70,11,4,1,11,2,4,22,1.0,227,22,30.12744374,-97.80103231,IH,35.0,223.272,IH0035,Y,N,2,MON,6.0,20.0,40.0,6.0,11.0,135389.0,2018.0,11.8,1.0,103.0,0.0,0,1,0,2,0,1,0,2016
14980226,N,03/21/2016,07:48 AM,70,11,1,1,5,2,2,22,1.0,227,9999,30.18629153,-97.61012679,SH,71.0,132.885,SH0071,Y,Y,2,MON,4.0,6.0,40.0,4.0,14.0,53382.0,2018.0,8.3,,,,0,1,0,1,0,1,0,2016
14981743,N,03/17/2016,06:10 AM,55,12,3,2,12,6,4,1,1.0,227,671,30.10698183,-97.72388473,FM,1625.0,3.361,FM1625,Y,Y,2,THU,4.0,4.0,0.0,2.0,17.0,6758.0,2018.0,8.3,,,,0,1,0,1,0,1,0,2016
14983017,N,03/14/2016,01:31 PM,-1,12,1,1,8,2,1,10,1.0,227,22,30.26857869,-97.77733912,SL,1.0,15.845999999999998,SL0001,Y,N,2,MON,8.0,12.0,36.0,8.0,12.0,139370.0,2018.0,1.2,,,,0,3,0,0,0,3,0,2016
14983028,N,03/18/2016,11:17 AM,35,12,1,1,5,2,1,10,1.0,227,22,30.37690526,-97.67617257,IH,35.0,242.262,IH0035,Y,N,2,FRI,8.0,20.0,3.0,6.0,11.0,159315.0,2018.0,11.5,,,,0,1,0,4,0,1,0,2016
14983033,N,03/21/2016,01:25 AM,65,11,3,1,1,7,2,1,4.0,227,22,30.40080279,-97.67421377,IH,35.0,243.973,IH0035,Y,N,2,MON,8.0,20.0,3.0,6.0,11.0,159315.0,2018.0,11.5,1.0,438.0,1.0,0,1,0,1,0,1,0,2016
14983083,N,03/21/2016,08:41 PM,-1,11,3,1,20,2,4,22,1.0,227,22,30.27635285,-97.73090716,IH,35.0,234.551,IH0035,Y,N,2,MON,20.0,40.0,3.0,8.0,11.0,177389.0,2018.0,9.9,,,,0,3,0,1,0,3,0,2016
14983084,N,03/21/2016,06:58 PM,-1,11,1,1,20,2,4,22,1.0,227,22,30.403723699999997,-97.66022267,FM,734.0,12.748,FM0734,Y,N,2,MON,4.0,20.0,16.0,6.0,14.0,46970.0,2018.0,3.9,,,,0,3,0,1,0,3,0,2016
14984916,N,03/22/2016,06:50 AM,45,11,1,1,8,2,1,14,1.0,227,9999,30.30080399,-97.83924403,RM,2244.0,6.7639999999999985,RM2244,Y,Y,2,TUE,10.0,10.0,0.0,4.0,14.0,49430.0,2018.0,3.1,1.0,61.0,10.0,0,1,0,1,0,1,0,2016
14985173,N,03/09/2016,03:53 AM,65,2,3,3,11,7,4,1,4.0,227,22,,,SH,35.0,,SH0035,Y,N,2,WED,,,,,,,,,,,,0,1,0,1,0,1,0,2016
14985234,N,03/22/2016,12:20 PM,45,11,1,1,20,2,3,10,1.0,227,22,30.17491622,-97.82325688,FM,2304.0,1.969,FM2304,Y,N,2,TUE,13.0,14.0,0.0,4.0,14.0,34274.0,2018.0,3.5,1.0,119.0,2.0,0,1,0,4,0,1,0,2016
14985236,N,03/22/2016,01:29 PM,70,11,1,1,1,2,4,22,1.0,227,22,30.35749377,-97.68852485,IH,35.0,240.737,IH0035,Y,N,2,TUE,20.0,20.0,3.0,6.0,11.0,138459.0,2018.0,12.2,,,,0,1,3,1,0,4,0,2016
14985252,N,03/22/2016,03:24 PM,55,11,1,1,11,7,4,1,2.0,227,22,30.38355218,-97.73606339,SL,1.0,7.383999999999999,SL0001,Y,N,4,TUE,20.0,20.0,36.0,5.0,12.0,97149.0,2018.0,1.6,1.0,173.0,1.0,0,0,0,0,0,0,1,2016
14985253,N,03/23/2016,07:10 AM,45,12,4,1,20,2,4,20,1.0,227,22,30.3933507,-97.72106169,FM,1325.0,6.726,FM1325,Y,N,2,WED,0.0,0.0,0.0,4.0,14.0,43120.0,2018.0,1.5,,,,0,4,0,2,0,4,0,2016
14985288,N,03/23/2016,07:30 AM,65,12,1,1,20,2,4,22,1.0,227,22,30.22174421,-97.83532192,SL,1.0,20.742,SL0001,Y,N,2,WED,20.0,20.0,3.0,6.0,12.0,84322.0,2018.0,1.6,1.0,94.0,1.0,0,1,0,2,0,1,0,2016
14986285,N,02/20/2016,07:20 PM,-1,11,3,1,1,2,4,22,1.0,227,1016,30.34910934,-97.54820857,US,290.0,134.855,US0290,Y,N,2,SAT,12.0,20.0,46.0,4.0,14.0,51848.0,2018.0,6.4,,,,0,1,0,3,0,1,0,2016
14986643,N,03/18/2016,03:01 PM,65,11,1,1,11,10,4,1,2.0,227,9999,30.38897077,-97.52278812,FM,973.0,13.35,FM0973,Y,Y,2,FRI,10.0,10.0,0.0,2.0,6.0,15148.0,2018.0,5.5,,,,0,1,0,0,0,1,0,2016
14987301,N,03/15/2016,02:49 PM,55,11,1,1,1,2,1,34,1.0,227,9999,30.24818393,-97.57937464,FM,969.0,8.325,FM0969,Y,Y,2,TUE,0.0,4.0,0.0,2.0,17.0,7570.0,2018.0,8.1,1.0,65.0,4.0,0,1,0,1,0,1,0,2016
14987495,N,03/16/2016,10:05 PM,-1,11,4,1,20,2,4,21,1.0,227,22,30.432680800000004,-97.66995978,IH,35.0,246.197,IH0035,Y,N,2,WED,8.0,20.0,3.0,6.0,11.0,132719.0,2018.0,12.4,,,,0,2,0,1,0,2,0,2016
14987551,N,03/19/2016,08:22 PM,45,11,4,1,20,2,3,14,1.0,227,22,30.32147642,-97.7069094,IH,35.0,237.999,IH0035,Y,N,1,SAT,8.0,20.0,24.0,8.0,11.0,199837.0,2018.0,9.4,,,,1,1,2,0,0,4,0,2016
14987553,N,03/20/2016,03:43 AM,35,11,4,1,6,2,1,34,1.0,227,22,30.28564453,-97.6653595,US,183.0,323.551,US0183,Y,N,2,SUN,16.0,20.0,36.0,4.0,14.0,67460.0,2018.0,6.6,,,,0,1,0,1,0,1,0,2016
14987567,N,03/23/2016,08:41 AM,35,12,1,1,20,2,4,22,1.0,227,22,30.3219328,-97.70749733,SS,69.0,1.266,SS0069,Y,N,2,WED,4.0,10.0,22.0,4.0,12.0,19307.0,2018.0,2.3,,,,0,1,0,2,0,1,0,2016
14987574,N,03/23/2016,04:58 PM,-1,11,1,1,5,2,1,34,1.0,227,22,30.28919539,-97.72326549,IH,35.0,235.547,IH0035,Y,N,2,WED,8.0,20.0,24.0,8.0,11.0,202376.0,2018.0,9.3,,,,0,2,0,2,0,2,0,2016
14987619,N,03/24/2016,12:01 PM,50,11,1,1,5,2,2,22,1.0,227,22,30.276806899999997,-97.63726466,FM,3177.0,4.681,FM3177,Y,N,2,THU,1.0,1.0,0.0,4.0,17.0,11798.0,2018.0,6.1,,,,0,2,0,0,0,2,0,2016
14988963,N,03/24/2016,04:55 PM,55,11,1,1,20,2,2,10,1.0,227,22,30.22524044,-97.74619957,IH,35.0,230.808,IH0035,Y,N,2,THU,4.0,20.0,3.0,6.0,11.0,157370.0,2018.0,10.5,,,,0,1,0,1,0,1,0,2016
14989643,N,03/25/2016,03:30 PM,50,11,1,1,20,2,4,20,1.0,227,9999,30.26260974,-97.62124223,FM,969.0,5.532,FM0969,Y,Y,2,FRI,0.0,0.0,0.0,4.0,14.0,22033.0,2018.0,6.4,1.0,88.0,1.0,0,1,0,1,0,1,0,2016
14990176,N,03/09/2016,10:36 AM,80,2,1,3,20,7,4,1,2.0,227,9999,30.25049679,-97.60627206,SH,130.0,33.168,SH0130,Y,Y,2,WED,12.0,20.0,135.0,4.0,12.0,43413.0,2018.0,17.5,,,,0,1,0,0,0,1,0,2016
14991789,N,03/18/2016,09:15 PM,55,2,4,2,1,2,3,34,1.0,227,538,30.31931241,-97.95190424,RM,620.0,0.858,RM0620,Y,Y,1,FRI,8.0,8.0,0.0,4.0,14.0,26975.0,2018.0,3.8,,,,1,0,0,7,0,1,0,2016
14991806,N,03/25/2016,02:09 PM,55,11,1,1,20,2,4,14,1.0,227,538,30.30965938,-97.96378442,SH,71.0,107.547,SH0071,Y,Y,2,FRI,5.0,5.0,0.0,4.0,14.0,38587.0,2018.0,3.3,,,,0,1,0,4,0,1,0,2016
14991923,N,03/17/2016,10:00 PM,-1,11,3,1,1,7,4,1,2.0,227,9999,30.11528555,-97.69504614,US,183.0,336.051,US0183,Y,Y,2,THU,8.0,8.0,0.0,4.0,14.0,19049.0,2018.0,9.3,,,,0,1,0,0,0,1,0,2016
14993027,N,03/28/2016,07:15 AM,55,11,1,1,11,10,4,1,1.0,227,9999,30.19833578,-97.92103611,RM,1826.0,3.182,RM1826,Y,Y,2,MON,1.0,1.0,0.0,2.0,16.0,15562.0,2018.0,4.5,,,,0,1,0,0,0,1,0,2016
14993314,Y,03/11/2016,05:13 PM,60,12,1,2,5,2,1,34,1.0,227,9999,30.33149675,-98.02457365,SH,71.0,103.447,SH0071,Y,Y,4,FRI,5.0,5.0,0.0,4.0,2.0,37755.0,2018.0,3.3,,,,0,1,0,2,0,1,1,2016
14993477,N,03/20/2016,05:57 PM,55,11,1,1,11,2,4,21,1.0,227,22,30.23404501,-97.86903721,US,290.0,109.737,US0290,Y,N,2,SUN,6.0,6.0,0.0,4.0,14.0,72290.0,2018.0,2.7,1.0,310.0,2.0,0,1,0,2,0,1,0,2016
14993488,N,03/25/2016,08:34 AM,65,11,1,1,20,2,4,21,1.0,227,22,30.22711637,-97.8305169,SL,1.0,20.274,SL0001,Y,N,1,FRI,20.0,20.0,3.0,6.0,12.0,84322.0,2018.0,1.6,,,,1,0,0,1,0,1,0,2016
14993555,N,03/25/2016,09:44 PM,35,11,4,1,21,2,1,10,1.0,227,22,30.21621427,-97.7440169,SH,71.0,123.943,SH0071,Y,N,2,FRI,20.0,20.0,32.0,6.0,12.0,122565.0,2018.0,3.2,,,,0,2,2,0,0,4,0,2016
14993583,N,03/26/2016,12:09 PM,50,11,1,1,20,7,3,1,2.0,227,22,30.21122909,-97.75449496,IH,35.0,229.725,IH0035,Y,N,2,SAT,4.0,20.0,3.0,6.0,11.0,148474.0,2018.0,11.3,1.0,301.0,0.0,0,1,0,0,0,1,0,2016
14993588,N,03/26/2016,05:28 PM,55,11,1,1,20,7,3,2,2.0,227,22,30.26443835,-97.78653443,SL,1.0,16.467,SL0001,Y,N,2,SAT,10.0,16.0,60.0,7.0,12.0,153269.0,2018.0,1.2,1.0,158.0,1.0,0,1,0,0,0,1,0,2016
14993591,N,03/26/2016,01:26 AM,55,11,4,1,20,7,2,1,4.0,227,22,30.32212067,-97.70681763,IH,35.0,238.044,IH0035,Y,N,1,SAT,8.0,20.0,24.0,8.0,11.0,199837.0,2018.0,9.4,,,,1,0,0,0,0,1,0,2016
14993605,N,03/26/2016,11:26 PM,-1,11,4,1,5,2,2,22,1.0,227,22,30.28562583,-97.66523612,FM,969.0,2.344,FM0969,Y,N,2,SAT,0.0,0.0,0.0,4.0,14.0,32176.0,2018.0,6.2,,,,0,1,0,0,2,1,0,2016
14993645,N,03/27/2016,01:23 PM,-1,11,1,1,11,2,4,20,1.0,227,22,30.18421554,-97.77483023,IH,35.0,227.502,IH0035,Y,N,2,SUN,6.0,20.0,30.0,6.0,11.0,156852.0,2018.0,11.1,,,,0,1,2,1,0,3,0,2016
14993651,N,03/27/2016,06:21 PM,35,11,1,1,1,2,4,20,1.0,227,22,30.24694096,-97.77715953,SL,343.0,1.805,SL0343,Y,N,2,SUN,0.0,0.0,0.0,4.0,14.0,36688.0,2018.0,1.5,1.0,199.0,3.0,0,1,0,0,1,1,0,2016
14993661,N,03/28/2016,08:38 AM,65,11,1,1,1,2,4,21,1.0,227,22,30.34131256,-97.702428,US,183.0,318.453,US0183,Y,N,2,MON,20.0,20.0,24.0,6.0,12.0,116357.0,2018.0,3.9,1.0,110.0,2.0,0,1,0,3,1,1,0,2016
14995975,N,03/25/2016,02:20 PM,35,11,1,1,1,2,1,34,1.0,227,22,30.38933605,-97.68289114,SL,275.0,2.5580000000000003,SL0275,Y,N,2,FRI,0.0,0.0,0.0,4.0,14.0,28204.0,2018.0,1.4,,,,0,1,1,0,0,2,0,2016
14996913,N,03/29/2016,01:51 PM,65,12,1,1,20,2,4,30,1.0,227,9999,30.33231904,-98.02554308,SH,71.0,103.366,SH0071,Y,Y,1,TUE,5.0,5.0,0.0,4.0,2.0,37755.0,2018.0,3.3,3.0,141.0,5.0,2,0,1,0,0,3,0,2016
14998114,N,03/25/2016,08:04 AM,50,11,1,1,11,7,2,1,2.0,227,9999,30.25084637,-97.59241086,FM,969.0,7.4860000000000015,FM0969,Y,Y,2,FRI,0.0,0.0,0.0,2.0,17.0,22309.0,2018.0,6.4,,,,0,1,0,0,0,1,0,2016
14998130,N,03/18/2016,09:12 PM,-1,2,4,2,20,1,2,1,1.0,227,22,30.248056300000002,-97.73535546,IH,35.0,232.539,IH0035,Y,N,4,FRI,4.0,10.0,3.0,6.0,11.0,142856.0,2018.0,11.0,1.0,238.0,3.0,0,0,0,0,1,0,1,2016
14998131,N,03/20/2016,03:30 PM,70,11,1,1,20,2,4,20,1.0,227,22,30.19390401,-97.7677626,IH,35.0,228.292,IH0035,Y,N,2,SUN,24.0,24.0,42.0,6.0,11.0,170988.0,2018.0,10.7,1.0,208.0,0.0,0,1,0,2,0,1,0,2016
14998133,N,03/20/2016,12:42 AM,65,11,4,1,20,2,4,21,1.0,227,22,30.43019887,-97.67042990000002,IH,35.0,246.024,IH0035,Y,N,2,SUN,8.0,20.0,3.0,6.0,11.0,132719.0,2018.0,12.4,,,,0,2,0,2,1,2,0,2016
14998136,N,03/23/2016,02:21 PM,-1,11,1,1,1,2,3,14,1.0,227,22,30.36279929,-97.69716385,SL,275.0,4.573,SL0275,Y,N,2,WED,0.0,0.0,0.0,4.0,14.0,37689.0,2018.0,1.2,,,,0,1,0,3,0,1,0,2016
14998220,N,03/28/2016,01:50 PM,60,11,1,1,20,2,4,20,1.0,227,22,30.29177151,-97.72161504,IH,35.0,235.749,IH0035,Y,N,2,MON,8.0,20.0,24.0,8.0,11.0,202376.0,2018.0,9.3,,,,0,1,0,2,0,1,0,2016
14998223,N,03/28/2016,04:44 PM,-1,11,1,1,5,2,1,10,1.0,227,22,30.27468087,-97.73146403,IH,35.0,234.431,IH0035,Y,N,1,MON,20.0,40.0,3.0,8.0,11.0,177389.0,2018.0,9.9,,,,1,1,2,3,0,4,0,2016
14998241,Y,03/29/2016,05:40 AM,55,5,3,2,20,10,4,1,1.0,227,22,30.3762171,-97.80518256,RM,2222.0,3.682,RM2222,Y,N,2,TUE,8.0,8.0,0.0,4.0,14.0,42777.0,2018.0,3.2,1.0,102.0,2.0,0,1,0,0,0,1,0,2016
14998275,N,03/29/2016,09:11 AM,50,12,1,1,1,2,2,22,1.0,227,22,30.21619449,-97.74370057,SH,71.0,123.962,SH0071,Y,N,2,TUE,20.0,20.0,32.0,6.0,12.0,122565.0,2018.0,3.2,,,,0,3,0,0,0,3,0,2016
14998294,N,03/29/2016,05:39 PM,55,2,5,2,11,2,4,20,1.0,227,22,30.30167902,-97.71539553,IH,35.0,236.525,IH0035,Y,N,2,TUE,8.0,20.0,24.0,8.0,11.0,196302.0,2018.0,9.5,,,,0,1,0,1,0,1,0,2016