Crash_ID,Cmv_Involv_Fl,Crash_Date,Crash_Time,Crash_Speed_Limit,Wthr_Cond_ID,Light_Cond_ID,Surf_Cond_ID,Traffic_Cntl_ID,Harm_Evnt_ID,Intrsct_Relat_ID,FHE_Collsn_ID,Road_Relat_ID,Cnty_ID,City_ID,Latitude,Longitude,Hwy_Sys,Hwy_Nbr,Dfo,Street_Name,Onsys_Fl,Rural_Fl,Crash_Sev_ID,Day_of_Week,Shldr_Width_Left,Shldr_Width_Right,Median_Width,Nbr_Of_Lane,Func_Sys_ID,Adt_Curnt_Amt,Adt_Curnt_Year,Trk_Aadt_Pct,Curve_Type_ID,Curve_Lngth,Cd_Degr,Sus_Serious_Injry_Cnt,Nonincap_Injry_Cnt,Poss_Injry_Cnt,Non_Injry_Cnt,Unkn_Injry_Cnt,Tot_Injry_Cnt,Death_Cnt,Year
15028244,N,04/12/2016,08:25 PM,35,11,4,1,5,2,2,22,1.0,227,22,30.24434386,-97.78130902,SL,343.0,1.4980000000000002,SL0343,Y,N,2,TUE,0.0,0.0,0.0,4.0,14.0,36688.0,2018.0,1.5,,,,0,1,0,1,1,1,0,2016
15028245,N,04/12/2016,08:40 PM,60,12,4,2,20,7,4,1,4.0,227,22,30.28788588,-97.72411366,IH,35.0,235.443,IH0035,Y,N,2,TUE,20.0,40.0,3.0,8.0,11.0,202376.0,2018.0,9.3,,,,0,1,0,0,0,1,0,2016
15028282,N,04/12/2016,07:20 AM,45,12,1,1,5,1,2,1,1.0,227,22,30.35290629,-97.71440748,US,183.0,317.321,US0183,Y,N,2,TUE,20.0,20.0,8.0,6.0,12.0,138247.0,2018.0,3.6,,,,0,1,0,1,0,1,0,2016
15030669,N,04/14/2016,06:27 PM,40,11,1,1,8,2,2,22,1.0,227,9999,30.14033699,-97.66446686,SH,130.0,41.801,SH0130,Y,Y,2,THU,12.0,20.0,135.0,4.0,12.0,29269.0,2018.0,21.3,,,,0,1,0,0,1,1,0,2016
15031927,N,04/07/2016,01:43 PM,55,11,1,1,20,2,3,20,1.0,227,671,30.09965618,-97.75462846,FM,1327.0,3.304,FM1327,Y,Y,1,THU,10.0,10.0,0.0,2.0,16.0,12806.0,2018.0,5.9,,,,1,0,0,2,0,1,0,2016
15032017,N,04/12/2016,11:40 AM,45,12,1,1,5,2,2,22,1.0,227,9999,30.44887365,-97.65609818,FM,1825.0,1.151,FM1825,Y,Y,2,TUE,8.0,8.0,0.0,4.0,16.0,34141.0,2018.0,3.5,,,,0,1,0,1,0,1,0,2016
15032389,Y,04/14/2016,03:41 PM,55,11,1,1,8,2,1,10,1.0,227,9999,30.28655052,-98.06486511,RM,12.0,0.0,RM0012,Y,Y,2,THU,8.0,8.0,0.0,2.0,6.0,7822.0,2018.0,4.8,,,,0,1,0,2,0,1,0,2016
15032541,N,04/08/2016,12:29 PM,65,11,1,1,20,2,4,22,1.0,227,22,30.25687833,-97.73711632,IH,35.0,233.155,IH0035,Y,N,1,FRI,8.0,20.0,3.0,8.0,11.0,142856.0,2018.0,11.0,,,,1,0,0,0,1,1,0,2016
15032549,N,04/09/2016,08:00 PM,45,11,1,1,5,7,2,1,2.0,227,22,30.17364773,-97.82384283,FM,2304.0,2.063,FM2304,Y,N,1,SAT,13.0,14.0,0.0,2.0,16.0,31291.0,2018.0,3.6,1.0,119.0,2.0,1,0,0,0,0,1,0,2016
15032616,N,04/13/2016,02:20 PM,65,12,1,1,5,2,1,14,1.0,227,22,30.36107148,-97.74470497,SL,1.0,9.016,SL0001,Y,N,1,WED,12.0,20.0,36.0,6.0,12.0,149361.0,2018.0,1.2,1.0,98.0,1.0,1,0,2,1,0,3,0,2016
15032631,N,04/14/2016,06:15 AM,50,11,4,1,5,2,1,10,1.0,227,22,30.38954926,-97.74504852,US,183.0,314.008,US0183,Y,N,1,THU,20.0,20.0,36.0,6.0,12.0,137676.0,2018.0,2.0,,,,1,0,0,3,0,1,0,2016
15032659,N,04/07/2016,04:12 PM,65,11,1,1,12,2,4,30,1.0,227,9999,30.50904541,-98.03520171,RM,1431.0,40.86,RM1431,Y,Y,1,THU,1.0,1.0,0.0,2.0,7.0,2793.0,2018.0,4.1,,,,1,0,0,1,0,1,0,2016
15032675,N,04/14/2016,01:52 PM,35,11,1,1,5,2,2,22,1.0,227,22,30.25591536,-97.76158571,SL,343.0,2.987,SL0343,Y,N,2,THU,0.0,0.0,0.0,4.0,14.0,46479.0,2018.0,1.4,,,,0,1,0,1,0,1,0,2016
15032689,N,04/14/2016,07:24 PM,-1,11,5,1,21,2,1,10,1.0,227,22,30.34050179,-97.5911026,US,290.0,132.21,US0290,Y,N,1,THU,20.0,20.0,3.0,5.0,12.0,34434.0,2018.0,8.4,,,,1,1,0,1,0,2,0,2016
15032727,N,04/15/2016,11:24 AM,60,11,1,1,20,10,4,1,1.0,227,22,30.22256627,-97.68195017,SH,71.0,127.815,SH0071,Y,N,2,FRI,10.0,10.0,52.0,5.0,12.0,95090.0,2018.0,3.5,,,,0,1,0,0,0,1,0,2016
15033455,N,04/15/2016,03:39 PM,55,11,1,1,20,10,4,1,1.0,227,538,30.32041128,-97.95352964,RM,620.0,0.981,RM0620,Y,Y,2,FRI,8.0,8.0,0.0,4.0,14.0,26975.0,2018.0,3.8,,,,0,1,0,0,0,1,0,2016
15036441,N,01/06/2016,08:47 AM,-1,12,1,2,20,2,2,22,1.0,227,22,30.14365623,-97.80484209,FM,1626.0,0.5579999999999999,FM1626,Y,N,2,WED,1.0,1.0,0.0,2.0,16.0,14556.0,2018.0,4.7,,,,0,1,0,2,0,1,0,2016
15036442,N,03/09/2016,09:26 PM,-1,11,6,1,5,2,1,34,1.0,227,22,30.20002214,-97.80744779,FM,2304.0,0.001,FM2304,Y,N,2,WED,13.0,14.0,0.0,4.0,14.0,35199.0,2018.0,3.5,1.0,71.0,3.0,0,1,1,0,0,2,0,2016
15036487,N,04/14/2016,12:26 PM,-1,11,1,1,20,7,4,1,2.0,227,22,30.38697715,-97.67280814,IH,35.0,242.987,IH0035,Y,N,2,THU,8.0,20.0,3.0,6.0,11.0,159315.0,2018.0,11.5,,,,0,1,0,0,0,1,0,2016
15036498,N,04/15/2016,02:46 PM,35,11,1,1,20,1,3,3,1.0,227,22,30.33489054,-97.740151,RM,2222.0,9.697,RM2222,Y,N,1,FRI,0.0,0.0,0.0,4.0,14.0,34181.0,2018.0,3.5,1.0,59.0,0.0,1,0,0,1,0,1,0,2016
15036539,N,04/15/2016,05:26 AM,-1,11,4,1,6,2,1,10,1.0,227,22,30.28472056,-97.65978167,FM,969.0,2.675,FM0969,Y,N,2,FRI,0.0,0.0,0.0,4.0,14.0,32176.0,2018.0,6.2,,,,0,1,0,1,0,1,0,2016
15036555,N,04/15/2016,04:59 AM,65,11,4,1,20,7,4,1,4.0,227,22,30.32907525,-97.67882738,US,183.0,320.103,US0183,Y,N,2,FRI,16.0,20.0,70.0,4.0,12.0,65226.0,2018.0,6.6,1.0,308.0,0.0,0,3,0,0,0,3,0,2016
15036568,N,04/16/2016,10:46 AM,-1,12,1,2,5,2,2,22,1.0,227,22,30.33949425,-97.70062082,US,183.0,318.618,US0183,Y,N,2,SAT,20.0,20.0,24.0,6.0,12.0,116357.0,2018.0,3.9,,,,0,2,0,2,0,2,0,2016
15036626,N,04/16/2016,07:48 AM,50,11,1,1,5,2,1,10,1.0,227,22,30.39574708,-97.73274185,SL,1.0,6.522,SL0001,Y,N,2,SAT,24.0,20.0,36.0,6.0,12.0,112347.0,2018.0,1.6,1.0,386.0,1.0,0,2,0,0,0,2,0,2016
15036629,N,04/16/2016,02:28 PM,45,2,1,2,1,2,4,22,1.0,227,22,30.19819001,-97.76430842,IH,35.0,228.652,IH0035,Y,N,2,SAT,24.0,24.0,42.0,6.0,11.0,148474.0,2018.0,11.3,,,,0,1,0,4,0,1,0,2016
15036694,N,04/17/2016,12:13 AM,-1,2,3,2,6,2,1,14,1.0,227,22,30.19829914,-97.68408249,US,183.0,330.2530000000001,US0183,Y,N,2,SUN,16.0,16.0,36.0,4.0,14.0,43585.0,2018.0,7.8,1.0,92.0,1.0,0,1,0,0,1,1,0,2016
15036700,N,04/17/2016,11:40 AM,35,12,1,2,20,2,1,10,1.0,227,22,30.28919539,-97.72326549,IH,35.0,235.547,IH0035,Y,N,2,SUN,8.0,20.0,24.0,8.0,11.0,202376.0,2018.0,9.3,,,,0,3,4,2,0,7,0,2016
15036716,N,04/17/2016,07:49 PM,65,2,3,2,20,2,1,14,1.0,227,22,30.42708321,-97.71820522,FM,734.0,8.878,FM0734,Y,N,2,SUN,8.0,20.0,36.0,6.0,14.0,49788.0,2018.0,3.9,,,,0,1,0,1,0,1,0,2016
15036763,N,04/18/2016,09:22 AM,35,2,1,2,5,2,2,22,1.0,227,22,30.19040593,-97.77056118,IH,35.0,227.999,IH0035,Y,N,2,MON,24.0,24.0,42.0,6.0,11.0,170988.0,2018.0,10.7,,,,0,1,0,4,0,1,0,2016
15037957,N,03/25/2016,12:30 PM,65,11,1,1,20,2,4,20,1.0,227,1016,30.34928433,-97.53816963,US,290.0,135.454,US0290,Y,N,2,FRI,12.0,20.0,68.0,4.0,14.0,44701.0,2018.0,6.9,,,,0,1,0,3,0,1,0,2016
15038846,N,04/16/2016,01:05 PM,50,12,1,2,5,2,2,22,1.0,227,330,30.46251814,-97.59788514,FM,685.0,5.937,FM0685,Y,N,2,SAT,4.0,4.0,14.0,4.0,16.0,29334.0,2018.0,4.3,,,,0,1,0,5,0,1,0,2016
15039516,N,04/17/2016,04:31 PM,65,2,1,2,20,7,4,1,4.0,227,22,30.32921923,-97.67911916,US,183.0,320.083,US0183,Y,N,2,SUN,16.0,20.0,70.0,4.0,12.0,65226.0,2018.0,6.6,1.0,308.0,0.0,0,1,0,0,0,1,0,2016
15039520,N,04/18/2016,10:59 AM,45,2,1,2,20,2,2,12,1.0,227,22,30.16744269,-97.7858369,IH,35.0,226.174,IH0035,Y,N,2,MON,6.0,20.0,30.0,6.0,11.0,156852.0,2018.0,11.1,1.0,586.0,0.0,0,1,3,1,0,4,0,2016
15039528,N,04/18/2016,05:47 PM,60,2,1,3,20,7,4,1,2.0,227,22,30.31617502,-97.70762352,IH,35.0,237.632,IH0035,Y,N,2,MON,8.0,20.0,24.0,8.0,11.0,193850.0,2018.0,9.5,1.0,157.0,0.0,0,1,0,0,0,1,0,2016
15039529,N,04/18/2016,06:02 PM,70,2,1,2,1,1,4,3,5.0,227,22,,,IH,35.0,,IH0035,Y,N,2,MON,,,,,,,,,,,,0,1,0,0,0,1,0,2016
15039571,N,04/19/2016,11:40 AM,60,12,1,1,20,2,4,24,1.0,227,9999,30.3110928,-97.61519266,FM,3177.0,1.981,FM3177,Y,Y,2,TUE,1.0,1.0,0.0,4.0,17.0,11798.0,2018.0,6.1,,,,0,1,0,1,0,1,0,2016
15039882,N,04/17/2016,04:53 PM,60,2,1,2,20,2,4,30,1.0,227,9999,30.37667237,-98.08051023,SH,71.0,98.613,SH0071,Y,Y,2,SUN,2.0,2.0,0.0,4.0,2.0,37755.0,2018.0,3.3,,,,0,1,0,8,0,1,0,2016
15040024,N,04/09/2016,10:54 PM,60,11,3,1,1,1,4,1,1.0,227,9999,30.14429145,-97.67256813,FM,812.0,2.202,FM0812,Y,Y,2,SAT,10.0,10.0,0.0,2.0,16.0,15228.0,2018.0,6.8,1.0,236.0,7.0,0,1,0,0,1,1,0,2016
15040102,N,04/18/2016,07:08 PM,60,12,1,2,11,7,4,1,2.0,227,9999,30.39046295,-97.88928598,RM,620.0,10.326,RM0620,Y,Y,2,MON,8.0,8.0,0.0,4.0,14.0,31858.0,2018.0,3.6,1.0,258.0,5.0,0,1,0,0,0,1,0,2016
15040121,N,04/19/2016,04:18 PM,55,11,1,1,9,2,1,18,1.0,227,9999,30.16931148,-97.69140939,US,183.0,332.295,US0183,Y,Y,2,TUE,12.0,20.0,36.0,4.0,14.0,34458.0,2018.0,6.7,,,,0,1,0,2,0,1,0,2016
15042940,N,04/20/2016,09:04 AM,50,2,1,2,5,2,2,22,1.0,227,9999,30.27293439,-97.91287631,SH,71.0,112.008,SH0071,Y,Y,2,WED,8.0,8.0,0.0,4.0,14.0,50310.0,2018.0,3.1,,,,0,1,0,1,0,1,0,2016
15043425,N,04/10/2016,05:36 PM,55,11,1,1,6,2,1,10,1.0,227,22,30.22218378,-97.68313903,US,183.0,328.608,US0183,Y,N,2,SUN,12.0,16.0,36.0,4.0,14.0,43585.0,2018.0,7.8,1.0,262.0,2.0,0,1,0,1,0,1,0,2016
15043437,N,04/16/2016,12:49 AM,55,12,4,1,5,2,1,10,1.0,227,22,30.32556534,-97.67331696,US,183.0,320.512,US0183,Y,N,1,SAT,16.0,20.0,70.0,4.0,12.0,55986.0,2018.0,7.2,,,,1,0,0,1,0,1,0,2016
15043489,N,04/19/2016,10:49 PM,45,11,4,1,5,2,1,34,1.0,227,22,30.31599498,-97.66311502,US,183.0,321.42,US0183,Y,N,2,TUE,16.0,16.0,70.0,4.0,12.0,57843.0,2018.0,3.2,,,,0,8,0,1,0,8,0,2016
15043542,Y,04/20/2016,02:52 PM,60,11,1,1,20,2,4,22,1.0,227,22,30.21435798,-97.66144461,SH,71.0,129.2,SH0071,Y,N,2,WED,10.0,8.0,2.0,6.0,12.0,66025.0,2018.0,4.1,,,,0,2,0,7,0,2,0,2016
15043558,Y,04/21/2016,12:07 AM,70,11,4,1,20,2,4,20,1.0,227,22,30.41818987,-97.67270624,IH,35.0,245.187,IH0035,Y,N,2,THU,8.0,20.0,3.0,6.0,11.0,134367.0,2018.0,12.4,,,,0,1,0,1,0,1,0,2016
15045350,N,04/13/2016,06:29 PM,-1,11,1,1,20,2,4,22,1.0,227,22,30.37945412,-97.67477752,IH,35.0,242.456,IH0035,Y,N,2,WED,8.0,20.0,3.0,6.0,11.0,159315.0,2018.0,11.5,,,,0,1,0,1,0,1,0,2016
15046540,N,04/23/2016,08:56 PM,50,11,4,1,20,7,4,1,2.0,227,22,30.28643512,-97.67689637,FM,969.0,1.638,FM0969,Y,N,1,SAT,0.0,0.0,0.0,4.0,14.0,17992.0,2018.0,6.6,,,,1,0,0,1,0,1,0,2016
15049878,N,04/10/2016,09:30 PM,55,11,4,1,5,2,2,22,1.0,227,22,30.4078511,-97.67824114,SL,275.0,1.247,SL0275,Y,N,2,SUN,0.0,10.0,0.0,4.0,17.0,4708.0,2018.0,1.4,,,,0,1,0,6,0,1,0,2016
15049947,N,04/21/2016,11:50 AM,45,12,1,1,5,2,1,10,1.0,227,22,30.23712928,-97.82306243,SL,1.0,19.448,SL0001,Y,N,2,THU,12.0,20.0,60.0,6.0,12.0,83195.0,2018.0,1.6,1.0,240.0,3.0,0,1,0,3,0,1,0,2016
15049993,N,04/22/2016,02:15 PM,45,11,1,1,20,2,3,10,1.0,227,22,30.20243047,-97.63977128,FM,973.0,29.274,FM0973,Y,N,2,FRI,10.0,10.0,10.0,4.0,16.0,18337.0,2018.0,5.9,,,,0,2,0,1,0,2,0,2016
15049994,N,04/22/2016,02:39 PM,70,11,1,1,20,7,4,1,2.0,227,22,30.13704773,-97.79727514,IH,35.0,223.97,IH0035,Y,N,2,FRI,6.0,20.0,30.0,6.0,11.0,128785.0,2018.0,12.2,1.0,103.0,0.0,0,1,0,0,0,1,0,2016
15049995,N,04/22/2016,03:16 PM,50,11,1,1,1,2,1,21,1.0,227,22,30.37563458,-97.73139824,US,183.0,315.307,US0183,Y,N,2,FRI,20.0,20.0,8.0,6.0,12.0,138365.0,2018.0,3.6,,,,0,1,0,2,0,1,0,2016
15049998,N,04/22/2016,12:19 PM,55,11,1,1,20,2,1,10,1.0,227,22,30.43066652,-97.70079607,SL,1.0,3.241,SL0001,Y,N,2,FRI,20.0,20.0,36.0,6.0,12.0,64650.0,2018.0,2.0,1.0,192.0,0.0,0,2,0,1,0,2,0,2016
15050033,N,04/23/2016,09:32 AM,55,11,1,1,20,2,3,13,1.0,227,22,30.31068138,-97.70960239,IH,35.0,237.234,IH0035,Y,N,2,SAT,8.0,20.0,24.0,8.0,11.0,193850.0,2018.0,9.5,,,,0,1,0,0,1,1,0,2016
15050039,N,04/23/2016,05:11 PM,65,11,1,1,20,10,4,1,2.0,227,22,30.25663161,-97.8005226,SL,1.0,17.461,SL0001,Y,N,1,SAT,12.0,20.0,60.0,6.0,12.0,153269.0,2018.0,1.2,,,,1,0,0,0,0,1,0,2016
15050059,N,04/23/2016,09:25 PM,35,11,4,1,20,2,4,24,1.0,227,22,30.26207529,-97.73969898,SL,343.0,4.841,SL0343,Y,N,2,SAT,10.0,10.0,0.0,4.0,14.0,30614.0,2018.0,1.8,,,,0,1,0,5,0,1,0,2016
15050063,N,04/23/2016,11:30 PM,60,11,4,1,20,2,4,21,1.0,227,22,30.29860977,-97.71729646,IH,35.0,236.286,IH0035,Y,N,2,SAT,8.0,20.0,24.0,8.0,11.0,202376.0,2018.0,9.3,,,,0,1,0,1,0,1,0,2016
15050084,N,04/24/2016,11:09 PM,65,11,4,1,20,7,4,1,4.0,227,22,30.2163571,-97.74932457,SH,71.0,123.626,SH0071,Y,N,2,SUN,0.0,0.0,32.0,6.0,12.0,122565.0,2018.0,3.2,,,,0,1,0,0,0,1,0,2016
15050085,N,04/24/2016,02:27 PM,50,11,1,1,11,2,2,22,1.0,227,22,30.2863011,-97.6783293,FM,969.0,1.5530000000000002,FM0969,Y,N,2,SUN,0.0,0.0,0.0,4.0,14.0,17992.0,2018.0,6.6,,,,0,1,0,1,0,1,0,2016
15052580,N,04/22/2016,08:18 PM,45,11,1,1,8,2,1,10,1.0,227,22,30.17624415,-97.63681534,SH,130.0,38.777,SH0130,Y,N,2,FRI,12.0,20.0,135.0,4.0,12.0,31038.0,2018.0,20.5,,,,0,1,0,3,1,1,0,2016
15053312,N,04/26/2016,04:11 PM,35,12,1,1,20,5,4,1,1.0,227,22,30.34476754,-97.70661609999999,US,183.0,318.105,US0183,Y,N,2,TUE,13.0,13.0,8.0,5.0,12.0,139965.0,2018.0,3.6,,,,0,1,0,1,0,1,0,2016
15053874,N,04/18/2016,08:49 PM,45,12,4,1,20,7,2,1,4.0,227,22,30.33917999,-97.70010376,IH,35.0,239.3,IH0035,Y,N,2,MON,20.0,20.0,3.0,6.0,11.0,145168.0,2018.0,11.9,,,,0,1,0,0,0,1,0,2016
15053877,N,04/21/2016,03:39 PM,70,11,1,1,20,2,4,22,1.0,227,22,30.33454053,-97.70304759999999,IH,35.0,238.936,IH0035,Y,N,2,THU,20.0,20.0,3.0,6.0,11.0,199837.0,2018.0,9.4,1.0,409.0,1.0,0,2,0,2,0,2,0,2016
15053927,N,03/20/2016,03:16 PM,50,11,1,1,8,2,1,10,1.0,227,22,30.35448114,-97.70404981,SL,275.0,5.29,SL0275,Y,N,1,SUN,0.0,0.0,0.0,4.0,14.0,37706.0,2018.0,1.2,,,,1,0,1,0,0,2,0,2016
15053928,N,04/10/2016,01:29 PM,45,11,1,1,5,2,1,10,1.0,227,22,30.32212184,-97.70681206,US,290.0,125.101,US0290,Y,N,2,SUN,12.0,20.0,24.0,5.0,12.0,55306.0,2018.0,6.3,,,,0,1,0,2,0,1,0,2016
15053937,N,04/21/2016,07:05 AM,40,2,1,2,20,2,1,14,1.0,227,22,30.25122519,-97.76515979,SL,343.0,2.599,SL0343,Y,N,2,THU,0.0,0.0,0.0,4.0,14.0,46479.0,2018.0,1.4,1.0,304.0,2.0,0,1,1,0,0,2,0,2016
15053943,N,04/24/2016,05:13 PM,60,11,1,1,20,2,4,22,1.0,227,22,30.28607262,-97.72529487,IH,35.0,235.3,IH0035,Y,N,2,SUN,20.0,40.0,3.0,8.0,11.0,202376.0,2018.0,9.3,,,,0,2,0,4,0,2,0,2016
15053989,N,04/26/2016,02:26 PM,-1,11,1,1,20,2,2,13,1.0,227,22,30.33675223,-97.69546823,US,183.0,318.9790000000001,US0183,Y,N,2,TUE,2.0,2.0,24.0,6.0,12.0,61688.0,2018.0,6.9,,,,0,1,0,1,0,1,0,2016
15053997,N,04/26/2016,01:19 PM,60,12,1,1,20,2,4,20,1.0,227,22,30.28823346,-97.7238835,IH,35.0,235.471,IH0035,Y,N,1,TUE,8.0,20.0,24.0,8.0,11.0,202376.0,2018.0,9.3,,,,1,2,1,1,0,4,0,2016
15054014,N,04/26/2016,07:00 PM,50,12,1,1,9,2,2,22,1.0,227,22,30.42906921,-97.75905123,US,183.0,310.889,US0183,Y,N,2,TUE,16.0,20.0,36.0,6.0,12.0,149347.0,2018.0,1.9,,,,0,1,0,1,0,1,0,2016
15054040,N,04/27/2016,07:25 AM,40,11,1,2,5,2,1,10,1.0,227,22,30.33272031,-97.70419431,IH,35.0,238.794,IH0035,Y,N,2,WED,20.0,20.0,3.0,6.0,11.0,199837.0,2018.0,9.4,1.0,409.0,1.0,0,1,2,0,0,3,0,2016
15054044,N,04/27/2016,11:08 AM,-1,11,1,1,20,2,4,22,1.0,227,22,30.33666539,-97.69529377,US,183.0,318.991,US0183,Y,N,2,WED,2.0,2.0,24.0,6.0,12.0,61688.0,2018.0,6.9,,,,0,1,3,1,0,4,0,2016
15066937,Y,04/28/2016,11:48 PM,55,11,3,1,1,2,2,14,1.0,227,9999,30.22212889,-97.63397527,FM,973.0,27.823,FM0973,Y,Y,1,THU,5.0,5.0,0.0,2.0,16.0,16700.0,2018.0,6.1,,,,1,0,0,1,0,1,0,2016
15067758,N,04/28/2016,01:29 PM,50,11,1,1,5,1,2,2,1.0,227,330,30.44747301,-97.63893542,FM,1825.0,2.232,FM1825,Y,N,2,THU,8.0,8.0,0.0,4.0,16.0,22010.0,2018.0,4.2,,,,0,1,0,1,0,1,0,2016
15067775,N,04/27/2016,08:42 AM,45,11,1,1,5,2,4,20,1.0,227,330,30.45031514,-97.60524819,FM,685.0,6.884,FM0685,Y,N,1,WED,4.0,4.0,14.0,4.0,16.0,29334.0,2018.0,4.3,,,,1,0,2,5,0,3,0,2016
15067818,N,03/19/2016,02:26 AM,-1,11,3,1,1,1,4,1,1.0,227,22,30.25722993,-97.73715355,IH,35.0,233.179,IH0035,Y,N,2,SAT,8.0,20.0,3.0,8.0,11.0,142856.0,2018.0,11.0,,,,0,1,0,1,0,1,0,2016
15067832,N,04/27/2016,10:18 PM,35,11,4,1,21,2,1,10,1.0,227,22,30.27043897,-97.73289554,IH,35.0,234.127,IH0035,Y,N,2,WED,20.0,40.0,3.0,8.0,11.0,177389.0,2018.0,9.9,,,,0,1,0,1,0,1,0,2016
15067833,N,04/27/2016,03:00 PM,40,11,1,1,20,2,4,22,1.0,227,22,30.24924566,-97.7677785,SL,343.0,2.39,SL0343,Y,N,2,WED,0.0,0.0,0.0,4.0,14.0,46479.0,2018.0,1.4,1.0,304.0,2.0,0,1,0,2,0,1,0,2016
15067868,N,04/28/2016,10:10 PM,55,11,4,1,20,1,4,1,1.0,227,22,30.21975824,-97.75773201,US,290.0,116.746,US0290,Y,N,2,THU,20.0,20.0,20.0,6.0,12.0,140123.0,2018.0,2.6,,,,0,1,0,1,0,1,0,2016
15067960,N,04/26/2016,04:00 PM,60,11,1,1,20,2,2,32,1.0,227,538,,,SH,71.0,,SH0071,Y,Y,2,TUE,,,,,,,,,,,,0,1,0,2,0,1,0,2016
15068714,N,04/25/2016,05:10 AM,-1,11,3,1,5,2,1,34,1.0,227,9999,30.16418266,-97.69286346,US,183.0,332.659,US0183,Y,Y,1,MON,12.0,8.0,36.0,4.0,14.0,23967.0,2018.0,8.1,,,,1,0,1,2,0,2,0,2016
15069603,N,04/30/2016,09:38 PM,65,11,4,1,8,2,1,10,1.0,227,9999,30.36907511,-97.5317935,FM,973.0,14.845999999999998,FM0973,Y,Y,4,SAT,10.0,10.0,0.0,2.0,16.0,15148.0,2018.0,5.5,,,,0,4,0,0,0,4,1,2016
15069805,N,04/29/2016,10:05 PM,50,12,4,2,5,2,1,34,1.0,227,250,30.35409458,-97.96153211,RM,620.0,3.855,RM0620,Y,N,2,FRI,8.0,8.0,0.0,4.0,14.0,50317.0,2018.0,3.1,1.0,110.0,2.0,0,1,0,3,0,1,0,2016
15072571,N,04/24/2016,06:43 PM,50,11,1,1,21,2,1,10,1.0,227,22,30.21524705,-97.73492728,SH,71.0,124.49,SH0071,Y,N,2,SUN,20.0,20.0,44.0,8.0,12.0,85342.0,2018.0,3.6,,,,0,3,0,0,0,3,0,2016
15072577,N,04/25/2016,06:33 PM,-1,12,1,0,20,2,2,20,1.0,227,22,30.28563813,-97.66535866,US,183.0,323.551,US0183,Y,N,2,MON,16.0,20.0,36.0,4.0,14.0,67460.0,2018.0,6.6,,,,0,1,0,0,1,1,0,2016
15072612,N,04/28/2016,03:50 PM,40,11,1,1,5,2,1,10,1.0,227,22,30.22999823,-97.78825653,US,290.0,114.732,US0290,Y,N,2,THU,20.0,20.0,22.0,8.0,12.0,148990.0,2018.0,2.4,,,,0,1,1,0,0,2,0,2016
15072682,N,04/30/2016,09:30 AM,30,11,1,1,20,2,1,10,1.0,227,22,30.26122284,-97.73644257,IH,35.0,233.459,IH0035,Y,N,2,SAT,8.0,20.0,3.0,8.0,11.0,158343.0,2018.0,10.4,,,,0,1,4,0,1,5,0,2016
15072734,N,04/30/2016,07:49 PM,65,11,1,1,20,2,4,22,1.0,227,22,30.27170949,-97.73243690000001,IH,35.0,234.219,IH0035,Y,N,2,SAT,20.0,40.0,3.0,8.0,11.0,177389.0,2018.0,9.9,,,,0,1,3,4,0,4,0,2016
15072740,N,04/30/2016,10:09 PM,45,11,4,1,11,2,4,21,1.0,227,22,30.23211804,-97.80063674,SL,343.0,0.056,SL0343,Y,N,1,SAT,6.0,16.0,10.0,2.0,14.0,36688.0,2018.0,1.5,1.0,119.0,1.0,1,1,0,0,0,2,0,2016
15072744,N,04/30/2016,11:00 PM,45,11,4,1,21,2,2,22,1.0,227,22,30.17364773,-97.82384283,FM,2304.0,2.063,FM2304,Y,N,2,SAT,13.0,14.0,0.0,2.0,16.0,31291.0,2018.0,3.6,1.0,119.0,2.0,0,1,1,4,0,2,0,2016
15072753,N,05/01/2016,03:20 AM,60,11,4,1,20,1,4,1,1.0,227,22,30.261727899999997,-97.73622861,IH,35.0,233.496,IH0035,Y,N,4,SUN,8.0,20.0,3.0,8.0,11.0,158343.0,2018.0,10.4,1.0,248.0,2.0,0,0,0,1,0,0,1,2016
15072767,N,05/01/2016,01:24 PM,45,12,1,1,20,7,4,1,2.0,227,22,30.26571992,-97.75264805,SL,343.0,4.0280000000000005,SL0343,Y,N,2,SUN,0.0,7.0,0.0,4.0,14.0,43724.0,2018.0,1.4,,,,0,1,0,0,0,1,0,2016
15072781,N,05/02/2016,08:48 AM,65,12,1,1,20,2,4,20,1.0,227,22,30.386213800000004,-97.74342555,US,183.0,314.257,US0183,Y,N,2,MON,20.0,20.0,36.0,6.0,12.0,146786.0,2018.0,1.9,,,,0,1,0,1,0,1,0,2016
15072787,N,05/02/2016,11:16 AM,50,12,1,1,5,2,1,24,1.0,227,22,30.22328848,-97.74734329,IH,35.0,230.658,IH0035,Y,N,1,MON,4.0,20.0,3.0,6.0,11.0,157370.0,2018.0,10.5,,,,1,2,0,1,0,3,0,2016
15077874,Y,05/02/2016,01:48 PM,40,12,1,1,20,2,4,24,1.0,227,22,30.26286548,-97.74253526,SL,343.0,4.663,SL0343,Y,N,2,MON,10.0,10.0,0.0,4.0,14.0,24852.0,2018.0,2.0,,,,0,1,2,1,0,3,0,2016
15077951,N,04/15/2016,09:14 AM,50,12,1,1,12,2,4,30,1.0,227,9999,30.26653263,-97.62521427,FM,969.0,5.172999999999999,FM0969,Y,Y,1,FRI,0.0,0.0,0.0,4.0,14.0,22033.0,2018.0,6.4,,,,1,0,1,0,0,2,0,2016