Crash_ID,Cmv_Involv_Fl,Crash_Date,Crash_Time,Crash_Speed_Limit,Wthr_Cond_ID,Light_Cond_ID,Surf_Cond_ID,Traffic_Cntl_ID,Harm_Evnt_ID,Intrsct_Relat_ID,FHE_Collsn_ID,Road_Relat_ID,Cnty_ID,City_ID,Latitude,Longitude,Hwy_Sys,Hwy_Nbr,Dfo,Street_Name,Onsys_Fl,Rural_Fl,Crash_Sev_ID,Day_of_Week,Shldr_Width_Left,Shldr_Width_Right,Median_Width,Nbr_Of_Lane,Func_Sys_ID,Adt_Curnt_Amt,Adt_Curnt_Year,Trk_Aadt_Pct,Curve_Type_ID,Curve_Lngth,Cd_Degr,Sus_Serious_Injry_Cnt,Nonincap_Injry_Cnt,Poss_Injry_Cnt,Non_Injry_Cnt,Unkn_Injry_Cnt,Tot_Injry_Cnt,Death_Cnt,Year
15078027,N,04/27/2016,06:45 AM,55,11,1,1,11,2,3,34,1.0,227,9999,30.13017677,-97.64385948,FM,812.0,4.175,FM0812,Y,Y,2,WED,10.0,10.0,0.0,2.0,6.0,15228.0,2018.0,6.8,1.0,119.0,5.0,0,1,2,1,0,3,0,2016
15078080,N,04/28/2016,11:27 AM,45,11,1,1,11,7,4,1,2.0,227,9999,30.44131907,-97.87087847,RM,2769.0,3.862,RM2769,Y,Y,2,THU,3.0,3.0,0.0,2.0,16.0,7248.0,2018.0,8.0,1.0,91.0,10.0,0,1,0,0,0,1,0,2016
15079961,N,04/19/2016,02:47 PM,-1,12,1,1,20,2,4,20,1.0,227,22,30.20375092,-97.75973795,IH,35.0,229.122,IH0035,Y,N,2,TUE,24.0,24.0,42.0,6.0,11.0,148474.0,2018.0,11.3,,,,0,1,0,0,0,1,0,2016
15079968,N,04/28/2016,03:31 PM,55,12,1,1,11,2,4,22,1.0,227,22,30.29368516,-97.66323242,US,183.0,322.9840000000001,US0183,Y,N,2,THU,16.0,20.0,36.0,4.0,14.0,57843.0,2018.0,3.2,,,,0,1,0,1,0,1,0,2016
15079972,N,05/02/2016,04:50 AM,70,12,4,1,1,2,4,21,1.0,227,22,30.42272066,-97.67185765,IH,35.0,245.503,IH0035,Y,N,2,MON,8.0,20.0,3.0,6.0,11.0,134367.0,2018.0,12.4,,,,0,1,0,1,0,1,0,2016
15080051,N,05/03/2016,07:05 PM,-1,11,1,1,21,2,1,34,1.0,227,22,30.22926178,-97.88828259,US,290.0,108.502,US0290,Y,N,2,TUE,0.0,4.0,0.0,4.0,14.0,44818.0,2018.0,2.8,1.0,260.0,1.0,0,1,0,3,0,1,0,2016
15080166,N,04/24/2016,02:51 AM,-1,11,4,1,20,2,4,20,1.0,227,22,30.25988379,-97.73685126,IH,35.0,233.363,IH0035,Y,N,2,SUN,8.0,20.0,3.0,8.0,11.0,142856.0,2018.0,11.0,,,,0,4,0,3,0,4,0,2016
15080227,N,04/26/2016,08:36 PM,-1,11,4,1,5,2,2,22,1.0,227,22,30.40249851,-97.65773543,FM,734.0,12.918,FM0734,Y,N,2,TUE,8.0,20.0,55.0,6.0,14.0,46970.0,2018.0,3.9,1.0,305.0,3.0,0,2,0,0,1,2,0,2016
15081045,N,05/04/2016,06:55 PM,45,11,1,1,5,2,1,14,1.0,227,671,30.09008789,-97.73454285,FM,1327.0,4.673,FM1327,Y,Y,1,WED,10.0,10.0,0.0,2.0,16.0,12806.0,2018.0,5.9,,,,1,0,0,2,0,1,0,2016
15081320,N,04/29/2016,09:55 PM,45,11,3,1,11,2,2,30,1.0,227,22,30.17624415,-97.63681534,SH,130.0,38.777,SH0130,Y,N,2,FRI,12.0,20.0,135.0,4.0,12.0,31038.0,2018.0,20.5,,,,0,1,0,1,0,1,0,2016
15083053,N,04/29/2016,11:48 PM,50,12,4,1,5,2,1,10,1.0,227,22,30.21621427,-97.7440169,SH,71.0,123.943,SH0071,Y,N,2,FRI,20.0,20.0,32.0,6.0,12.0,122565.0,2018.0,3.2,,,,0,1,0,3,0,1,0,2016
15083784,N,04/21/2016,06:40 PM,65,11,1,1,20,2,4,21,1.0,227,1016,30.34893259,-97.55435743,US,290.0,134.488,US0290,Y,N,2,THU,12.0,20.0,46.0,4.0,14.0,51848.0,2018.0,6.4,1.0,250.0,1.0,0,1,0,1,0,1,0,2016
15084764,N,04/29/2016,11:29 PM,45,11,4,1,5,2,1,34,1.0,227,22,30.26010326,-97.69386776,SL,111.0,1.676,SL0111,Y,N,2,FRI,1.0,2.0,0.0,4.0,14.0,31328.0,2018.0,1.8,,,,0,3,0,0,0,3,0,2016
15084765,N,05/03/2016,04:13 AM,50,11,4,1,20,7,2,1,2.0,227,22,30.30193365,-97.71522617,IH,35.0,236.545,IH0035,Y,N,2,TUE,8.0,20.0,24.0,8.0,11.0,196302.0,2018.0,9.5,,,,0,1,0,0,0,1,0,2016
15084860,N,04/18/2016,03:42 PM,40,12,1,1,9,2,2,22,1.0,227,22,30.22296323,-97.76390608,US,290.0,116.316,US0290,Y,N,2,MON,20.0,20.0,42.0,6.0,12.0,140123.0,2018.0,2.6,,,,0,1,0,2,0,1,0,2016
15084907,N,04/23/2016,09:12 PM,35,11,4,1,5,2,1,34,1.0,227,22,30.28257208,-97.70395812,FM,969.0,0.002,FM0969,Y,N,2,SAT,0.0,0.0,0.0,4.0,14.0,16460.0,2018.0,6.7,,,,0,2,0,1,0,2,0,2016
15084958,N,04/29/2016,11:47 PM,55,11,4,1,1,2,4,20,1.0,227,22,30.38029571,-97.67445466,IH,35.0,242.517,IH0035,Y,N,2,FRI,8.0,20.0,3.0,6.0,11.0,159315.0,2018.0,11.5,,,,0,1,0,3,0,1,0,2016
15085005,N,05/04/2016,06:40 PM,-1,11,1,1,1,7,4,1,4.0,227,22,30.13017047,-97.7999657,IH,35.0,223.47,IH0035,Y,N,1,WED,6.0,20.0,40.0,6.0,11.0,135389.0,2018.0,11.8,1.0,103.0,0.0,1,0,0,0,0,1,0,2016
15085014,N,05/04/2016,02:30 PM,65,11,1,1,20,7,4,1,2.0,227,22,30.42041981,-97.74708169,US,183.0,311.8590000000001,US0183,Y,N,2,WED,20.0,20.0,36.0,6.0,12.0,149347.0,2018.0,1.9,,,,0,1,0,0,0,1,0,2016
15085018,N,05/05/2016,06:55 AM,70,11,1,1,20,2,4,20,1.0,227,22,30.18544294,-97.77401658,IH,35.0,227.6,IH0035,Y,N,2,THU,6.0,20.0,30.0,6.0,11.0,156852.0,2018.0,11.1,,,,0,1,0,4,0,1,0,2016
15085037,N,05/05/2016,01:30 PM,50,11,1,1,20,7,4,1,2.0,227,22,30.41218177,-97.74558361,US,183.0,312.432,US0183,Y,N,2,THU,20.0,20.0,36.0,6.0,12.0,137676.0,2018.0,2.0,,,,0,1,0,0,0,1,0,2016
15085198,N,04/22/2016,06:20 AM,45,11,3,1,5,1,2,1,1.0,227,22,30.377298699999997,-97.7255074,FM,1325.0,7.862,FM1325,Y,N,4,FRI,0.0,0.0,0.0,4.0,14.0,43120.0,2018.0,1.5,,,,0,0,0,1,0,0,1,2016
15086249,N,05/07/2016,02:57 PM,55,11,1,1,1,7,2,2,2.0,227,22,30.42967721,-97.67052871,IH,35.0,245.988,IH0035,Y,N,2,SAT,8.0,20.0,3.0,6.0,11.0,132719.0,2018.0,12.4,,,,0,1,0,1,0,1,0,2016
15087559,N,05/06/2016,02:38 AM,55,12,3,1,10,2,4,21,1.0,227,22,30.30594221,-97.66085869,US,183.0,322.125,US0183,Y,N,1,FRI,16.0,16.0,36.0,4.0,14.0,57843.0,2018.0,3.2,1.0,293.0,0.0,1,0,0,1,0,1,0,2016
15088610,N,04/30/2016,12:34 PM,55,11,1,1,20,2,4,20,1.0,227,22,30.34273635,-97.69786722,IH,35.0,239.579,IH0035,Y,N,2,SAT,20.0,20.0,3.0,6.0,11.0,145168.0,2018.0,11.9,,,,0,2,0,0,0,2,0,2016
15088628,N,05/06/2016,02:03 PM,55,11,1,1,8,2,2,13,1.0,227,22,30.40301928,-97.67494221,IH,35.0,244.132,IH0035,Y,N,2,FRI,8.0,20.0,3.0,6.0,11.0,159315.0,2018.0,11.5,,,,0,2,0,1,0,2,0,2016
15088632,N,05/06/2016,01:56 PM,65,11,1,1,20,2,4,20,1.0,227,22,30.34929118,-97.79729808,SL,360.0,4.621,SL0360,Y,N,2,FRI,8.0,20.0,60.0,4.0,14.0,53846.0,2018.0,2.7,,,,0,1,0,3,0,1,0,2016
15088776,N,05/06/2016,07:13 PM,55,11,1,1,8,2,1,13,1.0,227,22,30.33571131,-97.69331554,US,183.0,319.126,US0183,Y,N,1,FRI,4.0,10.0,24.0,5.0,12.0,61688.0,2018.0,6.9,1.0,126.0,3.0,1,0,0,3,0,1,0,2016
15088781,N,05/06/2016,11:59 PM,-1,11,4,1,5,2,2,22,1.0,227,22,30.3026208,-97.66094272,US,183.0,322.3540000000001,US0183,Y,N,1,FRI,16.0,16.0,36.0,4.0,14.0,57843.0,2018.0,3.2,,,,1,0,0,3,0,1,0,2016
15088914,N,05/07/2016,11:57 AM,55,11,1,1,20,2,3,13,1.0,227,22,30.34859229,-97.69416004,IH,35.0,240.038,IH0035,Y,N,2,SAT,20.0,20.0,3.0,6.0,11.0,145168.0,2018.0,11.9,,,,0,1,0,0,1,1,0,2016
15088917,N,05/07/2016,02:45 PM,45,12,1,1,8,5,1,1,1.0,227,22,30.26955661,-97.69669640000001,SL,111.0,1.005,SL0111,Y,N,2,SAT,1.0,2.0,0.0,4.0,14.0,31328.0,2018.0,1.8,,,,0,1,0,2,0,1,0,2016
15088929,N,05/07/2016,10:53 AM,70,11,1,1,20,2,4,20,1.0,227,22,30.13993758,-97.79612824,IH,35.0,224.18,IH0035,Y,N,2,SAT,6.0,20.0,30.0,6.0,11.0,128785.0,2018.0,12.2,,,,0,1,0,2,0,1,0,2016
15088942,N,05/07/2016,06:39 PM,35,11,1,1,9,10,2,3,1.0,227,22,30.24866455,-97.69140593,SL,111.0,2.479,SL0111,Y,N,2,SAT,0.0,0.0,12.0,4.0,14.0,31328.0,2018.0,1.8,,,,0,1,0,0,0,1,0,2016
15088961,N,05/07/2016,09:39 PM,-1,11,4,1,20,2,4,22,1.0,227,22,30.2369978,-97.73927128,IH,35.0,231.717,IH0035,Y,N,2,SAT,4.0,20.0,3.0,6.0,11.0,150700.0,2018.0,10.7,,,,0,1,0,1,0,1,0,2016
15088963,N,05/07/2016,09:19 PM,55,11,3,1,11,7,4,1,2.0,227,22,30.32849048,-97.67767802,US,183.0,320.183,US0183,Y,N,2,SAT,16.0,20.0,70.0,4.0,12.0,65226.0,2018.0,6.6,,,,0,1,0,1,0,1,0,2016
15089176,N,05/08/2016,01:25 PM,55,2,1,2,5,2,4,20,1.0,227,9999,30.164127399999998,-97.69287922,US,183.0,332.663,US0183,Y,Y,1,SUN,12.0,8.0,36.0,4.0,14.0,23967.0,2018.0,8.1,,,,1,0,0,6,0,1,0,2016
15092034,N,05/05/2016,06:12 PM,60,11,1,1,5,2,2,21,1.0,227,671,30.09259781,-97.75637791,SH,45.0,50.072,SH0045,Y,Y,2,THU,12.0,20.0,50.0,4.0,12.0,18474.0,2018.0,6.6,,,,0,1,0,1,0,1,0,2016
15092515,N,05/06/2016,02:40 PM,50,11,1,1,5,2,1,10,1.0,227,22,30.36818313,-97.74249245,SL,1.0,8.508,SL0001,Y,N,2,FRI,12.0,20.0,36.0,6.0,12.0,149361.0,2018.0,1.2,1.0,210.0,1.0,0,1,1,0,0,2,0,2016
15092526,N,05/08/2016,04:25 PM,55,11,1,2,5,2,1,10,1.0,227,22,30.22782319,-97.77932518,US,290.0,115.295,US0290,Y,N,2,SUN,20.0,20.0,22.0,8.0,12.0,148990.0,2018.0,2.4,1.0,331.0,1.0,0,1,1,5,0,2,0,2016
15092567,N,05/09/2016,04:07 PM,55,11,1,1,20,2,4,22,1.0,227,22,30.25251791,-97.68045211,US,183.0,326.035,US0183,Y,N,2,MON,12.0,20.0,200.0,4.0,14.0,68772.0,2018.0,6.5,,,,0,1,0,1,0,1,0,2016
15092578,N,05/09/2016,05:48 PM,50,11,1,1,20,2,4,20,1.0,227,9999,30.288511100000004,-97.57550052,SH,130.0,29.943,SH0130,Y,Y,2,MON,12.0,20.0,135.0,4.0,12.0,39424.0,2018.0,17.9,,,,0,1,0,0,0,1,0,2016
15092579,N,05/09/2016,07:12 PM,-1,11,1,1,1,2,4,20,1.0,227,22,30.39967181,-97.74593139,US,183.0,313.296,US0183,Y,N,2,MON,20.0,20.0,36.0,6.0,12.0,137676.0,2018.0,2.0,,,,0,1,0,3,0,1,0,2016
15092613,N,05/10/2016,12:31 PM,55,11,1,1,5,2,1,10,1.0,227,22,30.29221474,-97.66362099,US,183.0,323.087,US0183,Y,N,2,TUE,16.0,20.0,36.0,4.0,14.0,57843.0,2018.0,3.2,,,,0,1,2,1,0,3,0,2016
15092984,N,05/10/2016,03:47 PM,40,11,1,1,20,2,2,22,1.0,227,9999,30.14054363,-97.83142952,FM,1626.0,2.256,FM1626,Y,Y,2,TUE,1.0,1.0,0.0,2.0,16.0,23290.0,2018.0,3.6,,,,0,1,0,3,0,1,0,2016
15093029,N,05/08/2016,08:31 PM,60,11,5,1,11,2,4,30,1.0,227,9999,30.14517865,-97.70004713,FM,1625.0,0.374,FM1625,Y,Y,2,SUN,4.0,4.0,0.0,2.0,17.0,6715.0,2018.0,8.3,,,,0,1,0,2,0,1,0,2016
15093257,Y,03/11/2016,10:12 AM,65,2,1,2,5,9,1,1,1.0,227,1016,30.3505635,-97.50047896,US,290.0,137.703,US0290,Y,N,2,FRI,12.0,20.0,68.0,4.0,2.0,44701.0,2018.0,6.9,,,,0,1,0,1,0,1,0,2016
15093698,N,05/05/2016,10:16 AM,45,11,1,1,1,2,2,22,1.0,227,22,30.27088788,-97.73273689,IH,35.0,234.159,IH0035,Y,N,2,THU,20.0,40.0,3.0,8.0,11.0,177389.0,2018.0,9.9,,,,0,2,0,0,1,2,0,2016
15093700,Y,05/06/2016,02:10 AM,45,11,4,1,20,2,4,20,1.0,227,22,30.33724818,-97.70133862,IH,35.0,239.148,IH0035,Y,N,2,FRI,20.0,20.0,3.0,6.0,11.0,199837.0,2018.0,9.4,1.0,409.0,1.0,0,1,0,1,1,1,0,2016
15093702,Y,05/06/2016,03:05 AM,70,12,4,1,11,2,4,21,1.0,227,22,30.21618406,-97.75148434,IH,35.0,230.11,IH0035,Y,N,2,FRI,4.0,20.0,3.0,6.0,11.0,157370.0,2018.0,10.5,,,,0,1,0,2,0,1,0,2016
15093704,N,05/06/2016,10:10 AM,45,11,1,1,5,2,1,10,1.0,227,22,30.33256829,-97.68650517,US,183.0,319.585,US0183,Y,N,2,FRI,4.0,10.0,24.0,5.0,12.0,65226.0,2018.0,6.6,,,,0,3,0,1,0,3,0,2016
15094843,N,05/10/2016,10:00 PM,45,2,4,2,5,2,1,34,1.0,227,330,30.44307568,-97.62766727,FM,1825.0,2.9810000000000003,FM1825,Y,N,2,TUE,9.0,9.0,0.0,2.0,16.0,20268.0,2018.0,4.4,,,,0,1,0,2,0,1,0,2016
15095744,N,05/07/2016,03:00 AM,60,0,3,0,20,7,4,1,2.0,227,9999,30.34841364,-98.05953236,SH,71.0,100.993,SH0071,Y,Y,2,SAT,2.0,2.0,0.0,4.0,2.0,37755.0,2018.0,3.3,3.0,361.0,3.0,0,1,0,0,0,1,0,2016
15096015,N,04/30/2016,11:43 AM,40,11,1,1,1,2,1,10,1.0,227,22,30.24729383,-97.77523776,SL,343.0,1.923,SL0343,Y,N,2,SAT,0.0,0.0,0.0,4.0,14.0,36688.0,2018.0,1.5,,,,0,1,1,0,0,2,0,2016
15096060,N,05/03/2016,02:00 AM,-1,11,4,1,5,2,1,10,1.0,227,22,30.40497166,-97.71607718,FM,1325.0,5.87,FM1325,Y,N,1,TUE,0.0,0.0,0.0,4.0,14.0,33660.0,2018.0,1.7,,,,1,2,0,0,0,3,0,2016
15096615,N,05/08/2016,12:46 AM,55,11,3,1,20,2,4,30,1.0,227,9999,30.26982264,-97.60372796,FM,973.0,24.08,FM0973,Y,Y,2,SUN,10.0,10.0,0.0,2.0,16.0,10385.0,2018.0,7.3,,,,0,1,0,3,1,1,0,2016
15097739,N,05/11/2016,09:39 AM,55,11,1,1,5,2,1,10,1.0,227,538,30.30652771,-97.93121654,RM,2244.0,0.315,RM2244,Y,Y,2,WED,5.0,10.0,0.0,4.0,14.0,19573.0,2018.0,4.4,,,,0,1,0,3,0,1,0,2016
15097931,N,04/08/2016,03:10 PM,45,11,1,1,20,2,1,28,1.0,227,22,30.24915123,-97.80529785,SL,1.0,18.057,SL0001,Y,N,2,FRI,12.0,20.0,500.0,6.0,12.0,153269.0,2018.0,1.2,,,,0,1,0,2,0,1,0,2016
15097933,N,04/20/2016,07:01 AM,45,12,4,1,20,2,2,22,1.0,227,22,30.22291641,-97.76383497,US,290.0,116.321,US0290,Y,N,1,WED,20.0,20.0,42.0,6.0,12.0,140123.0,2018.0,2.6,,,,1,0,0,0,1,1,0,2016
15097934,N,04/24/2016,02:46 PM,-1,11,1,1,1,2,4,20,1.0,227,22,30.38631187,-97.67296307,IH,35.0,242.94,IH0035,Y,N,2,SUN,8.0,20.0,3.0,6.0,11.0,159315.0,2018.0,11.5,1.0,328.0,1.0,0,3,0,1,0,3,0,2016
15097981,N,05/07/2016,01:05 AM,55,11,4,1,20,2,2,28,1.0,227,22,30.13702171,-97.79728552,IH,35.0,223.968,IH0035,Y,N,2,SAT,6.0,20.0,30.0,6.0,11.0,128785.0,2018.0,12.2,1.0,103.0,0.0,0,4,0,3,0,4,0,2016
15097991,N,05/10/2016,05:46 PM,-1,11,1,1,10,2,2,22,1.0,227,22,30.32556534,-97.67331696,US,183.0,320.512,US0183,Y,N,2,TUE,16.0,20.0,70.0,4.0,12.0,55986.0,2018.0,7.2,,,,0,1,0,2,0,1,0,2016
15098046,N,05/12/2016,12:45 PM,55,12,1,1,1,2,3,22,1.0,227,22,30.22915994,-97.88715139,US,290.0,108.57,US0290,Y,N,2,THU,0.0,4.0,0.0,4.0,14.0,48197.0,2018.0,3.0,,,,0,2,1,0,0,3,0,2016
15098616,N,05/07/2016,05:25 PM,55,11,1,1,20,10,2,1,2.0,227,9999,30.21436847,-97.89647801,RM,1826.0,1.138,RM1826,Y,Y,1,SAT,1.0,1.0,0.0,2.0,16.0,15562.0,2018.0,4.5,,,,1,0,0,0,0,1,0,2016
15102488,N,05/16/2016,08:04 AM,60,2,1,2,11,2,4,30,1.0,227,9999,30.39681366,-97.85892987,RM,620.0,12.259,RM0620,Y,Y,2,MON,8.0,8.0,0.0,4.0,14.0,46442.0,2018.0,3.2,,,,0,1,0,2,0,1,0,2016
15102621,Y,04/12/2016,10:36 PM,-1,2,3,2,5,2,1,34,1.0,227,22,30.23078462,-97.87930829,US,290.0,109.066,US0290,Y,N,2,TUE,0.0,4.0,0.0,4.0,14.0,48197.0,2018.0,3.0,1.0,380.0,2.0,0,2,1,0,0,3,0,2016
15102630,N,05/04/2016,08:41 AM,-1,11,1,1,20,2,4,20,1.0,227,22,30.331519399999998,-97.70482048,IH,35.0,238.703,IH0035,Y,N,2,WED,20.0,20.0,3.0,6.0,11.0,199837.0,2018.0,9.4,,,,0,1,1,1,0,2,0,2016
15102633,N,05/05/2016,01:25 PM,70,11,1,1,20,2,4,21,1.0,227,22,30.35037261,-97.69303299,IH,35.0,240.178,IH0035,Y,N,2,THU,20.0,20.0,3.0,6.0,11.0,145168.0,2018.0,11.9,,,,0,1,0,2,0,1,0,2016
15102701,N,05/11/2016,05:46 AM,35,2,4,2,5,2,1,10,1.0,227,22,30.27473773,-97.73144689,IH,35.0,234.435,IH0035,Y,N,2,WED,20.0,40.0,3.0,8.0,11.0,177389.0,2018.0,9.9,,,,0,1,0,1,0,1,0,2016
15102708,N,05/12/2016,05:23 PM,-1,12,1,1,1,5,4,3,5.0,227,22,,,US,290.0,,US0290,Y,N,2,THU,,,,,,,,,,,,0,1,0,1,0,1,0,2016
15102710,N,05/12/2016,04:55 PM,50,12,1,1,20,2,4,20,1.0,227,22,30.30088207,-97.71590403,IH,35.0,236.463,IH0035,Y,N,2,THU,8.0,20.0,24.0,8.0,11.0,202376.0,2018.0,9.3,,,,0,1,0,2,0,1,0,2016
15102711,N,05/12/2016,04:40 PM,45,12,1,1,1,2,4,22,1.0,227,22,30.28254352,-97.72757184,IH,35.0,235.022,IH0035,Y,N,2,THU,20.0,40.0,3.0,8.0,11.0,202376.0,2018.0,9.3,,,,0,1,0,2,0,1,0,2016
15102809,N,05/13/2016,01:24 PM,45,11,1,1,1,2,4,22,1.0,227,22,30.38845541,-97.75118885,SL,360.0,0.424,SL0360,Y,N,2,FRI,8.0,20.0,48.0,4.0,14.0,53584.0,2018.0,2.7,,,,0,1,0,2,0,1,0,2016
15102819,N,05/13/2016,08:47 PM,65,11,4,1,20,10,4,1,1.0,227,22,30.41920103,-97.74686755,US,183.0,311.943,US0183,Y,N,2,FRI,20.0,20.0,36.0,6.0,12.0,137676.0,2018.0,2.0,,,,0,1,0,0,0,1,0,2016
15102820,N,05/13/2016,08:25 PM,-1,11,4,1,5,2,2,22,1.0,227,22,30.24140207,-97.78538329,SL,343.0,1.182,SL0343,Y,N,2,FRI,0.0,0.0,0.0,4.0,14.0,36688.0,2018.0,1.5,,,,0,1,0,6,0,1,0,2016
15102824,N,05/13/2016,09:33 PM,55,11,1,1,21,2,2,22,1.0,227,22,30.35823989,-97.68803637,IH,35.0,240.796,IH0035,Y,N,2,FRI,8.0,20.0,3.0,6.0,11.0,138459.0,2018.0,12.2,,,,0,1,0,0,0,1,0,2016
15102913,N,05/14/2016,10:29 AM,10,12,1,1,20,7,2,2,2.0,227,22,,,,,,FM0620,Y,N,2,SAT,,,,,,,,,,,,0,2,0,0,0,2,0,2016
15102915,N,05/14/2016,12:29 PM,65,12,1,2,20,2,4,22,1.0,227,22,,,SH,183.0,,SH0183,Y,N,2,SAT,,,,,,,,,,,,0,2,0,0,0,2,0,2016
15102921,N,05/14/2016,02:19 PM,45,2,1,2,1,4,4,1,2.0,227,22,30.23660138,-97.84197722,US,290.0,111.381,US0290,Y,N,2,SAT,20.0,20.0,42.0,5.0,12.0,60621.0,2018.0,2.7,1.0,465.0,0.0,0,1,0,0,0,1,0,2016
15102929,N,05/15/2016,01:32 PM,60,12,1,1,20,2,4,22,1.0,227,22,30.24204869,-97.73627288,IH,35.0,232.107,IH0035,Y,N,2,SUN,4.0,16.0,40.0,6.0,11.0,150700.0,2018.0,10.7,,,,0,2,3,1,0,5,0,2016
15102981,N,05/16/2016,06:51 AM,50,2,6,2,1,7,4,1,2.0,227,22,30.38738484,-97.67271319,IH,35.0,243.016,IH0035,Y,N,2,MON,8.0,20.0,3.0,6.0,11.0,159315.0,2018.0,11.5,,,,0,1,0,0,0,1,0,2016
15103821,N,04/16/2016,11:41 AM,-1,2,1,2,1,7,4,1,4.0,227,1016,30.35130221,-97.47572207,US,290.0,139.18,US0290,Y,N,2,SAT,8.0,20.0,68.0,4.0,2.0,30629.0,2018.0,8.5,,,,0,1,0,1,0,1,0,2016
15103822,N,04/15/2016,08:34 AM,55,12,1,1,5,2,1,34,1.0,227,1016,30.34868686,-97.55934764,US,290.0,134.19,US0290,Y,N,2,FRI,12.0,20.0,56.0,4.0,14.0,54210.0,2018.0,6.4,1.0,87.0,0.0,0,3,0,0,0,3,0,2016
15105127,N,04/29/2016,05:41 AM,-1,11,3,1,1,7,3,2,2.0,227,22,30.32130424,-97.69462596,US,290.0,125.833,US0290,Y,N,2,FRI,12.0,20.0,24.0,5.0,12.0,47490.0,2018.0,6.7,1.0,180.0,0.0,0,1,0,1,0,1,0,2016
15105137,N,05/12/2016,03:28 PM,40,11,1,1,20,2,4,20,1.0,227,22,30.22770686,-97.77303778,US,290.0,115.671,US0290,Y,N,2,THU,20.0,20.0,42.0,8.0,12.0,148990.0,2018.0,2.4,1.0,75.0,1.0,0,1,0,1,0,1,0,2016
15105141,N,05/13/2016,08:03 PM,65,11,1,1,1,2,4,21,1.0,227,22,30.30822454,-97.71117206,IH,35.0,237.041,IH0035,Y,N,2,FRI,8.0,20.0,24.0,8.0,11.0,196302.0,2018.0,9.5,,,,0,2,0,0,2,2,0,2016
15105238,N,05/16/2016,06:44 PM,45,11,1,1,20,2,3,14,1.0,227,22,30.33256829,-97.68650517,US,183.0,319.585,US0183,Y,N,2,MON,4.0,10.0,24.0,5.0,12.0,65226.0,2018.0,6.6,,,,0,1,0,1,0,1,0,2016
15105946,N,05/06/2016,04:35 PM,50,11,1,1,11,2,4,22,1.0,227,22,30.24915319,-97.68947712,US,183.0,326.629,US0183,Y,N,1,FRI,2.0,2.0,200.0,6.0,14.0,68772.0,2018.0,6.5,1.0,471.0,2.0,1,0,2,0,0,3,0,2016
15107526,N,04/30/2016,08:02 PM,-1,11,1,1,5,2,1,21,1.0,227,22,30.29754693,-97.71796923,IH,35.0,236.202,IH0035,Y,N,2,SAT,8.0,20.0,24.0,8.0,11.0,202376.0,2018.0,9.3,,,,0,1,0,2,0,1,0,2016
15110420,N,05/12/2016,05:58 PM,50,11,1,1,5,2,4,20,1.0,227,1016,30.34872241,-97.55892478,US,290.0,134.215,US0290,Y,N,2,THU,12.0,20.0,46.0,4.0,14.0,51848.0,2018.0,6.4,,,,0,1,0,5,0,1,0,2016
15111393,N,04/23/2016,12:20 AM,45,11,4,1,5,2,1,10,1.0,227,22,30.321393199999996,-97.68908316,US,290.0,126.164,US0290,Y,N,2,SAT,12.0,20.0,24.0,5.0,12.0,47490.0,2018.0,6.7,1.0,251.0,0.0,0,2,0,0,0,2,0,2016
15111397,Y,05/07/2016,02:27 AM,70,11,4,1,20,7,4,1,4.0,227,22,30.4089197,-97.6744618,IH,35.0,244.541,IH0035,Y,N,2,SAT,8.0,20.0,3.0,6.0,11.0,134367.0,2018.0,12.4,1.0,411.0,1.0,0,1,0,1,0,1,0,2016
15111405,Y,05/13/2016,08:30 AM,70,11,1,1,20,2,4,22,1.0,227,22,30.35905908,-97.68752597,IH,35.0,240.86,IH0035,Y,N,1,FRI,8.0,20.0,3.0,6.0,11.0,138459.0,2018.0,12.2,,,,1,0,0,3,0,1,0,2016
15111407,N,05/13/2016,05:09 PM,45,11,1,1,5,2,1,10,1.0,227,22,30.21239719,-97.71256098,SH,71.0,125.84,SH0071,Y,N,2,FRI,20.0,20.0,44.0,8.0,12.0,70740.0,2018.0,4.0,1.0,284.0,2.0,0,4,0,2,0,4,0,2016
15111408,N,05/14/2016,03:01 AM,50,12,4,1,20,2,2,22,1.0,227,22,30.33939308,-97.70045712,US,183.0,318.63,US0183,Y,N,2,SAT,20.0,20.0,24.0,6.0,12.0,116357.0,2018.0,3.9,,,,0,1,0,4,0,1,0,2016
15111409,N,05/16/2016,01:06 AM,50,2,4,2,5,2,1,21,1.0,227,22,30.21621495,-97.74403105,SH,71.0,123.942,SH0071,Y,N,2,MON,20.0,20.0,32.0,6.0,12.0,122565.0,2018.0,3.2,,,,0,1,1,1,0,2,0,2016
15111443,N,05/18/2016,07:46 AM,65,12,1,1,20,2,4,20,1.0,227,22,30.27388415,-97.77162429,SL,1.0,15.342,SL0001,Y,N,1,WED,12.0,20.0,60.0,6.0,12.0,145144.0,2018.0,1.2,,,,1,0,0,2,0,1,0,2016
15111530,N,05/19/2016,04:25 PM,-1,12,1,1,20,2,3,20,1.0,227,22,30.32055271,-97.71565828,SS,69.0,0.7609999999999999,SS0069,Y,N,2,THU,0.0,0.0,10.0,4.0,14.0,19307.0,2018.0,2.3,1.0,140.0,4.0,0,1,1,0,0,2,0,2016