Crash_ID,Cmv_Involv_Fl,Crash_Date,Crash_Time,Crash_Speed_Limit,Wthr_Cond_ID,Light_Cond_ID,Surf_Cond_ID,Traffic_Cntl_ID,Harm_Evnt_ID,Intrsct_Relat_ID,FHE_Collsn_ID,Road_Relat_ID,Cnty_ID,City_ID,Latitude,Longitude,Hwy_Sys,Hwy_Nbr,Dfo,Street_Name,Onsys_Fl,Rural_Fl,Crash_Sev_ID,Day_of_Week,Shldr_Width_Left,Shldr_Width_Right,Median_Width,Nbr_Of_Lane,Func_Sys_ID,Adt_Curnt_Amt,Adt_Curnt_Year,Trk_Aadt_Pct,Curve_Type_ID,Curve_Lngth,Cd_Degr,Sus_Serious_Injry_Cnt,Nonincap_Injry_Cnt,Poss_Injry_Cnt,Non_Injry_Cnt,Unkn_Injry_Cnt,Tot_Injry_Cnt,Death_Cnt,Year
15111535,N,05/19/2016,07:34 PM,50,12,1,2,20,10,4,1,2.0,227,22,30.35075593,-97.58853020000001,FM,734.0,18.692,FM0734,Y,N,2,THU,4.0,4.0,66.0,4.0,14.0,22111.0,2018.0,4.8,,,,0,1,0,0,0,1,0,2016
15111553,N,05/20/2016,02:23 AM,-1,11,4,1,11,7,4,1,2.0,227,22,30.30060462,-97.71607519,IH,35.0,236.441,IH0035,Y,N,1,FRI,8.0,20.0,24.0,8.0,11.0,202376.0,2018.0,9.3,,,,1,0,0,0,0,1,0,2016
15111556,N,05/20/2016,08:15 AM,55,11,1,1,11,2,4,20,1.0,227,22,30.3589586,-97.78807106,RM,2222.0,5.346,RM2222,Y,N,2,FRI,8.0,8.0,0.0,4.0,14.0,29445.0,2018.0,3.7,1.0,226.0,2.0,0,1,0,0,1,1,0,2016
15111922,N,05/19/2016,07:56 AM,60,2,1,2,20,2,4,30,1.0,227,9999,30.39023081,-97.88958889,RM,620.0,10.302,RM0620,Y,Y,2,THU,8.0,8.0,0.0,4.0,14.0,31858.0,2018.0,3.6,,,,0,1,0,1,0,1,0,2016
15114781,Y,05/05/2016,05:22 PM,-1,11,1,1,5,2,4,22,1.0,227,22,30.23390611,-97.86486867,US,290.0,109.987,US0290,Y,N,2,THU,6.0,4.0,15.0,4.0,14.0,72290.0,2018.0,2.7,1.0,42.0,4.0,0,1,0,1,0,1,0,2016
15114789,N,05/12/2016,05:28 PM,45,11,1,2,1,2,4,22,1.0,227,22,30.41129081,-97.68654393,FM,734.0,11.057,FM0734,Y,N,2,THU,10.0,20.0,36.0,6.0,14.0,62519.0,2018.0,3.7,,,,0,1,0,1,0,1,0,2016
15114805,N,05/20/2016,11:25 AM,60,11,1,1,8,2,1,10,1.0,227,22,30.43727954,-97.73587539,FM,734.0,7.61,FM0734,Y,N,2,FRI,8.0,20.0,36.0,6.0,14.0,49788.0,2018.0,3.9,,,,0,3,1,0,0,4,0,2016
15114885,N,05/20/2016,05:00 PM,45,11,1,1,20,2,4,20,1.0,227,22,30.18798096,-97.81502118,FM,2304.0,0.945,FM2304,Y,N,2,FRI,13.0,14.0,0.0,4.0,14.0,35199.0,2018.0,3.5,,,,0,1,0,3,0,1,0,2016
15114889,N,05/20/2016,05:53 PM,65,11,1,1,20,2,4,20,1.0,227,22,30.22451191,-97.74662644,IH,35.0,230.752,IH0035,Y,N,2,FRI,4.0,20.0,3.0,6.0,11.0,157370.0,2018.0,10.5,,,,0,1,1,0,0,2,0,2016
15114890,N,05/20/2016,08:52 PM,65,11,4,1,1,7,4,1,4.0,227,22,30.39006226,-97.74531931,US,183.0,313.969,US0183,Y,N,2,FRI,20.0,20.0,36.0,6.0,12.0,137676.0,2018.0,2.0,,,,0,1,0,0,0,1,0,2016
15114892,N,05/20/2016,06:32 PM,45,11,1,1,5,2,2,22,1.0,227,22,30.23237834,-97.80126204,SL,343.0,0.0,SL0343,Y,N,2,FRI,6.0,16.0,10.0,2.0,14.0,36688.0,2018.0,1.5,1.0,119.0,1.0,0,1,0,0,0,1,0,2016
15114929,N,05/21/2016,01:23 PM,55,12,1,1,5,2,1,10,1.0,227,22,30.43066652,-97.70079607,SL,1.0,3.241,SL0001,Y,N,2,SAT,20.0,20.0,36.0,6.0,12.0,64650.0,2018.0,2.0,1.0,192.0,0.0,0,1,2,0,0,3,0,2016
15115025,N,05/22/2016,11:02 AM,40,11,1,1,20,2,2,23,1.0,227,22,30.2582151,-97.73715486,IH,35.0,233.247,IH0035,Y,N,2,SUN,8.0,20.0,3.0,8.0,11.0,142856.0,2018.0,11.0,,,,0,2,1,3,0,3,0,2016
15115110,N,05/23/2016,08:16 AM,80,12,1,1,20,2,4,20,1.0,227,9999,30.15340136,-97.65712848,SH,130.0,40.801,SH0130,Y,Y,1,MON,12.0,20.0,135.0,4.0,12.0,29269.0,2018.0,21.3,,,,1,1,0,1,0,2,0,2016
15116130,N,05/23/2016,07:42 AM,50,12,1,1,8,2,1,14,1.0,227,9999,30.30837305,-97.61694589,FM,3177.0,2.195,FM3177,Y,Y,2,MON,1.0,1.0,0.0,4.0,17.0,11798.0,2018.0,6.1,,,,0,1,1,1,0,2,0,2016
15116199,N,05/19/2016,05:36 PM,-1,12,1,3,1,10,4,1,2.0,227,9999,30.30221552,-97.56521207,FM,973.0,20.466,FM0973,Y,Y,2,THU,6.0,6.0,0.0,2.0,16.0,10893.0,2018.0,7.1,1.0,211.0,2.0,0,1,0,0,0,1,0,2016
15117735,N,05/23/2016,06:39 PM,60,11,1,1,11,2,2,22,1.0,227,22,30.27344454,-97.66858016,US,183.0,324.411,US0183,Y,N,2,MON,18.0,16.0,36.0,4.0,14.0,67460.0,2018.0,6.6,,,,0,1,1,2,0,2,0,2016
15117739,N,05/23/2016,07:21 PM,70,11,1,1,20,2,4,20,1.0,227,22,,,IH,35.0,,IH0035,Y,N,2,MON,,,,,,,,,,,,0,1,0,2,0,1,0,2016
15117791,N,05/23/2016,05:21 PM,-1,11,1,1,1,2,4,24,1.0,227,22,30.38247457,-97.81471319,RM,2222.0,2.9160000000000004,RM2222,Y,N,1,MON,8.0,8.0,0.0,4.0,14.0,42777.0,2018.0,3.2,,,,1,2,0,0,0,3,0,2016
15118236,N,05/21/2016,02:50 PM,35,11,1,1,11,2,3,34,1.0,227,9999,30.44600625,-97.86071353,RM,2769.0,4.581,RM2769,Y,Y,2,SAT,3.0,3.0,0.0,2.0,16.0,7248.0,2018.0,8.0,1.0,57.0,12.0,0,1,0,1,0,1,0,2016
15118529,N,05/24/2016,05:03 PM,-1,11,1,1,5,10,2,1,2.0,227,9999,30.38575342,-98.08611682,SH,71.0,97.904,SH0071,Y,Y,2,TUE,3.0,3.0,0.0,4.0,2.0,15560.0,2018.0,5.1,,,,0,1,0,0,0,1,0,2016
15118811,N,05/23/2016,04:22 PM,60,11,1,1,1,2,4,34,1.0,227,9999,30.16378379,-97.69202622,FM,812.0,0.06,FM0812,Y,Y,2,MON,0.0,0.0,0.0,4.0,16.0,18286.0,2018.0,6.6,,,,0,2,0,0,0,2,0,2016
15118892,N,05/20/2016,01:24 AM,55,12,3,1,20,7,4,1,2.0,227,9999,30.26257241,-97.62120487,FM,969.0,5.535,FM0969,Y,Y,2,FRI,0.0,0.0,0.0,4.0,14.0,22033.0,2018.0,6.4,1.0,88.0,1.0,0,1,0,0,0,1,0,2016
15119418,N,05/24/2016,12:07 PM,60,12,1,1,5,2,1,10,1.0,227,22,30.34050179,-97.5911026,US,290.0,132.21,US0290,Y,N,2,TUE,20.0,20.0,3.0,5.0,12.0,34434.0,2018.0,8.4,,,,0,2,0,0,0,2,0,2016
15119462,N,05/24/2016,07:26 AM,30,11,1,1,20,2,3,23,1.0,227,22,30.21974073,-97.75769493,US,290.0,116.748,US0290,Y,N,2,TUE,20.0,20.0,20.0,6.0,12.0,140123.0,2018.0,2.6,,,,0,1,1,1,0,2,0,2016
15119471,N,05/24/2016,05:29 PM,25,11,1,1,5,1,2,2,1.0,227,22,30.321968100000003,-97.71855122,SS,69.0,0.563,SS0069,Y,N,2,TUE,0.0,0.0,10.0,4.0,14.0,19307.0,2018.0,2.3,,,,0,1,0,1,0,1,0,2016
15121148,N,05/26/2016,06:58 AM,50,12,1,2,20,7,4,1,2.0,227,9999,30.13140641,-97.85707036,FM,1626.0,4.167,FM1626,Y,Y,1,THU,1.0,1.0,0.0,2.0,16.0,21273.0,2018.0,3.8,,,,1,0,0,0,0,1,0,2016
15121153,N,05/17/2016,10:40 AM,-1,12,1,1,11,2,1,23,1.0,227,22,30.40049157,-97.74585118,US,183.0,313.2390000000001,US0183,Y,N,2,TUE,20.0,20.0,36.0,6.0,12.0,137676.0,2018.0,2.0,1.0,270.0,1.0,0,1,0,1,0,1,0,2016
15121173,N,05/25/2016,09:42 AM,10,12,1,1,1,1,4,4,5.0,227,22,,,IH,35.0,,IH0035,Y,N,2,WED,,,,,,,,,,,,0,1,0,0,1,1,0,2016
15121175,N,05/25/2016,09:32 AM,60,12,1,1,1,2,4,22,1.0,227,22,30.31264118,-97.70866062,IH,35.0,237.381,IH0035,Y,N,2,WED,8.0,20.0,24.0,8.0,11.0,193850.0,2018.0,9.5,,,,0,1,0,1,0,1,0,2016
15121178,N,05/25/2016,03:15 PM,-1,12,1,1,20,7,4,1,2.0,227,22,30.21265511,-97.70860471,SH,71.0,126.079,SH0071,Y,N,2,WED,20.0,20.0,44.0,8.0,12.0,70740.0,2018.0,4.0,1.0,284.0,2.0,0,1,0,0,0,1,0,2016
15123332,N,05/20/2016,10:48 AM,50,11,1,1,5,2,1,34,1.0,227,250,30.35409458,-97.96153211,RM,620.0,3.855,RM0620,Y,N,2,FRI,8.0,8.0,0.0,4.0,14.0,50317.0,2018.0,3.1,1.0,110.0,2.0,0,2,0,0,0,2,0,2016
15123335,N,05/21/2016,12:48 PM,50,12,1,1,5,2,1,14,1.0,227,250,30.34090717,-97.96863564,RM,620.0,2.846,RM0620,Y,N,2,SAT,8.0,8.0,0.0,5.0,14.0,50317.0,2018.0,3.1,,,,0,1,0,2,0,1,0,2016
15123534,N,05/26/2016,02:46 PM,60,12,1,1,1,2,4,24,1.0,227,9999,30.41179072,-97.37625053,SH,95.0,47.057,SH0095,Y,Y,1,THU,10.0,10.0,0.0,2.0,6.0,7127.0,2018.0,13.5,,,,4,0,0,1,0,4,0,2016
15123796,N,05/27/2016,02:39 PM,55,12,1,1,1,2,1,10,1.0,227,9999,30.19293642,-97.92472597,SH,45.0,2.599,SH0045,Y,Y,2,FRI,12.0,20.0,40.0,4.0,16.0,16410.0,2018.0,11.7,,,,0,1,0,2,0,1,0,2016
15124674,N,05/20/2016,06:20 PM,70,11,1,1,1,2,4,20,1.0,227,9999,30.44854343,-97.66692131,IH,35.0,247.303,IH0035,Y,Y,2,FRI,8.0,20.0,3.0,6.0,11.0,129244.0,2018.0,12.7,,,,0,1,0,0,1,1,0,2016
15125090,N,05/29/2016,05:00 AM,65,2,3,2,20,7,4,1,2.0,227,9999,30.18220995,-97.68776924,US,183.0,331.38199999999995,US0183,Y,Y,1,SUN,12.0,20.0,36.0,4.0,14.0,34458.0,2018.0,6.7,,,,1,0,0,0,0,1,0,2016
15126475,N,05/12/2016,12:47 AM,60,12,3,1,20,2,4,30,1.0,227,9999,30.33936239,-98.03663756,SH,71.0,102.541,SH0071,Y,Y,1,THU,2.0,2.0,0.0,4.0,2.0,37755.0,2018.0,3.3,3.0,208.0,5.0,1,4,0,0,0,5,0,2016
15126827,N,05/30/2016,05:50 PM,60,11,1,1,5,10,2,1,2.0,227,9999,30.31819336,-97.86171208,RM,2244.0,4.855,RM2244,Y,Y,2,MON,5.0,5.0,0.0,4.0,14.0,37648.0,2018.0,3.3,1.0,202.0,5.0,0,1,1,0,0,2,0,2016
15128130,N,01/13/2016,07:57 PM,65,11,4,1,20,2,4,20,1.0,227,22,30.37572153,-97.67696019,IH,35.0,242.168,IH0035,Y,N,2,WED,8.0,20.0,3.0,6.0,11.0,138459.0,2018.0,12.2,,,,0,1,1,1,0,2,0,2016
15128988,N,04/17/2016,01:24 PM,55,2,1,2,20,2,4,20,1.0,227,22,30.24976205,-97.80505327,SL,1.0,18.012,SL0001,Y,N,2,SUN,12.0,20.0,500.0,6.0,12.0,153269.0,2018.0,1.2,1.0,445.0,2.0,0,1,0,0,1,1,0,2016
15128991,N,05/09/2016,06:37 AM,55,11,2,1,5,10,4,1,1.0,227,22,30.21239719,-97.71256098,SH,71.0,125.84,SH0071,Y,N,2,MON,20.0,20.0,44.0,8.0,12.0,70740.0,2018.0,4.0,1.0,284.0,2.0,0,1,0,0,0,1,0,2016
15128999,N,05/17/2016,11:37 PM,55,2,4,2,11,2,4,21,1.0,227,22,30.37293008,-97.74066477,SL,1.0,8.164,SL0001,Y,N,2,TUE,12.0,20.0,36.0,6.0,12.0,149361.0,2018.0,1.2,,,,0,1,1,0,0,2,0,2016
15129056,N,05/23/2016,09:42 AM,50,12,1,2,5,2,1,10,1.0,227,22,30.27167173,-97.73245069,IH,35.0,234.216,IH0035,Y,N,2,MON,20.0,40.0,3.0,8.0,11.0,177389.0,2018.0,9.9,,,,0,1,4,3,0,5,0,2016
15129070,N,05/10/2016,10:49 AM,50,11,1,1,8,2,1,14,1.0,227,9999,30.44970816,-97.65807174,FM,1825.0,1.019,FM1825,Y,Y,4,TUE,8.0,8.0,0.0,4.0,16.0,34141.0,2018.0,3.5,1.0,241.0,8.0,0,1,0,0,0,1,1,2016
15129119,N,05/25/2016,11:22 PM,60,12,4,1,20,1,4,1,1.0,227,22,30.31269034,-97.70864218,IH,35.0,237.384,IH0035,Y,N,4,WED,8.0,20.0,24.0,8.0,11.0,193850.0,2018.0,9.5,,,,0,0,0,1,0,0,1,2016
15129190,N,05/26/2016,02:32 PM,60,12,1,1,1,7,4,3,4.0,227,22,30.22287303,-97.67905705,SH,71.0,127.99,SH0071,Y,N,1,THU,8.0,8.0,40.0,8.0,12.0,95090.0,2018.0,3.5,,,,1,0,2,0,0,3,0,2016
15129191,N,05/27/2016,02:10 AM,55,2,4,2,20,7,2,1,4.0,227,22,30.348880800000003,-97.74974082,SL,1.0,9.914,SL0001,Y,N,2,FRI,12.0,20.0,36.0,6.0,12.0,148872.0,2018.0,1.2,,,,0,1,0,0,0,1,0,2016
15129196,N,05/27/2016,03:43 AM,-1,2,3,2,20,7,4,1,2.0,227,22,30.20292961,-97.63894903,SH,71.0,130.756,SH0071,Y,N,2,FRI,0.0,0.0,180.0,6.0,14.0,53382.0,2018.0,8.3,,,,0,1,0,0,0,1,0,2016
15129243,N,05/27/2016,01:39 PM,-1,12,1,1,1,1,4,1,5.0,227,22,,,SH,71.0,,SH0071,Y,N,2,FRI,,,,,,,,,,,,0,2,0,0,0,2,0,2016
15129261,N,05/28/2016,03:48 AM,-1,11,3,1,1,2,4,23,1.0,227,22,30.22289671,-97.68009144,SH,71.0,127.928,SH0071,Y,N,2,SAT,10.0,10.0,52.0,5.0,12.0,95090.0,2018.0,3.5,,,,0,1,0,1,0,1,0,2016
15129335,N,05/28/2016,11:10 AM,50,11,1,1,5,2,3,34,1.0,227,22,30.21638267,-97.75101369,SH,71.0,123.525,SH0071,Y,N,1,SAT,0.0,0.0,32.0,6.0,12.0,122565.0,2018.0,3.2,,,,1,0,1,4,0,2,0,2016
15129369,N,05/29/2016,09:39 AM,45,12,1,1,5,2,1,10,1.0,227,22,30.3911122,-97.72182137,FM,1325.0,6.886,FM1325,Y,N,4,SUN,0.0,0.0,0.0,4.0,14.0,43120.0,2018.0,1.5,,,,0,1,0,1,0,1,1,2016
15129375,N,05/29/2016,02:48 PM,55,11,1,1,1,2,4,20,1.0,227,22,30.30416473,-97.66077724,US,183.0,322.247,US0183,Y,N,2,SUN,16.0,16.0,36.0,4.0,14.0,57843.0,2018.0,3.2,1.0,293.0,0.0,0,1,0,4,0,1,0,2016
15129419,N,05/29/2016,06:30 PM,60,11,1,1,20,2,4,20,1.0,227,22,30.25620492,-97.73700273,IH,35.0,233.108,IH0035,Y,N,2,SUN,8.0,20.0,3.0,8.0,11.0,142856.0,2018.0,11.0,,,,0,1,0,9,0,1,0,2016
15129427,N,05/30/2016,12:30 AM,50,11,4,1,5,2,2,22,1.0,227,22,30.41923161,-97.70248478,FM,734.0,9.961,FM0734,Y,N,2,MON,8.0,20.0,36.0,6.0,14.0,56464.0,2018.0,3.8,1.0,276.0,0.0,0,1,0,1,0,1,0,2016
15129443,N,05/30/2016,03:46 PM,-1,11,1,1,20,10,2,3,2.0,227,22,30.37323466,-97.7264686,US,183.0,315.644,US0183,Y,N,1,MON,20.0,20.0,8.0,6.0,12.0,138365.0,2018.0,3.6,,,,1,1,0,0,0,2,0,2016
15129483,N,05/31/2016,01:20 AM,65,11,4,1,20,7,4,1,4.0,227,22,30.34132656,-97.70244065,US,183.0,318.451,US0183,Y,N,2,TUE,20.0,20.0,24.0,6.0,12.0,116357.0,2018.0,3.9,1.0,110.0,2.0,0,2,0,2,0,2,0,2016
15131433,N,05/22/2016,02:22 PM,45,2,1,2,5,2,1,10,1.0,227,22,30.321393199999996,-97.68908316,US,290.0,126.164,US0290,Y,N,2,SUN,12.0,20.0,24.0,5.0,12.0,47490.0,2018.0,6.7,1.0,251.0,0.0,0,1,0,3,0,1,0,2016
15131435,N,05/23/2016,03:49 PM,35,12,1,1,8,5,1,3,2.0,227,22,30.24729419,-97.77523494,SL,343.0,1.923,SL0343,Y,N,1,MON,0.0,0.0,0.0,4.0,14.0,36688.0,2018.0,1.5,,,,1,0,0,1,0,1,0,2016
15131438,N,05/23/2016,08:12 PM,-1,11,1,1,5,7,2,1,2.0,227,22,30.32212731,-97.70681602,IH,35.0,238.044,IH0035,Y,N,1,MON,8.0,20.0,24.0,8.0,11.0,199837.0,2018.0,9.4,,,,1,1,0,0,0,2,0,2016
15131472,N,05/31/2016,03:51 AM,70,11,4,1,20,7,4,1,2.0,227,22,30.19331375,-97.7682383,IH,35.0,228.242,IH0035,Y,N,1,TUE,24.0,24.0,42.0,6.0,11.0,170988.0,2018.0,10.7,1.0,208.0,0.0,1,0,1,0,0,2,0,2016
15131479,N,05/31/2016,04:58 PM,-1,2,1,2,1,2,1,34,1.0,227,22,30.37594585,-97.72576876,FM,1325.0,7.956,FM1325,Y,N,2,TUE,0.0,0.0,0.0,5.0,14.0,43120.0,2018.0,1.5,,,,0,1,0,2,0,1,0,2016
15131490,N,05/31/2016,04:33 PM,65,2,1,2,20,7,4,1,2.0,227,22,30.32836365,-97.67743159,US,183.0,320.2,US0183,Y,N,2,TUE,16.0,20.0,70.0,4.0,12.0,65226.0,2018.0,6.6,1.0,190.0,0.0,0,1,0,1,0,1,0,2016
15131976,N,05/14/2016,01:52 PM,35,2,1,2,11,2,3,13,1.0,227,22,30.26866239,-97.73356901,IH,35.0,233.998,IH0035,Y,N,2,SAT,20.0,40.0,3.0,8.0,11.0,177389.0,2018.0,9.9,,,,0,2,0,1,0,2,0,2016
15132113,Y,05/24/2016,08:44 AM,55,12,1,1,5,2,1,34,1.0,227,538,30.31645257,-97.94971005,RM,620.0,0.614,RM0620,Y,Y,2,TUE,8.0,8.0,0.0,4.0,14.0,26975.0,2018.0,3.8,,,,0,2,0,1,0,2,0,2016
15133051,N,05/19/2016,12:59 PM,35,2,1,2,5,2,1,34,1.0,227,22,30.33655739,-97.75543213,RM,2222.0,8.722999999999999,RM2222,Y,N,2,THU,0.0,0.0,14.0,4.0,14.0,32997.0,2018.0,3.5,,,,0,1,0,1,0,1,0,2016
15133052,N,05/23/2016,07:14 AM,55,12,1,2,20,7,4,1,4.0,227,22,30.34927453,-97.69372814,IH,35.0,240.092,IH0035,Y,N,2,MON,20.0,20.0,3.0,6.0,11.0,145168.0,2018.0,11.9,,,,0,1,1,0,0,2,0,2016
15133480,N,05/27/2016,10:06 AM,50,2,1,2,5,10,4,1,1.0,227,330,30.44610236,-97.63399229,FM,1825.0,2.551,FM1825,Y,N,2,FRI,9.0,9.0,0.0,2.0,16.0,22010.0,2018.0,4.2,,,,0,1,0,0,0,1,0,2016
15133499,N,05/31/2016,04:56 PM,-1,2,1,2,20,2,4,22,1.0,227,22,30.33966248,-97.69981317,IH,35.0,239.338,IH0035,Y,N,2,TUE,20.0,20.0,3.0,6.0,11.0,145168.0,2018.0,11.9,,,,0,2,0,0,1,2,0,2016
15133500,N,05/31/2016,09:27 PM,45,12,3,2,20,2,4,20,1.0,227,22,30.38859498,-97.68319363,SL,275.0,2.612,SL0275,Y,N,2,TUE,0.0,0.0,0.0,4.0,14.0,28204.0,2018.0,1.4,,,,0,1,0,0,1,1,0,2016
15133572,N,06/01/2016,10:54 PM,60,12,4,1,20,2,4,20,1.0,227,22,30.25162505,-97.73611309,IH,35.0,232.789,IH0035,Y,N,2,WED,4.0,10.0,3.0,6.0,11.0,142856.0,2018.0,11.0,,,,0,2,0,1,1,2,0,2016
15133577,N,06/02/2016,12:25 AM,45,11,4,1,21,2,1,10,1.0,227,22,30.32212067,-97.70681763,IH,35.0,238.044,IH0035,Y,N,2,THU,8.0,20.0,24.0,8.0,11.0,199837.0,2018.0,9.4,,,,0,2,0,0,0,2,0,2016
15134197,N,05/26/2016,06:30 PM,55,12,1,2,8,2,1,14,1.0,227,22,30.14280873,-97.80155985,FM,1626.0,0.353,FM1626,Y,N,2,THU,1.0,1.0,0.0,2.0,16.0,14556.0,2018.0,4.7,1.0,80.0,3.0,0,1,0,1,0,1,0,2016
15135211,N,06/03/2016,05:59 AM,55,12,3,1,20,7,4,1,2.0,227,9999,30.11447271,-97.71922016,FM,1625.0,2.776,FM1625,Y,Y,1,FRI,4.0,4.0,0.0,2.0,17.0,6758.0,2018.0,8.3,,,,1,0,0,0,0,1,0,2016
15135248,N,06/02/2016,05:07 PM,55,11,1,1,20,2,4,22,1.0,227,22,30.28680511,-97.66505034,US,183.0,323.469,US0183,Y,N,1,THU,16.0,20.0,36.0,4.0,14.0,57843.0,2018.0,3.2,,,,1,0,0,1,1,1,0,2016
15135700,N,05/11/2016,05:19 PM,50,11,1,1,1,2,4,20,1.0,227,22,30.38670814,-97.67287079,IH,35.0,242.968,IH0035,Y,N,2,WED,8.0,20.0,3.0,6.0,11.0,159315.0,2018.0,11.5,1.0,328.0,1.0,0,1,1,6,0,2,0,2016
15136539,N,06/04/2016,05:25 AM,65,12,3,2,11,7,4,1,2.0,227,9999,30.42065036,-98.12595256,SH,71.0,94.319,SH0071,Y,Y,2,SAT,6.0,6.0,0.0,4.0,2.0,13122.0,2018.0,5.6,,,,0,1,0,0,0,1,0,2016
15136643,N,06/04/2016,09:39 PM,55,12,3,2,20,2,2,22,1.0,227,9999,30.12069603,-97.63524326,FM,812.0,5.013,FM0812,Y,Y,2,SAT,10.0,10.0,0.0,2.0,6.0,13167.0,2018.0,7.0,1.0,70.0,1.0,0,1,0,0,1,1,0,2016
15139733,N,05/26/2016,12:30 PM,45,11,1,1,1,2,2,22,1.0,227,451,30.28969312,-97.81896466,RM,2244.0,8.269,RM2244,Y,Y,1,THU,0.0,2.0,0.0,4.0,14.0,29306.0,2018.0,3.7,1.0,71.0,2.0,1,0,0,2,0,1,0,2016
15140138,N,05/17/2016,01:36 AM,45,12,4,2,5,2,1,10,1.0,227,22,30.33272031,-97.70419431,IH,35.0,238.794,IH0035,Y,N,1,TUE,20.0,20.0,3.0,6.0,11.0,199837.0,2018.0,9.4,1.0,409.0,1.0,1,0,0,2,0,1,0,2016
15140141,N,05/23/2016,04:48 PM,65,2,1,2,20,2,4,20,1.0,227,9999,30.44793161,-97.66703947,IH,35.0,247.261,IH0035,Y,Y,2,MON,8.0,20.0,3.0,6.0,11.0,129244.0,2018.0,12.7,,,,0,1,0,2,0,1,0,2016
15140146,N,05/28/2016,12:26 AM,55,11,4,1,21,2,1,10,1.0,227,22,30.22295024,-97.76388642,US,290.0,116.317,US0290,Y,N,2,SAT,20.0,20.0,42.0,6.0,12.0,140123.0,2018.0,2.6,,,,0,1,0,1,1,1,0,2016
15140200,N,05/30/2016,01:44 PM,-1,11,1,1,1,1,2,1,1.0,227,22,30.36486747,-97.69599224,SL,275.0,4.414,SL0275,Y,N,2,MON,0.0,0.0,0.0,4.0,14.0,37689.0,2018.0,1.2,,,,0,1,0,2,0,1,0,2016
15140222,N,06/02/2016,09:05 AM,55,12,1,2,20,7,4,1,2.0,227,22,30.31080973,-97.70953440000001,IH,35.0,237.24400000000003,IH0035,Y,N,2,THU,8.0,20.0,24.0,8.0,11.0,193850.0,2018.0,9.5,,,,0,1,0,0,0,1,0,2016
15140282,N,06/02/2016,04:27 PM,45,11,1,1,1,2,4,40,5.0,227,22,,,US,290.0,,US0290,Y,N,2,THU,,,,,,,,,,,,0,1,0,3,0,1,0,2016
15140293,N,06/02/2016,05:35 PM,55,11,1,1,20,2,4,22,1.0,227,22,30.29675724,-97.75869423,SL,1.0,13.578,SL0001,Y,N,2,THU,12.0,20.0,60.0,6.0,12.0,150574.0,2018.0,1.2,,,,0,1,0,1,0,1,0,2016
15140362,N,06/03/2016,10:51 AM,55,12,1,1,20,2,3,21,1.0,227,22,30.31723235,-97.70745011,IH,35.0,237.705,IH0035,Y,N,2,FRI,8.0,20.0,24.0,8.0,11.0,193850.0,2018.0,9.5,1.0,60.0,0.0,0,1,1,5,0,2,0,2016
15140363,N,06/03/2016,11:55 AM,55,11,1,1,20,2,4,20,1.0,227,22,30.36457169,-97.74331677,SL,1.0,8.762,SL0001,Y,N,2,FRI,12.0,20.0,36.0,6.0,12.0,149361.0,2018.0,1.2,1.0,207.0,1.0,0,2,0,6,0,2,0,2016
15140372,N,06/03/2016,01:21 PM,70,12,1,1,1,2,4,22,1.0,227,22,30.3331941,-97.70389744,IH,35.0,238.831,IH0035,Y,N,2,FRI,20.0,20.0,3.0,6.0,11.0,199837.0,2018.0,9.4,1.0,409.0,1.0,0,1,0,3,0,1,0,2016
15140373,N,06/03/2016,01:04 PM,-1,12,1,1,11,2,3,14,1.0,227,22,30.17285775,-97.82411818,FM,2304.0,2.12,FM2304,Y,N,2,FRI,13.0,14.0,0.0,2.0,16.0,31291.0,2018.0,3.6,,,,0,1,1,1,0,2,0,2016
15140378,N,06/03/2016,02:06 PM,45,12,1,1,20,2,4,24,1.0,227,22,30.25511148,-97.69277439,SL,111.0,2.026,SL0111,Y,N,2,FRI,8.0,2.0,0.0,4.0,14.0,31328.0,2018.0,1.8,,,,0,1,0,1,0,1,0,2016
15140475,N,06/04/2016,12:44 AM,45,2,4,2,20,2,3,14,1.0,227,22,30.37106245,-97.69247233,SL,275.0,3.939,SL0275,Y,N,2,SAT,0.0,2.0,0.0,4.0,14.0,37689.0,2018.0,1.2,,,,0,1,0,2,0,1,0,2016
15140481,N,06/04/2016,12:57 PM,60,12,1,1,1,2,4,20,1.0,227,22,30.33664758,-97.70171769,IH,35.0,239.101,IH0035,Y,N,2,SAT,20.0,20.0,3.0,6.0,11.0,199837.0,2018.0,9.4,1.0,409.0,1.0,0,2,0,6,0,2,0,2016
15140496,N,06/04/2016,06:58 PM,40,11,1,1,8,2,1,10,1.0,227,22,30.34782388,-97.7125671,US,183.0,317.689,US0183,Y,N,2,SAT,20.0,20.0,8.0,6.0,12.0,138247.0,2018.0,3.6,,,,0,1,0,1,0,1,0,2016
15140572,N,06/05/2016,11:57 AM,-1,11,1,1,20,2,2,21,1.0,227,22,30.31868198,-97.70725627,IH,35.0,237.806,IH0035,Y,N,2,SUN,8.0,20.0,24.0,8.0,11.0,193850.0,2018.0,9.5,1.0,274.0,0.0,0,1,0,9,0,1,0,2016
15140578,N,06/05/2016,01:42 PM,-1,12,1,1,11,2,4,20,1.0,227,22,30.19626582,-97.76585917,IH,35.0,228.49,IH0035,Y,N,2,SUN,24.0,24.0,42.0,6.0,11.0,170988.0,2018.0,10.7,,,,0,1,0,1,0,1,0,2016
15140611,N,06/05/2016,05:19 PM,70,11,1,1,20,2,4,20,1.0,227,22,,,IH,35.0,,IH0035,Y,N,2,SUN,,,,,,,,,,,,0,1,0,1,0,1,0,2016