Crash_ID,Cmv_Involv_Fl,Crash_Date,Crash_Time,Crash_Speed_Limit,Wthr_Cond_ID,Light_Cond_ID,Surf_Cond_ID,Traffic_Cntl_ID,Harm_Evnt_ID,Intrsct_Relat_ID,FHE_Collsn_ID,Road_Relat_ID,Cnty_ID,City_ID,Latitude,Longitude,Hwy_Sys,Hwy_Nbr,Dfo,Street_Name,Onsys_Fl,Rural_Fl,Crash_Sev_ID,Day_of_Week,Shldr_Width_Left,Shldr_Width_Right,Median_Width,Nbr_Of_Lane,Func_Sys_ID,Adt_Curnt_Amt,Adt_Curnt_Year,Trk_Aadt_Pct,Curve_Type_ID,Curve_Lngth,Cd_Degr,Sus_Serious_Injry_Cnt,Nonincap_Injry_Cnt,Poss_Injry_Cnt,Non_Injry_Cnt,Unkn_Injry_Cnt,Tot_Injry_Cnt,Death_Cnt,Year
15140613,N,06/05/2016,05:24 PM,50,11,1,1,20,7,4,1,4.0,227,22,30.18411603,-97.77489619,IH,35.0,227.49400000000003,IH0035,Y,N,2,SUN,6.0,20.0,30.0,6.0,11.0,156852.0,2018.0,11.1,,,,0,1,0,0,0,1,0,2016
15140623,N,06/06/2016,06:31 AM,-1,11,3,1,1,10,4,1,2.0,227,22,30.17363172,-97.88762283,SL,1.0,25.527,SL0001,Y,N,1,MON,12.0,20.0,325.0,4.0,14.0,24757.0,2018.0,1.5,,,,1,0,0,0,0,1,0,2016
15143038,N,06/05/2016,01:10 AM,-1,11,3,1,20,2,4,30,1.0,227,9999,30.45288159,-97.82847938,RM,620.0,16.570999999999998,RM0620,Y,Y,2,SUN,0.0,0.0,0.0,2.0,14.0,41321.0,2018.0,3.2,1.0,96.0,4.0,0,3,0,0,0,3,0,2016
15143104,N,06/06/2016,12:02 PM,70,11,1,1,20,2,4,20,1.0,227,22,30.33331485,-97.70382122,IH,35.0,238.84,IH0035,Y,N,2,MON,20.0,20.0,3.0,6.0,11.0,199837.0,2018.0,9.4,1.0,409.0,1.0,0,1,3,0,0,4,0,2016
15143106,N,06/06/2016,01:54 PM,55,11,1,1,20,2,4,22,1.0,227,22,30.38130838,-97.77413713,SL,360.0,1.937,SL0360,Y,N,2,MON,8.0,20.0,48.0,4.0,14.0,54706.0,2018.0,2.6,1.0,142.0,2.0,0,1,0,3,0,1,0,2016
15143262,N,05/22/2016,08:56 PM,35,11,4,1,1,2,4,21,1.0,227,22,30.21751695,-97.75405276,US,290.0,117.015,US0290,Y,N,1,SUN,20.0,20.0,20.0,6.0,12.0,140123.0,2018.0,2.6,1.0,171.0,2.0,2,1,0,0,0,3,0,2016
15144605,N,06/04/2016,09:10 PM,55,12,4,1,5,2,2,32,1.0,227,250,30.376894399999998,-97.94652099,RM,620.0,5.725,RM0620,Y,N,2,SAT,8.0,8.0,0.0,4.0,14.0,43643.0,2018.0,3.2,,,,0,1,0,10,1,1,0,2016
15144706,N,06/05/2016,02:47 PM,55,11,1,1,20,2,4,30,1.0,227,9999,30.13441249,-97.65210685,FM,812.0,3.6010000000000004,FM0812,Y,Y,1,SUN,10.0,10.0,0.0,2.0,6.0,15228.0,2018.0,6.8,,,,1,0,0,4,0,1,0,2016
15145380,N,06/02/2016,08:28 PM,-1,11,4,1,5,2,1,10,1.0,227,22,30.36324679,-97.71754467,US,183.0,316.586,US0183,Y,N,2,THU,20.0,20.0,8.0,6.0,12.0,138247.0,2018.0,3.6,1.0,131.0,3.0,0,1,0,1,0,1,0,2016
15145398,N,06/07/2016,09:18 AM,65,11,1,1,20,2,4,20,1.0,227,22,30.42613743,-97.75306313,US,183.0,311.2990000000001,US0183,Y,N,2,TUE,20.0,20.0,36.0,6.0,12.0,149347.0,2018.0,1.9,,,,0,1,0,4,0,1,0,2016
15145405,N,06/07/2016,01:22 PM,55,12,1,1,5,2,2,22,1.0,227,22,30.30260724,-97.66094526,US,183.0,322.355,US0183,Y,N,2,TUE,16.0,16.0,36.0,4.0,14.0,57843.0,2018.0,3.2,,,,0,2,0,4,0,2,0,2016
15145584,N,06/07/2016,01:20 PM,55,11,1,1,5,2,1,21,1.0,227,22,30.21642876,-97.75132751,IH,35.0,230.129,IH0035,Y,N,1,TUE,4.0,20.0,3.0,6.0,11.0,157370.0,2018.0,10.5,,,,1,0,3,0,0,4,0,2016
15145591,N,06/07/2016,10:13 PM,60,11,4,1,20,2,4,20,1.0,227,22,30.27564101,-97.7703479,SL,1.0,15.199000000000002,SL0001,Y,N,2,TUE,12.0,20.0,60.0,6.0,12.0,145144.0,2018.0,1.2,,,,0,1,0,4,0,1,0,2016
15145647,Y,06/01/2016,08:10 AM,60,11,1,1,20,2,4,30,1.0,227,9999,30.24406946,-97.62012038,FM,973.0,26.102,FM0973,Y,Y,1,WED,5.0,5.0,0.0,2.0,16.0,22301.0,2018.0,5.5,,,,1,0,0,4,0,1,0,2016
15146031,N,06/08/2016,10:26 AM,40,12,1,1,5,2,4,20,1.0,227,22,30.38965511,-97.73439814,SL,1.0,6.9529999999999985,SL0001,Y,N,2,WED,24.0,20.0,36.0,6.0,12.0,97149.0,2018.0,1.6,,,,0,1,0,1,0,1,0,2016
15147899,N,05/09/2016,10:02 PM,-1,11,3,1,1,7,4,1,2.0,227,22,30.43306099,-97.66988679,IH,35.0,246.224,IH0035,Y,N,2,MON,8.0,20.0,3.0,6.0,11.0,132719.0,2018.0,12.4,,,,0,1,0,0,0,1,0,2016
15147914,N,06/08/2016,02:46 PM,45,11,1,1,5,2,2,22,1.0,227,22,30.23390611,-97.86486867,US,290.0,109.987,US0290,Y,N,2,WED,6.0,4.0,15.0,4.0,14.0,72290.0,2018.0,2.7,1.0,42.0,4.0,0,3,0,6,0,3,0,2016
15147915,N,06/08/2016,01:53 PM,55,11,1,1,9,2,1,14,1.0,227,22,30.23816254,-97.82092561,SL,1.0,19.302,SL0001,Y,N,2,WED,12.0,20.0,60.0,6.0,12.0,83195.0,2018.0,1.6,,,,0,2,0,2,0,2,0,2016
15147917,N,06/08/2016,04:55 PM,-1,12,1,1,5,2,1,10,1.0,227,22,30.42434539,-97.67155315,IH,35.0,245.616,IH0035,Y,N,2,WED,8.0,20.0,3.0,6.0,11.0,132719.0,2018.0,12.4,,,,0,1,2,0,0,3,0,2016
15147937,N,06/09/2016,06:00 AM,55,11,1,1,11,5,3,3,1.0,227,9999,30.44474594,-97.83253581,RM,620.0,15.961,RM0620,Y,Y,1,THU,0.0,0.0,0.0,2.0,14.0,41321.0,2018.0,3.2,,,,1,0,0,1,0,1,0,2016
15147938,N,06/09/2016,08:53 AM,65,11,1,1,1,2,4,20,1.0,227,22,30.352723200000003,-97.71435109999999,US,183.0,317.334,US0183,Y,N,2,THU,20.0,20.0,8.0,6.0,12.0,138247.0,2018.0,3.6,,,,0,2,0,2,0,2,0,2016
15149257,N,06/09/2016,03:09 PM,60,11,1,1,5,2,1,24,1.0,227,22,30.34050179,-97.5911026,US,290.0,132.21,US0290,Y,N,2,THU,20.0,20.0,3.0,5.0,12.0,34434.0,2018.0,8.4,,,,0,1,1,0,0,2,0,2016
15149485,N,06/02/2016,05:20 PM,45,11,1,1,20,2,2,20,1.0,227,22,30.35547274,-97.70270098,SL,275.0,5.184,SL0275,Y,N,2,THU,0.0,0.0,0.0,4.0,14.0,37706.0,2018.0,1.2,,,,0,2,0,1,0,2,0,2016
15150300,N,06/03/2016,12:38 PM,45,11,1,1,20,2,4,20,1.0,227,1378,30.23309174,-97.81865475,US,290.0,112.825,US0290,Y,Y,2,FRI,20.0,20.0,42.0,5.0,12.0,77933.0,2018.0,3.6,,,,0,1,0,1,1,1,0,2016
15151740,N,06/12/2016,11:09 AM,-1,11,1,1,1,7,4,1,5.0,227,1378,,,,,,US0290W,Y,Y,2,SUN,,,,,,,,,,,,0,1,0,0,0,1,0,2016
15151760,N,06/09/2016,05:30 PM,65,2,1,2,11,10,4,1,4.0,227,138,30.35191068,-97.43412003,US,290.0,141.661,US0290,Y,N,2,THU,8.0,20.0,68.0,4.0,2.0,30629.0,2018.0,8.5,,,,0,1,0,0,0,1,0,2016
15151798,N,06/05/2016,09:16 PM,55,11,4,1,5,2,1,24,1.0,227,330,30.47270252,-97.59226877,SH,130.0,16.499000000000002,SH0130,Y,N,2,SUN,8.0,20.0,135.0,4.0,12.0,38706.0,2018.0,17.5,,,,0,1,0,2,0,1,0,2016
15153588,N,06/03/2016,12:06 AM,55,12,3,1,20,10,4,1,2.0,227,22,30.39629037,-97.84819379999999,RM,2222.0,0.627,RM2222,Y,N,1,FRI,0.0,0.0,0.0,4.0,14.0,42777.0,2018.0,3.2,,,,1,0,0,0,0,1,0,2016
15153644,N,06/10/2016,12:13 PM,-1,11,1,1,20,10,2,1,1.0,227,22,30.39298407,-97.84190637,RM,2222.0,1.07,RM2222,Y,N,2,FRI,0.0,0.0,0.0,4.0,14.0,42777.0,2018.0,3.2,,,,0,1,1,0,0,2,0,2016
15153650,N,06/10/2016,03:41 PM,-1,11,1,1,1,2,4,22,1.0,227,22,30.37317721,-97.72634884,US,183.0,315.653,US0183,Y,N,2,FRI,20.0,20.0,8.0,6.0,12.0,138365.0,2018.0,3.6,,,,0,2,0,2,0,2,0,2016
15153656,N,06/10/2016,06:02 PM,80,11,1,1,20,2,4,20,1.0,227,9999,30.31525278,-97.57349686,SH,130.0,27.967,SH0130,Y,Y,2,FRI,12.0,20.0,135.0,4.0,12.0,39424.0,2018.0,17.9,,,,0,2,0,0,0,2,0,2016
15153697,N,06/10/2016,03:13 PM,55,11,1,1,20,2,4,21,1.0,227,22,30.36742164,-97.74268389,SL,1.0,8.562000000000001,SL0001,Y,N,2,FRI,12.0,20.0,36.0,6.0,12.0,149361.0,2018.0,1.2,1.0,210.0,1.0,0,1,2,3,0,3,0,2016
15153712,N,06/12/2016,01:43 AM,70,11,3,1,20,7,4,1,2.0,227,22,30.21997816,-97.67176094,SH,71.0,128.472,SH0071,Y,N,2,SUN,0.0,8.0,40.0,8.0,14.0,95090.0,2018.0,3.5,1.0,440.0,1.0,0,1,0,0,0,1,0,2016
15153713,N,06/12/2016,10:16 AM,50,12,1,1,21,2,1,10,1.0,227,22,30.21539143,-97.75199297,IH,35.0,230.048,IH0035,Y,N,2,SUN,4.0,20.0,3.0,6.0,11.0,148474.0,2018.0,11.3,,,,0,1,0,1,0,1,0,2016
15154302,N,05/31/2016,01:20 AM,65,11,3,1,20,1,4,1,3.0,227,9999,30.18717214,-97.55898187,SH,71.0,135.971,SH0071,Y,Y,1,TUE,6.0,10.0,40.0,4.0,2.0,41913.0,2018.0,9.4,,,,1,0,0,0,1,1,0,2016
15154329,N,06/04/2016,04:29 AM,70,12,4,2,20,1,4,1,1.0,227,9999,30.45013114,-97.66661468,IH,35.0,247.414,IH0035,Y,Y,4,SAT,8.0,20.0,3.0,6.0,11.0,129244.0,2018.0,12.7,,,,0,0,0,2,0,0,1,2016
15154976,N,06/08/2016,03:10 AM,55,11,3,1,20,6,4,1,1.0,227,9999,30.24880019,-97.57635346,FM,969.0,8.511000000000001,FM0969,Y,Y,2,WED,0.0,4.0,0.0,2.0,17.0,7570.0,2018.0,8.1,1.0,103.0,4.0,0,1,0,0,0,1,0,2016
15155113,N,06/07/2016,03:35 PM,45,11,1,1,8,2,1,10,1.0,227,9999,30.44970816,-97.65807174,FM,1825.0,1.019,FM1825,Y,Y,1,TUE,8.0,8.0,0.0,4.0,16.0,34141.0,2018.0,3.5,1.0,241.0,8.0,1,0,1,0,0,2,0,2016
15156859,N,05/08/2016,01:55 PM,65,2,1,2,20,10,4,1,4.0,227,9999,30.35146757,-97.46414001,US,290.0,139.871,US0290,Y,Y,4,SUN,8.0,20.0,68.0,4.0,2.0,30629.0,2018.0,8.5,1.0,202.0,0.0,0,0,3,0,0,3,2,2016
15157016,N,06/14/2016,08:02 AM,50,12,1,1,11,2,4,20,1.0,227,9999,30.25114517,-97.59403998,FM,969.0,7.387,FM0969,Y,Y,2,TUE,0.0,0.0,0.0,2.0,17.0,22309.0,2018.0,6.4,,,,0,1,1,1,0,2,0,2016
15157129,N,06/13/2016,01:07 AM,55,11,4,1,5,2,1,10,1.0,227,22,30.39955434,-97.67361042,IH,35.0,243.88,IH0035,Y,N,2,MON,8.0,20.0,3.0,6.0,11.0,159315.0,2018.0,11.5,1.0,438.0,1.0,0,2,0,1,0,2,0,2016
15157141,N,06/13/2016,09:19 PM,55,11,4,1,5,2,2,22,1.0,227,22,30.216436600000005,-97.75135743,US,290.0,117.194,US0290,Y,N,2,MON,20.0,20.0,20.0,6.0,12.0,140123.0,2018.0,2.6,,,,0,1,0,1,0,1,0,2016
15157167,N,06/13/2016,10:25 AM,50,11,1,1,5,2,1,10,1.0,227,22,30.42038751,-97.70423482,SL,1.0,3.977,SL0001,Y,N,2,MON,20.0,20.0,36.0,6.0,12.0,97934.0,2018.0,8.4,,,,0,2,0,0,0,2,0,2016
15157174,N,06/14/2016,06:15 AM,65,12,4,1,20,2,4,20,1.0,227,22,30.415222999999997,-97.74615578,US,183.0,312.22,US0183,Y,N,1,TUE,20.0,20.0,36.0,6.0,12.0,137676.0,2018.0,2.0,1.0,323.0,3.0,1,0,0,1,0,1,0,2016
15157175,N,06/14/2016,08:34 AM,50,12,1,1,21,2,1,10,1.0,227,22,30.38988801,-97.73433794,SL,1.0,6.936,SL0001,Y,N,2,TUE,24.0,20.0,36.0,6.0,12.0,97149.0,2018.0,1.6,,,,0,1,0,2,0,1,0,2016
15157179,N,06/14/2016,09:52 AM,45,11,1,1,20,2,4,22,1.0,227,22,30.33945619,-97.69994075,IH,35.0,239.322,IH0035,Y,N,2,TUE,20.0,20.0,3.0,6.0,11.0,145168.0,2018.0,11.9,,,,0,1,0,3,0,1,0,2016
15159135,N,04/08/2016,04:56 PM,45,11,1,1,20,2,4,21,1.0,227,22,30.24519336,-97.78013643,SL,343.0,1.589,SL0343,Y,N,2,FRI,0.0,0.0,0.0,4.0,14.0,36688.0,2018.0,1.5,,,,0,1,0,2,0,1,0,2016
15159145,N,06/12/2016,12:33 AM,55,11,4,1,20,7,4,1,4.0,227,22,30.24372739,-97.73531293,IH,35.0,232.236,IH0035,Y,N,1,SUN,4.0,16.0,40.0,6.0,11.0,150700.0,2018.0,10.7,,,,1,0,0,2,0,1,0,2016
15159555,N,05/28/2016,03:17 PM,55,11,1,1,8,2,1,10,1.0,227,9999,30.09242719,-97.67889079999999,SH,130.0,45.542,SH0130,Y,Y,1,SAT,12.0,20.0,160.0,4.0,12.0,26348.0,2018.0,22.1,,,,1,0,1,4,0,2,0,2016
15160010,N,06/10/2016,03:37 PM,55,11,1,1,20,2,2,22,1.0,227,9999,30.27584307,-97.91446885,SH,71.0,111.786,SH0071,Y,Y,2,FRI,5.0,5.0,0.0,4.0,14.0,50310.0,2018.0,3.1,,,,0,1,0,5,0,1,0,2016
15160155,N,06/12/2016,01:53 AM,70,11,4,1,20,2,4,20,1.0,227,22,30.23041725,-97.74316369,IH,35.0,231.208,IH0035,Y,N,4,SUN,4.0,20.0,3.0,6.0,11.0,157370.0,2018.0,10.5,,,,0,1,0,0,0,1,1,2016
15160160,Y,06/15/2016,06:16 AM,50,12,1,1,1,2,4,20,1.0,227,22,30.42079028,-97.67221491,IH,35.0,245.368,IH0035,Y,N,2,WED,8.0,20.0,3.0,6.0,11.0,134367.0,2018.0,12.4,,,,0,1,0,1,0,1,0,2016
15162175,N,06/14/2016,08:08 AM,-1,11,1,1,20,2,4,20,1.0,227,22,30.31972438,-97.70712968,IH,35.0,237.878,IH0035,Y,N,1,TUE,8.0,20.0,24.0,8.0,11.0,193850.0,2018.0,9.5,1.0,274.0,0.0,1,0,0,3,0,1,0,2016
15162221,N,06/16/2016,11:32 AM,65,11,1,1,1,2,4,22,1.0,227,22,30.19874773,-97.76385454,IH,35.0,228.699,IH0035,Y,N,2,THU,24.0,24.0,42.0,6.0,11.0,148474.0,2018.0,11.3,,,,0,1,0,1,0,1,0,2016
15162228,N,06/16/2016,04:13 PM,-1,11,1,1,20,2,4,14,1.0,227,22,30.35601527,-97.71535429,US,183.0,317.1,US0183,Y,N,2,THU,20.0,20.0,8.0,6.0,12.0,138247.0,2018.0,3.6,,,,0,1,0,2,0,1,0,2016
15162233,N,06/16/2016,08:12 PM,45,11,1,1,5,2,1,10,1.0,227,22,30.23003787,-97.78833923,US,290.0,114.726,US0290,Y,N,2,THU,20.0,20.0,22.0,8.0,12.0,127013.0,2018.0,2.7,,,,0,4,0,0,0,4,0,2016
15162248,N,06/13/2016,01:11 PM,55,11,1,1,5,2,1,10,1.0,227,538,30.30998993,-97.96533203,SH,71.0,107.452,SH0071,Y,Y,1,MON,5.0,5.0,0.0,4.0,14.0,38587.0,2018.0,3.3,,,,1,0,0,4,0,1,0,2016
15162254,N,06/05/2016,03:20 PM,55,11,1,1,5,2,1,34,1.0,227,538,30.30652458,-97.93122175,RM,2244.0,0.314,RM2244,Y,Y,2,SUN,5.0,10.0,0.0,4.0,14.0,19573.0,2018.0,4.4,,,,0,1,0,1,0,1,0,2016
15162822,N,06/14/2016,12:38 PM,45,11,1,1,8,2,1,16,1.0,227,330,30.44260064,-97.61005169,FM,685.0,7.4860000000000015,FM0685,Y,N,2,TUE,4.0,4.0,14.0,4.0,16.0,29334.0,2018.0,4.3,,,,0,1,0,1,0,1,0,2016
15163149,N,06/17/2016,05:38 PM,55,11,1,1,8,2,1,10,1.0,227,9999,30.39713577,-97.93132193,RM,620.0,7.454,RM0620,Y,Y,2,FRI,8.0,8.0,0.0,4.0,14.0,37016.0,2018.0,3.4,1.0,303.0,4.0,0,1,0,1,0,1,0,2016
15163486,N,06/01/2016,04:24 PM,65,11,1,1,11,2,1,34,1.0,227,9999,30.15255207,-97.69626735,US,183.0,333.4840000000001,US0183,Y,Y,2,WED,8.0,8.0,0.0,4.0,14.0,23967.0,2018.0,8.1,,,,0,1,2,2,0,3,0,2016
15163812,N,06/11/2016,03:40 PM,45,11,1,1,8,2,1,10,1.0,227,9999,30.17604536,-97.63705990000001,SH,130.0,38.797,SH0130,Y,Y,1,SAT,12.0,20.0,135.0,4.0,12.0,31038.0,2018.0,20.5,,,,1,0,0,5,0,1,0,2016
15163963,N,06/10/2016,08:53 PM,65,11,4,1,5,2,2,22,1.0,227,22,30.19279638,-97.92453453,SH,45.0,2.584,SH0045,Y,N,2,FRI,12.0,20.0,40.0,4.0,16.0,16410.0,2018.0,11.7,,,,0,2,0,0,0,2,0,2016
15165419,N,06/20/2016,05:35 AM,-1,11,3,1,1,6,4,1,1.0,227,9999,30.26006413,-97.60023418,SH,130.0,32.418,SH0130,Y,Y,2,MON,12.0,20.0,135.0,4.0,12.0,39424.0,2018.0,17.9,,,,0,1,0,0,0,1,0,2016
15165986,N,06/16/2016,01:55 PM,45,11,1,1,5,2,1,34,1.0,227,9999,30.30440648,-97.84121072,RM,2244.0,6.485,RM2244,Y,Y,2,THU,10.0,10.0,0.0,4.0,14.0,47314.0,2018.0,3.1,,,,0,1,2,3,0,3,0,2016
15169141,N,05/27/2016,08:42 PM,45,11,1,1,5,2,1,10,1.0,227,22,30.34814141,-97.71281681,US,183.0,317.6620000000001,US0183,Y,N,2,FRI,20.0,20.0,8.0,6.0,12.0,138247.0,2018.0,3.6,,,,0,2,0,1,0,2,0,2016
15169153,N,06/08/2016,02:56 PM,70,12,1,1,20,2,4,20,1.0,227,22,30.32835368,-97.70583895,IH,35.0,238.476,IH0035,Y,N,2,WED,20.0,20.0,3.0,6.0,11.0,199837.0,2018.0,9.4,,,,0,1,1,0,0,2,0,2016
15169190,N,06/10/2016,10:12 PM,55,11,4,1,11,2,1,46,1.0,227,22,30.40663073,-97.85251640000001,RM,620.0,13.054,RM0620,Y,N,1,FRI,8.0,8.0,0.0,4.0,14.0,50802.0,2018.0,3.1,,,,1,0,3,0,0,4,0,2016
15169197,N,06/11/2016,07:37 PM,-1,11,5,1,20,2,3,22,1.0,227,22,30.44303774,-97.66526340000001,FM,1825.0,0.34,FM1825,Y,N,2,SAT,8.0,8.0,0.0,4.0,16.0,29814.0,2018.0,3.6,,,,0,1,0,4,0,1,0,2016
15169198,N,06/12/2016,11:29 AM,55,11,1,1,1,7,4,1,4.0,227,22,30.33599205,-97.70213145,IH,35.0,239.05,IH0035,Y,N,2,SUN,20.0,20.0,3.0,6.0,11.0,199837.0,2018.0,9.4,1.0,409.0,1.0,0,1,0,0,0,1,0,2016
15169202,N,06/13/2016,02:32 AM,-1,11,4,1,5,2,1,24,1.0,227,22,30.22296211,-97.76390441,US,290.0,116.316,US0290,Y,N,2,MON,20.0,20.0,42.0,6.0,12.0,140123.0,2018.0,2.6,,,,0,1,0,2,0,1,0,2016
15169218,N,06/15/2016,02:30 PM,55,11,1,1,20,2,4,20,1.0,227,22,30.2888159,-97.76193915,SL,1.0,14.161,SL0001,Y,N,2,WED,12.0,20.0,60.0,6.0,12.0,150574.0,2018.0,1.2,,,,0,2,0,1,0,2,0,2016
15170918,N,06/09/2016,02:17 PM,55,11,1,1,5,2,1,34,1.0,227,9999,30.28622086,-97.63121153,FM,3177.0,3.94,FM3177,Y,Y,2,THU,1.0,1.0,0.0,4.0,17.0,11798.0,2018.0,6.1,,,,0,1,0,2,0,1,0,2016
15170987,N,06/17/2016,01:56 PM,55,11,1,1,9,2,2,22,1.0,227,22,30.2201978,-97.83652978,SL,1.0,20.87,SL0001,Y,N,2,FRI,20.0,20.0,3.0,6.0,12.0,84322.0,2018.0,1.6,,,,0,1,0,2,0,1,0,2016
15171004,N,06/18/2016,03:41 AM,-1,11,4,1,15,1,2,3,1.0,227,22,30.19035979,-97.77059653,IH,35.0,227.995,IH0035,Y,N,2,SAT,24.0,24.0,42.0,6.0,11.0,170988.0,2018.0,10.7,,,,0,1,0,1,0,1,0,2016
15171044,N,06/18/2016,01:13 PM,40,11,1,1,5,2,2,22,1.0,227,22,30.26808217,-97.69625113,SL,111.0,1.11,SL0111,Y,N,2,SAT,1.0,2.0,0.0,4.0,14.0,31328.0,2018.0,1.8,,,,0,1,0,2,2,1,0,2016
15171059,N,06/18/2016,09:30 PM,-1,11,4,1,1,2,4,20,1.0,227,22,30.30399594,-97.66078136,US,183.0,322.259,US0183,Y,N,2,SAT,16.0,16.0,36.0,4.0,14.0,57843.0,2018.0,3.2,1.0,293.0,0.0,0,1,1,1,0,2,0,2016
15171067,N,06/18/2016,10:46 PM,45,11,4,1,11,2,3,10,1.0,227,22,30.29049467,-97.62846048,FM,3177.0,3.603,FM3177,Y,N,2,SAT,10.0,10.0,0.0,4.0,17.0,11798.0,2018.0,6.1,,,,0,1,1,4,0,2,0,2016
15171108,N,06/19/2016,09:33 AM,35,11,1,1,20,5,4,1,1.0,227,22,30.41583935,-97.69587677,FM,734.0,10.419,FM0734,Y,N,2,SUN,10.0,20.0,36.0,6.0,14.0,56464.0,2018.0,3.8,,,,0,1,0,1,0,1,0,2016
15171111,N,06/19/2016,12:48 PM,60,12,1,1,1,2,4,22,1.0,227,22,30.23324405,-97.74148229,IH,35.0,231.427,IH0035,Y,N,2,SUN,4.0,20.0,3.0,6.0,11.0,150700.0,2018.0,10.7,,,,0,4,0,0,0,4,0,2016
15171112,N,06/19/2016,02:13 PM,40,11,1,1,5,2,1,10,1.0,227,22,30.26574519,-97.73465308,IH,35.0,233.788,IH0035,Y,N,2,SUN,20.0,40.0,3.0,8.0,11.0,158343.0,2018.0,10.4,,,,0,2,0,1,0,2,0,2016
15171127,N,06/20/2016,01:55 AM,70,11,4,1,1,7,4,1,4.0,227,22,30.19252625,-97.76887305,IH,35.0,228.176,IH0035,Y,N,1,MON,24.0,24.0,42.0,6.0,11.0,170988.0,2018.0,10.7,1.0,208.0,0.0,1,3,0,0,0,4,0,2016
15171135,N,06/20/2016,04:14 AM,60,11,3,1,20,2,2,20,1.0,227,22,30.20728473,-97.68325118,US,183.0,329.63199999999995,US0183,Y,N,2,MON,16.0,16.0,36.0,4.0,14.0,43585.0,2018.0,7.8,1.0,68.0,0.0,0,2,0,0,0,2,0,2016
15171154,N,06/20/2016,08:47 AM,55,11,1,1,20,2,2,10,1.0,227,22,30.18601837,-97.68669715,US,183.0,331.112,US0183,Y,N,1,MON,12.0,20.0,36.0,4.0,14.0,30598.0,2018.0,9.5,,,,1,0,2,0,0,3,0,2016
15171162,N,06/20/2016,02:33 PM,70,11,1,1,20,2,4,21,1.0,227,22,30.15662496,-97.79053471,IH,35.0,225.376,IH0035,Y,N,2,MON,6.0,20.0,30.0,6.0,11.0,128785.0,2018.0,12.2,,,,0,1,1,1,0,2,0,2016
15171181,N,06/20/2016,06:07 PM,55,11,3,1,5,2,2,22,1.0,227,22,30.40044606,-97.74585563,US,183.0,313.242,US0183,Y,N,2,MON,20.0,20.0,36.0,6.0,12.0,137676.0,2018.0,2.0,1.0,270.0,1.0,0,1,1,0,1,2,0,2016
15171185,N,06/20/2016,07:10 PM,60,11,1,1,5,2,2,20,1.0,227,22,30.38265285,-97.77136800000001,SL,360.0,1.7480000000000002,SL0360,Y,N,2,MON,8.0,20.0,48.0,4.0,14.0,54706.0,2018.0,2.6,,,,0,1,0,2,0,1,0,2016
15171188,N,06/20/2016,05:24 PM,-1,11,1,1,1,2,4,20,1.0,227,22,,,US,183.0,,US0183,Y,N,2,MON,,,,,,,,,,,,0,1,0,1,0,1,0,2016
15172702,N,04/28/2016,11:49 PM,75,11,4,1,20,2,4,22,3.0,227,22,,,IH,35.0,,IH0035,Y,N,2,THU,,,,,,,,,,,,0,2,0,2,0,2,0,2016
15172712,Y,05/23/2016,03:40 AM,-1,11,4,1,20,2,4,20,1.0,227,22,30.16639267,-97.78651301,IH,35.0,226.092,IH0035,Y,N,2,MON,6.0,20.0,30.0,6.0,11.0,128785.0,2018.0,12.2,1.0,586.0,0.0,0,1,1,17,0,2,0,2016
15172756,N,06/18/2016,12:11 AM,-1,11,4,1,5,7,2,1,2.0,227,22,30.23360864,-97.74126543,IH,35.0,231.455,IH0035,Y,N,2,SAT,4.0,20.0,3.0,6.0,11.0,150700.0,2018.0,10.7,,,,0,1,0,0,0,1,0,2016
15172763,N,06/21/2016,08:19 AM,35,11,1,1,11,7,4,1,2.0,227,22,30.25347796,-97.76308971,SL,343.0,2.797,SL0343,Y,N,2,TUE,0.0,0.0,0.0,4.0,14.0,46479.0,2018.0,1.4,1.0,73.0,3.0,0,1,0,0,0,1,0,2016
15172768,N,06/21/2016,03:13 PM,45,11,1,1,5,2,1,10,1.0,227,22,30.23376977,-97.79676219,SL,343.0,0.322,SL0343,Y,N,2,TUE,6.0,16.0,10.0,2.0,14.0,36688.0,2018.0,1.5,,,,0,1,0,2,0,1,0,2016
15172810,N,06/21/2016,05:47 PM,55,11,1,1,21,2,2,30,1.0,227,22,30.28279651,-97.65318183,FM,969.0,3.092,FM0969,Y,N,2,TUE,0.0,0.0,0.0,4.0,14.0,32176.0,2018.0,6.2,,,,0,2,0,4,0,2,0,2016
15172825,N,06/22/2016,04:15 PM,45,11,1,1,1,2,2,22,1.0,227,22,30.33599205,-97.70213145,IH,35.0,239.05,IH0035,Y,N,2,WED,20.0,20.0,3.0,6.0,11.0,199837.0,2018.0,9.4,1.0,409.0,1.0,0,1,1,1,0,2,0,2016
15172871,Y,06/22/2016,05:19 PM,60,11,1,1,11,2,4,21,1.0,227,22,30.24112096,-97.73680692,IH,35.0,232.036,IH0035,Y,N,2,WED,4.0,16.0,40.0,6.0,11.0,150700.0,2018.0,10.7,,,,0,1,0,2,0,1,0,2016