Crash_ID,Cmv_Involv_Fl,Crash_Date,Crash_Time,Crash_Speed_Limit,Wthr_Cond_ID,Light_Cond_ID,Surf_Cond_ID,Traffic_Cntl_ID,Harm_Evnt_ID,Intrsct_Relat_ID,FHE_Collsn_ID,Road_Relat_ID,Cnty_ID,City_ID,Latitude,Longitude,Hwy_Sys,Hwy_Nbr,Dfo,Street_Name,Onsys_Fl,Rural_Fl,Crash_Sev_ID,Day_of_Week,Shldr_Width_Left,Shldr_Width_Right,Median_Width,Nbr_Of_Lane,Func_Sys_ID,Adt_Curnt_Amt,Adt_Curnt_Year,Trk_Aadt_Pct,Curve_Type_ID,Curve_Lngth,Cd_Degr,Sus_Serious_Injry_Cnt,Nonincap_Injry_Cnt,Poss_Injry_Cnt,Non_Injry_Cnt,Unkn_Injry_Cnt,Tot_Injry_Cnt,Death_Cnt,Year
15226322,N,07/23/2016,05:37 PM,60,11,1,1,17,2,4,24,1.0,227,22,30.29941067,-97.62272608,FM,3177.0,2.901,FM3177,Y,N,2,SAT,10.0,10.0,0.0,4.0,17.0,11798.0,2018.0,6.1,,,,0,1,0,4,0,1,0,2016
15226370,N,07/24/2016,02:25 AM,65,11,4,1,1,7,4,1,4.0,227,22,30.27117794,-97.77380464,SL,1.0,15.569,SL0001,Y,N,4,SUN,12.0,20.0,36.0,6.0,12.0,139370.0,2018.0,1.2,1.0,187.0,2.0,0,0,0,0,0,0,1,2016
15226373,N,07/24/2016,06:27 AM,55,11,1,1,11,7,4,1,2.0,227,22,30.28409461,-97.65668878,FM,969.0,2.865,FM0969,Y,N,1,SUN,0.0,0.0,0.0,4.0,14.0,32176.0,2018.0,6.2,1.0,160.0,13.0,1,0,1,0,0,2,0,2016
15226374,N,07/24/2016,12:50 PM,55,11,1,1,20,2,4,20,1.0,227,22,30.20363199,-97.64031231,SH,71.0,130.661,SH0071,Y,N,2,SUN,0.0,0.0,180.0,6.0,14.0,60929.0,2018.0,4.2,,,,0,1,0,1,0,1,0,2016
15226456,N,07/24/2016,09:56 PM,65,11,1,1,20,2,1,20,1.0,227,22,30.23434525,-97.74083173,IH,35.0,231.512,IH0035,Y,N,2,SUN,4.0,20.0,3.0,6.0,11.0,150700.0,2018.0,10.7,,,,0,1,0,8,0,1,0,2016
15226962,N,07/15/2016,09:15 PM,45,11,4,1,5,2,2,22,1.0,227,330,30.47261548,-97.5923238,SH,130.0,16.506,SH0130,Y,N,2,FRI,8.0,20.0,135.0,4.0,12.0,38706.0,2018.0,17.5,,,,0,1,0,3,0,1,0,2016
15228355,N,07/26/2016,06:00 AM,65,11,3,1,8,2,1,10,1.0,227,9999,30.41058518,-97.37533863,SH,95.0,47.157,SH0095,Y,Y,2,TUE,10.0,10.0,0.0,2.0,6.0,5112.0,2018.0,16.4,,,,0,1,0,1,0,1,0,2016
15228430,N,07/19/2016,04:36 PM,-1,11,1,1,1,2,2,22,1.0,227,22,30.205064500000002,-97.643112,SH,71.0,130.467,SH0071,Y,N,2,TUE,0.0,0.0,240.0,6.0,14.0,60929.0,2018.0,4.2,,,,0,2,0,1,0,2,0,2016
15228431,N,07/19/2016,12:19 PM,45,11,1,1,9,2,2,14,1.0,227,22,30.363034600000002,-97.7174804,US,183.0,316.601,US0183,Y,N,2,TUE,20.0,20.0,8.0,6.0,12.0,138247.0,2018.0,3.6,1.0,131.0,3.0,0,1,0,2,0,1,0,2016
15228432,N,07/19/2016,04:06 PM,55,12,1,1,20,2,4,22,1.0,227,22,30.31392886,-97.75671964,SL,1.0,12.386,SL0001,Y,N,2,TUE,12.0,20.0,100.0,6.0,12.0,157489.0,2018.0,1.1,,,,0,1,0,3,0,1,0,2016
15228434,N,07/20/2016,12:30 PM,-1,12,1,1,20,2,4,22,1.0,227,22,30.24873457,-97.73550488,IH,35.0,232.586,IH0035,Y,N,1,WED,4.0,10.0,3.0,6.0,11.0,142856.0,2018.0,11.0,1.0,238.0,3.0,1,0,0,2,0,1,0,2016
15228471,N,07/25/2016,08:30 PM,55,2,4,2,5,2,2,22,1.0,227,22,30.40845423,-97.7159661,FM,1325.0,5.625,FM1325,Y,N,2,MON,0.0,0.0,0.0,4.0,14.0,33660.0,2018.0,1.7,,,,0,1,0,1,0,1,0,2016
15230098,N,07/27/2016,07:08 AM,80,12,1,2,20,7,4,1,2.0,227,9999,30.12163147,-97.66023512,SH,130.0,43.185,SH0130,Y,Y,2,WED,12.0,20.0,135.0,4.0,12.0,26348.0,2018.0,22.1,1.0,721.0,1.0,0,1,0,0,0,1,0,2016
15230139,N,07/18/2016,06:30 AM,60,11,1,1,20,2,3,22,1.0,227,1088,30.09051986,-97.70693042,FM,1327.0,6.392,FM1327,Y,Y,1,MON,0.0,10.0,0.0,2.0,17.0,6069.0,2018.0,8.9,,,,3,0,0,0,0,3,0,2016
15230197,N,07/10/2016,03:19 AM,65,11,4,1,1,7,4,1,4.0,227,22,30.27783591,-97.73025013,IH,35.0,234.66,IH0035,Y,N,2,SUN,20.0,40.0,3.0,8.0,11.0,177389.0,2018.0,9.9,1.0,119.0,0.0,0,1,1,4,0,2,0,2016
15230220,Y,07/23/2016,12:59 PM,-1,11,1,1,1,2,4,20,1.0,227,22,30.29402889,-97.72016855,IH,35.0,235.927,IH0035,Y,N,2,SAT,8.0,20.0,24.0,8.0,11.0,202376.0,2018.0,9.3,,,,0,4,0,1,0,4,0,2016
15230246,N,07/26/2016,03:07 PM,55,11,1,1,8,2,2,13,1.0,227,22,30.42908343,-97.72223340000001,FM,734.0,8.601,FM0734,Y,N,2,TUE,8.0,20.0,36.0,6.0,14.0,49788.0,2018.0,3.9,,,,0,1,0,1,0,1,0,2016
15230279,N,07/26/2016,06:50 PM,40,11,1,1,5,2,1,10,1.0,227,22,30.38988206,-97.73433949,SL,1.0,6.937,SL0001,Y,N,2,TUE,24.0,20.0,36.0,6.0,12.0,97149.0,2018.0,1.6,,,,0,1,0,1,0,1,0,2016
15230294,Y,07/27/2016,09:18 AM,65,2,1,2,20,2,4,22,1.0,227,22,30.19074557,-97.77029406,IH,35.0,228.027,IH0035,Y,N,2,WED,24.0,24.0,42.0,6.0,11.0,170988.0,2018.0,10.7,,,,0,1,1,2,0,2,0,2016
15231929,N,07/26/2016,11:27 AM,65,11,1,1,11,10,4,1,2.0,227,9999,30.12288284,-97.69546796,US,183.0,335.528,US0183,Y,Y,2,TUE,8.0,8.0,0.0,4.0,14.0,17419.0,2018.0,9.9,,,,0,1,2,0,0,3,0,2016
15232456,N,07/26/2016,11:28 PM,55,11,4,1,5,2,2,22,1.0,227,250,30.34090717,-97.96863564,RM,620.0,2.846,RM0620,Y,N,2,TUE,8.0,8.0,0.0,5.0,14.0,50317.0,2018.0,3.1,,,,0,1,0,1,0,1,0,2016
15232710,Y,07/27/2016,05:10 PM,80,12,1,1,20,10,4,1,2.0,227,9999,30.29699713,-97.57032851,SH,130.0,29.281,SH0130,Y,Y,2,WED,12.0,20.0,135.0,4.0,12.0,39424.0,2018.0,17.9,1.0,1686.0,0.0,0,1,0,1,0,1,0,2016
15233017,N,07/23/2016,12:21 AM,70,11,3,1,20,2,4,22,1.0,227,9999,30.189107300000003,-97.61835985,SH,71.0,132.322,SH0071,Y,Y,2,SAT,4.0,6.0,25.0,4.0,14.0,53382.0,2018.0,8.3,,,,0,2,0,2,1,2,0,2016
15234588,N,06/25/2016,05:05 PM,35,2,1,2,1,7,4,1,2.0,227,22,30.25256261,-97.80380927,SL,1.0,17.805999999999994,SL0001,Y,N,2,SAT,12.0,20.0,60.0,6.0,12.0,153269.0,2018.0,1.2,1.0,445.0,2.0,0,2,0,0,0,2,0,2016
15234591,N,07/07/2016,06:28 PM,50,11,1,1,1,2,1,10,1.0,227,22,30.38988429,-97.73433891,SL,1.0,6.936,SL0001,Y,N,1,THU,24.0,20.0,36.0,6.0,12.0,97149.0,2018.0,1.6,,,,1,2,0,1,0,3,0,2016
15234599,N,07/22/2016,02:40 AM,-1,11,4,1,5,2,1,10,1.0,227,22,30.44055989,-97.66848232,IH,35.0,246.746,IH0035,Y,N,2,FRI,8.0,20.0,3.0,6.0,11.0,129244.0,2018.0,12.7,,,,0,1,1,6,0,2,0,2016
15234611,N,07/25/2016,12:17 AM,-1,11,4,1,5,2,1,10,1.0,227,22,30.38988445,-97.73433887,SL,1.0,6.936,SL0001,Y,N,2,MON,24.0,20.0,36.0,6.0,12.0,97149.0,2018.0,1.6,,,,0,2,1,0,0,3,0,2016
15234628,Y,07/26/2016,10:56 AM,70,11,1,1,1,2,4,20,1.0,227,22,30.42298951,-97.67180789,IH,35.0,245.522,IH0035,Y,N,2,TUE,8.0,20.0,3.0,6.0,11.0,134367.0,2018.0,12.4,,,,0,1,0,1,0,1,0,2016
15234669,N,07/27/2016,07:39 PM,-1,11,1,1,20,7,2,1,2.0,227,22,30.20959963,-97.75546877,IH,35.0,229.598,IH0035,Y,N,2,WED,4.0,20.0,3.0,6.0,11.0,148474.0,2018.0,11.3,,,,0,1,0,4,0,1,0,2016
15234690,N,07/28/2016,11:54 AM,70,12,1,1,20,7,4,1,4.0,227,22,30.19331375,-97.7682383,IH,35.0,228.242,IH0035,Y,N,1,THU,24.0,24.0,42.0,6.0,11.0,170988.0,2018.0,10.7,1.0,208.0,0.0,1,0,0,0,0,1,0,2016
15234826,N,07/07/2016,05:45 PM,30,11,1,1,20,2,3,34,1.0,227,22,30.37677391,-97.72559947,FM,1325.0,7.898,FM1325,Y,N,2,THU,0.0,0.0,0.0,5.0,14.0,43120.0,2018.0,1.5,,,,0,1,0,2,0,1,0,2016
15234997,N,07/20/2016,05:10 PM,80,11,1,1,1,10,4,1,2.0,227,22,30.19992396,-97.62252807,SH,130.0,36.898,SH0130,Y,N,4,WED,12.0,20.0,135.0,4.0,12.0,43413.0,2018.0,17.5,1.0,292.0,1.0,0,1,0,0,0,1,1,2016
15235695,N,07/30/2016,02:02 PM,65,11,1,1,5,7,2,1,2.0,227,9999,30.14978324,-97.69684387,US,183.0,333.67800000000005,US0183,Y,Y,2,SAT,8.0,8.0,0.0,4.0,14.0,17419.0,2018.0,9.9,,,,0,1,0,0,0,1,0,2016
15237665,N,07/07/2016,07:37 PM,-1,11,1,1,20,2,1,10,1.0,227,22,30.21621427,-97.7440169,SH,71.0,123.943,SH0071,Y,N,2,THU,20.0,20.0,32.0,6.0,12.0,122565.0,2018.0,3.2,,,,0,2,0,3,0,2,0,2016
15238337,N,07/13/2016,07:06 PM,-1,11,1,1,20,7,2,1,2.0,227,22,30.22189525,-97.67573431,SH,71.0,128.201,SH0071,Y,N,2,WED,8.0,8.0,40.0,8.0,14.0,95090.0,2018.0,3.5,1.0,188.0,2.0,0,1,0,1,0,1,0,2016
15238389,N,07/23/2016,09:01 PM,-1,11,4,1,20,2,3,23,1.0,227,22,30.35448114,-97.70404981,SL,275.0,5.29,SL0275,Y,N,2,SAT,0.0,0.0,0.0,4.0,14.0,37706.0,2018.0,1.2,,,,0,1,0,3,0,1,0,2016
15238606,N,07/30/2016,10:13 AM,60,11,1,1,11,2,4,22,1.0,227,22,30.2927279,-97.72100221,IH,35.0,235.824,IH0035,Y,N,2,SAT,8.0,20.0,24.0,8.0,11.0,202376.0,2018.0,9.3,,,,0,2,0,8,1,2,0,2016
15238622,N,07/30/2016,09:05 PM,-1,11,4,1,20,2,3,20,1.0,227,22,30.35181384,-97.6921206,IH,35.0,240.291,IH0035,Y,N,2,SAT,20.0,20.0,3.0,6.0,11.0,145168.0,2018.0,11.9,,,,0,1,0,3,0,1,0,2016
15238871,N,07/21/2016,06:17 PM,65,11,1,1,1,2,3,22,1.0,227,9999,30.45937731,-97.46815669,FM,973.0,7.181,FM0973,Y,Y,2,THU,10.0,10.0,0.0,2.0,6.0,6794.0,2018.0,8.3,,,,0,1,0,1,0,1,0,2016
15240360,N,07/21/2016,02:45 PM,35,11,1,1,5,2,4,20,1.0,227,22,30.26617789,-97.73450127,IH,35.0,233.819,IH0035,Y,N,2,THU,20.0,40.0,3.0,8.0,11.0,177389.0,2018.0,9.9,,,,0,1,0,2,1,1,0,2016
15240369,N,07/27/2016,05:40 PM,45,11,1,1,20,2,2,21,1.0,227,22,30.28616358,-97.66841851,FM,969.0,2.151,FM0969,Y,N,2,WED,0.0,1.0,0.0,4.0,14.0,17992.0,2018.0,6.6,,,,0,1,1,4,0,2,0,2016
15240370,N,07/28/2016,02:11 AM,45,11,4,1,5,2,1,10,1.0,227,22,30.3630463,-97.69702522,SL,275.0,4.5539999999999985,SL0275,Y,N,1,THU,0.0,0.0,0.0,4.0,14.0,37689.0,2018.0,1.2,,,,1,0,1,0,0,2,0,2016
15240374,N,07/30/2016,03:55 PM,60,11,1,1,11,2,4,22,1.0,227,22,30.23117723,-97.74271165,IH,35.0,231.267,IH0035,Y,N,2,SAT,4.0,20.0,3.0,6.0,11.0,157370.0,2018.0,10.5,,,,0,1,0,10,0,1,0,2016
15240433,Y,08/01/2016,05:09 PM,60,11,1,1,20,2,4,22,1.0,227,22,30.244049199999996,-97.73518778,IH,35.0,232.26,IH0035,Y,N,2,MON,4.0,16.0,40.0,6.0,11.0,150700.0,2018.0,10.7,,,,0,6,0,2,0,6,0,2016
15240847,N,07/27/2016,06:53 PM,55,11,1,1,8,2,1,14,1.0,227,9999,30.28353876,-97.63293868,FM,3177.0,4.151,FM3177,Y,Y,2,WED,1.0,1.0,0.0,4.0,17.0,11798.0,2018.0,6.1,,,,0,1,0,2,0,1,0,2016
15242323,N,07/22/2016,10:55 PM,55,11,3,1,11,2,4,20,1.0,227,22,30.28700008,-97.72469289,IH,35.0,235.373,IH0035,Y,N,2,FRI,20.0,40.0,3.0,8.0,11.0,202376.0,2018.0,9.3,,,,0,1,0,4,0,1,0,2016
15242465,N,07/24/2016,01:58 AM,50,11,3,1,10,7,4,1,4.0,227,330,30.46478416,-97.59591501,FM,685.0,5.738,FM0685,Y,N,2,SUN,1.0,1.0,14.0,4.0,16.0,29334.0,2018.0,4.3,,,,0,1,0,0,0,1,0,2016
15242906,N,03/24/2016,09:10 PM,35,11,4,1,11,1,4,1,1.0,227,22,30.33628781,-97.75546324,SL,1.0,10.845999999999998,SL0001,Y,N,2,THU,12.0,20.0,100.0,6.0,12.0,148872.0,2018.0,1.2,1.0,218.0,2.0,0,1,0,1,0,1,0,2016
15243002,N,08/02/2016,01:58 PM,60,11,1,1,21,2,1,10,1.0,227,22,30.33723394,-97.59973144,US,290.0,131.648,US0290,Y,N,2,TUE,20.0,20.0,3.0,5.0,12.0,34434.0,2018.0,8.4,1.0,121.0,1.0,0,1,2,0,0,3,0,2016
15243006,N,08/02/2016,03:30 PM,-1,12,1,1,1,2,4,40,5.0,227,22,,,IH,35.0,,IH0035,Y,N,2,TUE,,,,,,,,,,,,0,1,0,3,0,1,0,2016
15243020,N,08/02/2016,05:05 PM,35,11,1,1,5,2,1,34,1.0,227,22,30.17318986,-97.88800202,SL,1.0,25.565,SL0001,Y,N,2,TUE,12.0,20.0,325.0,4.0,14.0,24757.0,2018.0,1.5,,,,0,1,0,2,0,1,0,2016
15243025,N,08/02/2016,06:55 PM,35,11,1,1,20,2,3,10,1.0,227,22,30.33250735,-97.70432071,IH,35.0,238.777,IH0035,Y,N,2,TUE,20.0,20.0,3.0,6.0,11.0,199837.0,2018.0,9.4,1.0,409.0,1.0,0,1,0,3,0,1,0,2016
15243031,N,08/03/2016,08:00 AM,50,11,1,1,20,2,4,20,1.0,227,22,30.30256848,-97.71481834,IH,35.0,236.595,IH0035,Y,N,2,WED,8.0,20.0,24.0,8.0,11.0,196302.0,2018.0,9.5,,,,0,4,0,0,0,4,0,2016
15246507,N,08/01/2016,02:54 AM,55,11,4,1,1,7,4,1,2.0,227,538,30.32215711,-97.95579451,RM,620.0,1.162,RM0620,Y,Y,1,MON,8.0,8.0,0.0,4.0,14.0,26975.0,2018.0,3.8,1.0,72.0,5.0,1,0,0,0,0,1,0,2016
15246522,Y,08/04/2016,12:06 PM,60,11,1,1,20,7,4,1,2.0,227,9999,30.21282598,-97.9670647,US,290.0,103.326,US0290,Y,Y,2,THU,1.0,1.0,0.0,4.0,14.0,37680.0,2018.0,2.9,1.0,227.0,2.0,0,1,2,1,0,3,0,2016
15250439,Y,08/04/2016,04:05 PM,55,11,1,1,5,2,1,10,1.0,227,9999,30.39765399,-97.92886159999999,RM,620.0,7.607,RM0620,Y,Y,2,THU,8.0,8.0,0.0,4.0,14.0,37016.0,2018.0,3.4,1.0,303.0,4.0,0,1,0,1,0,1,0,2016
15250448,N,08/04/2016,04:47 PM,55,11,1,1,20,2,4,22,1.0,227,9999,30.38777012,-97.94198287,RM,620.0,6.5360000000000005,RM0620,Y,Y,2,THU,8.0,8.0,0.0,4.0,14.0,37016.0,2018.0,3.4,,,,0,1,0,2,0,1,0,2016
15250930,N,08/01/2016,04:06 PM,55,11,1,1,20,2,2,21,1.0,227,9999,30.44686576,-97.66724531,IH,35.0,247.186,IH0035,Y,Y,2,MON,8.0,20.0,3.0,6.0,11.0,129244.0,2018.0,12.7,,,,0,1,0,3,0,1,0,2016
15255870,N,08/10/2016,09:02 PM,55,11,4,1,5,2,1,34,1.0,227,9999,30.257085800000002,-97.61183167,FM,969.0,6.225,FM0969,Y,Y,2,WED,6.0,6.0,15.0,3.0,14.0,22309.0,2018.0,6.4,,,,0,1,0,1,0,1,0,2016
15258423,N,07/10/2016,12:10 AM,60,12,3,1,20,2,4,30,1.0,227,1016,30.34925625,-97.54023327,US,290.0,135.33,US0290,Y,N,1,SUN,12.0,20.0,48.0,4.0,14.0,51848.0,2018.0,6.4,,,,4,0,0,0,0,4,0,2016
15258425,N,07/18/2016,11:10 AM,65,12,1,1,5,2,1,34,1.0,227,1016,30.34886212,-97.55593759,US,290.0,134.393,US0290,Y,N,2,MON,12.0,20.0,46.0,4.0,14.0,51848.0,2018.0,6.4,1.0,250.0,1.0,0,2,0,0,0,2,0,2016
15258426,N,08/05/2016,12:28 PM,65,11,1,1,20,7,4,1,2.0,227,1016,30.35067491,-97.49738804,US,290.0,137.887,US0290,Y,N,1,FRI,12.0,20.0,68.0,4.0,2.0,44701.0,2018.0,6.9,,,,1,0,0,0,0,1,0,2016
15259148,Y,08/06/2016,11:20 AM,60,11,1,1,1,2,4,20,1.0,227,9999,30.34379483,-98.04666698,SH,71.0,101.845,SH0071,Y,Y,2,SAT,2.0,2.0,0.0,4.0,2.0,37755.0,2018.0,3.3,3.0,354.0,2.0,0,1,0,2,0,1,0,2016
15259626,N,06/20/2016,11:50 AM,55,11,1,1,21,2,1,10,1.0,227,22,30.32556534,-97.67331696,US,183.0,320.512,US0183,Y,N,2,MON,16.0,20.0,70.0,4.0,12.0,55986.0,2018.0,7.2,,,,0,1,0,3,0,1,0,2016
15259665,N,07/18/2016,02:46 PM,40,11,1,1,5,2,1,10,1.0,227,22,30.23166384,-97.79173116,US,290.0,114.495,US0290,Y,N,2,MON,20.0,20.0,10.0,8.0,12.0,127013.0,2018.0,2.7,1.0,297.0,3.0,0,1,0,1,0,1,0,2016
15259669,N,07/24/2016,07:21 PM,50,11,1,1,20,2,1,34,1.0,227,22,30.41831739,-97.70087673,FM,734.0,10.076,FM0734,Y,N,2,SUN,8.0,20.0,36.0,6.0,14.0,56464.0,2018.0,3.8,,,,0,2,1,1,0,3,0,2016
15259673,N,07/25/2016,07:20 PM,60,2,1,2,5,2,4,21,1.0,227,22,30.237196299999997,-97.82296331,SL,1.0,19.441,SL0001,Y,N,2,MON,12.0,20.0,60.0,6.0,12.0,83195.0,2018.0,1.6,1.0,240.0,3.0,0,3,0,0,0,3,0,2016
15259684,N,07/29/2016,00:00 AM,40,11,4,1,5,2,1,10,1.0,227,22,30.27850567,-97.72993170000001,IH,35.0,234.71,IH0035,Y,N,2,FRI,20.0,40.0,3.0,8.0,11.0,202376.0,2018.0,9.3,,,,0,1,0,1,0,1,0,2016
15259720,N,07/30/2016,08:59 PM,70,11,4,1,20,2,4,20,1.0,227,22,30.15168392,-97.79198170000001,IH,35.0,225.025,IH0035,Y,N,2,SAT,6.0,20.0,30.0,6.0,11.0,128785.0,2018.0,12.2,,,,0,1,0,3,0,1,0,2016
15259724,N,07/31/2016,02:55 AM,-1,11,4,1,20,10,4,1,2.0,227,22,30.4305249,-97.67036815,IH,35.0,246.047,IH0035,Y,N,2,SUN,8.0,20.0,3.0,6.0,11.0,132719.0,2018.0,12.4,,,,0,1,0,1,0,1,0,2016
15259746,N,08/02/2016,10:17 PM,60,11,4,1,17,2,1,10,1.0,227,22,30.44392381,-97.74237054,FM,734.0,7.0,FM0734,Y,N,2,TUE,8.0,20.0,36.0,6.0,14.0,55456.0,2018.0,3.8,,,,0,3,0,3,0,3,0,2016
15259779,N,08/03/2016,11:09 AM,35,11,1,1,1,7,4,1,2.0,227,22,30.26635322,-97.75504913,SL,343.0,3.878,SL0343,Y,N,2,WED,0.0,7.0,0.0,4.0,14.0,43724.0,2018.0,1.4,,,,0,1,0,0,0,1,0,2016
15259808,N,08/03/2016,07:10 PM,-1,11,1,1,20,2,4,22,1.0,227,22,30.23606248,-97.73982353,IH,35.0,231.644,IH0035,Y,N,2,WED,4.0,20.0,3.0,6.0,11.0,150700.0,2018.0,10.7,,,,0,1,0,3,0,1,0,2016
15259857,N,08/03/2016,05:49 PM,45,11,1,1,5,2,1,34,1.0,227,22,30.40783501,-97.67824554,FM,734.0,11.607,FM0734,Y,N,2,WED,10.0,10.0,16.0,6.0,14.0,63366.0,2018.0,3.7,,,,0,2,0,1,0,2,0,2016
15259870,N,08/03/2016,06:33 PM,70,11,1,1,20,2,4,22,1.0,227,22,30.39647484,-97.67214686,IH,35.0,243.651,IH0035,Y,N,2,WED,8.0,20.0,3.0,6.0,11.0,159315.0,2018.0,11.5,1.0,438.0,1.0,0,1,0,2,0,1,0,2016
15259915,N,08/04/2016,12:15 PM,50,11,1,1,5,2,1,10,1.0,227,22,30.40049157,-97.74585118,US,183.0,313.2390000000001,US0183,Y,N,2,THU,20.0,20.0,36.0,6.0,12.0,137676.0,2018.0,2.0,1.0,270.0,1.0,0,1,0,1,0,1,0,2016
15259926,N,08/04/2016,01:01 PM,35,11,1,1,1,2,3,34,1.0,227,22,30.24536943,-97.77989293,SL,343.0,1.608,SL0343,Y,N,2,THU,0.0,0.0,0.0,4.0,14.0,36688.0,2018.0,1.5,,,,0,2,0,1,0,2,0,2016
15259975,N,08/04/2016,09:00 PM,-1,11,1,1,21,2,1,10,1.0,227,22,30.33081399,-97.62335126,US,290.0,130.168,US0290,Y,N,2,THU,20.0,20.0,3.0,6.0,12.0,34434.0,2018.0,8.4,,,,0,1,0,7,0,1,0,2016
15259995,N,08/05/2016,04:14 AM,35,11,4,1,11,2,1,34,1.0,227,22,30.33272031,-97.70419431,IH,35.0,238.794,IH0035,Y,N,2,FRI,20.0,20.0,3.0,6.0,11.0,199837.0,2018.0,9.4,1.0,409.0,1.0,0,1,0,1,0,1,0,2016
15260057,N,08/05/2016,12:07 PM,35,11,1,1,1,2,3,10,1.0,227,22,30.3298913,-97.72947809,RM,2222.0,10.421,RM2222,Y,N,1,FRI,0.0,0.0,0.0,4.0,14.0,34181.0,2018.0,3.5,,,,1,0,0,2,1,1,0,2016
15260088,N,08/05/2016,07:03 PM,-1,11,1,1,9,2,2,25,1.0,227,22,30.28564453,-97.6653595,US,183.0,323.551,US0183,Y,N,2,FRI,16.0,20.0,36.0,4.0,14.0,67460.0,2018.0,6.6,,,,0,1,0,1,0,1,0,2016
15260131,N,08/05/2016,08:54 PM,55,11,4,1,11,10,2,2,1.0,227,22,30.40393963,-97.85389004,RM,620.0,12.851,RM0620,Y,N,2,FRI,8.0,8.0,0.0,4.0,14.0,50802.0,2018.0,3.1,1.0,57.0,2.0,0,1,0,0,0,1,0,2016
15260138,N,08/05/2016,07:39 PM,50,11,1,1,1,7,2,1,2.0,227,22,30.16144395,-97.78901869,IH,35.0,225.719,IH0035,Y,N,1,FRI,6.0,20.0,30.0,6.0,11.0,128785.0,2018.0,12.2,,,,1,0,0,1,0,1,0,2016
15260167,N,08/06/2016,11:17 AM,-1,11,1,1,5,2,1,10,1.0,227,22,30.321393199999996,-97.68908316,US,290.0,126.164,US0290,Y,N,2,SAT,12.0,20.0,24.0,5.0,12.0,47490.0,2018.0,6.7,1.0,251.0,0.0,0,3,0,0,0,3,0,2016
15260206,N,08/06/2016,11:15 PM,-1,11,4,1,5,2,2,22,1.0,227,22,30.28918335,-97.72327311,IH,35.0,235.546,IH0035,Y,N,2,SAT,8.0,20.0,24.0,8.0,11.0,202376.0,2018.0,9.3,,,,0,1,2,2,1,3,0,2016
15260208,N,08/06/2016,02:30 PM,55,11,1,1,5,2,1,14,1.0,227,22,30.36039773,-97.71668171,US,183.0,316.788,US0183,Y,N,2,SAT,20.0,20.0,8.0,6.0,12.0,138247.0,2018.0,3.6,1.0,131.0,3.0,0,4,0,0,0,4,0,2016
15260209,N,08/06/2016,02:53 AM,70,11,4,1,20,7,4,1,4.0,227,22,30.40329093,-97.67498342,IH,35.0,244.151,IH0035,Y,N,2,SAT,8.0,20.0,3.0,6.0,11.0,159315.0,2018.0,11.5,,,,0,1,0,0,0,1,0,2016
15260210,N,08/06/2016,08:47 PM,-1,11,4,1,5,2,2,22,1.0,227,22,30.23652951,-97.68624264,US,183.0,327.579,US0183,Y,N,2,SAT,6.0,10.0,36.0,4.0,14.0,100483.0,2018.0,5.5,1.0,115.0,0.0,0,1,0,3,0,1,0,2016
15260230,N,08/07/2016,05:35 PM,55,11,1,1,1,10,4,1,1.0,227,22,30.24715688,-97.73515692,IH,35.0,232.476,IH0035,Y,N,2,SUN,4.0,10.0,3.0,6.0,11.0,142856.0,2018.0,11.0,,,,0,1,0,0,0,1,0,2016
15260254,N,08/07/2016,08:58 PM,55,11,4,1,5,2,2,22,1.0,227,22,30.23652951,-97.68624264,US,183.0,327.579,US0183,Y,N,2,SUN,6.0,10.0,36.0,4.0,14.0,100483.0,2018.0,5.5,1.0,115.0,0.0,0,1,0,4,0,1,0,2016
15260263,N,08/07/2016,08:18 PM,-1,11,5,1,5,2,1,34,1.0,227,22,30.25744558,-97.73716683,IH,35.0,233.194,IH0035,Y,N,2,SUN,8.0,20.0,3.0,8.0,11.0,142856.0,2018.0,11.0,,,,0,1,0,2,0,1,0,2016
15260306,N,08/08/2016,11:11 PM,45,11,4,1,5,2,1,34,1.0,227,22,30.3630463,-97.69702522,SL,275.0,4.5539999999999985,SL0275,Y,N,2,MON,0.0,0.0,0.0,4.0,14.0,37689.0,2018.0,1.2,,,,0,1,0,1,0,1,0,2016
15260372,N,08/09/2016,08:30 PM,50,11,6,1,8,2,1,13,1.0,227,22,30.1779495,-97.77893356,IH,35.0,227.007,IH0035,Y,N,2,TUE,6.0,20.0,30.0,6.0,11.0,156852.0,2018.0,11.1,,,,0,1,0,2,0,1,0,2016
15260387,N,08/10/2016,08:42 AM,50,11,1,1,5,2,2,22,1.0,227,22,30.27680779,-97.63726807,FM,969.0,4.131,FM0969,Y,N,2,WED,4.0,4.0,0.0,4.0,14.0,20957.0,2018.0,6.4,1.0,256.0,3.0,0,1,0,1,0,1,0,2016
15260389,N,08/10/2016,11:40 AM,60,11,1,1,20,2,4,20,1.0,227,22,30.2400079,-97.73748566,IH,35.0,231.949,IH0035,Y,N,2,WED,4.0,20.0,3.0,6.0,11.0,150700.0,2018.0,10.7,,,,0,1,0,0,1,1,0,2016
15260392,N,08/10/2016,09:02 AM,40,11,1,1,11,2,4,22,1.0,227,22,30.24659056,-97.77802595,SL,343.0,1.7480000000000002,SL0343,Y,N,1,WED,0.0,0.0,0.0,4.0,14.0,36688.0,2018.0,1.5,1.0,199.0,3.0,1,0,0,2,0,1,0,2016