Crash_ID,Cmv_Involv_Fl,Crash_Date,Crash_Time,Crash_Speed_Limit,Wthr_Cond_ID,Light_Cond_ID,Surf_Cond_ID,Traffic_Cntl_ID,Harm_Evnt_ID,Intrsct_Relat_ID,FHE_Collsn_ID,Road_Relat_ID,Cnty_ID,City_ID,Latitude,Longitude,Hwy_Sys,Hwy_Nbr,Dfo,Street_Name,Onsys_Fl,Rural_Fl,Crash_Sev_ID,Day_of_Week,Shldr_Width_Left,Shldr_Width_Right,Median_Width,Nbr_Of_Lane,Func_Sys_ID,Adt_Curnt_Amt,Adt_Curnt_Year,Trk_Aadt_Pct,Curve_Type_ID,Curve_Lngth,Cd_Degr,Sus_Serious_Injry_Cnt,Nonincap_Injry_Cnt,Poss_Injry_Cnt,Non_Injry_Cnt,Unkn_Injry_Cnt,Tot_Injry_Cnt,Death_Cnt,Year
15260393,N,08/10/2016,02:09 PM,45,12,1,1,20,2,2,22,1.0,227,22,30.36805131,-97.74252559,SL,1.0,8.517999999999999,SL0001,Y,N,2,WED,12.0,20.0,36.0,6.0,12.0,149361.0,2018.0,1.2,1.0,210.0,1.0,0,2,0,1,1,2,0,2016
15260427,N,08/10/2016,10:49 PM,45,11,3,1,20,2,4,30,1.0,227,22,30.16399413,-97.83026557,FM,2304.0,2.8480000000000003,FM2304,Y,N,2,WED,13.0,14.0,0.0,2.0,16.0,31291.0,2018.0,3.6,1.0,120.0,4.0,0,1,0,1,0,1,0,2016
15260430,N,08/10/2016,11:51 AM,45,11,1,1,5,2,2,22,1.0,227,22,30.32210057,-97.70682013,IH,35.0,238.042,IH0035,Y,N,2,WED,8.0,20.0,24.0,8.0,11.0,199837.0,2018.0,9.4,,,,0,1,1,0,0,2,0,2016
15260440,N,08/11/2016,11:12 AM,-1,11,1,1,5,2,1,10,1.0,227,22,30.26670353,-97.73431686,IH,35.0,233.856,IH0035,Y,N,2,THU,20.0,40.0,3.0,8.0,11.0,177389.0,2018.0,9.9,,,,0,1,0,1,0,1,0,2016
15260461,N,08/11/2016,02:23 PM,65,11,1,1,5,2,1,34,1.0,227,22,30.18170394,-97.90003845,SH,45.0,0.93,SH0045,Y,N,2,THU,12.0,20.0,40.0,4.0,16.0,16410.0,2018.0,11.7,,,,0,1,1,1,0,2,0,2016
15260493,N,08/12/2016,11:29 AM,55,11,1,1,20,2,4,20,1.0,227,22,30.29806547,-97.71764384,IH,35.0,236.243,IH0035,Y,N,2,FRI,8.0,20.0,24.0,8.0,11.0,202376.0,2018.0,9.3,,,,0,1,1,1,0,2,0,2016
15260899,N,08/12/2016,04:10 PM,50,11,1,1,20,2,3,34,1.0,227,250,30.35519144,-97.96058444,RM,620.0,3.95,RM0620,Y,N,2,FRI,8.0,8.0,0.0,4.0,14.0,50317.0,2018.0,3.1,,,,0,1,2,2,0,3,0,2016
15261044,N,08/07/2016,11:37 AM,60,11,1,1,20,2,3,20,1.0,227,9999,30.11900233,-97.69524472,US,183.0,335.795,US0183,Y,Y,1,SUN,8.0,8.0,0.0,4.0,14.0,17419.0,2018.0,9.9,,,,1,0,4,2,0,5,0,2016
15261399,N,08/07/2016,09:49 PM,40,11,4,1,8,7,2,1,2.0,227,9999,30.12958303,-97.6842759,FM,973.0,35.204,FM0973,Y,Y,1,SUN,5.0,5.0,0.0,2.0,16.0,5519.0,2018.0,10.2,,,,1,0,0,0,0,1,0,2016
15261481,N,07/25/2016,07:41 PM,70,11,1,1,20,2,4,20,1.0,227,372,30.47766391,-97.67310690000001,IH,35.0,249.362,IH0035,Y,N,2,MON,16.0,20.0,3.0,6.0,11.0,162734.0,2018.0,11.4,,,,0,1,0,4,0,1,0,2016
15263909,N,08/12/2016,04:57 PM,55,11,1,1,5,2,1,10,1.0,227,22,30.34050179,-97.5911026,US,290.0,132.21,US0290,Y,N,2,FRI,20.0,20.0,3.0,5.0,12.0,34434.0,2018.0,8.4,,,,0,2,0,0,0,2,0,2016
15263914,N,08/13/2016,12:55 AM,40,11,4,1,5,7,4,1,2.0,227,22,30.37317045,-97.72640870000001,FM,1325.0,8.15,FM1325,Y,N,2,SAT,0.0,0.0,40.0,4.0,14.0,43120.0,2018.0,1.5,,,,0,1,0,0,0,1,0,2016
15263972,Y,08/13/2016,07:59 AM,55,12,1,1,20,7,4,1,4.0,227,22,30.34527178,-97.75138642,SL,1.0,10.18,SL0001,Y,N,2,SAT,12.0,20.0,36.0,6.0,12.0,148872.0,2018.0,1.2,,,,0,1,0,2,0,1,0,2016
15263975,Y,08/13/2016,11:46 AM,45,11,1,1,5,2,1,10,1.0,227,22,30.21529646,-97.73525205,SH,71.0,124.471,SH0071,Y,N,2,SAT,20.0,20.0,44.0,8.0,12.0,122565.0,2018.0,3.2,,,,0,1,0,2,0,1,0,2016
15263986,N,08/13/2016,06:11 PM,60,2,1,2,20,2,1,10,1.0,227,22,30.40795135,-97.67464447,IH,35.0,244.474,IH0035,Y,N,1,SAT,8.0,20.0,3.0,6.0,11.0,134367.0,2018.0,12.4,1.0,411.0,1.0,1,0,3,0,0,4,0,2016
15263988,Y,08/13/2016,07:38 PM,-1,11,1,2,11,2,4,21,1.0,227,22,30.20424536,-97.75933113,IH,35.0,229.163,IH0035,Y,N,2,SAT,24.0,24.0,42.0,6.0,11.0,148474.0,2018.0,11.3,,,,0,1,0,1,0,1,0,2016
15264161,N,08/15/2016,08:48 AM,80,2,1,3,11,7,4,1,4.0,227,9999,30.11480644,-97.6612427,SH,130.0,43.666,SH0130,Y,Y,2,MON,12.0,20.0,135.0,4.0,12.0,26348.0,2018.0,22.1,1.0,721.0,1.0,0,1,0,1,0,1,0,2016
15266456,N,06/17/2016,03:31 AM,55,11,3,1,1,10,4,1,1.0,227,22,30.38330132,-97.67366417,IH,35.0,242.729,IH0035,Y,N,2,FRI,8.0,20.0,3.0,6.0,11.0,159315.0,2018.0,11.5,1.0,328.0,1.0,0,1,0,0,0,1,0,2016
15266457,N,07/03/2016,08:00 PM,-1,12,5,1,8,2,4,20,1.0,227,22,30.34464916,-97.69665629,IH,35.0,239.729,IH0035,Y,N,2,SUN,20.0,20.0,3.0,6.0,11.0,145168.0,2018.0,11.9,,,,0,1,0,4,0,1,0,2016
15266470,Y,08/08/2016,10:04 PM,60,11,4,1,20,2,4,21,1.0,227,22,30.32238376,-97.70677308,IH,35.0,238.062,IH0035,Y,N,2,MON,8.0,20.0,24.0,8.0,11.0,199837.0,2018.0,9.4,,,,0,1,0,1,0,1,0,2016
15266471,N,08/09/2016,09:04 PM,50,11,3,1,20,7,4,1,2.0,227,22,30.21587963,-97.73938028,SH,71.0,124.221,SH0071,Y,N,2,TUE,20.0,20.0,32.0,8.0,12.0,122565.0,2018.0,3.2,1.0,233.0,1.0,0,2,0,0,0,2,0,2016
15266474,N,08/11/2016,05:34 AM,50,11,4,1,5,2,1,10,1.0,227,22,30.22328848,-97.74734329,IH,35.0,230.658,IH0035,Y,N,2,THU,4.0,20.0,3.0,6.0,11.0,157370.0,2018.0,10.5,,,,0,2,0,2,0,2,0,2016
15266541,N,08/13/2016,10:02 AM,15,12,1,1,1,1,4,4,5.0,227,22,,,IH,35.0,,IH0035,Y,N,2,SAT,,,,,,,,,,,,0,1,0,1,0,1,0,2016
15266567,N,08/13/2016,06:56 PM,40,2,1,2,5,2,2,22,1.0,227,22,30.23683369,-97.79186953,SL,343.0,0.6829999999999999,SL0343,Y,N,2,SAT,0.0,0.0,12.0,6.0,14.0,36688.0,2018.0,1.5,,,,0,1,1,5,0,2,0,2016
15266626,N,08/14/2016,04:39 AM,-1,12,3,2,20,2,4,20,1.0,227,22,30.29081198,-97.66399168,US,183.0,323.186,US0183,Y,N,2,SUN,16.0,20.0,36.0,4.0,14.0,57843.0,2018.0,3.2,,,,0,1,0,0,0,1,0,2016
15266636,N,08/14/2016,08:19 PM,45,2,4,2,5,2,1,10,1.0,227,22,30.34771675,-97.71247764,US,183.0,317.698,US0183,Y,N,2,SUN,20.0,20.0,8.0,6.0,12.0,138247.0,2018.0,3.6,,,,0,1,0,1,0,1,0,2016
15266707,N,08/15/2016,08:29 AM,65,2,1,2,5,2,4,21,1.0,227,22,30.33573317,-97.80593609,SL,360.0,5.686,SL0360,Y,N,2,MON,8.0,20.0,60.0,4.0,14.0,53846.0,2018.0,2.7,,,,0,1,1,2,0,2,0,2016
15266795,N,08/15/2016,04:15 PM,45,2,1,2,5,2,2,22,1.0,227,22,30.28919539,-97.72326549,IH,35.0,235.547,IH0035,Y,N,2,MON,8.0,20.0,24.0,8.0,11.0,202376.0,2018.0,9.3,,,,0,1,0,1,0,1,0,2016
15266876,N,08/11/2016,04:00 PM,55,11,1,1,20,2,4,23,1.0,227,9999,30.26798705,-97.62628523,FM,969.0,5.0539999999999985,FM0969,Y,Y,2,THU,0.0,0.0,0.0,4.0,14.0,22033.0,2018.0,6.4,,,,0,1,0,1,0,1,0,2016
15267269,N,08/16/2016,10:03 AM,50,2,1,2,5,2,1,34,1.0,227,9999,30.28623005,-97.63120561,FM,3177.0,3.939,FM3177,Y,Y,2,TUE,1.0,1.0,0.0,4.0,17.0,11798.0,2018.0,6.1,,,,0,3,0,0,0,3,0,2016
15267881,N,08/16/2016,03:43 PM,80,2,1,2,1,7,4,1,2.0,227,22,30.19623401,-97.62327674,SH,130.0,37.158,SH0130,Y,N,2,TUE,12.0,20.0,135.0,4.0,12.0,43413.0,2018.0,17.5,1.0,292.0,1.0,0,1,0,4,0,1,0,2016
15268216,Y,07/31/2016,01:20 PM,80,11,1,1,20,2,4,21,1.0,227,9999,30.28205639,-97.58054157,SH,130.0,30.481,SH0130,Y,Y,1,SUN,12.0,20.0,135.0,4.0,12.0,39424.0,2018.0,17.9,,,,1,2,2,0,0,5,0,2016
15268227,Y,08/03/2016,05:31 AM,70,11,3,1,20,2,4,34,1.0,227,9999,30.18083826,-97.5376194,SH,71.0,137.336,SH0071,Y,Y,4,WED,6.0,10.0,40.0,4.0,2.0,40580.0,2018.0,9.6,,,,0,0,0,1,0,0,1,2016
15268230,N,07/31/2016,03:38 PM,65,11,1,1,11,10,4,1,2.0,227,9999,30.375409700000002,-97.52937948,FM,973.0,14.379,FM0973,Y,Y,2,SUN,10.0,10.0,0.0,2.0,16.0,15148.0,2018.0,5.5,,,,0,1,0,0,0,1,0,2016
15268253,N,08/11/2016,09:31 PM,55,11,3,1,1,2,3,14,1.0,227,250,30.38060232,-97.94468266,RM,620.0,6.005,RM0620,Y,N,2,THU,8.0,8.0,0.0,4.0,14.0,37016.0,2018.0,3.4,,,,0,1,0,2,0,1,0,2016
15268835,N,08/11/2016,12:45 AM,-1,12,3,1,20,2,4,30,1.0,227,22,30.27933582,-97.64395942,FM,969.0,3.692,FM0969,Y,N,1,THU,0.0,0.0,0.0,4.0,14.0,32176.0,2018.0,6.2,,,,1,0,1,0,0,2,0,2016
15268839,N,08/13/2016,02:07 AM,60,11,4,1,1,1,4,1,1.0,227,22,30.25457716,-97.73672461,IH,35.0,232.995,IH0035,Y,N,4,SAT,8.0,20.0,3.0,8.0,11.0,142856.0,2018.0,11.0,,,,0,0,1,0,0,1,1,2016
15268841,N,08/15/2016,04:39 AM,45,2,4,2,20,2,2,22,1.0,227,22,30.36303395,-97.69703215,SL,275.0,4.555,SL0275,Y,N,2,MON,0.0,0.0,0.0,4.0,14.0,37689.0,2018.0,1.2,,,,0,2,0,0,0,2,0,2016
15268921,N,08/16/2016,11:13 AM,45,2,1,2,5,2,1,10,1.0,227,22,30.25335001,-97.67940244,US,183.0,325.95,US0183,Y,N,2,TUE,18.0,16.0,3.0,4.0,14.0,67460.0,2018.0,6.6,,,,0,5,0,0,0,5,0,2016
15268922,N,08/16/2016,06:40 AM,35,2,6,2,15,1,2,2,1.0,227,22,30.2419161,-97.7846734,SL,343.0,1.237,SL0343,Y,N,2,TUE,0.0,0.0,0.0,4.0,14.0,36688.0,2018.0,1.5,,,,0,1,0,1,0,1,0,2016
15268923,N,08/16/2016,10:25 AM,45,2,1,2,20,2,1,22,1.0,227,22,,,FM,973.0,,FM0973,Y,N,2,TUE,,,,,,,,,,,,0,1,0,2,0,1,0,2016
15268938,N,08/16/2016,06:30 PM,65,2,1,2,1,2,4,20,1.0,227,22,30.40185748,-97.74571752,US,183.0,313.145,US0183,Y,N,2,TUE,20.0,20.0,36.0,6.0,12.0,137676.0,2018.0,2.0,1.0,270.0,1.0,0,2,0,2,0,2,0,2016
15269121,N,08/14/2016,01:09 PM,55,2,1,2,20,2,4,30,1.0,227,538,30.30771616,-97.98352599,RM,3238.0,5.66,RM3238,Y,Y,2,SUN,1.0,1.0,0.0,2.0,16.0,17316.0,2018.0,4.2,1.0,150.0,5.0,0,4,0,0,0,4,0,2016
15270731,N,08/15/2016,03:30 PM,50,2,1,2,5,2,1,34,1.0,227,330,30.45594504,-97.60209623,FM,685.0,6.454,FM0685,Y,N,2,MON,4.0,4.0,14.0,4.0,16.0,29334.0,2018.0,4.3,1.0,54.0,1.0,0,1,0,2,0,1,0,2016
15270982,N,08/13/2016,04:11 AM,70,11,4,1,1,2,4,20,1.0,227,22,30.43053862,-97.67036555,IH,35.0,246.048,IH0035,Y,N,2,SAT,8.0,20.0,3.0,6.0,11.0,132719.0,2018.0,12.4,,,,0,1,0,1,0,1,0,2016
15271116,N,08/12/2016,09:30 AM,60,11,1,1,11,7,4,1,2.0,227,9999,30.31181013,-97.61472942,FM,3177.0,1.925,FM3177,Y,Y,2,FRI,1.0,1.0,0.0,4.0,17.0,11798.0,2018.0,6.1,,,,0,1,0,2,0,1,0,2016
15271306,N,08/18/2016,08:24 AM,65,2,1,2,11,2,4,24,1.0,227,1088,30.08959574,-97.69356586,US,183.0,337.82,US0183,Y,Y,2,THU,8.0,8.0,0.0,4.0,14.0,19968.0,2018.0,9.0,,,,0,1,0,1,0,1,0,2016
15272912,Y,08/09/2016,04:31 PM,65,11,1,1,20,2,4,30,1.0,227,22,30.11256228,-97.80202875,FM,1327.0,0.24,FM1327,Y,N,4,TUE,10.0,10.0,0.0,2.0,16.0,17645.0,2018.0,5.2,,,,0,0,0,3,0,0,1,2016
15273150,Y,08/10/2016,12:38 PM,55,11,1,1,12,2,1,10,1.0,227,22,30.34890077,-97.71317254,US,183.0,317.605,US0183,Y,N,2,WED,20.0,20.0,8.0,6.0,12.0,138247.0,2018.0,3.6,,,,0,1,0,4,0,1,0,2016
15273446,N,08/12/2016,09:18 PM,-1,12,4,1,20,2,4,20,1.0,227,22,30.21759367,-97.75416104,US,290.0,117.007,US0290,Y,N,2,FRI,20.0,20.0,20.0,6.0,12.0,140123.0,2018.0,2.6,1.0,171.0,2.0,0,2,3,0,0,5,0,2016
15273683,N,08/11/2016,06:00 PM,70,11,1,1,1,2,2,22,1.0,227,9999,,,SH,71.0,,SH0071,Y,Y,1,THU,,,,,,,,,,,,1,0,0,3,0,1,0,2016
15273839,N,08/19/2016,04:52 PM,80,11,1,1,1,2,4,22,1.0,227,9999,30.24830369,-97.60791099,SH,130.0,33.348,SH0130,Y,Y,2,FRI,12.0,20.0,135.0,4.0,12.0,43413.0,2018.0,17.5,,,,0,2,0,5,0,2,0,2016
15275393,N,08/18/2016,03:55 PM,55,12,1,1,11,2,3,14,1.0,227,250,30.36106791,-97.95342569,RM,620.0,4.5539999999999985,RM0620,Y,N,2,THU,8.0,8.0,0.0,4.0,14.0,43643.0,2018.0,3.2,,,,0,1,0,1,0,1,0,2016
15277247,N,08/12/2016,09:40 PM,35,11,4,1,20,2,1,34,1.0,227,22,30.35654902,-97.70122856,SL,275.0,5.07,SL0275,Y,N,2,FRI,0.0,0.0,0.0,4.0,14.0,37706.0,2018.0,1.2,1.0,112.0,0.0,0,1,0,1,0,1,0,2016
15277248,N,08/13/2016,05:45 PM,-1,2,1,2,20,2,4,22,1.0,227,22,30.34249548,-97.69801971,IH,35.0,239.56,IH0035,Y,N,2,SAT,20.0,20.0,3.0,6.0,11.0,145168.0,2018.0,11.9,,,,0,1,0,0,1,1,0,2016
15277307,N,08/09/2016,12:04 PM,50,11,1,1,20,7,2,1,2.0,227,22,30.36359176,-97.71764916,US,183.0,316.561,US0183,Y,N,2,TUE,20.0,20.0,8.0,6.0,12.0,138365.0,2018.0,3.6,1.0,131.0,3.0,0,1,0,1,0,1,0,2016
15277311,N,08/12/2016,01:38 PM,45,11,1,1,9,2,2,20,1.0,227,22,30.21665339,-97.75229856,US,290.0,117.136,US0290,Y,N,2,FRI,20.0,20.0,20.0,6.0,12.0,140123.0,2018.0,2.6,1.0,171.0,2.0,0,1,0,1,0,1,0,2016
15277315,N,08/13/2016,09:04 AM,45,2,1,2,5,2,2,22,1.0,227,22,30.24858809,-97.80484728,SL,360.0,12.648,SL0360,Y,N,2,SAT,8.0,20.0,48.0,4.0,14.0,99537.0,2018.0,2.0,,,,0,1,0,2,0,1,0,2016
15277368,N,08/14/2016,09:50 PM,-1,2,4,2,20,2,1,10,1.0,227,22,30.35192542,-97.69204996,IH,35.0,240.3,IH0035,Y,N,2,SUN,20.0,20.0,3.0,6.0,11.0,145168.0,2018.0,11.9,,,,0,1,0,4,0,1,0,2016
15277369,N,08/14/2016,03:42 PM,65,12,1,2,20,2,4,20,1.0,227,22,30.40433573,-97.6751014,IH,35.0,244.223,IH0035,Y,N,2,SUN,8.0,20.0,3.0,6.0,11.0,159315.0,2018.0,11.5,,,,0,1,0,3,0,1,0,2016
15277373,N,08/15/2016,12:16 AM,45,2,3,2,20,2,3,10,1.0,227,22,30.38521316,-97.68461679,SL,275.0,2.86,SL0275,Y,N,1,MON,0.0,0.0,0.0,4.0,14.0,28204.0,2018.0,1.4,1.0,244.0,0.0,1,0,0,1,0,1,0,2016
15277480,N,08/18/2016,01:37 PM,55,12,1,1,20,2,3,20,1.0,227,22,30.39636429,-97.67210929,IH,35.0,243.643,IH0035,Y,N,2,THU,8.0,20.0,3.0,6.0,11.0,159315.0,2018.0,11.5,1.0,438.0,1.0,0,1,1,2,0,2,0,2016
15277503,N,08/18/2016,05:22 PM,35,12,1,2,20,2,4,22,1.0,227,22,30.26010326,-97.69386776,SL,111.0,1.676,SL0111,Y,N,2,THU,1.0,2.0,0.0,4.0,14.0,31328.0,2018.0,1.8,,,,0,1,1,3,0,2,0,2016
15277541,N,08/18/2016,09:43 PM,65,12,4,1,20,7,4,1,1.0,227,22,30.40391468,-97.72677853,SL,1.0,5.849,SL0001,Y,N,2,THU,24.0,20.0,36.0,6.0,12.0,112347.0,2018.0,1.6,1.0,773.0,0.0,0,1,0,0,0,1,0,2016
15277549,N,08/19/2016,06:28 AM,40,12,4,1,16,5,3,1,1.0,227,22,30.37370743,-97.72628232,FM,1325.0,8.113,FM1325,Y,N,2,FRI,0.0,0.0,40.0,4.0,14.0,43120.0,2018.0,1.5,,,,0,1,0,1,0,1,0,2016
15277565,N,08/19/2016,11:00 AM,60,11,1,1,20,2,4,20,1.0,227,22,30.27433328,-97.73156878,IH,35.0,234.407,IH0035,Y,N,1,FRI,20.0,40.0,3.0,8.0,11.0,177389.0,2018.0,9.9,,,,2,0,1,1,0,3,0,2016
15277566,N,08/19/2016,02:09 PM,-1,11,1,1,20,2,4,20,1.0,227,22,30.33845599,-97.70057628,IH,35.0,239.243,IH0035,Y,N,2,FRI,20.0,20.0,3.0,6.0,11.0,199837.0,2018.0,9.4,,,,0,3,3,0,0,6,0,2016
15277572,N,08/19/2016,05:30 PM,60,12,1,1,1,2,4,22,1.0,227,22,30.27930591,-97.72953477,IH,35.0,234.77,IH0035,Y,N,2,FRI,20.0,40.0,3.0,8.0,11.0,202376.0,2018.0,9.3,,,,0,1,0,5,0,1,0,2016
15277616,N,08/20/2016,03:57 AM,55,12,4,1,20,10,4,1,2.0,227,22,30.44437788,-97.66772578,IH,35.0,247.013,IH0035,Y,N,4,SAT,8.0,20.0,3.0,6.0,11.0,129244.0,2018.0,12.7,,,,0,0,1,0,0,1,1,2016
15277625,N,08/20/2016,11:00 AM,70,2,1,2,20,2,4,20,1.0,227,22,30.17866533,-97.77846496,IH,35.0,227.063,IH0035,Y,N,2,SAT,6.0,20.0,30.0,6.0,11.0,156852.0,2018.0,11.1,,,,0,1,0,1,0,1,0,2016
15277627,N,08/20/2016,03:19 PM,55,12,1,1,1,2,2,22,1.0,227,22,30.27838929,-97.66727377,US,183.0,324.062,US0183,Y,N,2,SAT,18.0,16.0,36.0,4.0,14.0,67460.0,2018.0,6.6,,,,0,1,0,6,0,1,0,2016
15277666,N,07/19/2016,08:36 PM,55,11,4,1,8,7,4,1,2.0,227,22,30.15347267,-97.79145786,IH,35.0,225.152,IH0035,Y,N,2,TUE,6.0,20.0,30.0,6.0,11.0,128785.0,2018.0,12.2,,,,0,1,1,0,0,2,0,2016
15277675,N,08/20/2016,05:00 PM,-1,11,1,1,5,2,2,13,1.0,227,22,30.27679979,-97.63725752,FM,969.0,4.132,FM0969,Y,N,2,SAT,4.0,4.0,0.0,4.0,14.0,20957.0,2018.0,6.4,1.0,256.0,3.0,0,2,0,2,1,2,0,2016
15277699,N,08/21/2016,03:15 PM,55,12,1,2,5,2,1,10,1.0,227,22,30.21524705,-97.73492728,SH,71.0,124.49,SH0071,Y,N,2,SUN,20.0,20.0,44.0,8.0,12.0,85342.0,2018.0,3.6,,,,0,2,1,0,0,3,0,2016
15277700,N,08/21/2016,05:26 PM,65,11,1,1,20,2,3,34,1.0,227,22,,,,,,FM0620,Y,N,2,SUN,,,,,,,,,,,,0,2,0,1,0,2,0,2016
15277701,N,08/21/2016,04:21 PM,45,12,1,2,20,2,1,10,1.0,227,22,30.21840121,-97.69108715,SH,71.0,127.198,SH0071,Y,N,2,SUN,4.0,5.0,44.0,6.0,12.0,70740.0,2018.0,4.0,,,,0,1,0,5,0,1,0,2016
15277738,N,08/21/2016,10:55 AM,-1,12,1,2,5,2,1,10,1.0,227,22,30.34774163,-97.71247936,SL,275.0,5.977,SL0275,Y,N,2,SUN,2.0,20.0,12.0,4.0,14.0,37706.0,2018.0,1.2,,,,0,1,0,4,0,1,0,2016
15277749,N,08/22/2016,07:10 AM,45,12,1,1,5,2,2,22,1.0,227,22,30.32351789,-97.72380683,SS,69.0,0.229,SS0069,Y,N,2,MON,0.0,0.0,10.0,4.0,14.0,19307.0,2018.0,2.3,,,,0,1,0,4,0,1,0,2016
15277750,N,08/22/2016,07:01 AM,-1,5,5,2,9,2,1,34,1.0,227,22,30.20807273,-97.86106066,SL,1.0,22.669,SL0001,Y,N,2,MON,12.0,20.0,36.0,4.0,12.0,69394.0,2018.0,1.9,1.0,569.0,0.0,0,1,3,0,0,4,0,2016
15278624,N,07/25/2016,03:21 AM,-1,11,6,1,5,7,2,1,2.0,227,1016,30.34107173,-97.55770106,FM,973.0,17.749000000000006,FM0973,Y,N,1,MON,0.0,0.0,0.0,2.0,16.0,13953.0,2018.0,6.4,,,,1,0,0,1,0,1,0,2016
15281137,N,08/16/2016,08:25 AM,60,2,1,2,20,2,4,30,1.0,227,9999,30.3872636,-97.90537619,RM,620.0,9.3,RM0620,Y,Y,2,TUE,8.0,8.0,0.0,4.0,14.0,32009.0,2018.0,3.5,1.0,315.0,4.0,0,2,0,0,0,2,0,2016
15281418,N,06/04/2016,11:33 PM,45,11,4,1,5,2,4,21,1.0,227,22,30.33900328,-97.7002255,IH,35.0,239.286,IH0035,Y,N,2,SAT,20.0,20.0,3.0,6.0,11.0,145168.0,2018.0,11.9,,,,0,1,0,4,0,1,0,2016
15281469,Y,07/25/2016,06:23 AM,40,12,1,1,20,2,1,23,1.0,227,22,30.24693284,-97.77718958,SL,343.0,1.803,SL0343,Y,N,2,MON,0.0,0.0,0.0,4.0,14.0,36688.0,2018.0,1.5,1.0,199.0,3.0,0,1,0,5,0,1,0,2016
15281500,Y,08/17/2016,12:55 PM,35,2,1,2,5,2,1,10,1.0,227,22,30.21529646,-97.73525205,SH,71.0,124.471,SH0071,Y,N,1,WED,20.0,20.0,44.0,8.0,12.0,122565.0,2018.0,3.2,,,,2,0,0,2,0,2,0,2016
15281555,N,08/21/2016,05:24 PM,-1,12,1,2,20,2,4,21,1.0,227,22,30.25031887,-97.69198324,SL,111.0,2.36,SL0111,Y,N,1,SUN,0.0,0.0,12.0,4.0,14.0,31328.0,2018.0,1.8,1.0,69.0,5.0,1,0,0,1,0,1,0,2016
15281559,N,08/22/2016,04:12 PM,55,12,1,1,5,2,4,22,1.0,227,22,30.18379327,-97.68732353,US,183.0,331.27,US0183,Y,N,2,MON,12.0,20.0,36.0,4.0,14.0,30598.0,2018.0,9.5,1.0,76.0,1.0,0,2,0,3,0,2,0,2016
15281567,N,08/22/2016,06:26 PM,70,11,1,1,20,7,4,1,4.0,227,22,30.13426015,-97.79836596,IH,35.0,223.767,IH0035,Y,N,2,MON,40.0,20.0,2.0,6.0,11.0,135389.0,2018.0,11.8,1.0,103.0,0.0,0,1,0,0,0,1,0,2016
15281593,N,08/23/2016,06:21 AM,45,12,3,1,15,5,2,2,1.0,227,22,30.21642978,-97.75132782,US,290.0,117.196,US0290,Y,N,2,TUE,20.0,20.0,20.0,6.0,12.0,140123.0,2018.0,2.6,,,,0,1,0,0,1,1,0,2016
15281620,N,08/23/2016,06:41 PM,35,11,1,1,21,1,2,3,1.0,227,22,30.26085741,-97.75852177,SL,343.0,3.383,SL0343,Y,N,2,TUE,0.0,0.0,0.0,4.0,14.0,46479.0,2018.0,1.4,,,,0,1,0,1,0,1,0,2016
15281644,N,08/23/2016,10:32 PM,-1,11,3,1,11,10,4,1,2.0,227,22,30.21895233,-97.66974482,SH,71.0,128.612,SH0071,Y,N,2,TUE,0.0,14.0,40.0,7.0,14.0,95090.0,2018.0,3.5,1.0,440.0,1.0,0,1,0,0,0,1,0,2016
15283478,N,08/22/2016,12:56 PM,45,12,1,1,5,2,1,10,1.0,227,22,30.32047038,-97.71277511,SS,69.0,0.935,SS0069,Y,N,2,MON,0.0,10.0,4.0,3.0,14.0,19307.0,2018.0,2.3,1.0,130.0,2.0,0,1,1,4,0,2,0,2016
15283494,N,08/24/2016,04:28 PM,-1,11,1,1,8,5,3,1,1.0,227,22,30.21942534,-97.75702705,US,290.0,116.794,US0290,Y,N,1,WED,20.0,20.0,20.0,6.0,12.0,140123.0,2018.0,2.6,,,,1,0,0,1,0,1,0,2016
15283529,N,08/24/2016,08:24 PM,45,12,3,1,20,2,4,21,1.0,227,22,30.34137668,-97.7799459,RM,2222.0,7.02,RM2222,Y,N,2,WED,0.0,0.0,0.0,4.0,14.0,27402.0,2018.0,3.8,1.0,56.0,4.0,0,1,0,1,0,1,0,2016
15283532,N,08/24/2016,02:42 PM,45,11,1,1,11,2,3,10,1.0,227,22,30.35204873,-97.70739334,SL,275.0,5.55,SL0275,Y,N,1,WED,8.0,8.0,0.0,4.0,14.0,37706.0,2018.0,1.2,,,,1,0,0,1,0,1,0,2016
15283964,N,08/15/2016,04:05 PM,-1,12,1,0,1,2,2,22,1.0,227,22,30.21529646,-97.73525205,SH,71.0,124.471,SH0071,Y,N,2,MON,20.0,20.0,44.0,8.0,12.0,122565.0,2018.0,3.2,,,,0,2,0,0,1,2,0,2016
15285455,N,08/13/2016,02:13 PM,45,12,1,1,20,2,3,10,1.0,227,22,30.23357737,-97.82581354,SL,1.0,19.746,SL0001,Y,N,2,SAT,20.0,20.0,60.0,6.0,12.0,84322.0,2018.0,1.6,,,,0,1,0,1,0,1,0,2016
15285510,N,08/25/2016,09:19 AM,45,11,1,1,5,2,1,10,1.0,227,22,30.34814141,-97.71281681,US,183.0,317.6620000000001,US0183,Y,N,2,THU,20.0,20.0,8.0,6.0,12.0,138247.0,2018.0,3.6,,,,0,1,0,1,0,1,0,2016
15286880,N,08/27/2016,12:34 PM,40,11,1,1,5,2,2,22,1.0,227,9999,30.456045500000002,-97.66642528,IH,35.0,247.823,IH0035,Y,Y,2,SAT,18.0,18.0,12.0,6.0,11.0,129244.0,2018.0,12.7,,,,0,1,0,2,0,1,0,2016