Crash_ID,Cmv_Involv_Fl,Crash_Date,Crash_Time,Crash_Speed_Limit,Wthr_Cond_ID,Light_Cond_ID,Surf_Cond_ID,Traffic_Cntl_ID,Harm_Evnt_ID,Intrsct_Relat_ID,FHE_Collsn_ID,Road_Relat_ID,Cnty_ID,City_ID,Latitude,Longitude,Hwy_Sys,Hwy_Nbr,Dfo,Street_Name,Onsys_Fl,Rural_Fl,Crash_Sev_ID,Day_of_Week,Shldr_Width_Left,Shldr_Width_Right,Median_Width,Nbr_Of_Lane,Func_Sys_ID,Adt_Curnt_Amt,Adt_Curnt_Year,Trk_Aadt_Pct,Curve_Type_ID,Curve_Lngth,Cd_Degr,Sus_Serious_Injry_Cnt,Nonincap_Injry_Cnt,Poss_Injry_Cnt,Non_Injry_Cnt,Unkn_Injry_Cnt,Tot_Injry_Cnt,Death_Cnt,Year
15287016,N,08/25/2016,02:23 PM,80,11,1,1,20,10,4,1,4.0,227,330,30.48939484,-97.58410443,SH,130.0,15.24,SH0130,Y,N,2,THU,8.0,20.0,135.0,4.0,12.0,38706.0,2018.0,17.5,,,,0,1,0,0,0,1,0,2016
15287021,N,08/18/2016,02:00 PM,45,12,1,1,5,2,1,34,1.0,227,330,30.44307568,-97.62766727,FM,1825.0,2.9810000000000003,FM1825,Y,N,1,THU,9.0,9.0,0.0,2.0,16.0,20268.0,2018.0,4.4,,,,1,0,0,4,0,1,0,2016
15288629,N,08/25/2016,11:22 AM,50,11,1,1,20,2,2,28,1.0,227,22,30.36152934,-97.74452264,SL,1.0,8.982999999999997,SL0001,Y,N,2,THU,12.0,20.0,36.0,6.0,12.0,149361.0,2018.0,1.2,,,,0,1,0,1,0,1,0,2016
15288666,N,08/26/2016,01:23 PM,70,11,1,1,20,2,4,21,1.0,227,22,30.13041387,-97.7998705,IH,35.0,223.488,IH0035,Y,N,2,FRI,6.0,20.0,40.0,6.0,11.0,135389.0,2018.0,11.8,1.0,103.0,0.0,0,1,0,4,0,1,0,2016
15288715,N,08/26/2016,05:22 PM,45,11,1,1,8,2,2,23,1.0,227,22,30.14017203,-97.79603697,IH,35.0,224.197,IH0035,Y,N,2,FRI,6.0,20.0,30.0,6.0,11.0,128785.0,2018.0,12.2,,,,0,1,0,1,0,1,0,2016
15288717,N,08/27/2016,11:30 PM,60,11,4,1,20,2,4,20,1.0,227,22,30.28314308,-97.72718978,IH,35.0,235.069,IH0035,Y,N,1,SAT,20.0,40.0,3.0,8.0,11.0,202376.0,2018.0,9.3,1.0,45.0,5.0,1,0,0,1,0,1,0,2016
15288719,N,08/27/2016,06:54 AM,40,11,1,1,5,2,1,10,1.0,227,22,30.21524705,-97.73492728,SH,71.0,124.49,SH0071,Y,N,2,SAT,20.0,20.0,44.0,8.0,12.0,85342.0,2018.0,3.6,,,,0,2,1,0,0,3,0,2016
15288776,N,08/27/2016,07:42 PM,35,11,1,1,5,2,1,10,1.0,227,22,30.35298507,-97.71443173,US,183.0,317.315,US0183,Y,N,2,SAT,20.0,20.0,8.0,6.0,12.0,138247.0,2018.0,3.6,,,,0,1,1,1,0,2,0,2016
15288778,N,08/27/2016,10:24 PM,50,11,3,1,11,1,4,1,1.0,227,22,30.28680692,-97.67281521,FM,969.0,1.883,FM0969,Y,N,1,SAT,0.0,0.0,0.0,4.0,14.0,17992.0,2018.0,6.6,,,,1,0,0,1,0,1,0,2016
15288783,N,08/28/2016,07:14 AM,55,11,1,1,20,7,4,1,2.0,227,22,30.29933076,-97.75820722,SL,1.0,13.398,SL0001,Y,N,2,SUN,12.0,20.0,60.0,6.0,12.0,150574.0,2018.0,1.2,1.0,171.0,2.0,0,1,0,0,0,1,0,2016
15289902,N,08/28/2016,02:56 AM,60,11,3,1,11,2,4,30,1.0,227,9999,30.14735797,-97.67290082,FM,812.0,1.971,FM0812,Y,Y,1,SUN,10.0,10.0,0.0,2.0,16.0,17216.0,2018.0,6.7,,,,2,4,0,0,0,6,0,2016
15291840,N,08/17/2016,07:53 PM,-1,2,5,2,1,2,3,10,1.0,227,22,30.27197245,-97.69742596,SL,111.0,0.833,SL0111,Y,N,2,WED,1.0,2.0,0.0,4.0,14.0,31328.0,2018.0,1.8,,,,0,1,0,1,0,1,0,2016
15291860,N,08/26/2016,03:15 PM,-1,11,1,1,21,2,1,34,1.0,227,22,30.37690526,-97.67617257,IH,35.0,242.262,IH0035,Y,N,1,FRI,8.0,20.0,3.0,6.0,11.0,159315.0,2018.0,11.5,,,,1,0,0,2,0,1,0,2016
15291921,N,08/28/2016,11:10 AM,35,12,1,2,5,2,1,14,1.0,227,22,30.26665874,-97.75621312,SL,343.0,3.805,SL0343,Y,N,2,SUN,0.0,7.0,0.0,4.0,14.0,43724.0,2018.0,1.4,,,,0,1,0,1,0,1,0,2016
15291934,N,08/29/2016,12:33 PM,30,11,1,1,20,2,1,10,1.0,227,22,30.26122284,-97.73644257,IH,35.0,233.459,IH0035,Y,N,2,MON,8.0,20.0,3.0,8.0,11.0,158343.0,2018.0,10.4,,,,0,1,0,3,0,1,0,2016
15291953,N,08/29/2016,04:28 PM,50,11,1,1,1,2,4,20,1.0,227,22,30.3183222,-97.66438831,US,183.0,321.242,US0183,Y,N,2,MON,16.0,16.0,70.0,4.0,12.0,55986.0,2018.0,7.2,,,,0,1,0,2,0,1,0,2016
15292233,N,08/30/2016,06:29 AM,65,12,3,1,11,2,2,22,1.0,227,9999,30.15986312,-97.6942056,US,183.0,332.966,US0183,Y,Y,2,TUE,8.0,8.0,0.0,4.0,14.0,23967.0,2018.0,8.1,,,,0,2,0,2,0,2,0,2016
15292516,N,08/30/2016,07:02 PM,50,11,1,1,8,2,1,14,1.0,227,9999,30.14562988,-97.67339325,FM,812.0,2.096,FM0812,Y,Y,2,TUE,10.0,10.0,0.0,2.0,16.0,17216.0,2018.0,6.7,1.0,236.0,7.0,0,1,1,0,0,2,0,2016
15293036,N,08/24/2016,11:31 AM,70,11,1,1,11,7,4,1,4.0,227,9999,30.18846192,-97.59102139,SH,71.0,134.036,SH0071,Y,Y,2,WED,4.0,6.0,40.0,4.0,2.0,53382.0,2018.0,8.3,,,,0,1,0,1,0,1,0,2016
15293221,N,08/03/2016,07:37 AM,-1,11,1,1,1,2,2,22,1.0,227,1016,30.34983118,-97.51876766,US,290.0,136.611,US0290,Y,N,2,WED,12.0,20.0,68.0,4.0,14.0,44701.0,2018.0,6.9,,,,0,1,0,1,0,1,0,2016
15293312,N,08/29/2016,07:30 AM,55,11,1,1,20,2,4,20,1.0,227,22,30.27365909,-97.63472974,FM,969.0,4.396,FM0969,Y,N,2,MON,0.0,0.0,0.0,4.0,14.0,20957.0,2018.0,6.4,,,,0,2,0,4,0,2,0,2016
15293401,Y,08/29/2016,06:30 AM,55,11,3,1,11,2,4,24,1.0,227,9999,30.3179228,-97.99865622,SH,71.0,105.316,SH0071,Y,Y,2,MON,5.0,5.0,0.0,4.0,14.0,37755.0,2018.0,3.3,1.0,231.0,4.0,0,1,0,4,0,1,0,2016
15293642,N,08/31/2016,06:35 AM,60,2,3,2,1,5,3,2,1.0,227,9999,30.44624396,-97.7436055,FM,734.0,6.825,FM0734,Y,Y,1,WED,8.0,20.0,36.0,6.0,14.0,55456.0,2018.0,3.8,1.0,297.0,1.0,1,0,0,3,0,1,0,2016
15293764,N,07/05/2016,04:13 PM,65,12,1,1,20,2,4,20,1.0,227,22,30.23149411,-97.74252316,IH,35.0,231.291,IH0035,Y,N,2,TUE,4.0,20.0,3.0,6.0,11.0,157370.0,2018.0,10.5,,,,0,1,0,2,0,1,0,2016
15293908,N,08/30/2016,01:01 PM,-1,11,1,1,1,7,4,1,2.0,227,22,30.30173781,-97.62122509999999,FM,3177.0,2.718,FM3177,Y,N,1,TUE,10.0,10.0,0.0,4.0,17.0,11798.0,2018.0,6.1,1.0,55.0,0.0,1,0,0,0,0,1,0,2016
15293967,Y,08/30/2016,05:28 PM,55,11,1,1,20,2,4,20,1.0,227,22,30.20959748,-97.65198572,SH,71.0,129.852,SH0071,Y,N,2,TUE,4.0,10.0,2.0,6.0,14.0,66025.0,2018.0,4.1,,,,0,3,0,3,0,3,0,2016
15294507,N,08/26/2016,09:45 PM,-1,11,4,1,20,10,4,1,4.0,227,9999,30.29428926,-97.57154639,SH,130.0,29.481,SH0130,Y,Y,2,FRI,12.0,20.0,135.0,4.0,12.0,39424.0,2018.0,17.9,1.0,1686.0,0.0,0,1,0,0,0,1,0,2016
15294508,N,08/26/2016,12:30 AM,50,11,3,1,1,2,1,13,1.0,227,9999,30.21636758,-97.63782302,FM,973.0,28.281,FM0973,Y,Y,2,FRI,10.0,10.0,30.0,4.0,16.0,16700.0,2018.0,6.1,,,,0,2,0,0,0,2,0,2016
15297321,N,08/24/2016,02:20 PM,50,11,1,1,5,2,2,22,1.0,227,22,30.40180292,-97.67913645,SL,275.0,1.666,SL0275,Y,N,2,WED,9.0,9.0,0.0,4.0,14.0,27539.0,2018.0,1.4,1.0,157.0,0.0,0,2,0,0,0,2,0,2016
15297856,N,08/21/2016,03:10 AM,-1,12,4,2,1,7,4,1,2.0,227,22,30.34926764,-97.71328683,US,183.0,317.579,US0183,Y,N,2,SUN,20.0,20.0,8.0,6.0,12.0,138247.0,2018.0,3.6,,,,0,1,0,0,0,1,0,2016
15297868,N,08/29/2016,07:43 AM,60,2,1,2,1,2,4,22,1.0,227,22,30.22777831,-97.77842089,US,290.0,115.349,US0290,Y,N,2,MON,20.0,20.0,22.0,8.0,12.0,148990.0,2018.0,2.4,1.0,331.0,1.0,0,2,0,1,0,2,0,2016
15297898,N,08/30/2016,02:27 AM,65,11,4,1,1,2,4,21,1.0,227,22,30.34647955,-97.71029717,US,183.0,317.855,US0183,Y,N,2,TUE,13.0,13.0,8.0,5.0,12.0,139965.0,2018.0,3.6,,,,0,1,0,0,1,1,0,2016
15297905,Y,08/31/2016,12:30 PM,65,11,1,1,1,2,4,20,1.0,227,22,30.33224871,-97.68571367,US,183.0,319.638,US0183,Y,N,2,WED,2.0,10.0,24.0,5.0,12.0,65226.0,2018.0,6.6,,,,0,1,0,2,0,1,0,2016
15298016,N,08/27/2016,01:42 PM,60,11,1,1,20,10,4,1,2.0,227,9999,30.23196426,-97.62775875,FM,973.0,27.051,FM0973,Y,Y,2,SAT,5.0,5.0,0.0,2.0,16.0,16700.0,2018.0,6.1,,,,0,1,0,0,0,1,0,2016
15298031,N,09/01/2016,08:47 AM,65,11,1,1,20,7,4,1,4.0,227,22,30.30784705,-97.71141542,IH,35.0,237.011,IH0035,Y,N,1,THU,8.0,20.0,24.0,8.0,11.0,196302.0,2018.0,9.5,,,,1,0,0,0,0,1,0,2016
15298049,N,09/01/2016,09:04 PM,45,11,4,1,11,2,4,20,1.0,227,22,,,US,183.0,,US0183,Y,N,2,THU,,,,,,,,,,,,0,1,0,2,0,1,0,2016
15298088,N,09/02/2016,10:48 AM,-1,11,1,1,5,2,1,10,1.0,227,22,30.21642876,-97.75132751,IH,35.0,230.129,IH0035,Y,N,2,FRI,4.0,20.0,3.0,6.0,11.0,157370.0,2018.0,10.5,,,,0,2,0,0,0,2,0,2016
15298870,N,09/03/2016,12:01 PM,55,11,1,1,20,2,3,34,1.0,227,9999,30.16372081,-97.69189481,FM,812.0,0.069,FM0812,Y,Y,2,SAT,0.0,0.0,0.0,4.0,16.0,18286.0,2018.0,6.6,,,,0,2,0,1,0,2,0,2016
15299734,N,08/26/2016,01:30 PM,80,11,1,1,20,7,4,1,2.0,227,330,30.48518148,-97.61717739,SH,45.0,14.132,SH0045,Y,N,2,FRI,14.0,16.0,100.0,6.0,12.0,23290.0,2018.0,6.4,1.0,1347.0,0.0,0,1,0,0,0,1,0,2016
15299738,N,08/30/2016,07:30 AM,55,11,1,1,20,2,4,22,1.0,227,330,30.49315606,-97.58335868,SH,130.0,14.977,SH0130,Y,N,2,TUE,8.0,20.0,135.0,4.0,12.0,38706.0,2018.0,17.5,,,,0,1,0,2,0,1,0,2016
15299763,N,09/02/2016,07:49 AM,45,11,1,1,20,2,3,34,1.0,227,330,30.44422762,-97.63006086,FM,1825.0,2.818,FM1825,Y,N,2,FRI,9.0,9.0,0.0,2.0,16.0,22010.0,2018.0,4.2,,,,0,1,0,4,0,1,0,2016
15304738,N,08/06/2016,08:53 PM,55,11,5,1,5,2,2,22,1.0,227,22,30.24913804,-97.80528619,SL,360.0,12.602,SL0360,Y,N,2,SAT,8.0,20.0,48.0,4.0,14.0,99537.0,2018.0,2.0,,,,0,1,0,3,0,1,0,2016
15304772,Y,08/26/2016,11:11 AM,60,11,1,1,11,2,4,22,1.0,227,22,30.23813017,-97.73859955,IH,35.0,231.804,IH0035,Y,N,2,FRI,4.0,20.0,3.0,6.0,11.0,150700.0,2018.0,10.7,,,,0,1,0,1,0,1,0,2016
15304899,N,08/27/2016,10:20 AM,45,11,1,1,5,2,2,22,1.0,227,22,30.41845554,-97.70115048,FM,734.0,10.057,FM0734,Y,N,2,SAT,8.0,20.0,36.0,6.0,14.0,56464.0,2018.0,3.8,1.0,95.0,2.0,0,1,0,2,0,1,0,2016
15304902,N,08/28/2016,07:34 PM,60,12,1,1,1,2,2,20,1.0,227,22,30.27374979,-97.73174463,IH,35.0,234.365,IH0035,Y,N,2,SUN,20.0,40.0,3.0,8.0,11.0,177389.0,2018.0,9.9,,,,0,1,0,2,0,1,0,2016
15304915,N,08/30/2016,05:15 PM,45,12,1,1,20,2,4,21,1.0,227,22,30.42710399,-97.75503731,US,183.0,311.164,US0183,Y,N,2,TUE,20.0,20.0,36.0,6.0,12.0,149347.0,2018.0,1.9,,,,0,1,2,0,0,3,0,2016
15304917,N,08/30/2016,04:40 PM,50,11,1,1,20,2,3,34,1.0,227,22,30.39669952,-97.84887887,RM,2222.0,0.5770000000000001,RM2222,Y,N,2,TUE,0.0,0.0,0.0,4.0,14.0,42777.0,2018.0,3.2,1.0,39.0,13.0,0,1,0,1,0,1,0,2016
15304960,N,09/02/2016,01:52 PM,-1,11,1,1,5,2,1,34,1.0,227,22,30.24939375,-97.76751182,SL,343.0,2.4090000000000003,SL0343,Y,N,2,FRI,0.0,0.0,0.0,4.0,14.0,46479.0,2018.0,1.4,1.0,304.0,2.0,0,1,0,1,0,1,0,2016
15304969,N,09/02/2016,04:30 PM,55,11,1,1,11,2,4,21,1.0,227,22,30.42665004,-97.67110207,IH,35.0,245.777,IH0035,Y,N,2,FRI,8.0,20.0,3.0,6.0,11.0,132719.0,2018.0,12.4,,,,0,1,0,7,0,1,0,2016
15305035,N,09/03/2016,07:02 AM,-1,11,2,1,5,2,2,23,1.0,227,22,30.19828908,-97.68408409999999,US,183.0,330.254,US0183,Y,N,2,SAT,16.0,16.0,36.0,4.0,14.0,43585.0,2018.0,7.8,1.0,92.0,1.0,0,1,2,2,0,3,0,2016
15305036,N,09/03/2016,07:41 AM,55,11,1,1,20,2,4,22,1.0,227,22,,,IH,35.0,,IH0035,Y,N,2,SAT,,,,,,,,,,,,0,1,0,2,0,1,0,2016
15305037,N,09/03/2016,08:41 AM,55,11,1,1,20,2,4,21,1.0,227,22,30.2896744,-97.72295881,IH,35.0,235.584,IH0035,Y,N,2,SAT,8.0,20.0,24.0,8.0,11.0,202376.0,2018.0,9.3,,,,0,2,0,8,1,2,0,2016
15305041,N,09/03/2016,05:20 PM,50,11,1,1,20,2,4,20,1.0,227,22,30.14143462,-97.79557453,IH,35.0,224.288,IH0035,Y,N,2,SAT,6.0,20.0,30.0,6.0,11.0,128785.0,2018.0,12.2,,,,0,1,0,3,0,1,0,2016
15305143,N,09/04/2016,03:13 PM,25,11,1,1,8,2,4,10,5.0,227,22,,,IH,35.0,,IH0035,Y,N,2,SUN,,,,,,,,,,,,0,1,2,0,1,3,0,2016
15305145,N,09/05/2016,12:01 AM,55,11,3,1,5,2,2,22,1.0,227,22,30.21240645,-97.71265519,SH,71.0,125.835,SH0071,Y,N,2,MON,20.0,20.0,44.0,8.0,12.0,85342.0,2018.0,3.6,,,,0,2,0,6,0,2,0,2016
15305146,N,09/05/2016,12:23 AM,-1,11,4,1,20,2,4,20,1.0,227,22,30.30138197,-97.71559311,IH,35.0,236.502,IH0035,Y,N,2,MON,8.0,20.0,24.0,8.0,11.0,196302.0,2018.0,9.5,,,,0,1,0,4,0,1,0,2016
15305308,N,09/05/2016,03:03 PM,70,2,1,2,20,7,4,1,4.0,227,22,30.34410749,-97.58063506,US,290.0,132.882,US0290,Y,N,2,MON,20.0,20.0,3.0,4.0,12.0,34434.0,2018.0,8.4,,,,0,1,0,1,0,1,0,2016
15305320,N,09/06/2016,07:15 AM,45,12,1,1,20,2,1,10,1.0,227,22,30.32080091,-97.71123152,SS,69.0,1.03,SS0069,Y,N,2,TUE,4.0,10.0,4.0,3.0,14.0,19307.0,2018.0,2.3,,,,0,1,2,0,0,3,0,2016
15305445,N,09/06/2016,12:04 PM,50,11,1,1,5,2,1,10,1.0,227,22,30.23557091,-97.82463074,US,290.0,112.426,US0290,Y,N,2,TUE,20.0,20.0,42.0,5.0,12.0,77933.0,2018.0,3.6,1.0,361.0,1.0,0,1,1,0,0,2,0,2016
15305446,N,09/06/2016,07:01 AM,70,11,4,1,11,2,4,22,1.0,227,22,30.12325555,-97.80267568,IH,35.0,222.968,IH0035,Y,N,2,TUE,6.0,20.0,40.0,6.0,11.0,135389.0,2018.0,11.8,1.0,103.0,0.0,0,2,0,0,0,2,0,2016
15305455,N,09/06/2016,04:15 PM,-1,2,1,2,20,7,4,1,2.0,227,22,30.39172683,-97.74609463,US,183.0,313.846,US0183,Y,N,2,TUE,20.0,20.0,36.0,6.0,12.0,137676.0,2018.0,2.0,,,,0,1,0,0,0,1,0,2016
15305475,N,09/06/2016,06:45 PM,70,11,1,1,20,7,2,1,2.0,227,22,30.19878034,-97.76382771,IH,35.0,228.701,IH0035,Y,N,2,TUE,24.0,24.0,42.0,6.0,11.0,148474.0,2018.0,11.3,,,,0,1,0,0,0,1,0,2016
15305546,N,09/06/2016,09:03 PM,50,12,4,2,20,7,4,1,2.0,227,22,30.34000089,-97.69959894,IH,35.0,239.364,IH0035,Y,N,2,TUE,20.0,20.0,3.0,6.0,11.0,145168.0,2018.0,11.9,,,,0,1,0,0,0,1,0,2016
15306147,N,08/27/2016,02:50 PM,70,11,1,1,9,2,1,34,1.0,227,9999,30.18665674,-97.60601162,SH,71.0,133.132,SH0071,Y,Y,2,SAT,4.0,6.0,40.0,4.0,14.0,53382.0,2018.0,8.3,1.0,133.0,0.0,0,1,0,4,0,1,0,2016
15306551,N,09/03/2016,12:12 PM,65,11,1,1,5,2,2,20,1.0,227,1016,30.34889888,-97.55516049,US,290.0,134.44,US0290,Y,N,2,SAT,12.0,20.0,46.0,4.0,14.0,51848.0,2018.0,6.4,1.0,250.0,1.0,0,1,0,5,0,1,0,2016
15309288,N,09/06/2016,06:36 PM,-1,11,1,1,5,2,2,22,1.0,227,22,30.247031800000002,-97.88839369,SH,71.0,114.421,SH0071,Y,N,2,TUE,10.0,10.0,0.0,4.0,14.0,34138.0,2018.0,3.5,,,,0,1,0,4,0,1,0,2016
15309289,N,09/06/2016,03:44 PM,60,11,1,1,20,2,4,20,1.0,227,22,30.29396883,-97.72020704,IH,35.0,235.922,IH0035,Y,N,2,TUE,8.0,20.0,24.0,8.0,11.0,202376.0,2018.0,9.3,,,,0,1,5,2,0,6,0,2016
15309291,N,09/07/2016,05:47 AM,-1,11,3,1,20,9,4,1,1.0,227,22,30.293310899999998,-97.66333132,US,183.0,323.01,US0183,Y,N,1,WED,16.0,20.0,36.0,4.0,14.0,57843.0,2018.0,3.2,,,,1,0,0,0,0,1,0,2016
15309294,N,09/07/2016,06:41 AM,45,11,2,1,20,2,3,14,1.0,227,22,30.17233028,-97.82429284,FM,2304.0,2.158,FM2304,Y,N,2,WED,13.0,14.0,0.0,2.0,16.0,31291.0,2018.0,3.6,,,,0,1,2,0,0,3,0,2016
15309297,N,09/07/2016,08:31 AM,55,12,1,1,20,7,4,1,2.0,227,22,30.32516209,-97.67448445,US,290.0,127.08,US0290,Y,N,2,WED,12.0,20.0,36.0,4.0,12.0,47490.0,2018.0,6.7,,,,0,1,0,0,0,1,0,2016
15309323,N,09/07/2016,03:07 PM,-1,11,1,1,11,1,4,1,1.0,227,22,30.26010326,-97.69386776,SL,111.0,1.676,SL0111,Y,N,2,WED,1.0,2.0,0.0,4.0,14.0,31328.0,2018.0,1.8,,,,0,1,0,1,0,1,0,2016
15309410,Y,08/31/2016,07:22 PM,-1,11,1,1,8,2,1,14,1.0,227,9999,30.27580021,-97.60000564,FM,973.0,23.613000000000003,FM0973,Y,Y,2,WED,10.0,10.0,0.0,2.0,16.0,10385.0,2018.0,7.3,,,,0,2,0,4,0,2,0,2016
15309412,N,09/07/2016,03:11 PM,50,11,1,1,11,2,3,22,1.0,227,22,30.286005499999998,-97.66746564,FM,969.0,2.208,FM0969,Y,N,2,WED,0.0,1.0,0.0,4.0,14.0,17992.0,2018.0,6.6,,,,0,1,0,1,0,1,0,2016
15309414,N,09/07/2016,05:05 PM,-1,11,1,1,20,2,4,22,1.0,227,22,30.2422157,-97.8011194,SL,360.0,13.140999999999998,SL0360,Y,N,2,WED,8.0,16.0,48.0,6.0,14.0,99537.0,2018.0,2.0,,,,0,1,0,2,0,1,0,2016
15309434,Y,09/08/2016,08:02 AM,70,12,1,1,20,2,4,20,1.0,227,22,30.44940162,-97.69625163,SL,1.0,1.918,SL0001,Y,N,2,THU,20.0,20.0,36.0,8.0,12.0,64650.0,2018.0,2.0,1.0,934.0,0.0,0,1,0,3,0,1,0,2016
15310447,N,09/02/2016,09:15 AM,60,12,1,1,11,10,4,1,2.0,227,9999,30.37377119,-98.07862132,SH,71.0,98.842,SH0071,Y,Y,2,FRI,2.0,2.0,0.0,4.0,2.0,37755.0,2018.0,3.3,,,,0,2,0,1,0,2,0,2016
15312995,N,08/30/2016,08:31 AM,65,12,1,2,11,7,4,1,4.0,227,22,30.21649808,-97.8433355,SL,1.0,21.375,SL0001,Y,N,2,TUE,20.0,20.0,36.0,6.0,12.0,69394.0,2018.0,1.9,1.0,455.0,2.0,0,1,0,0,0,1,0,2016
15313009,N,09/07/2016,04:45 PM,45,11,1,1,5,2,1,10,1.0,227,22,30.32143951,-97.70691494,IH,35.0,237.996,IH0035,Y,N,2,WED,8.0,20.0,24.0,8.0,11.0,199837.0,2018.0,9.4,,,,0,2,0,0,0,2,0,2016
15313077,N,09/08/2016,04:11 PM,50,11,1,1,5,2,2,20,1.0,227,22,30.20225801,-97.63765244,SH,71.0,130.846,SH0071,Y,N,2,THU,0.0,0.0,250.0,6.0,14.0,53382.0,2018.0,8.3,,,,0,1,0,1,0,1,0,2016
15313104,N,09/09/2016,03:28 PM,-1,11,1,1,1,2,4,20,1.0,227,22,30.33230397,-97.75566379,SL,1.0,11.12,SL0001,Y,N,1,FRI,12.0,20.0,100.0,6.0,12.0,157489.0,2018.0,1.1,,,,1,0,0,1,0,1,0,2016
15313111,N,09/09/2016,03:08 PM,50,12,1,1,10,2,1,24,1.0,227,22,30.21642836,-97.75131886,SH,71.0,123.506,SH0071,Y,N,2,FRI,0.0,0.0,32.0,6.0,12.0,122565.0,2018.0,3.2,,,,0,1,0,3,0,1,0,2016
15313113,Y,09/09/2016,03:41 PM,-1,11,1,1,20,7,4,1,4.0,227,22,30.24660497,-97.80645363,SL,1.0,18.245,SL0001,Y,N,2,FRI,12.0,20.0,500.0,6.0,12.0,83195.0,2018.0,1.6,,,,0,1,0,0,0,1,0,2016
15313118,N,09/09/2016,04:51 PM,60,11,1,1,20,2,2,20,1.0,227,22,30.30333728,-97.71432272,IH,35.0,236.656,IH0035,Y,N,2,FRI,8.0,20.0,24.0,8.0,11.0,196302.0,2018.0,9.5,,,,0,1,0,1,0,1,0,2016
15313158,N,09/09/2016,08:19 PM,45,11,4,1,15,1,2,1,1.0,227,22,30.21239719,-97.71256098,SH,71.0,125.84,SH0071,Y,N,2,FRI,20.0,20.0,44.0,8.0,12.0,70740.0,2018.0,4.0,1.0,284.0,2.0,0,1,0,1,0,1,0,2016
15313165,N,09/09/2016,07:10 PM,65,11,1,1,1,2,4,22,1.0,227,22,30.24006605,-97.73745117,IH,35.0,231.954,IH0035,Y,N,2,FRI,4.0,20.0,3.0,6.0,11.0,150700.0,2018.0,10.7,,,,0,2,0,5,0,2,0,2016
15313171,N,09/10/2016,12:41 AM,-1,11,3,1,20,7,4,1,2.0,227,22,30.34704072,-97.58307074,FM,734.0,19.109,FM0734,Y,N,1,SAT,4.0,4.0,66.0,4.0,14.0,22111.0,2018.0,4.8,1.0,47.0,3.0,1,0,0,0,0,1,0,2016
15313212,N,09/10/2016,02:10 PM,60,11,1,1,1,7,4,1,4.0,227,22,30.3576124,-97.68844974,IH,35.0,240.746,IH0035,Y,N,2,SAT,20.0,20.0,3.0,6.0,11.0,138459.0,2018.0,12.2,,,,0,1,0,0,0,1,0,2016
15313214,N,09/10/2016,04:18 PM,65,11,1,1,20,2,4,20,1.0,227,22,30.17171693,-97.78301614,IH,35.0,226.513,IH0035,Y,N,2,SAT,6.0,20.0,30.0,6.0,11.0,156852.0,2018.0,11.1,1.0,586.0,0.0,0,2,0,4,0,2,0,2016
15314164,N,09/11/2016,08:27 AM,40,11,1,1,8,2,1,10,1.0,227,22,30.34774163,-97.71247936,SL,275.0,5.977,SL0275,Y,N,2,SUN,2.0,20.0,12.0,4.0,14.0,37706.0,2018.0,1.2,,,,0,1,0,1,0,1,0,2016
15314168,N,09/11/2016,01:30 PM,45,11,1,1,9,2,2,22,1.0,227,22,30.32371688,-97.706575,IH,35.0,238.154,IH0035,Y,N,2,SUN,8.0,20.0,24.0,8.0,11.0,199837.0,2018.0,9.4,,,,0,1,0,4,0,1,0,2016
15314244,N,09/11/2016,06:14 PM,-1,11,1,1,20,2,2,20,1.0,227,22,30.24817299,-97.73538354,IH,35.0,232.547,IH0035,Y,N,2,SUN,4.0,10.0,3.0,6.0,11.0,142856.0,2018.0,11.0,1.0,238.0,3.0,0,1,0,2,0,1,0,2016
15314253,N,09/12/2016,12:15 AM,45,11,4,1,11,1,3,3,1.0,227,22,30.17441358,-97.82351099,FM,2304.0,2.007,FM2304,Y,N,1,MON,13.0,14.0,0.0,4.0,14.0,34274.0,2018.0,3.5,1.0,119.0,2.0,1,0,0,2,0,1,0,2016
15314254,N,09/12/2016,12:39 AM,-1,11,4,1,11,2,4,20,1.0,227,22,30.26146892,-97.79214889,SL,1.0,16.86,SL0001,Y,N,2,MON,10.0,16.0,60.0,7.0,12.0,153269.0,2018.0,1.2,,,,0,2,0,0,0,2,0,2016
15314258,N,09/12/2016,07:32 AM,65,11,1,1,20,2,4,20,1.0,227,22,30.14117313,-97.79567014,IH,35.0,224.269,IH0035,Y,N,2,MON,6.0,20.0,30.0,6.0,11.0,128785.0,2018.0,12.2,,,,0,1,0,1,0,1,0,2016
15316441,N,09/03/2016,10:45 AM,55,11,1,1,11,2,4,22,1.0,227,538,30.32335235,-97.95664889,RM,620.0,1.259,RM0620,Y,Y,2,SAT,8.0,8.0,0.0,4.0,14.0,26975.0,2018.0,3.8,,,,0,1,0,2,0,1,0,2016
15316511,N,08/01/2016,06:14 PM,45,11,1,1,20,2,3,10,1.0,227,22,30.31835617,-97.70729951,IH,35.0,237.783,IH0035,Y,N,2,MON,8.0,20.0,24.0,8.0,11.0,193850.0,2018.0,9.5,1.0,274.0,0.0,0,1,0,1,0,1,0,2016
15316524,N,09/11/2016,12:01 AM,45,11,4,1,5,2,1,23,1.0,227,22,30.27356299,-97.69790834,SL,111.0,0.72,SL0111,Y,N,1,SUN,1.0,2.0,0.0,4.0,14.0,31328.0,2018.0,1.8,,,,1,0,0,2,0,1,0,2016