Crash_ID,Cmv_Involv_Fl,Crash_Date,Crash_Time,Crash_Speed_Limit,Wthr_Cond_ID,Light_Cond_ID,Surf_Cond_ID,Traffic_Cntl_ID,Harm_Evnt_ID,Intrsct_Relat_ID,FHE_Collsn_ID,Road_Relat_ID,Cnty_ID,City_ID,Latitude,Longitude,Hwy_Sys,Hwy_Nbr,Dfo,Street_Name,Onsys_Fl,Rural_Fl,Crash_Sev_ID,Day_of_Week,Shldr_Width_Left,Shldr_Width_Right,Median_Width,Nbr_Of_Lane,Func_Sys_ID,Adt_Curnt_Amt,Adt_Curnt_Year,Trk_Aadt_Pct,Curve_Type_ID,Curve_Lngth,Cd_Degr,Sus_Serious_Injry_Cnt,Nonincap_Injry_Cnt,Poss_Injry_Cnt,Non_Injry_Cnt,Unkn_Injry_Cnt,Tot_Injry_Cnt,Death_Cnt,Year
15346889,N,09/28/2016,05:55 PM,55,11,1,1,20,2,4,22,1.0,227,22,30.22069847,-97.75972307,US,290.0,116.611,US0290,Y,N,2,WED,20.0,20.0,42.0,6.0,12.0,140123.0,2018.0,2.6,1.0,171.0,1.0,0,1,0,1,0,1,0,2016
15346968,N,09/28/2016,09:58 PM,-1,11,4,1,20,2,4,20,1.0,227,22,30.21650568,-97.75165731,US,290.0,117.176,US0290,Y,N,2,WED,20.0,20.0,20.0,6.0,12.0,140123.0,2018.0,2.6,,,,0,1,0,1,1,1,0,2016
15346993,N,09/29/2016,01:53 PM,45,11,1,1,20,2,4,22,1.0,227,22,30.427045899999996,-97.67102709,IH,35.0,245.805,IH0035,Y,N,1,THU,8.0,20.0,3.0,6.0,11.0,132719.0,2018.0,12.4,,,,1,0,0,1,0,1,0,2016
15348420,N,09/29/2016,06:12 PM,65,11,1,1,20,2,4,20,1.0,227,22,30.37303999,-97.72605387,US,183.0,315.673,US0183,Y,N,2,THU,20.0,20.0,8.0,6.0,12.0,138365.0,2018.0,3.6,1.0,114.0,1.0,0,1,1,1,0,2,0,2016
15351202,N,10/01/2016,11:40 PM,60,11,3,1,1,2,4,21,1.0,227,9999,30.18613955,-97.61264505,SH,71.0,132.734,SH0071,Y,Y,2,SAT,4.0,6.0,40.0,4.0,14.0,53382.0,2018.0,8.3,1.0,305.0,3.0,0,2,0,2,0,2,0,2016
15352395,N,09/30/2016,03:27 PM,50,11,1,1,1,2,1,34,1.0,227,22,30.38853221,-97.75004614,SL,360.0,0.35600000000000004,SL0360,Y,N,2,FRI,8.0,20.0,48.0,4.0,14.0,53584.0,2018.0,2.7,,,,0,1,0,6,1,1,0,2016
15352872,Y,10/02/2016,07:50 AM,60,11,1,1,11,7,4,1,1.0,227,9999,30.18620718,-97.6111525,SH,71.0,132.82399999999998,SH0071,Y,Y,2,SUN,4.0,6.0,40.0,4.0,14.0,53382.0,2018.0,8.3,1.0,305.0,3.0,0,1,0,8,0,1,0,2016
15353054,N,09/29/2016,08:35 PM,50,11,3,1,5,5,2,3,1.0,227,22,30.25745371,-97.73716684,IH,35.0,233.195,IH0035,Y,N,2,THU,8.0,20.0,3.0,8.0,11.0,142856.0,2018.0,11.0,,,,0,1,0,1,0,1,0,2016
15353057,N,09/30/2016,09:40 AM,-1,11,1,1,1,7,4,1,5.0,227,22,,,IH,35.0,,IH0035,Y,N,2,FRI,,,,,,,,,,,,0,1,0,0,0,1,0,2016
15353060,N,09/30/2016,12:49 PM,45,11,1,1,20,2,3,12,1.0,227,22,30.42013363,-97.70432353,SL,1.0,3.995,SL0001,Y,N,2,FRI,20.0,20.0,36.0,6.0,12.0,97934.0,2018.0,8.4,,,,0,1,0,1,0,1,0,2016
15353066,N,09/30/2016,09:24 PM,55,11,4,1,20,2,4,20,1.0,227,22,30.43281097,-97.72933108,FM,734.0,8.107000000000001,FM0734,Y,N,2,FRI,8.0,20.0,36.0,6.0,14.0,49788.0,2018.0,3.9,1.0,115.0,1.0,0,3,0,4,0,3,0,2016
15353075,N,10/03/2016,01:32 PM,45,11,1,1,5,2,1,34,1.0,227,22,30.32351486,-97.72380055,SS,69.0,0.23,SS0069,Y,N,2,MON,0.0,0.0,10.0,4.0,14.0,19307.0,2018.0,2.3,,,,0,1,1,0,0,2,0,2016
15353107,N,09/19/2016,07:56 PM,70,11,4,1,1,2,4,21,1.0,227,22,30.30922857,-97.7105248,IH,35.0,237.12,IH0035,Y,N,2,MON,8.0,20.0,24.0,8.0,11.0,193850.0,2018.0,9.5,,,,0,2,0,1,0,2,0,2016
15353214,N,09/30/2016,07:51 PM,60,11,4,1,1,2,4,22,1.0,227,22,,,IH,35.0,,IH0035,Y,N,2,FRI,,,,,,,,,,,,0,2,0,2,0,2,0,2016
15353307,N,09/30/2016,10:39 PM,-1,11,4,1,1,10,4,1,2.0,227,22,30.378800899999995,-97.63701609,FM,734.0,15.066,FM0734,Y,N,2,FRI,10.0,6.0,59.0,4.0,14.0,31624.0,2018.0,4.3,,,,0,1,0,0,0,1,0,2016
15353312,N,09/30/2016,04:44 PM,30,11,1,1,5,1,1,3,1.0,227,22,30.26010528,-97.69386835,SL,111.0,1.676,SL0111,Y,N,2,FRI,1.0,2.0,0.0,4.0,14.0,31328.0,2018.0,1.8,,,,0,1,0,3,0,1,0,2016
15353418,N,10/02/2016,04:47 AM,45,11,3,1,1,7,4,1,2.0,227,22,30.20216481,-97.63986698,FM,973.0,29.293000000000006,FM0973,Y,N,1,SUN,10.0,10.0,40.0,4.0,16.0,18337.0,2018.0,5.9,,,,1,0,0,0,0,1,0,2016
15353431,N,10/03/2016,09:01 AM,65,11,1,1,5,2,2,22,1.0,227,22,30.40237132,-97.6574578,FM,734.0,12.937,FM0734,Y,N,2,MON,8.0,20.0,55.0,6.0,14.0,46970.0,2018.0,3.9,1.0,305.0,3.0,0,1,0,3,0,1,0,2016
15355503,N,09/10/2016,11:42 AM,-1,11,1,1,5,2,4,22,1.0,227,22,30.2856429,-97.66535739,US,183.0,323.551,US0183,Y,N,1,SAT,16.0,20.0,36.0,4.0,14.0,67460.0,2018.0,6.6,,,,1,0,0,2,0,1,0,2016
15355509,N,09/19/2016,08:03 PM,-1,11,4,1,5,2,1,10,1.0,227,22,30.29122135,-97.62800294,FM,3177.0,3.5460000000000003,FM3177,Y,N,1,MON,10.0,10.0,0.0,4.0,17.0,11798.0,2018.0,6.1,,,,3,0,0,0,0,3,0,2016
15356896,N,09/14/2016,04:00 PM,45,11,1,1,20,2,4,22,1.0,227,22,30.38708413,-97.64859242,FM,734.0,14.168,FM0734,Y,N,2,WED,11.0,0.0,55.0,4.0,14.0,39056.0,2018.0,4.1,,,,0,1,0,1,0,1,0,2016
15357452,N,10/02/2016,01:12 PM,-1,11,1,1,9,2,1,34,1.0,227,256,30.51229839,-97.88509009,RM,1431.0,54.26600000000001,RM1431,Y,N,1,SUN,10.0,10.0,20.0,4.0,16.0,21401.0,2018.0,3.8,,,,1,1,0,2,0,2,0,2016
15357740,Y,09/28/2016,04:34 PM,55,11,1,1,5,2,1,24,1.0,227,330,30.46491623,-97.59442139,SH,130.0,17.055,SH0130,Y,N,2,WED,8.0,20.0,135.0,4.0,12.0,45033.0,2018.0,17.2,1.0,556.0,1.0,0,1,0,1,0,1,0,2016
15358491,N,10/01/2016,05:04 PM,50,12,1,1,1,7,4,1,2.0,227,1016,30.34893598,-97.55427143,US,290.0,134.493,US0290,Y,N,1,SAT,12.0,20.0,46.0,4.0,14.0,51848.0,2018.0,6.4,1.0,250.0,1.0,2,0,0,2,0,2,0,2016
15358492,N,09/13/2016,06:05 PM,65,11,1,1,5,2,1,34,1.0,227,1016,30.34928587,-97.53864529,US,290.0,135.425,US0290,Y,N,2,TUE,12.0,20.0,68.0,4.0,14.0,51848.0,2018.0,6.4,,,,0,1,0,1,0,1,0,2016
15359201,N,10/01/2016,01:38 AM,45,11,4,1,11,7,4,1,2.0,227,22,30.23536291,-97.8600622,US,290.0,110.293,US0290,Y,N,2,SAT,6.0,6.0,0.0,4.0,14.0,72290.0,2018.0,2.7,,,,0,1,0,0,0,1,0,2016
15359205,N,10/01/2016,09:25 PM,55,11,4,1,20,2,4,22,1.0,227,22,30.36126536,-97.68613262,IH,35.0,241.033,IH0035,Y,N,2,SAT,8.0,20.0,3.0,6.0,11.0,138459.0,2018.0,12.2,,,,0,3,0,2,1,3,0,2016
15359328,N,10/02/2016,06:53 AM,50,11,4,1,1,2,3,10,1.0,227,22,30.23776306,-97.68694021,US,183.0,327.4840000000001,US0183,Y,N,2,SUN,6.0,10.0,36.0,4.0,14.0,97049.0,2018.0,5.6,1.0,115.0,0.0,0,1,0,1,0,1,0,2016
15359354,N,10/03/2016,06:00 PM,-1,11,1,1,1,2,1,10,1.0,227,22,30.38853002,-97.75006615,SL,360.0,0.35700000000000004,SL0360,Y,N,2,MON,8.0,20.0,48.0,4.0,14.0,53584.0,2018.0,2.7,,,,0,3,1,0,0,4,0,2016
15359359,N,10/03/2016,08:42 PM,65,11,4,1,5,2,1,34,1.0,227,22,30.40662144,-97.85252106,RM,620.0,13.053,RM0620,Y,N,1,MON,8.0,8.0,0.0,4.0,14.0,50802.0,2018.0,3.1,,,,1,0,0,1,0,1,0,2016
15359360,N,10/03/2016,10:09 PM,70,11,4,1,20,2,4,22,1.0,227,22,30.33064724,-97.68201298,US,183.0,319.885,US0183,Y,N,2,MON,12.0,20.0,24.0,4.0,12.0,65226.0,2018.0,6.6,1.0,308.0,0.0,0,3,2,2,0,5,0,2016
15359435,N,10/04/2016,06:39 AM,55,12,4,1,20,2,4,20,1.0,227,22,30.35025344,-97.74930117,SL,1.0,9.815,SL0001,Y,N,1,TUE,12.0,20.0,36.0,6.0,12.0,148872.0,2018.0,1.2,,,,1,0,0,1,0,1,0,2016
15359446,N,10/04/2016,06:14 PM,60,11,1,1,1,2,4,20,1.0,227,22,30.4004382,-97.85571774,RM,620.0,12.587,RM0620,Y,N,2,TUE,8.0,8.0,0.0,4.0,14.0,50802.0,2018.0,3.1,,,,0,1,0,5,0,1,0,2016
15359479,N,10/04/2016,08:30 AM,35,12,1,1,5,2,1,34,1.0,227,22,30.37690526,-97.67617257,IH,35.0,242.262,IH0035,Y,N,2,TUE,8.0,20.0,3.0,6.0,11.0,159315.0,2018.0,11.5,,,,0,2,0,2,0,2,0,2016
15359492,N,10/05/2016,06:35 AM,45,12,4,1,20,5,4,1,1.0,227,22,30.39032208,-97.72208951,FM,1325.0,6.943,FM1325,Y,N,1,WED,0.0,0.0,0.0,4.0,14.0,43120.0,2018.0,1.5,,,,1,0,0,2,0,1,0,2016
15359529,N,09/21/2016,08:59 AM,30,11,1,1,15,5,2,3,1.0,227,22,30.32988214,-97.72945919,RM,2222.0,10.422,RM2222,Y,N,2,WED,0.0,0.0,0.0,4.0,14.0,34181.0,2018.0,3.5,,,,0,1,0,1,0,1,0,2016
15359531,N,10/05/2016,06:33 PM,45,11,1,1,5,2,1,10,1.0,227,22,30.32210849,-97.70681901,IH,35.0,238.043,IH0035,Y,N,2,WED,8.0,20.0,24.0,8.0,11.0,199837.0,2018.0,9.4,,,,0,1,0,1,0,1,0,2016
15361225,N,10/03/2016,05:51 AM,55,11,4,1,20,2,4,20,1.0,227,22,,,US,183.0,,US0183,Y,N,2,MON,,,,,,,,,,,,0,1,0,2,0,1,0,2016
15361226,N,10/04/2016,02:12 PM,45,11,1,1,20,5,1,2,1.0,227,22,30.425547100000003,-97.7152602,FM,734.0,9.082,FM0734,Y,N,2,TUE,8.0,20.0,36.0,6.0,14.0,49788.0,2018.0,3.9,,,,0,1,0,0,1,1,0,2016
15361267,N,10/05/2016,03:38 PM,55,11,1,1,8,10,2,2,1.0,227,9999,30.397605100000003,-97.92977090000001,RM,620.0,7.552,RM0620,Y,Y,2,WED,8.0,8.0,0.0,4.0,14.0,37016.0,2018.0,3.4,1.0,303.0,4.0,0,1,0,1,0,1,0,2016
15361286,N,10/06/2016,11:59 AM,50,11,1,1,20,2,3,20,1.0,227,22,30.39277066,-97.65318716,FM,734.0,13.666,FM0734,Y,N,2,THU,11.0,0.0,55.0,4.0,14.0,39056.0,2018.0,4.1,,,,0,1,0,4,0,1,0,2016
15361293,N,10/06/2016,04:21 PM,45,11,1,1,20,2,4,22,1.0,227,22,30.24131446,-97.785505,SL,343.0,1.172,SL0343,Y,N,2,THU,0.0,0.0,0.0,4.0,14.0,36688.0,2018.0,1.5,,,,0,1,0,1,0,1,0,2016
15361294,N,10/06/2016,04:15 PM,55,11,1,1,8,5,2,1,1.0,227,22,30.21594465,-97.7400443,SH,71.0,124.181,SH0071,Y,N,2,THU,20.0,20.0,32.0,6.0,12.0,122565.0,2018.0,3.2,1.0,233.0,1.0,0,1,0,1,0,1,0,2016
15361300,N,10/06/2016,09:27 PM,45,11,4,1,8,2,1,10,1.0,227,22,30.41455799,-97.69325804,FM,734.0,10.598,FM0734,Y,N,2,THU,10.0,20.0,36.0,6.0,14.0,56464.0,2018.0,3.8,,,,0,1,0,1,0,1,0,2016
15361756,N,04/22/2016,11:47 AM,55,12,1,1,20,2,1,23,1.0,227,22,30.30260724,-97.66094526,US,183.0,322.355,US0183,Y,N,2,FRI,16.0,16.0,36.0,4.0,14.0,57843.0,2018.0,3.2,,,,0,1,0,5,0,1,0,2016
15362649,N,10/06/2016,04:11 PM,-1,11,1,1,3,2,4,30,1.0,227,9999,30.11283058,-97.78299973,FM,1327.0,1.3769999999999998,FM1327,Y,Y,2,THU,10.0,10.0,0.0,2.0,16.0,17645.0,2018.0,5.2,,,,0,2,0,0,0,2,0,2016
15363908,N,09/29/2016,07:20 PM,45,11,5,1,1,2,4,30,1.0,227,9999,30.14195668,-97.8179179,FM,1626.0,1.4369999999999998,FM1626,Y,Y,2,THU,1.0,1.0,0.0,2.0,16.0,17291.0,2018.0,4.2,1.0,110.0,3.0,0,3,0,0,0,3,0,2016
15365735,N,09/30/2016,07:10 PM,-1,11,6,1,1,2,4,22,1.0,227,22,30.28450108,-97.69145811,FM,969.0,0.76,FM0969,Y,N,2,FRI,0.0,0.0,0.0,4.0,14.0,16460.0,2018.0,6.7,,,,0,1,1,0,1,2,0,2016
15365747,N,10/07/2016,03:50 PM,65,11,1,1,20,2,4,20,1.0,227,22,30.26507452,-97.78459791,SL,1.0,16.344,SL0001,Y,N,2,FRI,10.0,16.0,60.0,7.0,12.0,139370.0,2018.0,1.2,1.0,442.0,0.0,0,1,0,1,0,1,0,2016
15365750,N,10/08/2016,00:00 AM,55,11,3,1,20,2,3,21,1.0,227,22,30.27968031,-97.64483127,FM,969.0,3.635,FM0969,Y,N,2,SAT,0.0,0.0,0.0,4.0,14.0,32176.0,2018.0,6.2,1.0,47.0,1.0,0,1,0,3,0,1,0,2016
15365753,N,10/08/2016,11:53 AM,45,11,1,1,1,2,3,14,1.0,227,22,30.27638055,-97.69998439,SL,111.0,0.488,SL0111,Y,N,2,SAT,1.0,2.0,0.0,4.0,14.0,31328.0,2018.0,1.8,1.0,98.0,2.0,0,2,0,1,0,2,0,2016
15365754,N,10/08/2016,01:44 PM,60,11,1,1,20,2,4,20,1.0,227,22,30.24008445,-97.73744025,IH,35.0,231.955,IH0035,Y,N,2,SAT,4.0,20.0,3.0,6.0,11.0,150700.0,2018.0,10.7,,,,0,1,0,3,0,1,0,2016
15365759,N,10/09/2016,12:24 AM,-1,11,4,1,20,7,4,1,2.0,227,22,30.24740293,-97.69062993,US,183.0,326.77,US0183,Y,N,2,SUN,2.0,2.0,36.0,6.0,14.0,68772.0,2018.0,6.5,1.0,471.0,2.0,0,5,0,6,0,5,0,2016
15365761,N,10/09/2016,05:58 PM,70,11,1,1,11,10,4,1,1.0,227,22,30.23404501,-97.86903721,US,290.0,109.737,US0290,Y,N,2,SUN,6.0,6.0,0.0,4.0,14.0,72290.0,2018.0,2.7,1.0,310.0,2.0,0,1,0,0,1,1,0,2016
15365795,N,10/06/2016,02:49 PM,30,12,1,1,20,7,2,1,4.0,227,22,30.36956685,-97.80204607,RM,2222.0,4.178,RM2222,Y,N,2,THU,8.0,8.0,0.0,4.0,14.0,42777.0,2018.0,3.2,,,,0,1,0,1,0,1,0,2016
15365853,N,10/09/2016,01:26 AM,50,11,4,1,1,2,3,23,1.0,227,22,30.23208568,-97.74217129,IH,35.0,231.337,IH0035,Y,N,2,SUN,4.0,20.0,3.0,6.0,11.0,157370.0,2018.0,10.5,,,,0,1,0,2,0,1,0,2016
15365858,N,10/09/2016,02:17 AM,-1,11,4,1,20,2,4,20,1.0,227,22,30.23652951,-97.68624264,US,183.0,327.579,US0183,Y,N,2,SUN,6.0,10.0,36.0,4.0,14.0,100483.0,2018.0,5.5,1.0,115.0,0.0,0,1,0,0,1,1,0,2016
15365890,N,10/09/2016,07:02 AM,70,11,1,1,20,2,4,21,1.0,227,22,30.10328268,-97.81130531,IH,35.0,221.5,IH0035,Y,N,1,SUN,6.0,20.0,20.0,6.0,11.0,131087.0,2018.0,12.1,,,,1,0,0,0,1,1,0,2016
15365892,N,10/09/2016,03:17 PM,-1,11,1,1,20,10,4,1,1.0,227,22,30.21239937,-97.70995040000001,SH,71.0,125.997,SH0071,Y,N,2,SUN,20.0,20.0,44.0,8.0,12.0,70740.0,2018.0,4.0,1.0,284.0,2.0,0,3,0,0,0,3,0,2016
15365902,N,10/09/2016,03:20 PM,60,11,1,1,1,2,4,22,1.0,227,22,30.25061626,-97.73590351,IH,35.0,232.718,IH0035,Y,N,2,SUN,4.0,10.0,3.0,6.0,11.0,142856.0,2018.0,11.0,1.0,238.0,3.0,0,1,0,4,0,1,0,2016
15366521,N,10/10/2016,06:12 PM,60,11,1,1,20,2,4,21,1.0,227,9999,30.21090196,-97.96903971,US,290.0,103.148,US0290,Y,Y,2,MON,1.0,1.0,0.0,4.0,14.0,37680.0,2018.0,2.9,,,,0,1,1,0,0,2,0,2016
15367809,N,10/10/2016,04:40 PM,50,11,1,1,8,2,3,14,1.0,227,538,30.30273589,-97.93236749,SH,71.0,109.538,SH0071,Y,Y,2,MON,8.0,8.0,0.0,4.0,14.0,50310.0,2018.0,3.1,,,,0,1,1,0,0,2,0,2016
15368158,N,09/24/2016,01:45 AM,40,11,4,1,1,2,1,21,1.0,227,22,30.25497389,-97.73679476,IH,35.0,233.022,IH0035,Y,N,2,SAT,8.0,20.0,3.0,8.0,11.0,142856.0,2018.0,11.0,,,,0,1,0,1,0,1,0,2016
15368162,N,09/28/2016,02:15 AM,55,11,3,1,1,2,4,20,1.0,227,22,30.32418387,-97.75584991,SL,1.0,11.679,SL0001,Y,N,4,WED,12.0,20.0,100.0,6.0,12.0,157489.0,2018.0,1.1,,,,0,0,0,2,0,0,1,2016
15368170,N,10/01/2016,02:04 PM,55,11,1,1,20,10,4,1,2.0,227,22,30.22793973,-97.78192481,US,290.0,115.139,US0290,Y,N,2,SAT,20.0,20.0,22.0,8.0,12.0,148990.0,2018.0,2.4,1.0,331.0,1.0,0,1,0,0,0,1,0,2016
15368176,N,10/03/2016,04:40 PM,-1,11,1,1,1,2,4,20,1.0,227,22,30.40834148,-97.71672131,SL,1.0,5.165,SL0001,Y,N,2,MON,28.0,28.0,36.0,9.0,12.0,112974.0,2018.0,1.6,,,,0,1,0,4,0,1,0,2016
15368247,N,10/10/2016,01:49 PM,55,11,1,1,5,2,4,21,1.0,227,538,30.32129625,-97.95483862,RM,620.0,1.08,RM0620,Y,Y,2,MON,8.0,8.0,0.0,4.0,14.0,26975.0,2018.0,3.8,,,,0,3,0,1,0,3,0,2016
15368331,N,10/06/2016,05:21 AM,50,11,4,1,11,7,4,1,2.0,227,22,30.21642787,-97.75132788,IH,35.0,230.129,IH0035,Y,N,1,THU,4.0,20.0,3.0,6.0,11.0,157370.0,2018.0,10.5,,,,1,0,0,0,0,1,0,2016
15368337,N,10/06/2016,04:49 PM,55,11,1,1,20,2,4,20,1.0,227,22,30.36741707,-97.74268504,SL,1.0,8.562000000000001,SL0001,Y,N,2,THU,12.0,20.0,36.0,6.0,12.0,149361.0,2018.0,1.2,1.0,210.0,1.0,0,1,0,1,0,1,0,2016
15368338,N,10/06/2016,08:36 PM,-1,11,4,1,8,2,1,10,1.0,227,22,30.35109432,-97.6925761,IH,35.0,240.235,IH0035,Y,N,2,THU,20.0,20.0,3.0,6.0,11.0,145168.0,2018.0,11.9,,,,0,1,0,4,0,1,0,2016
15368339,N,10/07/2016,12:16 PM,70,11,1,1,11,7,4,1,4.0,227,22,30.12320166,-97.80269743,IH,35.0,222.96400000000003,IH0035,Y,N,2,FRI,6.0,20.0,40.0,6.0,11.0,135389.0,2018.0,11.8,1.0,103.0,0.0,0,1,0,2,1,1,0,2016
15368340,N,10/07/2016,11:01 PM,45,11,4,1,15,5,2,1,1.0,227,22,30.26574519,-97.73465308,IH,35.0,233.788,IH0035,Y,N,2,FRI,20.0,40.0,3.0,8.0,11.0,158343.0,2018.0,10.4,,,,0,1,0,0,1,1,0,2016
15368371,N,10/10/2016,04:02 PM,55,11,1,1,20,2,2,22,1.0,227,22,30.24796349,-97.80435114,SL,360.0,12.7,SL0360,Y,N,2,MON,8.0,20.0,48.0,4.0,14.0,99537.0,2018.0,2.0,,,,0,1,1,0,0,2,0,2016
15369966,N,10/08/2016,12:11 AM,-1,11,4,1,1,2,4,22,1.0,227,22,30.26038681,-97.79412662,SL,1.0,17.0,SL0001,Y,N,2,SAT,10.0,16.0,60.0,7.0,12.0,153269.0,2018.0,1.2,,,,0,1,0,0,1,1,0,2016
15370021,N,10/10/2016,01:14 PM,45,11,1,1,5,2,1,10,1.0,227,22,30.32556534,-97.67331696,US,183.0,320.512,US0183,Y,N,2,MON,16.0,20.0,70.0,4.0,12.0,55986.0,2018.0,7.2,,,,0,1,3,1,0,4,0,2016
15370926,N,10/08/2016,11:51 AM,55,11,1,1,5,2,1,34,1.0,227,9999,30.16424901,-97.69284185,US,183.0,332.654,US0183,Y,Y,2,SAT,12.0,8.0,36.0,4.0,14.0,23967.0,2018.0,8.1,,,,0,4,0,0,0,4,0,2016
15371924,N,09/10/2016,08:14 AM,55,12,1,1,20,2,4,20,1.0,227,22,30.31307815,-97.66236391,US,183.0,321.626,US0183,Y,N,2,SAT,16.0,16.0,36.0,4.0,12.0,57843.0,2018.0,3.2,1.0,490.0,1.0,0,1,2,4,0,3,0,2016
15371938,N,09/23/2016,12:08 PM,45,12,1,1,17,2,1,10,1.0,227,22,30.41327488,-97.69063138,FM,734.0,10.778,FM0734,Y,N,2,FRI,10.0,20.0,36.0,6.0,14.0,56464.0,2018.0,3.8,,,,0,2,0,0,0,2,0,2016
15372096,N,10/07/2016,08:22 AM,70,12,1,1,1,7,4,1,4.0,227,22,30.39616848,-97.67204275,IH,35.0,243.629,IH0035,Y,N,2,FRI,8.0,20.0,3.0,6.0,11.0,159315.0,2018.0,11.5,,,,0,1,0,0,0,1,0,2016
15372330,N,10/12/2016,02:09 PM,50,11,1,1,5,2,2,22,1.0,227,22,30.28564453,-97.6653595,US,183.0,323.551,US0183,Y,N,2,WED,16.0,20.0,36.0,4.0,14.0,67460.0,2018.0,6.6,,,,0,3,0,2,0,3,0,2016
15372469,N,10/13/2016,12:55 AM,40,11,4,1,15,1,2,1,1.0,227,22,30.24694096,-97.77715953,SL,343.0,1.805,SL0343,Y,N,2,THU,0.0,0.0,0.0,4.0,14.0,36688.0,2018.0,1.5,1.0,199.0,3.0,0,1,0,1,0,1,0,2016
15372937,N,10/07/2016,08:55 PM,60,11,4,1,5,2,1,34,1.0,227,9999,30.32030962,-98.00708614,SH,71.0,104.751,SH0071,Y,Y,2,FRI,5.0,5.0,0.0,4.0,14.0,37755.0,2018.0,3.3,,,,0,2,0,3,0,2,0,2016
15374305,N,10/11/2016,09:15 AM,60,11,1,1,5,2,1,14,1.0,227,9999,30.26674904,-97.62540887,FM,969.0,5.154,FM0969,Y,Y,2,TUE,0.0,0.0,0.0,4.0,14.0,22033.0,2018.0,6.4,,,,0,1,0,2,0,1,0,2016
15375162,N,10/14/2016,04:41 PM,60,11,1,1,5,2,1,34,1.0,227,9999,30.28803825,-97.57583618,SH,130.0,29.981,SH0130,Y,Y,2,FRI,12.0,20.0,135.0,4.0,12.0,39424.0,2018.0,17.9,,,,0,1,0,1,0,1,0,2016
15375922,N,10/15/2016,09:50 PM,-1,11,3,1,5,2,2,22,1.0,227,22,30.42193227,-97.8450244,RM,620.0,14.197,RM0620,Y,N,2,SAT,8.0,8.0,0.0,4.0,14.0,50802.0,2018.0,3.1,,,,0,1,0,1,0,1,0,2016
15376014,N,10/14/2016,05:56 PM,65,11,1,1,1,2,1,10,1.0,227,9999,30.3520852,-98.06380379,SH,71.0,100.628,SH0071,Y,Y,1,FRI,2.0,2.0,0.0,4.0,2.0,37755.0,2018.0,3.3,,,,1,2,0,0,0,3,0,2016
15378930,N,10/11/2016,06:25 PM,60,11,8,1,20,2,3,14,1.0,227,9999,30.21152654,-97.96825763,US,290.0,103.211,US0290,Y,Y,2,TUE,1.0,1.0,0.0,4.0,14.0,37680.0,2018.0,2.9,,,,0,1,0,2,0,1,0,2016
15378963,Y,10/17/2016,06:49 AM,70,11,3,1,11,2,4,21,1.0,227,22,30.126236100000003,-97.8015047,IH,35.0,223.18400000000003,IH0035,Y,N,2,MON,6.0,20.0,40.0,6.0,11.0,135389.0,2018.0,11.8,1.0,103.0,0.0,0,1,0,1,0,1,0,2016
15379248,N,10/16/2016,02:59 AM,60,11,4,1,11,2,4,20,1.0,227,22,30.29294802,-97.72086117,IH,35.0,235.842,IH0035,Y,N,2,SUN,8.0,20.0,24.0,8.0,11.0,202376.0,2018.0,9.3,,,,0,1,0,3,1,1,0,2016
15380967,N,09/20/2016,06:36 AM,65,11,3,1,11,2,1,32,1.0,227,9999,30.37576913,-97.52914935,FM,973.0,14.351,FM0973,Y,Y,1,TUE,10.0,10.0,0.0,2.0,16.0,15148.0,2018.0,5.5,,,,1,0,0,1,0,1,0,2016
15381561,N,09/23/2016,09:21 AM,50,2,1,2,20,2,4,20,1.0,227,22,30.23437554,-97.74081394,IH,35.0,231.514,IH0035,Y,N,2,FRI,4.0,20.0,3.0,6.0,11.0,150700.0,2018.0,10.7,,,,0,1,0,1,0,1,0,2016
15381569,N,10/01/2016,08:02 PM,45,11,4,1,20,2,4,20,1.0,227,22,30.17390302,-97.82373409,FM,2304.0,2.044,FM2304,Y,N,2,SAT,13.0,14.0,0.0,2.0,16.0,34274.0,2018.0,3.5,1.0,119.0,2.0,0,1,0,3,0,1,0,2016
15381573,N,10/06/2016,09:15 PM,45,11,4,1,20,2,3,34,1.0,227,22,30.35900678,-97.69931301,SL,275.0,4.863,SL0275,Y,N,2,THU,0.0,0.0,0.0,4.0,14.0,37689.0,2018.0,1.2,,,,0,1,0,1,0,1,0,2016
15381621,N,10/11/2016,10:05 PM,40,11,4,1,1,2,3,13,1.0,227,22,30.24961042,-97.80567093,SL,360.0,12.562,SL0360,Y,N,2,TUE,8.0,20.0,60.0,4.0,14.0,99537.0,2018.0,2.0,,,,0,1,0,1,0,1,0,2016
15381635,N,10/12/2016,03:29 PM,60,11,1,1,20,2,4,22,1.0,227,22,30.26995327,-97.73305309999999,IH,35.0,234.092,IH0035,Y,N,1,WED,20.0,40.0,3.0,8.0,11.0,177389.0,2018.0,9.9,,,,1,1,0,2,0,2,0,2016
15381655,N,10/13/2016,07:38 AM,70,12,1,1,20,2,4,20,1.0,227,22,30.20999386,-97.75523316,IH,35.0,229.629,IH0035,Y,N,2,THU,4.0,20.0,3.0,6.0,11.0,148474.0,2018.0,11.3,1.0,301.0,0.0,0,1,0,1,0,1,0,2016