Crash_ID,Cmv_Involv_Fl,Crash_Date,Crash_Time,Crash_Speed_Limit,Wthr_Cond_ID,Light_Cond_ID,Surf_Cond_ID,Traffic_Cntl_ID,Harm_Evnt_ID,Intrsct_Relat_ID,FHE_Collsn_ID,Road_Relat_ID,Cnty_ID,City_ID,Latitude,Longitude,Hwy_Sys,Hwy_Nbr,Dfo,Street_Name,Onsys_Fl,Rural_Fl,Crash_Sev_ID,Day_of_Week,Shldr_Width_Left,Shldr_Width_Right,Median_Width,Nbr_Of_Lane,Func_Sys_ID,Adt_Curnt_Amt,Adt_Curnt_Year,Trk_Aadt_Pct,Curve_Type_ID,Curve_Lngth,Cd_Degr,Sus_Serious_Injry_Cnt,Nonincap_Injry_Cnt,Poss_Injry_Cnt,Non_Injry_Cnt,Unkn_Injry_Cnt,Tot_Injry_Cnt,Death_Cnt,Year
15404749,N,10/29/2016,07:20 PM,55,11,3,1,20,2,4,20,1.0,227,22,30.38383696,-97.76892828,SL,360.0,1.581,SL0360,Y,N,2,SAT,8.0,20.0,48.0,4.0,14.0,53584.0,2018.0,2.7,,,,0,1,0,4,0,1,0,2016
15404764,N,10/30/2016,06:09 PM,35,11,1,1,5,2,1,34,1.0,227,22,30.33241213,-97.73473934,RM,2222.0,10.063,RM2222,Y,N,2,SUN,0.0,0.0,0.0,4.0,14.0,34181.0,2018.0,3.5,,,,0,3,0,0,0,3,0,2016
15405597,N,10/31/2016,07:03 AM,65,5,4,1,20,2,4,20,1.0,227,22,30.35220765,-97.71419237,US,183.0,317.37,US0183,Y,N,2,MON,20.0,20.0,8.0,6.0,12.0,138247.0,2018.0,3.6,,,,0,1,0,2,0,1,0,2016
15405917,N,10/31/2016,08:24 AM,55,5,1,1,20,2,4,22,1.0,227,256,30.51196578,-97.88415705,RM,1431.0,54.326,RM1431,Y,N,2,MON,10.0,10.0,20.0,4.0,16.0,21401.0,2018.0,3.8,,,,0,1,0,1,0,1,0,2016
15407328,N,10/31/2016,03:30 PM,50,11,1,1,20,2,3,34,1.0,227,250,30.34157734,-97.96814008,RM,620.0,2.901,RM0620,Y,N,2,MON,8.0,8.0,0.0,5.0,14.0,50317.0,2018.0,3.1,,,,0,1,1,1,0,2,0,2016
15407605,N,10/09/2016,07:53 PM,-1,11,4,1,5,2,3,14,1.0,227,22,30.38243711,-97.68607448,SL,275.0,3.069,SL0275,Y,N,2,SUN,0.0,2.0,0.0,4.0,14.0,28204.0,2018.0,1.4,,,,0,2,0,6,0,2,0,2016
15407978,N,10/31/2016,08:42 AM,55,11,1,1,5,2,2,20,1.0,227,22,30.23195976,-97.87729971,US,290.0,109.21,US0290,Y,N,2,MON,0.0,8.0,0.0,4.0,14.0,48197.0,2018.0,3.0,1.0,380.0,2.0,0,1,0,2,0,1,0,2016
15409437,N,10/22/2016,12:23 AM,40,11,4,1,5,2,2,22,1.0,227,22,30.33475666,-97.73971248,RM,2222.0,9.725,RM2222,Y,N,1,SAT,0.0,0.0,0.0,4.0,14.0,34181.0,2018.0,3.5,1.0,59.0,0.0,1,0,2,1,0,3,0,2016
15410145,N,11/01/2016,07:21 AM,70,5,1,1,11,2,4,20,1.0,227,9999,30.18622324,-97.55304617,SH,71.0,136.33100000000002,SH0071,Y,Y,2,TUE,6.0,10.0,40.0,4.0,2.0,40580.0,2018.0,9.6,,,,0,1,0,1,0,1,0,2016
15410208,N,11/01/2016,07:22 AM,70,5,1,1,11,2,4,20,1.0,227,9999,30.18622324,-97.55304617,SH,71.0,136.33100000000002,SH0071,Y,Y,2,TUE,6.0,10.0,40.0,4.0,2.0,40580.0,2018.0,9.6,,,,0,1,0,2,0,1,0,2016
15411721,N,10/26/2016,08:42 PM,65,11,3,1,1,2,4,20,1.0,227,9999,30.26367047,-97.81674582,SL,360.0,11.390999999999998,SL0360,Y,Y,2,WED,8.0,20.0,60.0,4.0,14.0,55818.0,2018.0,2.6,,,,0,1,0,1,0,1,0,2016
15411797,N,10/25/2016,05:53 PM,45,12,1,1,20,2,4,22,1.0,227,22,30.37588314,-97.68976213,SL,275.0,3.571,SL0275,Y,N,2,TUE,0.0,2.0,0.0,4.0,14.0,29928.0,2018.0,1.4,,,,0,3,0,0,0,3,0,2016
15411803,N,10/29/2016,01:05 PM,-1,11,1,1,11,2,3,14,1.0,227,22,30.24697592,-97.7770301,SL,343.0,1.813,SL0343,Y,N,2,SAT,0.0,0.0,0.0,4.0,14.0,36688.0,2018.0,1.5,1.0,199.0,3.0,0,1,0,2,0,1,0,2016
15411832,N,10/30/2016,11:38 AM,45,11,1,1,5,5,2,1,1.0,227,22,30.32212067,-97.70681763,IH,35.0,238.044,IH0035,Y,N,2,SUN,8.0,20.0,24.0,8.0,11.0,199837.0,2018.0,9.4,,,,0,1,0,1,0,1,0,2016
15411835,N,10/30/2016,04:39 PM,-1,11,1,1,20,2,3,34,1.0,227,22,30.22969838,-97.88143351,US,290.0,108.918,US0290,Y,N,2,SUN,0.0,4.0,0.0,4.0,14.0,48197.0,2018.0,3.0,1.0,380.0,2.0,0,1,0,1,0,1,0,2016
15411845,N,10/31/2016,04:53 PM,-1,11,1,1,1,2,4,20,1.0,227,22,30.30503599,-97.71322762,IH,35.0,236.79,IH0035,Y,N,2,MON,8.0,20.0,24.0,8.0,11.0,196302.0,2018.0,9.5,,,,0,1,3,0,1,4,0,2016
15411856,N,11/01/2016,12:53 AM,45,11,4,1,20,2,4,31,1.0,227,22,30.32057665,-97.70702797,IH,35.0,237.937,IH0035,Y,N,2,TUE,8.0,20.0,24.0,8.0,11.0,193850.0,2018.0,9.5,1.0,274.0,0.0,0,1,1,0,0,2,0,2016
15411905,N,11/01/2016,07:25 AM,65,11,1,2,20,2,2,22,1.0,227,22,30.22078101,-97.74878452,IH,35.0,230.465,IH0035,Y,N,2,TUE,4.0,20.0,3.0,6.0,11.0,157370.0,2018.0,10.5,,,,0,2,0,0,0,2,0,2016
15411911,N,11/01/2016,01:09 PM,55,12,1,1,20,2,1,23,1.0,227,22,30.27598427,-97.66790917,US,183.0,324.232,US0183,Y,N,2,TUE,18.0,16.0,36.0,4.0,14.0,67460.0,2018.0,6.6,,,,0,1,1,1,0,2,0,2016
15411931,Y,11/01/2016,04:16 PM,55,11,1,1,20,2,4,20,1.0,227,22,30.36681953,-97.74282156,SL,1.0,8.604,SL0001,Y,N,2,TUE,12.0,20.0,36.0,6.0,12.0,149361.0,2018.0,1.2,1.0,210.0,1.0,0,1,1,3,0,2,0,2016
15411957,N,11/01/2016,05:55 PM,-1,11,1,1,20,2,1,22,1.0,227,22,30.26569263,-97.73467151,IH,35.0,233.784,IH0035,Y,N,1,TUE,20.0,40.0,3.0,8.0,11.0,158343.0,2018.0,10.4,,,,1,0,0,0,1,1,0,2016
15411962,N,11/01/2016,11:15 PM,55,12,4,2,20,7,4,1,2.0,227,22,30.275012800000002,-97.77080451,SL,1.0,15.25,SL0001,Y,N,2,TUE,12.0,20.0,60.0,6.0,12.0,145144.0,2018.0,1.2,,,,0,1,0,0,0,1,0,2016
15412005,N,11/02/2016,06:02 PM,-1,12,1,1,5,2,1,34,1.0,227,22,30.42193227,-97.8450244,RM,620.0,14.197,RM0620,Y,N,2,WED,8.0,8.0,0.0,4.0,14.0,50802.0,2018.0,3.1,,,,0,1,0,2,0,1,0,2016
15412019,N,11/03/2016,07:09 AM,65,12,4,1,20,2,4,22,1.0,227,22,30.33018683,-97.68107997,US,183.0,319.949,US0183,Y,N,2,THU,12.0,20.0,24.0,4.0,12.0,65226.0,2018.0,6.6,1.0,308.0,0.0,0,1,0,1,0,1,0,2016
15412476,Y,10/05/2016,04:09 PM,80,11,1,1,20,7,4,1,3.0,227,9999,30.14298712,-97.66286931,SH,130.0,41.596,SH0130,Y,Y,4,WED,12.0,20.0,135.0,4.0,12.0,29269.0,2018.0,21.3,,,,1,0,0,3,0,1,1,2016
15412537,N,10/31/2016,05:46 PM,60,11,5,1,11,7,4,1,2.0,227,9999,30.16243019,-97.68920252,FM,812.0,0.253,FM0812,Y,Y,2,MON,0.0,0.0,0.0,4.0,16.0,14493.0,2018.0,6.9,,,,0,1,0,0,0,1,0,2016
15412571,N,11/03/2016,08:05 AM,45,11,1,1,8,2,1,14,1.0,227,22,30.28509204,-97.66192949,FM,969.0,2.544,FM0969,Y,N,1,THU,0.0,0.0,0.0,4.0,14.0,32176.0,2018.0,6.2,,,,2,0,0,2,0,2,0,2016
15412575,N,11/03/2016,11:21 AM,55,12,1,1,10,2,3,10,1.0,227,22,30.42420833,-97.71207506,FM,734.0,9.294,FM0734,Y,N,2,THU,8.0,20.0,36.0,6.0,14.0,49788.0,2018.0,3.9,,,,0,1,0,1,0,1,0,2016
15412580,N,11/03/2016,01:03 PM,55,2,1,1,20,2,4,22,1.0,227,22,30.41925531,-97.74687709,US,183.0,311.939,US0183,Y,N,2,THU,20.0,20.0,36.0,6.0,12.0,137676.0,2018.0,2.0,,,,0,1,0,1,0,1,0,2016
15413279,N,10/30/2016,08:44 PM,60,11,4,1,20,2,2,13,1.0,227,372,30.47257312,-97.67149937,IH,35.0,248.999,IH0035,Y,N,2,SUN,16.0,20.0,3.0,6.0,11.0,162734.0,2018.0,11.4,,,,0,1,0,2,0,1,0,2016
15413402,N,11/01/2016,07:50 AM,50,11,1,1,20,2,4,21,1.0,227,1016,30.34883962,-97.55641336,US,290.0,134.365,US0290,Y,N,2,TUE,12.0,20.0,46.0,4.0,14.0,51848.0,2018.0,6.4,1.0,250.0,1.0,0,2,0,1,0,2,0,2016
15414222,N,10/15/2016,03:27 AM,65,12,4,1,1,7,4,1,2.0,227,22,30.22690802,-97.83071952,SL,1.0,20.293,SL0001,Y,N,4,SAT,20.0,20.0,3.0,6.0,12.0,84322.0,2018.0,1.6,,,,0,0,0,0,0,0,1,2016
15414234,N,10/16/2016,09:38 AM,55,11,1,1,20,7,4,1,2.0,227,9999,30.22968962,-97.89280493,US,290.0,108.23,US0290,Y,Y,1,SUN,0.0,4.0,0.0,4.0,14.0,44818.0,2018.0,2.8,,,,1,1,0,0,0,2,0,2016
15414633,N,10/07/2016,09:10 AM,-1,12,1,1,5,2,1,10,1.0,227,22,30.34814141,-97.71281681,US,183.0,317.6620000000001,US0183,Y,N,2,FRI,20.0,20.0,8.0,6.0,12.0,138247.0,2018.0,3.6,,,,0,1,0,2,0,1,0,2016
15414636,N,10/19/2016,09:42 AM,60,11,1,1,1,2,4,20,1.0,227,22,30.21267678,-97.65825591,SH,71.0,129.422,SH0071,Y,N,2,WED,10.0,8.0,2.0,4.0,12.0,66025.0,2018.0,4.1,,,,0,1,0,1,0,1,0,2016
15414650,Y,11/02/2016,03:25 AM,55,12,3,2,20,10,4,1,2.0,227,22,30.22267812,-97.68156515,SH,71.0,127.839,SH0071,Y,N,2,WED,10.0,10.0,52.0,5.0,12.0,95090.0,2018.0,3.5,,,,0,1,0,0,0,1,0,2016
15414699,N,11/03/2016,05:02 PM,70,2,1,2,20,2,4,20,1.0,227,22,30.39918098,-97.67342522,IH,35.0,243.852,IH0035,Y,N,2,THU,8.0,20.0,3.0,6.0,11.0,159315.0,2018.0,11.5,1.0,438.0,1.0,0,1,0,1,0,1,0,2016
15414702,N,11/04/2016,01:01 AM,55,11,4,2,1,7,4,1,2.0,227,22,30.22216837,-97.68313981,US,183.0,328.6090000000001,US0183,Y,N,2,FRI,12.0,16.0,36.0,4.0,14.0,43585.0,2018.0,7.8,1.0,262.0,2.0,0,1,0,0,0,1,0,2016
15414705,N,11/04/2016,03:58 AM,-1,11,3,1,20,10,4,1,4.0,227,22,30.273337599999998,-97.66860841,US,183.0,324.418,US0183,Y,N,2,FRI,18.0,16.0,36.0,4.0,14.0,67460.0,2018.0,6.6,,,,0,1,0,0,0,1,0,2016
15414712,N,11/04/2016,11:09 AM,35,12,1,1,5,2,1,10,1.0,227,22,30.29420905,-97.7200531,IH,35.0,235.941,IH0035,Y,N,2,FRI,8.0,20.0,24.0,8.0,11.0,202376.0,2018.0,9.3,,,,0,3,0,0,0,3,0,2016
15414967,N,11/01/2016,07:17 PM,60,12,3,1,20,10,4,1,2.0,227,9999,30.30533106,-97.82528364,SL,360.0,8.296,SL0360,Y,Y,4,TUE,8.0,20.0,60.0,4.0,14.0,54423.0,2018.0,2.6,1.0,195.0,4.0,0,0,0,0,0,0,1,2016
15416542,N,11/01/2016,09:46 PM,40,2,3,2,5,5,1,3,1.0,227,9999,30.456045500000002,-97.66642528,IH,35.0,247.823,IH0035,Y,Y,1,TUE,18.0,18.0,12.0,6.0,11.0,129244.0,2018.0,12.7,,,,1,0,0,0,1,1,0,2016
15416550,N,11/06/2016,02:20 PM,70,2,1,2,20,2,4,20,1.0,227,9999,30.46957185,-97.67055166,IH,35.0,248.785,IH0035,Y,Y,1,SUN,16.0,20.0,3.0,6.0,11.0,162734.0,2018.0,11.4,,,,1,0,0,4,0,1,0,2016
15418036,N,10/12/2016,07:35 PM,-1,11,4,1,20,2,4,22,1.0,227,22,30.20420537,-97.75936404,IH,35.0,229.16,IH0035,Y,N,2,WED,24.0,24.0,42.0,6.0,11.0,148474.0,2018.0,11.3,,,,0,2,0,2,0,2,0,2016
15418040,N,10/26/2016,06:14 PM,40,11,1,1,8,2,3,14,1.0,227,22,30.19790406,-97.80869247,FM,2304.0,0.165,FM2304,Y,N,2,WED,13.0,14.0,0.0,4.0,14.0,35199.0,2018.0,3.5,,,,0,1,0,1,0,1,0,2016
15418041,N,10/27/2016,07:25 AM,55,11,1,1,11,2,4,22,1.0,227,22,30.21769116,-97.75429862,US,290.0,116.996,US0290,Y,N,2,THU,20.0,20.0,20.0,6.0,12.0,140123.0,2018.0,2.6,1.0,171.0,2.0,0,1,0,1,0,1,0,2016
15418044,N,10/29/2016,05:56 AM,65,11,1,1,11,7,4,1,4.0,227,22,30.38421168,-97.74243344,US,183.0,314.406,US0183,Y,N,2,SAT,20.0,20.0,36.0,6.0,12.0,146786.0,2018.0,1.9,,,,0,1,0,1,0,1,0,2016
15418055,N,10/31/2016,07:00 PM,-1,11,5,1,17,2,1,34,1.0,227,22,30.17767515,-97.82157489,FM,2304.0,1.754,FM2304,Y,N,2,MON,13.0,14.0,0.0,4.0,14.0,34274.0,2018.0,3.5,,,,0,1,0,2,0,1,0,2016
15418126,N,11/03/2016,12:36 PM,35,2,1,2,1,2,2,23,1.0,227,22,30.22755548,-97.7720033,US,290.0,115.733,US0290,Y,N,2,THU,20.0,20.0,42.0,8.0,12.0,148990.0,2018.0,2.4,,,,0,2,0,0,0,2,0,2016
15418130,N,11/03/2016,02:27 PM,50,2,1,2,5,2,4,22,1.0,227,22,30.29221474,-97.66362099,US,183.0,323.087,US0183,Y,N,2,THU,16.0,20.0,36.0,4.0,14.0,57843.0,2018.0,3.2,,,,0,1,0,2,0,1,0,2016
15418131,N,11/04/2016,11:57 AM,-1,12,1,1,11,1,4,1,2.0,227,22,30.42353109,-97.67170766,IH,35.0,245.55900000000003,IH0035,Y,N,2,FRI,8.0,20.0,3.0,6.0,11.0,134367.0,2018.0,12.4,,,,0,1,0,0,1,1,0,2016
15418136,N,11/04/2016,04:36 PM,45,12,1,1,20,2,4,22,1.0,227,22,30.20359037,-97.64023007,SH,71.0,130.667,SH0071,Y,N,2,FRI,0.0,0.0,180.0,6.0,14.0,60929.0,2018.0,4.2,,,,0,1,1,5,0,2,0,2016
15418161,N,11/04/2016,06:14 AM,65,11,4,1,20,1,4,1,1.0,227,22,30.21522237,-97.75210147,IH,35.0,230.034,IH0035,Y,N,2,FRI,4.0,20.0,3.0,6.0,11.0,148474.0,2018.0,11.3,,,,0,1,0,1,0,1,0,2016
15418213,N,11/05/2016,07:20 AM,-1,12,4,2,20,5,4,1,1.0,227,22,30.23661829,-97.83293548,US,290.0,111.921,US0290,Y,N,4,SAT,20.0,20.0,42.0,5.0,12.0,68372.0,2018.0,2.7,,,,0,0,0,1,0,0,1,2016
15418218,N,11/05/2016,11:50 AM,55,2,1,2,5,2,1,10,1.0,227,22,30.23557091,-97.82463074,US,290.0,112.426,US0290,Y,N,2,SAT,20.0,20.0,42.0,5.0,12.0,77933.0,2018.0,3.6,1.0,361.0,1.0,0,1,1,0,0,2,0,2016
15418305,N,11/06/2016,02:25 AM,45,11,4,1,20,2,3,10,1.0,227,22,30.24727418,-97.77539187,SL,343.0,1.913,SL0343,Y,N,2,SUN,0.0,0.0,0.0,4.0,14.0,36688.0,2018.0,1.5,,,,0,1,0,1,1,1,0,2016
15418321,N,11/06/2016,02:27 PM,45,12,1,2,20,7,4,1,2.0,227,22,30.31105817,-97.70940279,IH,35.0,237.263,IH0035,Y,N,2,SUN,8.0,20.0,24.0,8.0,11.0,193850.0,2018.0,9.5,,,,0,1,0,0,0,1,0,2016
15418437,N,11/06/2016,04:00 AM,65,12,4,2,11,7,2,1,2.0,227,22,30.2450725,-97.73497104,IH,35.0,232.332,IH0035,Y,N,2,SUN,4.0,16.0,40.0,6.0,11.0,150700.0,2018.0,10.7,,,,0,1,0,0,0,1,0,2016
15418440,N,11/06/2016,03:03 AM,-1,12,4,1,20,7,4,1,2.0,227,22,30.22724159,-97.74502702,IH,35.0,230.963,IH0035,Y,N,2,SUN,4.0,20.0,3.0,6.0,11.0,157370.0,2018.0,10.5,,,,0,1,0,0,0,1,0,2016
15418533,Y,10/23/2016,02:29 PM,55,11,1,1,1,2,4,21,1.0,227,22,30.22762808,-97.77247643,US,290.0,115.705,US0290,Y,N,2,SUN,20.0,20.0,42.0,8.0,12.0,148990.0,2018.0,2.4,,,,0,3,4,8,0,7,0,2016
15418620,N,11/05/2016,10:43 AM,55,11,1,2,20,2,4,30,1.0,227,256,30.51994859,-97.89790295,RM,1431.0,53.283,RM1431,Y,N,4,SAT,2.0,2.0,0.0,4.0,6.0,21401.0,2018.0,3.8,1.0,118.0,0.0,2,1,0,0,0,3,1,2016
15422637,N,11/08/2016,08:50 PM,45,2,4,2,5,2,1,34,1.0,227,330,30.43660449,-97.61391533,FM,1825.0,3.913,FM1825,Y,N,2,TUE,1.0,1.0,0.0,2.0,16.0,20270.0,2018.0,4.4,,,,0,1,0,1,0,1,0,2016
15423295,N,11/08/2016,12:58 PM,60,2,1,2,20,2,4,30,1.0,227,9999,30.39071685,-97.88881835,RM,620.0,10.359000000000002,RM0620,Y,Y,2,TUE,8.0,8.0,0.0,4.0,14.0,31858.0,2018.0,3.6,1.0,258.0,5.0,0,1,2,0,0,3,0,2016
15423379,N,11/03/2016,08:12 AM,55,12,1,1,20,2,1,34,1.0,227,9999,30.44670855,-97.74388723,FM,734.0,6.789,FM0734,Y,Y,2,THU,8.0,20.0,36.0,6.0,14.0,55456.0,2018.0,3.8,1.0,297.0,1.0,0,1,0,1,0,1,0,2016
15426126,N,10/28/2016,08:27 PM,-1,11,4,1,1,2,4,22,1.0,227,22,30.354397100000003,-97.74736611,SL,1.0,9.503,SL0001,Y,N,2,FRI,12.0,20.0,36.0,6.0,12.0,148872.0,2018.0,1.2,1.0,157.0,2.0,0,3,0,3,0,3,0,2016
15426196,N,11/03/2016,12:59 PM,40,2,1,2,1,2,4,20,1.0,227,22,,,SL,1.0,,SL0001,Y,N,2,THU,,,,,,,,,,,,0,4,0,0,0,4,0,2016
15426205,N,11/06/2016,02:24 PM,75,2,3,2,20,7,4,1,2.0,227,22,30.44166964,-97.69774365,SL,1.0,2.46,SL0001,Y,N,2,SUN,20.0,20.0,36.0,6.0,12.0,64650.0,2018.0,2.0,,,,0,1,0,0,0,1,0,2016
15426265,N,11/07/2016,08:24 PM,-1,12,4,2,20,2,4,21,1.0,227,22,30.173591700000003,-97.78178625,IH,35.0,226.662,IH0035,Y,N,2,MON,6.0,20.0,30.0,6.0,11.0,156852.0,2018.0,11.1,,,,0,1,0,2,0,1,0,2016
15426268,N,11/07/2016,09:58 PM,-1,11,3,1,20,7,4,1,2.0,227,22,30.22265656,-97.6816503,SH,71.0,127.834,SH0071,Y,N,1,MON,10.0,10.0,52.0,5.0,12.0,95090.0,2018.0,3.5,,,,1,0,0,2,0,1,0,2016
15426326,Y,11/08/2016,03:04 PM,-1,12,1,2,5,2,1,10,1.0,227,9999,30.19433975,-97.62417603,SH,71.0,131.822,SH0071,Y,Y,2,TUE,6.0,10.0,400.0,6.0,14.0,53382.0,2018.0,8.3,,,,0,1,0,1,0,1,0,2016
15426334,N,11/08/2016,06:20 PM,65,2,4,2,20,2,4,22,1.0,227,22,30.34984171,-97.71346390000001,US,183.0,317.538,US0183,Y,N,2,TUE,20.0,20.0,8.0,6.0,12.0,138247.0,2018.0,3.6,,,,0,1,0,1,0,1,0,2016
15426341,N,11/08/2016,07:55 PM,-1,2,3,2,5,2,1,10,1.0,227,22,30.40049157,-97.74585118,US,183.0,313.2390000000001,US0183,Y,N,2,TUE,20.0,20.0,36.0,6.0,12.0,137676.0,2018.0,2.0,1.0,270.0,1.0,0,1,0,1,0,1,0,2016
15426345,N,11/08/2016,06:56 PM,-1,2,3,2,1,1,4,1,1.0,227,22,30.35764657,-97.7000886,SL,275.0,4.967,SL0275,Y,N,4,TUE,0.0,0.0,0.0,4.0,14.0,37689.0,2018.0,1.2,,,,0,0,1,0,0,1,1,2016
15426346,N,11/08/2016,06:18 PM,35,2,4,2,5,1,2,2,1.0,227,22,30.26085741,-97.75852177,SL,343.0,3.383,SL0343,Y,N,2,TUE,0.0,0.0,0.0,4.0,14.0,46479.0,2018.0,1.4,,,,0,1,0,1,0,1,0,2016
15426370,N,11/09/2016,01:21 PM,40,12,1,1,20,2,2,21,1.0,227,22,,,,,,SL0183,Y,N,2,WED,,,,,,,,,,,,0,1,0,2,0,1,0,2016
15426379,Y,11/09/2016,05:07 PM,-1,12,1,2,21,2,2,22,1.0,227,22,30.18286075,-97.68758604,US,183.0,331.336,US0183,Y,N,2,WED,12.0,20.0,36.0,4.0,14.0,34458.0,2018.0,6.7,,,,0,2,0,1,0,2,0,2016
15426412,N,11/10/2016,12:16 PM,50,11,1,1,9,2,4,10,1.0,227,22,30.16735228,-97.78589659,IH,35.0,226.167,IH0035,Y,N,2,THU,6.0,20.0,30.0,6.0,11.0,156852.0,2018.0,11.1,1.0,586.0,0.0,0,1,0,1,0,1,0,2016
15427371,N,11/02/2016,02:43 AM,55,2,3,2,20,7,4,1,2.0,227,9999,30.45932543,-97.66731613,IH,35.0,248.055,IH0035,Y,Y,4,WED,18.0,18.0,12.0,6.0,11.0,162734.0,2018.0,11.4,1.0,467.0,1.0,0,0,0,0,0,0,1,2016
15427956,N,11/11/2016,05:30 AM,55,0,3,1,20,7,4,1,2.0,227,9999,30.14232017,-97.81297791,FM,1626.0,1.136,FM1626,Y,Y,2,FRI,1.0,1.0,0.0,2.0,16.0,17291.0,2018.0,4.2,1.0,100.0,10.0,0,1,0,0,0,1,0,2016
15428084,N,11/11/2016,04:36 PM,80,11,1,1,1,2,4,20,1.0,227,9999,30.2469397,-97.60916312,SH,130.0,33.468,SH0130,Y,Y,1,FRI,12.0,20.0,135.0,4.0,12.0,43413.0,2018.0,17.5,,,,3,0,2,0,0,5,0,2016
15431119,N,10/31/2016,04:20 PM,55,11,1,1,21,2,1,10,1.0,227,22,30.32227457,-97.70678948,IH,35.0,238.054,IH0035,Y,N,2,MON,8.0,20.0,24.0,8.0,11.0,199837.0,2018.0,9.4,,,,0,4,0,2,0,4,0,2016
15431600,N,09/26/2016,05:01 AM,35,11,4,2,11,7,4,1,2.0,227,22,30.32067522,-97.71594499999999,SS,69.0,0.742,SS0069,Y,N,2,MON,0.0,0.0,10.0,4.0,14.0,19307.0,2018.0,2.3,,,,0,1,0,0,0,1,0,2016
15432109,N,10/30/2016,07:08 PM,-1,11,3,1,1,1,4,1,5.0,227,22,,,IH,35.0,,IH0035,Y,N,4,SUN,,,,,,,,,,,,0,0,0,3,0,0,1,2016
15432122,N,11/04/2016,05:26 PM,-1,12,1,1,5,2,1,10,1.0,227,22,30.32212067,-97.70681763,IH,35.0,238.044,IH0035,Y,N,2,FRI,8.0,20.0,24.0,8.0,11.0,199837.0,2018.0,9.4,,,,0,2,0,0,0,2,0,2016
15432169,N,11/06/2016,07:38 PM,-1,2,4,2,20,7,4,1,2.0,227,22,30.41049514,-97.71081425,SL,1.0,4.777,SL0001,Y,N,2,SUN,28.0,28.0,36.0,9.0,12.0,112974.0,2018.0,1.6,1.0,425.0,1.0,0,1,0,0,0,1,0,2016
15432254,Y,11/10/2016,10:14 PM,70,11,4,1,1,2,4,21,1.0,227,22,30.17992464,-97.7776406,IH,35.0,227.163,IH0035,Y,N,2,THU,6.0,20.0,30.0,6.0,11.0,156852.0,2018.0,11.1,,,,0,1,0,5,0,1,0,2016
15432323,N,11/11/2016,02:25 AM,55,11,4,1,11,4,1,1,3.0,227,22,30.33650398,-97.75543681,SL,1.0,10.831,SL0001,Y,N,2,FRI,12.0,20.0,100.0,6.0,12.0,148872.0,2018.0,1.2,1.0,218.0,2.0,0,1,0,0,0,1,0,2016
15432329,N,11/11/2016,10:10 AM,45,12,1,1,9,2,2,22,1.0,227,22,30.2201978,-97.83652978,SL,1.0,20.87,SL0001,Y,N,2,FRI,20.0,20.0,3.0,6.0,12.0,84322.0,2018.0,1.6,,,,0,1,2,0,0,3,0,2016
15432356,N,11/11/2016,03:40 PM,55,11,1,1,20,2,3,14,1.0,227,9999,30.271374800000004,-97.63194608,FM,969.0,4.632,FM0969,Y,Y,1,FRI,0.0,0.0,0.0,4.0,14.0,20957.0,2018.0,6.4,1.0,63.0,2.0,1,1,0,0,0,2,0,2016
15432418,N,11/11/2016,07:33 PM,25,11,3,1,20,10,2,1,1.0,227,22,30.22041312,-97.68318364,US,183.0,328.73,US0183,Y,N,4,FRI,12.0,16.0,36.0,4.0,14.0,43585.0,2018.0,7.8,,,,0,1,0,0,0,1,1,2016
15432427,N,11/12/2016,01:50 AM,55,11,4,1,20,2,4,22,1.0,227,22,30.27885363,-97.76795375,SL,1.0,14.936,SL0001,Y,N,2,SAT,12.0,20.0,60.0,6.0,12.0,145144.0,2018.0,1.2,1.0,245.0,0.0,0,1,0,4,0,1,0,2016
15432428,N,11/12/2016,07:35 AM,5,11,1,1,1,4,4,4,5.0,227,22,,,IH,35.0,,IH0035,Y,N,1,SAT,,,,,,,,,,,,1,0,0,0,1,1,0,2016
15432434,N,11/12/2016,11:22 AM,60,11,1,1,1,2,4,20,1.0,227,22,30.24056351,-97.73714386,IH,35.0,231.993,IH0035,Y,N,2,SAT,4.0,16.0,40.0,6.0,11.0,150700.0,2018.0,10.7,,,,0,1,0,4,0,1,0,2016
15432439,N,11/12/2016,02:44 PM,-1,11,1,1,5,2,1,10,1.0,227,22,30.32212067,-97.70681763,IH,35.0,238.044,IH0035,Y,N,2,SAT,8.0,20.0,24.0,8.0,11.0,199837.0,2018.0,9.4,,,,0,2,0,3,0,2,0,2016
15432442,N,11/12/2016,01:20 PM,-1,11,1,1,20,7,4,1,2.0,227,22,30.39936147,-97.73097728,SL,1.0,6.252000000000002,SL0001,Y,N,2,SAT,24.0,20.0,36.0,6.0,12.0,112347.0,2018.0,1.6,1.0,386.0,1.0,0,1,0,0,0,1,0,2016
15432485,N,11/12/2016,05:01 AM,50,11,4,1,5,7,2,3,2.0,227,22,30.34814141,-97.71281681,US,183.0,317.6620000000001,US0183,Y,N,2,SAT,20.0,20.0,8.0,6.0,12.0,138247.0,2018.0,3.6,,,,0,1,0,0,0,1,0,2016
15432491,N,11/12/2016,10:04 PM,55,11,4,1,5,2,1,10,1.0,227,9999,30.19433975,-97.62417603,SH,71.0,131.822,SH0071,Y,Y,1,SAT,6.0,10.0,400.0,6.0,14.0,53382.0,2018.0,8.3,,,,1,1,0,0,1,2,0,2016