Crash_ID,Cmv_Involv_Fl,Crash_Date,Crash_Time,Crash_Speed_Limit,Wthr_Cond_ID,Light_Cond_ID,Surf_Cond_ID,Traffic_Cntl_ID,Harm_Evnt_ID,Intrsct_Relat_ID,FHE_Collsn_ID,Road_Relat_ID,Cnty_ID,City_ID,Latitude,Longitude,Hwy_Sys,Hwy_Nbr,Dfo,Street_Name,Onsys_Fl,Rural_Fl,Crash_Sev_ID,Day_of_Week,Shldr_Width_Left,Shldr_Width_Right,Median_Width,Nbr_Of_Lane,Func_Sys_ID,Adt_Curnt_Amt,Adt_Curnt_Year,Trk_Aadt_Pct,Curve_Type_ID,Curve_Lngth,Cd_Degr,Sus_Serious_Injry_Cnt,Nonincap_Injry_Cnt,Poss_Injry_Cnt,Non_Injry_Cnt,Unkn_Injry_Cnt,Tot_Injry_Cnt,Death_Cnt,Year
15432495,N,11/13/2016,07:16 AM,60,12,1,1,20,2,4,21,1.0,227,22,30.20324354,-97.63954473,SH,71.0,130.714,SH0071,Y,N,2,SUN,0.0,0.0,180.0,6.0,14.0,53382.0,2018.0,8.3,,,,0,1,0,3,0,1,0,2016
15432498,N,11/13/2016,10:35 AM,65,12,1,1,20,2,4,20,1.0,227,22,30.17914256,-97.77815256,IH,35.0,227.101,IH0035,Y,N,1,SUN,6.0,20.0,30.0,6.0,11.0,156852.0,2018.0,11.1,,,,1,0,0,4,1,1,0,2016
15432549,N,11/13/2016,10:04 PM,70,11,3,1,20,10,4,1,2.0,227,22,30.16416309,-97.78779663,IH,35.0,225.92,IH0035,Y,N,2,SUN,6.0,20.0,30.0,6.0,11.0,128785.0,2018.0,12.2,1.0,586.0,0.0,0,3,0,0,0,3,0,2016
15432561,N,11/14/2016,09:10 AM,-1,11,1,1,5,2,2,22,1.0,227,22,30.39952336,-97.65491719,FM,734.0,13.19,FM0734,Y,N,2,MON,11.0,0.0,55.0,4.0,14.0,39056.0,2018.0,4.1,,,,0,1,0,0,1,1,0,2016
15432563,N,11/14/2016,10:13 AM,-1,11,1,1,20,2,1,10,1.0,227,22,30.28919539,-97.72326549,IH,35.0,235.547,IH0035,Y,N,2,MON,8.0,20.0,24.0,8.0,11.0,202376.0,2018.0,9.3,,,,0,1,2,0,0,3,0,2016
15432564,N,11/14/2016,10:12 AM,50,11,1,1,5,2,1,34,1.0,227,22,30.28584742,-97.68263358,FM,969.0,1.294,FM0969,Y,N,2,MON,0.0,0.0,0.0,4.0,14.0,17992.0,2018.0,6.6,,,,0,1,0,1,0,1,0,2016
15432841,N,11/13/2016,11:51 PM,55,11,4,1,11,7,4,1,2.0,227,9999,30.11279993,-97.78519851,FM,1327.0,1.246,FM1327,Y,Y,1,SUN,10.0,10.0,0.0,2.0,16.0,17645.0,2018.0,5.2,,,,1,0,0,0,0,1,0,2016
15435137,N,11/14/2016,06:30 PM,55,11,4,1,5,2,2,13,1.0,227,9999,30.19293627,-97.92472617,RM,1826.0,3.614,RM1826,Y,Y,2,MON,3.0,3.0,0.0,2.0,16.0,12378.0,2018.0,5.2,1.0,65.0,2.0,0,1,1,0,0,2,0,2016
15435197,N,10/26/2016,11:49 PM,55,11,4,1,20,2,4,21,1.0,227,22,30.2738011,-97.73172917,IH,35.0,234.36900000000003,IH0035,Y,N,2,WED,20.0,40.0,3.0,8.0,11.0,177389.0,2018.0,9.9,,,,0,2,0,4,0,2,0,2016
15435356,N,11/13/2016,10:51 PM,55,11,4,1,20,2,2,20,1.0,227,22,30.21465116,-97.75244983,IH,35.0,229.99,IH0035,Y,N,2,SUN,4.0,20.0,3.0,6.0,11.0,148474.0,2018.0,11.3,,,,0,1,0,4,0,1,0,2016
15435401,N,11/14/2016,01:31 PM,50,11,1,1,5,2,1,34,1.0,227,22,30.30191447,-97.71523893,IH,35.0,236.544,IH0035,Y,N,2,MON,8.0,20.0,24.0,8.0,11.0,196302.0,2018.0,9.5,,,,0,1,0,1,0,1,0,2016
15435549,N,11/14/2016,12:23 PM,50,11,1,1,1,2,3,10,1.0,227,250,30.34940228,-97.96358248,RM,620.0,3.508,RM0620,Y,N,2,MON,8.0,8.0,0.0,4.0,14.0,50317.0,2018.0,3.1,,,,0,1,1,2,0,2,0,2016
15435859,N,11/15/2016,04:45 PM,55,11,1,1,20,2,4,30,1.0,227,250,30.36921455,-97.94914942,RM,620.0,5.171,RM0620,Y,N,1,TUE,8.0,8.0,0.0,4.0,14.0,43643.0,2018.0,3.2,,,,2,1,0,3,0,3,0,2016
15436316,N,11/16/2016,06:14 AM,60,11,4,1,9,2,2,22,1.0,227,9999,30.16415315,-97.69279691,FM,812.0,0.008,FM0812,Y,Y,2,WED,0.0,0.0,0.0,4.0,16.0,18286.0,2018.0,6.6,,,,0,1,0,2,0,1,0,2016
15438905,N,11/16/2016,03:24 PM,60,11,1,1,20,2,3,30,1.0,227,9999,30.16181026,-97.68792629999999,FM,812.0,0.34,FM0812,Y,Y,2,WED,0.0,0.0,0.0,4.0,16.0,14493.0,2018.0,6.9,,,,0,1,0,2,0,1,0,2016
15440155,N,11/17/2016,06:14 PM,55,11,4,1,20,2,1,34,1.0,227,9999,30.257085800000002,-97.61183167,FM,969.0,6.225,FM0969,Y,Y,1,THU,6.0,6.0,15.0,3.0,14.0,22309.0,2018.0,6.4,,,,1,0,1,0,0,2,0,2016
15441181,N,11/16/2016,07:47 AM,-1,11,1,1,20,2,4,22,1.0,227,22,30.35846702,-97.68789989,IH,35.0,240.814,IH0035,Y,N,2,WED,8.0,20.0,3.0,6.0,11.0,138459.0,2018.0,12.2,,,,0,1,0,2,0,1,0,2016
15441585,N,11/16/2016,11:45 PM,70,11,4,1,1,1,4,1,1.0,227,22,,,IH,35.0,,IH0035,Y,N,1,WED,,,,,,,,,,,,1,0,1,0,0,2,0,2016
15441968,N,11/18/2016,06:33 PM,50,11,3,1,1,6,4,1,1.0,227,9999,30.23309297,-97.90459026,US,290.0,107.488,US0290,Y,Y,2,FRI,0.0,4.0,0.0,4.0,14.0,44818.0,2018.0,2.8,1.0,290.0,2.0,0,1,0,0,0,1,0,2016
15443216,N,11/15/2016,05:13 PM,80,11,1,1,20,10,4,1,4.0,227,330,30.43986622,-97.59223085,SH,130.0,18.789,SH0130,Y,N,2,TUE,8.0,20.0,135.0,6.0,12.0,45033.0,2018.0,17.2,,,,0,1,0,0,0,1,0,2016
15443430,N,11/18/2016,03:30 PM,55,11,1,1,5,2,1,34,1.0,227,538,30.30652838,-97.93121543,RM,2244.0,0.315,RM2244,Y,Y,1,FRI,5.0,10.0,0.0,4.0,14.0,19573.0,2018.0,4.4,,,,1,1,0,3,0,2,0,2016
15443451,N,11/07/2016,03:14 AM,70,5,3,2,20,2,4,30,1.0,227,9999,30.18942294,-97.58094686,SH,71.0,134.641,SH0071,Y,Y,4,MON,4.0,6.0,40.0,4.0,2.0,53382.0,2018.0,8.3,,,,1,1,0,0,0,2,1,2016
15443873,N,11/07/2016,05:41 PM,50,2,5,2,5,2,1,34,1.0,227,330,30.44589702,-97.60793605,FM,685.0,7.227,FM0685,Y,N,2,MON,4.0,4.0,14.0,4.0,16.0,29334.0,2018.0,4.3,,,,0,1,0,2,0,1,0,2016
15445188,N,10/29/2016,03:22 AM,60,11,4,1,20,10,4,1,4.0,227,22,30.26250314,-97.73588681,IH,35.0,233.553,IH0035,Y,N,2,SAT,8.0,20.0,3.0,8.0,11.0,158343.0,2018.0,10.4,1.0,248.0,2.0,0,1,0,0,0,1,0,2016
15445189,N,10/30/2016,05:30 PM,-1,11,1,1,20,2,1,20,1.0,227,22,30.23400019,-97.87121316,US,290.0,109.607,US0290,Y,N,2,SUN,6.0,6.0,0.0,4.0,14.0,72290.0,2018.0,2.7,1.0,310.0,2.0,0,2,0,1,0,2,0,2016
15445194,N,11/03/2016,03:07 PM,-1,2,1,2,20,2,4,20,1.0,227,22,30.28688167,-97.72477014,IH,35.0,235.364,IH0035,Y,N,2,THU,20.0,40.0,3.0,8.0,11.0,202376.0,2018.0,9.3,,,,0,2,0,2,0,2,0,2016
15445667,N,11/17/2016,03:48 PM,55,11,1,1,11,2,3,38,1.0,227,9999,30.39116884,-97.93816605,RM,620.0,6.87,RM0620,Y,Y,2,THU,8.0,8.0,0.0,4.0,14.0,37016.0,2018.0,3.4,,,,0,1,0,2,0,1,0,2016
15445997,N,11/08/2016,08:07 AM,45,12,1,2,20,2,4,21,1.0,227,22,30.27472076,-97.73145201,IH,35.0,234.43400000000003,IH0035,Y,N,2,TUE,20.0,40.0,3.0,8.0,11.0,177389.0,2018.0,9.9,,,,0,1,0,1,0,1,0,2016
15446003,N,11/15/2016,09:10 PM,-1,11,4,1,1,2,4,20,1.0,227,22,30.27445532,-97.731532,IH,35.0,234.415,IH0035,Y,N,2,TUE,20.0,40.0,3.0,8.0,11.0,177389.0,2018.0,9.9,,,,0,1,0,1,0,1,0,2016
15446005,N,11/16/2016,12:20 AM,60,11,4,1,5,2,1,14,1.0,227,22,30.35246832,-97.79531786,SL,360.0,4.373,SL0360,Y,N,2,WED,8.0,20.0,60.0,4.0,14.0,53846.0,2018.0,2.7,,,,0,2,0,1,0,2,0,2016
15446010,N,11/16/2016,09:50 AM,55,11,1,1,11,2,4,21,1.0,227,22,30.22265867,-97.68164328,SH,71.0,127.834,SH0071,Y,N,2,WED,10.0,10.0,52.0,5.0,12.0,95090.0,2018.0,3.5,,,,0,1,0,3,0,1,0,2016
15446011,N,11/16/2016,07:30 AM,65,11,1,1,20,2,2,10,1.0,227,22,30.22291193,-97.76382815,US,290.0,116.322,US0290,Y,N,2,WED,20.0,20.0,42.0,6.0,12.0,140123.0,2018.0,2.6,,,,0,2,0,0,0,2,0,2016
15446019,N,11/17/2016,11:29 AM,55,11,1,1,8,2,1,10,1.0,227,22,30.26892976,-97.66975939,US,183.0,324.7290000000001,US0183,Y,N,1,THU,18.0,16.0,36.0,4.0,14.0,67460.0,2018.0,6.6,,,,1,0,0,1,0,1,0,2016
15446072,N,10/19/2016,05:25 AM,65,11,4,1,1,7,4,1,4.0,227,22,30.35609507,-97.71537846,US,183.0,317.094,US0183,Y,N,1,WED,20.0,20.0,8.0,6.0,12.0,138247.0,2018.0,3.6,,,,1,0,0,0,0,1,0,2016
15446083,N,11/08/2016,03:05 PM,60,12,1,1,20,2,4,22,1.0,227,22,30.30877705,-97.71081588,IH,35.0,237.085,IH0035,Y,N,1,TUE,8.0,20.0,24.0,8.0,11.0,193850.0,2018.0,9.5,,,,1,0,2,0,0,3,0,2016
15446324,N,11/15/2016,06:17 PM,55,11,1,1,1,2,4,20,1.0,227,22,30.22265656,-97.6816503,SH,71.0,127.834,SH0071,Y,N,2,TUE,10.0,10.0,52.0,5.0,12.0,95090.0,2018.0,3.5,,,,0,3,0,1,0,3,0,2016
15446341,N,11/15/2016,08:48 AM,65,11,1,1,20,2,4,21,1.0,227,22,30.36306105,-97.71748841,US,183.0,316.599,US0183,Y,N,2,TUE,20.0,20.0,8.0,6.0,12.0,138247.0,2018.0,3.6,1.0,131.0,3.0,0,2,1,0,0,3,0,2016
15446344,N,11/15/2016,07:38 AM,35,11,1,1,1,2,4,22,1.0,227,22,30.24122686,-97.78562672,SL,343.0,1.163,SL0343,Y,N,2,TUE,0.0,0.0,0.0,4.0,14.0,36688.0,2018.0,1.5,,,,0,1,0,7,0,1,0,2016
15446399,N,11/16/2016,05:51 AM,60,11,4,1,20,1,4,1,1.0,227,22,30.30600129,-97.71260532,IH,35.0,236.866,IH0035,Y,N,4,WED,8.0,20.0,24.0,8.0,11.0,196302.0,2018.0,9.5,1.0,73.0,0.0,0,0,0,2,0,0,1,2016
15446400,N,11/16/2016,07:34 AM,-1,11,1,1,20,5,3,3,2.0,227,22,30.32207744,-97.70198712,US,290.0,125.391,US0290,Y,N,2,WED,12.0,20.0,24.0,5.0,12.0,55306.0,2018.0,6.3,,,,0,1,0,1,0,1,0,2016
15446418,N,11/16/2016,05:15 AM,-1,11,4,1,1,2,1,10,1.0,227,22,30.43727954,-97.73587539,FM,734.0,7.61,FM0734,Y,N,2,WED,8.0,20.0,36.0,6.0,14.0,49788.0,2018.0,3.9,,,,0,1,0,1,0,1,0,2016
15446466,N,11/16/2016,03:20 PM,60,11,1,1,20,2,4,22,1.0,227,22,30.3084185,-97.71104702,IH,35.0,237.056,IH0035,Y,N,2,WED,8.0,20.0,24.0,8.0,11.0,196302.0,2018.0,9.5,,,,0,3,4,2,0,7,0,2016
15446467,N,11/16/2016,03:50 PM,55,11,1,1,20,2,4,22,1.0,227,22,30.32502717,-97.67487482,US,290.0,127.055,US0290,Y,N,2,WED,12.0,20.0,36.0,4.0,12.0,47490.0,2018.0,6.7,,,,0,3,0,1,0,3,0,2016
15446471,N,11/17/2016,10:12 AM,55,11,1,1,11,2,4,20,1.0,227,22,30.43096096,-97.76291509,US,183.0,310.624,US0183,Y,N,2,THU,16.0,20.0,36.0,6.0,12.0,130260.0,2018.0,2.1,,,,0,1,1,0,0,2,0,2016
15446474,N,11/17/2016,12:59 PM,45,12,1,1,20,2,2,22,1.0,227,22,30.24862182,-97.69138944,SL,111.0,2.482,SL0111,Y,N,2,THU,0.0,0.0,12.0,4.0,14.0,31328.0,2018.0,1.8,,,,0,1,0,3,0,1,0,2016
15446477,N,11/17/2016,02:46 PM,65,11,1,2,20,2,4,22,1.0,227,22,30.23057561,-97.74306949,IH,35.0,231.22,IH0035,Y,N,2,THU,4.0,20.0,3.0,6.0,11.0,157370.0,2018.0,10.5,,,,0,1,1,1,0,2,0,2016
15446483,N,11/17/2016,06:49 PM,-1,11,1,1,5,1,2,3,1.0,227,22,30.33246457,-97.6862543,US,183.0,319.6020000000001,US0183,Y,N,2,THU,4.0,10.0,24.0,5.0,12.0,65226.0,2018.0,6.6,,,,0,1,0,1,0,1,0,2016
15446484,N,11/17/2016,07:03 PM,60,11,4,1,20,2,4,22,1.0,227,22,30.27481064,-97.73142416,IH,35.0,234.441,IH0035,Y,N,2,THU,20.0,40.0,3.0,8.0,11.0,177389.0,2018.0,9.9,,,,0,1,1,1,1,2,0,2016
15446486,N,11/17/2016,06:01 PM,50,11,1,1,1,2,4,22,1.0,227,9999,30.19953976,-97.63226513,SH,71.0,131.218,SH0071,Y,Y,2,THU,6.0,0.0,400.0,6.0,14.0,53382.0,2018.0,8.3,,,,0,1,0,1,0,1,0,2016
15446514,N,11/17/2016,06:05 PM,-1,12,3,1,5,2,2,22,1.0,227,22,30.37847716,-97.68831671,SL,275.0,3.373,SL0275,Y,N,2,THU,0.0,2.0,0.0,4.0,14.0,29928.0,2018.0,1.4,,,,0,1,5,0,0,6,0,2016
15446520,N,11/17/2016,09:56 PM,-1,11,4,1,1,7,4,1,4.0,227,22,30.40035494,-97.74586455,US,183.0,313.249,US0183,Y,N,2,THU,20.0,20.0,36.0,6.0,12.0,137676.0,2018.0,2.0,1.0,270.0,1.0,0,1,0,1,0,1,0,2016
15446529,N,11/18/2016,06:20 AM,-1,12,4,1,20,2,1,10,1.0,227,22,30.33256829,-97.68650517,US,183.0,319.585,US0183,Y,N,2,FRI,4.0,10.0,24.0,5.0,12.0,65226.0,2018.0,6.6,,,,0,1,0,2,0,1,0,2016
15446545,N,11/18/2016,12:48 PM,60,11,1,1,1,2,4,22,1.0,227,22,30.22304595,-97.74748313,IH,35.0,230.639,IH0035,Y,N,2,FRI,4.0,20.0,3.0,6.0,11.0,157370.0,2018.0,10.5,,,,0,2,0,2,0,2,0,2016
15446583,N,11/18/2016,02:37 PM,50,12,1,1,1,2,3,34,1.0,227,22,30.29098058,-97.62815454,FM,3177.0,3.565,FM3177,Y,N,2,FRI,10.0,10.0,0.0,4.0,17.0,11798.0,2018.0,6.1,,,,0,2,1,4,0,3,0,2016
15446610,N,11/19/2016,10:19 AM,55,11,1,1,1,7,4,1,2.0,227,22,30.1862816,-97.68662305,US,183.0,331.094,US0183,Y,N,2,SAT,12.0,20.0,36.0,4.0,14.0,30598.0,2018.0,9.5,,,,0,2,0,1,0,2,0,2016
15446663,N,11/19/2016,05:34 PM,70,11,1,1,20,2,4,20,1.0,227,22,30.19792116,-97.76452509,IH,35.0,228.629,IH0035,Y,N,2,SAT,24.0,24.0,42.0,6.0,11.0,170988.0,2018.0,10.7,,,,0,1,1,6,0,2,0,2016
15446664,N,11/19/2016,06:09 PM,-1,11,4,1,20,2,4,20,1.0,227,22,30.41876415,-97.74679079,US,183.0,311.974,US0183,Y,N,2,SAT,20.0,20.0,36.0,6.0,12.0,137676.0,2018.0,2.0,,,,0,1,0,8,0,1,0,2016
15446715,N,11/20/2016,07:16 PM,-1,11,4,1,5,2,4,22,1.0,227,22,30.23409819,-97.79641938,SL,343.0,0.35200000000000004,SL0343,Y,N,2,SUN,6.0,16.0,10.0,2.0,14.0,36688.0,2018.0,1.5,,,,0,1,0,1,0,1,0,2016
15446753,N,11/20/2016,11:07 PM,60,11,4,1,11,2,4,21,1.0,227,22,30.30898241,-97.71068349,IH,35.0,237.101,IH0035,Y,N,2,SUN,8.0,20.0,24.0,8.0,11.0,193850.0,2018.0,9.5,,,,0,1,1,1,0,2,0,2016
15446756,N,11/20/2016,02:34 PM,50,11,1,1,11,2,4,20,1.0,227,22,30.35540876,-97.68984479,IH,35.0,240.573,IH0035,Y,N,2,SUN,20.0,20.0,3.0,6.0,11.0,145168.0,2018.0,11.9,,,,0,1,0,1,0,1,0,2016
15448828,N,11/20/2016,02:51 PM,70,11,1,1,20,2,4,21,1.0,227,22,30.10328268,-97.81130531,IH,35.0,221.5,IH0035,Y,N,2,SUN,6.0,20.0,20.0,6.0,11.0,131087.0,2018.0,12.1,,,,0,1,0,4,0,1,0,2016
15448838,N,11/21/2016,07:02 PM,65,11,4,1,20,2,4,20,1.0,227,22,30.23653558,-97.82908619,US,290.0,112.151,US0290,Y,N,1,MON,20.0,20.0,42.0,5.0,12.0,68372.0,2018.0,2.7,,,,1,0,0,3,0,1,0,2016
15448839,N,11/21/2016,04:33 PM,-1,11,1,1,8,2,1,10,1.0,227,22,30.18334419,-97.78202779,SL,275.0,20.017,SL0275,Y,N,2,MON,0.0,4.0,0.0,4.0,14.0,17455.0,2018.0,1.8,,,,0,1,0,1,0,1,0,2016
15448869,Y,11/21/2016,10:43 AM,70,11,1,1,20,2,4,21,1.0,227,22,30.39357032,-97.67158033,IH,35.0,243.448,IH0035,Y,N,2,MON,8.0,20.0,3.0,6.0,11.0,159315.0,2018.0,11.5,,,,0,1,0,3,0,1,0,2016
15450171,N,11/21/2016,12:38 PM,55,11,1,1,5,2,2,22,1.0,227,330,30.47407677,-97.59139992,SH,130.0,16.391,SH0130,Y,N,2,MON,8.0,20.0,135.0,4.0,12.0,38706.0,2018.0,17.5,,,,0,1,1,3,0,2,0,2016
15453331,N,11/03/2016,05:58 PM,60,12,1,2,20,2,4,21,1.0,227,9999,30.37326758,-98.07829732,SH,71.0,98.882,SH0071,Y,Y,2,THU,2.0,2.0,0.0,4.0,2.0,37755.0,2018.0,3.3,,,,0,1,0,6,0,1,0,2016
15454850,N,11/16/2016,07:08 PM,50,11,4,1,17,7,4,1,5.0,227,9999,,,SH,290.0,,SH0290,Y,Y,2,WED,,,,,,,,,,,,0,1,0,0,0,1,0,2016
15455291,N,11/27/2016,06:14 PM,50,11,4,1,5,2,1,34,1.0,227,330,30.45078181,-97.60498725,FM,685.0,6.848,FM0685,Y,N,2,SUN,4.0,4.0,14.0,4.0,16.0,29334.0,2018.0,4.3,,,,0,1,0,2,0,1,0,2016
15457019,N,11/23/2016,04:21 PM,35,11,1,1,11,2,1,34,1.0,227,22,30.33512427,-97.74192013,RM,2222.0,9.59,RM2222,Y,N,2,WED,0.0,0.0,0.0,4.0,14.0,34181.0,2018.0,3.5,1.0,41.0,0.0,0,1,0,2,0,1,0,2016
15457027,N,11/24/2016,12:55 PM,55,11,1,1,20,2,4,21,1.0,227,22,,,IH,35.0,,IH0035,Y,N,2,THU,,,,,,,,,,,,0,1,0,4,0,1,0,2016
15457361,N,11/28/2016,11:20 AM,55,12,1,1,8,2,1,14,1.0,227,250,30.3743359,-97.94717664,RM,620.0,5.545,RM0620,Y,N,2,MON,8.0,8.0,0.0,4.0,14.0,43643.0,2018.0,3.2,,,,0,1,1,1,0,2,0,2016
15457625,N,11/21/2016,12:09 PM,60,11,1,1,11,2,3,24,1.0,227,8389,30.22506986,-97.51206544,FM,969.0,14.086,FM0969,Y,Y,1,MON,0.0,0.0,0.0,2.0,7.0,3927.0,2018.0,10.3,,,,2,0,1,0,0,3,0,2016
15459448,N,11/28/2016,06:37 PM,55,11,6,1,20,2,4,20,1.0,227,250,30.33354344,-97.96843908,RM,620.0,2.309,RM0620,Y,N,2,MON,8.0,8.0,0.0,5.0,14.0,50317.0,2018.0,3.1,,,,0,1,0,1,0,1,0,2016
15459581,Y,11/22/2016,03:10 PM,45,12,1,1,20,2,3,20,1.0,227,9999,30.30160001,-97.83952049999999,RM,2244.0,6.707000000000002,RM2244,Y,Y,2,TUE,10.0,10.0,0.0,4.0,14.0,49430.0,2018.0,3.1,,,,0,1,0,1,0,1,0,2016
15460001,N,11/29/2016,08:45 AM,55,12,1,1,5,2,1,34,1.0,227,250,30.33456506,-97.96890176,RM,620.0,2.384,RM0620,Y,N,2,TUE,8.0,8.0,0.0,5.0,14.0,50317.0,2018.0,3.1,,,,0,1,0,1,0,1,0,2016
15461548,N,11/28/2016,06:27 AM,40,12,3,1,5,2,1,14,1.0,227,9999,30.14058981,-97.82852252,FM,1626.0,2.083,FM1626,Y,Y,2,MON,1.0,1.0,0.0,2.0,16.0,20414.0,2018.0,3.9,,,,0,1,0,1,0,1,0,2016
15461686,N,11/22/2016,06:23 PM,30,2,3,2,20,2,2,22,1.0,227,22,30.20454321,-97.63906507,FM,973.0,29.122,FM0973,Y,N,2,TUE,10.0,10.0,10.0,4.0,16.0,16700.0,2018.0,6.1,,,,0,2,1,5,0,3,0,2016
15461687,N,11/22/2016,06:33 PM,55,2,4,2,5,7,2,1,4.0,227,22,30.39910804,-97.67338903,IH,35.0,243.847,IH0035,Y,N,2,TUE,8.0,20.0,3.0,6.0,11.0,159315.0,2018.0,11.5,1.0,438.0,1.0,0,1,0,0,0,1,0,2016
15461696,N,11/25/2016,11:29 AM,50,2,1,2,20,2,2,10,1.0,227,9999,30.19953976,-97.63226513,SH,71.0,131.218,SH0071,Y,Y,2,FRI,6.0,0.0,400.0,6.0,14.0,53382.0,2018.0,8.3,,,,0,2,0,4,0,2,0,2016
15461739,N,11/24/2016,06:37 PM,70,12,5,1,20,1,4,1,1.0,227,22,30.33012886,-97.70537419,IH,35.0,238.602,IH0035,Y,N,4,THU,20.0,20.0,3.0,6.0,11.0,199837.0,2018.0,9.4,,,,0,1,0,0,0,1,1,2016
15461751,N,11/10/2016,06:27 PM,-1,11,4,1,20,2,1,13,1.0,227,22,30.39343352,-97.67157299,IH,35.0,243.438,IH0035,Y,N,2,THU,8.0,20.0,3.0,6.0,11.0,159315.0,2018.0,11.5,,,,0,1,0,1,0,1,0,2016
15461756,N,11/12/2016,01:56 PM,65,11,1,1,11,2,2,20,1.0,227,22,30.33848167,-97.69883974,US,183.0,318.745,US0183,Y,N,2,SAT,20.0,20.0,24.0,6.0,12.0,61688.0,2018.0,6.9,1.0,163.0,2.0,0,1,0,2,0,1,0,2016
15461809,N,11/27/2016,12:27 AM,35,11,4,1,8,7,2,2,2.0,227,22,30.23537677,-97.85998458,US,290.0,110.298,US0290,Y,N,2,SUN,6.0,6.0,0.0,4.0,14.0,72290.0,2018.0,2.7,,,,0,1,0,0,0,1,0,2016
15461987,N,11/29/2016,01:04 PM,60,11,1,1,20,2,4,22,1.0,227,22,30.27707571,-97.73059039,IH,35.0,234.604,IH0035,Y,N,2,TUE,20.0,40.0,3.0,8.0,11.0,177389.0,2018.0,9.9,1.0,119.0,0.0,0,1,0,1,0,1,0,2016
15461988,N,11/29/2016,03:40 PM,40,11,1,1,11,5,2,1,1.0,227,22,30.23660535,-97.83985156,US,290.0,111.508,US0290,Y,N,2,TUE,20.0,20.0,42.0,5.0,12.0,68372.0,2018.0,2.7,1.0,465.0,0.0,0,1,0,1,0,1,0,2016
15462002,N,11/29/2016,06:13 PM,45,11,3,1,20,2,2,22,1.0,227,22,,,FM,973.0,,FM0973,Y,N,2,TUE,,,,,,,,,,,,0,1,0,1,1,1,0,2016
15462316,N,11/23/2016,07:53 PM,55,11,4,1,1,2,4,20,1.0,227,22,30.19378596,-97.76785774,IH,35.0,228.282,IH0035,Y,N,1,WED,24.0,24.0,42.0,6.0,11.0,170988.0,2018.0,10.7,1.0,208.0,0.0,1,0,0,1,0,1,0,2016
15462318,N,11/24/2016,01:11 PM,55,11,1,1,8,2,1,10,1.0,227,22,30.32521309,-97.67433688,US,290.0,127.09,US0290,Y,N,1,THU,12.0,20.0,36.0,4.0,12.0,47490.0,2018.0,6.7,,,,2,1,0,0,0,3,0,2016
15462321,N,11/25/2016,06:53 PM,-1,11,4,1,20,2,1,10,1.0,227,22,30.25047756,-97.69203762,SL,111.0,2.349,SL0111,Y,N,2,FRI,0.0,0.0,12.0,4.0,14.0,31328.0,2018.0,1.8,1.0,69.0,5.0,0,1,0,6,0,1,0,2016
15462324,N,11/26/2016,11:33 AM,60,12,1,1,20,2,4,20,1.0,227,22,30.241554100000002,-97.73655759,IH,35.0,232.069,IH0035,Y,N,2,SAT,4.0,16.0,40.0,6.0,11.0,150700.0,2018.0,10.7,,,,0,1,0,2,0,1,0,2016
15462328,N,11/27/2016,01:43 AM,45,11,4,1,21,2,2,22,1.0,227,22,30.33251234,-97.68637394,US,183.0,319.594,US0183,Y,N,2,SUN,4.0,10.0,24.0,5.0,12.0,65226.0,2018.0,6.6,,,,0,1,0,4,0,1,0,2016
15462329,N,11/28/2016,05:45 PM,55,11,1,1,20,1,4,1,1.0,227,22,30.38724445,-97.76380042,SL,360.0,1.195,SL0360,Y,N,2,MON,8.0,20.0,48.0,4.0,14.0,53584.0,2018.0,2.7,,,,0,1,0,1,0,1,0,2016
15462622,N,11/28/2016,10:59 PM,55,11,4,1,20,10,4,1,1.0,227,22,30.30247032,-97.75846462,SL,1.0,13.182,SL0001,Y,N,2,MON,12.0,20.0,100.0,6.0,12.0,150574.0,2018.0,1.2,1.0,142.0,2.0,0,1,0,1,0,1,0,2016
15464389,N,11/17/2016,08:48 AM,40,12,1,1,5,2,1,10,1.0,227,22,30.24915123,-97.80529785,SL,1.0,18.057,SL0001,Y,N,2,THU,12.0,20.0,500.0,6.0,12.0,153269.0,2018.0,1.2,,,,0,2,1,1,0,3,0,2016
15464409,N,11/24/2016,11:18 AM,75,11,1,1,20,7,4,1,4.0,227,22,30.43537223,-97.69939366,SL,1.0,2.906,SL0001,Y,N,2,THU,20.0,20.0,36.0,6.0,12.0,64650.0,2018.0,2.0,,,,0,1,0,0,0,1,0,2016
15464414,N,11/25/2016,03:38 AM,50,12,4,2,1,10,4,1,1.0,227,22,30.16547114,-97.78708029,IH,35.0,226.02,IH0035,Y,N,2,FRI,6.0,20.0,30.0,6.0,11.0,128785.0,2018.0,12.2,1.0,586.0,0.0,0,1,0,0,0,1,0,2016
15464495,N,11/23/2016,12:04 PM,45,11,1,1,9,2,4,10,1.0,227,22,30.3325312,-97.70430655,IH,35.0,238.779,IH0035,Y,N,2,WED,20.0,20.0,3.0,6.0,11.0,199837.0,2018.0,9.4,1.0,409.0,1.0,0,3,0,2,0,3,0,2016
15464502,N,11/23/2016,02:35 PM,50,11,1,1,5,2,1,22,1.0,227,22,30.4189811,-97.7021234,FM,734.0,9.989,FM0734,Y,N,1,WED,8.0,20.0,36.0,6.0,14.0,56464.0,2018.0,3.8,1.0,95.0,2.0,1,0,0,3,0,1,0,2016