Crash_ID,Cmv_Involv_Fl,Crash_Date,Crash_Time,Crash_Speed_Limit,Wthr_Cond_ID,Light_Cond_ID,Surf_Cond_ID,Traffic_Cntl_ID,Harm_Evnt_ID,Intrsct_Relat_ID,FHE_Collsn_ID,Road_Relat_ID,Cnty_ID,City_ID,Latitude,Longitude,Hwy_Sys,Hwy_Nbr,Dfo,Street_Name,Onsys_Fl,Rural_Fl,Crash_Sev_ID,Day_of_Week,Shldr_Width_Left,Shldr_Width_Right,Median_Width,Nbr_Of_Lane,Func_Sys_ID,Adt_Curnt_Amt,Adt_Curnt_Year,Trk_Aadt_Pct,Curve_Type_ID,Curve_Lngth,Cd_Degr,Sus_Serious_Injry_Cnt,Nonincap_Injry_Cnt,Poss_Injry_Cnt,Non_Injry_Cnt,Unkn_Injry_Cnt,Tot_Injry_Cnt,Death_Cnt,Year
15464505,N,11/23/2016,08:49 PM,-1,11,4,1,1,1,4,1,1.0,227,22,30.40883759,-97.68119489,FM,734.0,11.418,FM0734,Y,N,2,WED,10.0,10.0,16.0,6.0,14.0,63366.0,2018.0,3.7,,,,0,1,0,1,0,1,0,2016
15464509,N,11/23/2016,06:07 PM,-1,11,5,1,20,2,4,22,1.0,227,22,30.417798699999995,-97.67278018,IH,35.0,245.16,IH0035,Y,N,2,WED,8.0,20.0,3.0,6.0,11.0,134367.0,2018.0,12.4,,,,0,1,0,1,0,1,0,2016
15464515,N,11/23/2016,02:12 PM,55,11,1,1,20,2,3,13,2.0,227,9999,30.45167627,-97.66635559,IH,35.0,247.521,IH0035,Y,Y,2,WED,18.0,18.0,12.0,6.0,11.0,129244.0,2018.0,12.7,,,,0,1,3,1,0,4,0,2016
15464555,N,11/25/2016,12:22 AM,45,11,4,1,5,2,2,22,1.0,227,22,30.21840121,-97.69108715,SH,71.0,127.198,SH0071,Y,N,2,FRI,4.0,5.0,44.0,6.0,12.0,70740.0,2018.0,4.0,,,,0,2,0,2,0,2,0,2016
15464600,N,11/27/2016,05:01 PM,65,11,1,1,1,10,4,1,1.0,227,22,30.31576001,-97.70769159,IH,35.0,237.603,IH0035,Y,N,1,SUN,8.0,20.0,24.0,8.0,11.0,193850.0,2018.0,9.5,1.0,157.0,0.0,1,0,0,0,0,1,0,2016
15464606,N,11/27/2016,04:25 PM,60,12,1,1,20,2,4,20,1.0,227,22,30.18130203,-97.77673894,IH,35.0,227.272,IH0035,Y,N,2,SUN,6.0,20.0,30.0,6.0,11.0,156852.0,2018.0,11.1,,,,0,1,1,3,0,2,0,2016
15464612,N,11/29/2016,03:26 PM,45,11,1,1,11,2,1,28,1.0,227,22,30.27167173,-97.73245069,IH,35.0,234.216,IH0035,Y,N,2,TUE,20.0,40.0,3.0,8.0,11.0,177389.0,2018.0,9.9,,,,0,2,0,2,0,2,0,2016
15464616,N,11/29/2016,10:37 AM,50,11,1,1,5,2,2,22,1.0,227,22,30.40783501,-97.67824554,FM,734.0,11.607,FM0734,Y,N,2,TUE,10.0,10.0,16.0,6.0,14.0,63366.0,2018.0,3.7,,,,0,1,0,1,1,1,0,2016
15464663,N,11/30/2016,07:50 AM,65,11,1,1,1,2,4,22,1.0,227,22,30.34704225,-97.71162754,US,183.0,317.767,US0183,Y,N,2,WED,13.0,13.0,8.0,5.0,12.0,139965.0,2018.0,3.6,,,,0,1,0,2,0,1,0,2016
15465948,N,11/22/2016,07:57 AM,55,12,1,2,11,2,4,30,1.0,227,895,30.47826164,-97.94943935,RM,1431.0,48.549,RM1431,Y,Y,4,TUE,2.0,2.0,0.0,4.0,6.0,17734.0,2018.0,4.2,,,,0,1,2,1,0,3,1,2016
15465986,N,11/18/2016,03:04 PM,70,12,1,1,20,2,4,22,1.0,227,372,30.47892115,-97.67350390000001,IH,35.0,249.452,IH0035,Y,N,2,FRI,16.0,20.0,3.0,6.0,11.0,162734.0,2018.0,11.4,,,,0,1,0,3,0,1,0,2016
15466447,N,12/01/2016,11:48 AM,35,11,1,1,20,2,2,22,1.0,227,22,30.34257444,-97.76333257,RM,2222.0,8.068,RM2222,Y,N,2,THU,0.0,0.0,0.0,4.0,14.0,27256.0,2018.0,3.8,1.0,39.0,10.0,0,1,0,2,0,1,0,2016
15466449,N,12/01/2016,03:25 PM,45,11,1,1,20,2,4,22,1.0,227,22,30.32813428,-97.7058771,IH,35.0,238.461,IH0035,Y,N,2,THU,20.0,20.0,3.0,6.0,11.0,199837.0,2018.0,9.4,,,,0,1,0,3,0,1,0,2016
15466459,N,12/02/2016,02:36 AM,-1,11,4,1,5,2,4,22,1.0,227,22,30.24846714,-97.73544709,IH,35.0,232.568,IH0035,Y,N,2,FRI,4.0,10.0,3.0,6.0,11.0,142856.0,2018.0,11.0,1.0,238.0,3.0,0,1,0,4,0,1,0,2016
15466497,N,11/29/2016,05:05 PM,35,11,1,1,20,2,4,20,1.0,227,22,30.21273218,-97.65836411,SH,71.0,129.415,SH0071,Y,N,2,TUE,10.0,8.0,2.0,4.0,12.0,66025.0,2018.0,4.1,,,,0,1,0,5,0,1,0,2016
15466557,N,12/01/2016,09:50 AM,45,11,1,1,20,2,1,34,1.0,227,22,30.37323466,-97.7264686,US,183.0,315.644,US0183,Y,N,2,THU,20.0,20.0,8.0,6.0,12.0,138365.0,2018.0,3.6,,,,0,2,3,2,0,5,0,2016
15466562,N,12/02/2016,08:58 AM,70,12,1,1,20,2,4,21,3.0,227,22,30.35795153,-97.68822946,IH,35.0,240.773,IH0035,Y,N,2,FRI,20.0,20.0,3.0,6.0,11.0,138459.0,2018.0,12.2,,,,0,1,0,1,0,1,0,2016
15468964,Y,12/01/2016,08:27 AM,55,11,1,1,12,2,3,22,1.0,227,9999,30.27127201,-97.63167579,FM,969.0,4.649,FM0969,Y,Y,2,THU,0.0,0.0,0.0,4.0,14.0,20957.0,2018.0,6.4,1.0,63.0,2.0,0,1,0,0,1,1,0,2016
15469960,N,11/28/2016,06:21 PM,65,11,3,1,5,2,2,22,1.0,227,1016,30.34955417,-97.52637012,US,290.0,136.157,US0290,Y,N,2,MON,12.0,20.0,68.0,4.0,14.0,44701.0,2018.0,6.9,,,,0,1,1,0,0,2,0,2016
15470383,N,11/30/2016,12:41 PM,50,11,1,1,20,2,3,34,1.0,227,330,30.44608698,-97.64749603,FM,1825.0,1.713,FM1825,Y,N,2,WED,8.0,8.0,0.0,4.0,16.0,34141.0,2018.0,3.5,,,,0,2,1,0,0,3,0,2016
15470704,Y,12/01/2016,06:28 PM,60,11,4,1,11,2,4,21,1.0,227,22,30.25800117,-97.73715862,IH,35.0,233.232,IH0035,Y,N,2,THU,8.0,20.0,3.0,8.0,11.0,142856.0,2018.0,11.0,,,,0,1,0,3,0,1,0,2016
15470824,N,12/02/2016,09:50 PM,60,12,4,2,20,2,4,21,1.0,227,22,30.23509126,-97.74039374,IH,35.0,231.569,IH0035,Y,N,2,FRI,4.0,20.0,3.0,6.0,11.0,150700.0,2018.0,10.7,,,,0,2,1,2,0,3,0,2016
15470826,N,12/02/2016,11:27 PM,55,2,4,2,5,2,1,20,1.0,227,22,30.18286075,-97.68758604,US,183.0,331.336,US0183,Y,N,2,FRI,12.0,20.0,36.0,4.0,14.0,34458.0,2018.0,6.7,,,,0,2,0,0,0,2,0,2016
15470838,N,12/03/2016,10:13 AM,60,2,1,3,20,2,4,20,1.0,227,22,30.4256784,-97.75212556,US,183.0,311.363,US0183,Y,N,2,SAT,20.0,20.0,36.0,6.0,12.0,149347.0,2018.0,1.9,,,,0,1,0,2,0,1,0,2016
15470839,N,12/03/2016,10:55 AM,55,2,1,2,20,2,4,20,1.0,227,22,30.22208991,-97.67631896,SH,71.0,128.16299999999998,SH0071,Y,N,2,SAT,8.0,8.0,40.0,8.0,14.0,95090.0,2018.0,3.5,1.0,188.0,2.0,0,1,0,2,1,1,0,2016
15470841,N,12/03/2016,10:51 AM,55,2,1,2,20,2,1,30,1.0,227,22,30.26667435,-97.67063199,US,183.0,324.893,US0183,Y,N,1,SAT,18.0,16.0,36.0,4.0,14.0,67460.0,2018.0,6.6,,,,3,2,0,1,0,5,0,2016
15470896,N,12/03/2016,01:44 PM,65,2,1,2,20,7,4,1,4.0,227,22,30.22137955,-97.83560675,SL,1.0,20.772,SL0001,Y,N,2,SAT,20.0,20.0,3.0,6.0,12.0,84322.0,2018.0,1.6,,,,0,1,0,0,0,1,0,2016
15470943,N,11/24/2016,10:50 AM,60,11,1,1,20,2,4,22,1.0,227,22,30.24472733,-97.73501851,IH,35.0,232.308,IH0035,Y,N,2,THU,4.0,16.0,40.0,6.0,11.0,150700.0,2018.0,10.7,,,,0,2,0,5,0,2,0,2016
15470945,N,11/24/2016,03:09 PM,-1,11,1,1,5,2,1,10,1.0,227,22,30.35822079,-97.6880473,IH,35.0,240.794,IH0035,Y,N,2,THU,8.0,20.0,3.0,6.0,11.0,138459.0,2018.0,12.2,,,,0,1,3,3,0,4,0,2016
15470949,N,11/29/2016,03:36 PM,55,11,1,1,20,10,4,1,2.0,227,9999,30.20087954,-97.63491604,SH,71.0,131.035,SH0071,Y,Y,2,TUE,6.0,0.0,250.0,6.0,14.0,53382.0,2018.0,8.3,,,,0,1,0,2,0,1,0,2016
15471000,N,12/02/2016,11:15 PM,45,2,3,2,1,2,4,20,1.0,227,22,30.20994567,-97.65268681,SH,71.0,129.804,SH0071,Y,N,2,FRI,4.0,2.0,2.0,6.0,14.0,66025.0,2018.0,4.1,,,,0,1,0,1,0,1,0,2016
15471021,N,12/03/2016,12:25 PM,45,2,1,2,20,7,4,1,2.0,227,22,30.385631800000002,-97.67312144,IH,35.0,242.893,IH0035,Y,N,2,SAT,8.0,20.0,3.0,6.0,11.0,159315.0,2018.0,11.5,1.0,328.0,1.0,0,1,0,3,0,1,0,2016
15471061,N,12/03/2016,01:35 PM,35,2,1,2,11,2,3,34,1.0,227,22,30.36117492,-97.69805945,SL,275.0,4.6960000000000015,SL0275,Y,N,2,SAT,0.0,0.0,0.0,4.0,14.0,37689.0,2018.0,1.2,,,,0,3,0,0,0,3,0,2016
15471065,N,12/03/2016,04:06 PM,65,2,1,2,20,2,4,22,1.0,227,22,30.34185692,-97.70292044,US,183.0,318.405,US0183,Y,N,2,SAT,20.0,20.0,24.0,6.0,12.0,116357.0,2018.0,3.9,,,,0,2,0,2,0,2,0,2016
15471069,N,12/03/2016,03:48 PM,40,2,1,2,8,2,2,13,1.0,227,22,30.15471454,-97.83331899999999,FM,2304.0,3.544,FM2304,Y,N,2,SAT,4.0,4.0,0.0,2.0,16.0,31291.0,2018.0,3.6,,,,0,3,0,1,0,3,0,2016
15471089,N,12/04/2016,03:39 PM,55,12,1,2,5,2,3,10,1.0,227,22,30.36306105,-97.71748841,US,183.0,316.599,US0183,Y,N,2,SUN,20.0,20.0,8.0,6.0,12.0,138247.0,2018.0,3.6,1.0,131.0,3.0,0,1,0,1,0,1,0,2016
15476417,N,11/29/2016,02:38 PM,75,11,1,1,1,10,4,1,2.0,227,22,30.34008976,-97.59218835,US,290.0,132.139,US0290,Y,N,2,TUE,20.0,20.0,3.0,5.0,12.0,34434.0,2018.0,8.4,,,,0,1,0,0,0,1,0,2016
15476418,N,11/30/2016,03:02 PM,40,11,1,1,5,2,1,10,1.0,227,22,30.32827237,-97.65942166,US,290.0,128.01,US0290,Y,N,2,WED,20.0,20.0,3.0,5.0,12.0,24503.0,2018.0,2.7,1.0,655.0,0.0,0,1,0,1,0,1,0,2016
15476463,N,11/25/2016,01:45 AM,70,11,4,1,1,2,4,20,1.0,227,22,30.31490567,-97.70788856,IH,35.0,237.543,IH0035,Y,N,2,FRI,8.0,20.0,24.0,8.0,11.0,193850.0,2018.0,9.5,1.0,157.0,0.0,0,1,1,3,0,2,0,2016
15476503,N,12/03/2016,09:04 PM,70,12,4,2,11,2,2,21,1.0,227,22,30.33917999,-97.70010376,IH,35.0,239.3,IH0035,Y,N,2,SAT,20.0,20.0,3.0,6.0,11.0,145168.0,2018.0,11.9,,,,0,1,0,2,0,1,0,2016
15476507,N,12/04/2016,04:13 PM,40,2,1,2,20,2,4,30,1.0,227,22,30.24131446,-97.785505,SL,343.0,1.172,SL0343,Y,N,2,SUN,0.0,0.0,0.0,4.0,14.0,36688.0,2018.0,1.5,,,,0,1,0,2,0,1,0,2016
15476513,N,12/04/2016,02:22 AM,35,2,4,2,21,2,1,10,1.0,227,22,30.33256829,-97.68650517,US,183.0,319.585,US0183,Y,N,2,SUN,4.0,10.0,24.0,5.0,12.0,65226.0,2018.0,6.6,,,,0,4,0,2,0,4,0,2016
15476594,N,12/06/2016,03:15 PM,45,12,1,1,1,7,4,1,2.0,227,22,30.34979445,-97.693399,IH,35.0,240.133,IH0035,Y,N,2,TUE,20.0,20.0,3.0,6.0,11.0,145168.0,2018.0,11.9,,,,0,2,0,0,0,2,0,2016
15476625,N,12/07/2016,06:30 AM,55,11,1,1,20,7,2,1,2.0,227,22,30.42092416,-97.70404626,SL,1.0,3.938,SL0001,Y,N,2,WED,20.0,20.0,36.0,6.0,12.0,97934.0,2018.0,8.4,,,,0,1,0,0,0,1,0,2016
15477515,N,12/04/2016,04:29 AM,60,11,4,2,11,7,4,1,2.0,227,9999,30.10342206,-97.61479547,FM,812.0,6.7189999999999985,FM0812,Y,Y,2,SUN,10.0,10.0,0.0,2.0,6.0,13167.0,2018.0,7.0,1.0,196.0,4.0,0,1,0,0,0,1,0,2016
15477635,N,11/29/2016,07:20 PM,55,11,4,1,20,2,2,14,1.0,227,372,30.47968636,-97.67373314,IH,35.0,249.506,IH0035,Y,N,2,TUE,16.0,20.0,3.0,6.0,11.0,162734.0,2018.0,11.4,,,,0,1,0,3,0,1,0,2016
15479432,N,12/01/2016,06:05 PM,50,11,4,1,8,2,1,14,1.0,227,330,30.44624189,-97.64655689,FM,1825.0,1.77,FM1825,Y,N,2,THU,8.0,8.0,0.0,4.0,16.0,34141.0,2018.0,3.5,,,,0,2,0,5,0,2,0,2016
15480167,N,11/19/2016,01:34 PM,55,11,1,1,1,2,4,24,1.0,227,22,30.36512018,-97.79690171,RM,2222.0,4.617,RM2222,Y,N,2,SAT,8.0,8.0,0.0,4.0,14.0,51893.0,2018.0,3.1,1.0,131.0,10.0,0,1,0,4,0,1,0,2016
15480196,N,12/08/2016,11:58 PM,40,11,3,1,1,2,3,23,1.0,227,22,30.28132974,-97.703195,SL,111.0,0.097,SL0111,Y,N,2,THU,1.0,2.0,0.0,4.0,14.0,31328.0,2018.0,1.8,,,,0,4,0,4,0,4,0,2016
15480340,N,12/05/2016,02:14 PM,50,2,1,2,5,2,1,34,1.0,227,22,30.39456357,-97.84552821,RM,2222.0,0.825,RM2222,Y,N,1,MON,0.0,0.0,0.0,4.0,14.0,42777.0,2018.0,3.2,,,,1,0,0,2,0,1,0,2016
15480389,N,11/19/2016,05:32 AM,55,11,0,1,1,4,4,1,1.0,227,22,30.36666153,-97.68273153,IH,35.0,241.456,IH0035,Y,N,2,SAT,8.0,20.0,3.0,6.0,11.0,138459.0,2018.0,12.2,,,,0,2,0,1,0,2,0,2016
15480638,N,12/07/2016,08:22 AM,-1,12,1,1,15,2,1,10,1.0,227,9999,30.19433968,-97.62417609,SH,71.0,131.822,SH0071,Y,Y,4,WED,6.0,10.0,400.0,6.0,14.0,53382.0,2018.0,8.3,,,,0,0,1,0,0,1,1,2016
15480639,N,12/07/2016,11:21 AM,-1,12,1,1,20,2,1,10,1.0,227,22,30.40843287,-97.71596190000001,FM,1325.0,5.627000000000002,FM1325,Y,N,2,WED,0.0,0.0,0.0,4.0,14.0,33660.0,2018.0,1.7,,,,0,1,1,0,0,2,0,2016
15480667,N,11/22/2016,03:51 AM,-1,11,4,1,1,2,4,21,1.0,227,22,30.22534669,-97.76748266,US,290.0,116.047,US0290,Y,N,2,TUE,20.0,20.0,42.0,6.0,12.0,140123.0,2018.0,2.6,1.0,328.0,2.0,0,1,0,1,0,1,0,2016
15480673,N,12/01/2016,10:44 AM,55,11,1,1,20,2,3,28,1.0,227,22,30.36994455,-97.80233516,RM,2222.0,4.147,RM2222,Y,N,2,THU,8.0,8.0,0.0,4.0,14.0,42777.0,2018.0,3.2,,,,0,1,1,0,0,2,0,2016
15480724,N,12/08/2016,11:23 AM,50,12,1,1,1,2,3,23,1.0,227,22,30.35486231,-97.71500507,US,183.0,317.182,US0183,Y,N,2,THU,20.0,20.0,8.0,6.0,12.0,138247.0,2018.0,3.6,,,,0,1,0,1,0,1,0,2016
15480743,N,12/08/2016,06:00 PM,-1,11,4,1,11,2,4,20,1.0,227,22,30.33789287,-97.75502989,SL,1.0,10.732,SL0001,Y,N,1,THU,12.0,20.0,100.0,6.0,12.0,148872.0,2018.0,1.2,1.0,218.0,2.0,1,0,0,2,0,1,0,2016
15480759,N,12/08/2016,06:29 PM,65,11,4,1,11,2,4,20,1.0,227,22,30.42563269,-97.75203219,US,183.0,311.369,US0183,Y,N,2,THU,20.0,20.0,36.0,6.0,12.0,149347.0,2018.0,1.9,,,,0,2,0,1,0,2,0,2016
15480799,Y,12/09/2016,07:49 AM,60,12,1,1,1,2,4,21,1.0,227,22,30.32941553,-97.64281902,US,290.0,129.004,US0290,Y,N,2,FRI,20.0,20.0,3.0,6.0,12.0,34434.0,2018.0,8.4,,,,0,1,0,1,0,1,0,2016
15480810,N,12/09/2016,12:01 PM,50,12,1,1,20,2,2,20,1.0,227,22,,,SH,183.0,,SH0183,Y,N,2,FRI,,,,,,,,,,,,0,1,0,1,0,1,0,2016
15481720,N,12/05/2016,08:05 PM,55,5,3,2,20,2,4,30,1.0,227,9999,30.39708603,-97.85815812,RM,620.0,12.309,RM0620,Y,Y,2,MON,8.0,8.0,0.0,4.0,14.0,46442.0,2018.0,3.2,1.0,154.0,6.0,0,3,2,0,0,5,0,2016
15484521,N,11/09/2016,05:15 PM,45,2,1,2,20,10,2,1,1.0,227,22,30.38972964,-97.65214768,FM,734.0,13.885,FM0734,Y,N,2,WED,11.0,0.0,55.0,4.0,14.0,39056.0,2018.0,4.1,1.0,287.0,3.0,0,1,0,0,0,1,0,2016
15484532,N,12/04/2016,08:17 PM,10,2,6,2,1,2,4,10,5.0,227,22,,,IH,35.0,,IH0035,Y,N,2,SUN,,,,,,,,,,,,0,2,0,1,0,2,0,2016
15484540,N,12/09/2016,06:49 PM,-1,11,4,1,5,2,2,22,1.0,227,9999,30.18219474,-97.68777352,US,183.0,331.3830000000001,US0183,Y,Y,2,FRI,12.0,20.0,36.0,4.0,14.0,34458.0,2018.0,6.7,,,,0,1,0,3,0,1,0,2016
15484543,N,12/09/2016,08:57 PM,-1,11,4,1,20,2,2,22,1.0,227,22,30.4404131,-97.66850383,IH,35.0,246.736,IH0035,Y,N,2,FRI,8.0,20.0,3.0,6.0,11.0,132719.0,2018.0,12.4,,,,0,1,0,1,0,1,0,2016
15484569,N,11/29/2016,02:27 AM,55,11,3,1,20,10,2,1,2.0,227,9999,30.23134538,-97.89887607,US,290.0,107.85,US0290,Y,Y,2,TUE,0.0,4.0,0.0,4.0,14.0,44818.0,2018.0,2.8,,,,0,1,0,0,0,1,0,2016
15484587,N,12/09/2016,11:30 PM,-1,11,3,1,5,2,2,22,1.0,227,22,30.27679979,-97.63725752,FM,969.0,4.132,FM0969,Y,N,2,FRI,4.0,4.0,0.0,4.0,14.0,20957.0,2018.0,6.4,1.0,256.0,3.0,0,1,0,3,0,1,0,2016
15484599,N,12/10/2016,03:04 PM,45,2,3,2,8,2,1,13,1.0,227,22,30.31852252,-97.70727743,IH,35.0,237.795,IH0035,Y,N,2,SAT,8.0,20.0,24.0,8.0,11.0,193850.0,2018.0,9.5,1.0,274.0,0.0,0,3,0,2,0,3,0,2016
15484614,N,12/10/2016,02:22 AM,65,11,3,1,1,2,4,30,1.0,227,22,30.36292881,-97.71744836,US,183.0,316.608,US0183,Y,N,2,SAT,20.0,20.0,8.0,6.0,12.0,138247.0,2018.0,3.6,1.0,131.0,3.0,0,1,0,1,0,1,0,2016
15484647,N,12/11/2016,12:05 AM,70,2,4,2,1,2,4,21,1.0,227,22,30.17469574,-97.78106352,IH,35.0,226.749,IH0035,Y,N,2,SUN,6.0,20.0,30.0,6.0,11.0,156852.0,2018.0,11.1,,,,0,1,0,2,1,1,0,2016
15484652,N,12/11/2016,03:30 AM,50,12,4,2,5,2,1,10,1.0,227,22,30.19035979,-97.77059653,IH,35.0,227.995,IH0035,Y,N,2,SUN,24.0,24.0,42.0,6.0,11.0,170988.0,2018.0,10.7,,,,0,1,0,4,0,1,0,2016
15484661,N,12/11/2016,04:34 PM,60,11,1,1,1,2,4,22,1.0,227,22,30.24873457,-97.73550488,IH,35.0,232.586,IH0035,Y,N,2,SUN,4.0,10.0,3.0,6.0,11.0,142856.0,2018.0,11.0,1.0,238.0,3.0,0,1,0,6,0,1,0,2016
15484728,N,11/23/2016,03:36 AM,70,12,3,1,20,1,4,1,1.0,227,22,30.14616169,-97.79386541,IH,35.0,224.629,IH0035,Y,N,4,WED,6.0,20.0,30.0,6.0,11.0,128785.0,2018.0,12.2,,,,0,0,0,2,1,0,1,2016
15484748,N,12/09/2016,03:00 PM,35,12,1,1,5,2,1,10,1.0,227,22,30.21527042,-97.73507981,SH,71.0,124.481,SH0071,Y,N,2,FRI,20.0,20.0,44.0,8.0,12.0,85342.0,2018.0,3.6,,,,0,2,0,1,0,2,0,2016
15484808,N,12/10/2016,09:28 PM,-1,2,4,2,20,2,4,22,1.0,227,22,30.21623368,-97.66473257,SH,71.0,128.965,SH0071,Y,N,2,SAT,10.0,14.0,2.0,6.0,12.0,95090.0,2018.0,3.5,1.0,132.0,0.0,0,2,0,2,0,2,0,2016
15485392,N,12/12/2016,05:39 PM,55,11,5,1,5,2,2,22,1.0,227,9999,30.27553277,-97.91430091,SH,71.0,111.81,SH0071,Y,Y,2,MON,5.0,5.0,0.0,4.0,14.0,50310.0,2018.0,3.1,,,,0,2,0,0,1,2,0,2016
15488373,N,12/13/2016,02:57 PM,50,11,1,1,8,2,1,34,1.0,227,250,30.34169292,-97.96805461,RM,620.0,2.91,RM0620,Y,N,2,TUE,8.0,8.0,0.0,5.0,14.0,50317.0,2018.0,3.1,,,,0,1,1,0,0,2,0,2016
15489106,Y,12/13/2016,10:44 AM,60,11,1,1,8,2,1,10,1.0,227,9999,30.21636758,-97.63782302,FM,973.0,28.281,FM0973,Y,Y,1,TUE,10.0,10.0,30.0,4.0,16.0,16700.0,2018.0,6.1,,,,2,0,0,1,0,2,0,2016
15489132,N,12/12/2016,11:53 AM,55,11,1,1,20,2,3,22,1.0,227,9999,30.12478984,-97.71278599,FM,1625.0,1.969,FM1625,Y,Y,2,MON,4.0,4.0,0.0,2.0,17.0,6715.0,2018.0,8.3,,,,0,1,1,1,0,2,0,2016
15489474,N,11/13/2016,03:04 PM,55,11,1,1,11,7,4,1,2.0,227,9999,30.51969127,-98.07495493,RM,1431.0,37.969,RM1431,Y,Y,1,SUN,1.0,1.0,0.0,2.0,7.0,2156.0,2018.0,4.1,1.0,202.0,3.0,1,1,0,0,0,2,0,2016
15489478,N,12/10/2016,05:52 PM,-1,12,4,1,5,7,2,1,4.0,227,22,30.440112,-97.66855725,IH,35.0,246.715,IH0035,Y,N,1,SAT,8.0,20.0,3.0,6.0,11.0,132719.0,2018.0,12.4,,,,1,0,0,0,0,1,0,2016
15489487,N,12/11/2016,09:39 PM,-1,11,4,1,20,2,4,20,1.0,227,22,30.2760522,-97.66789122,US,183.0,324.2270000000001,US0183,Y,N,2,SUN,18.0,16.0,36.0,4.0,14.0,67460.0,2018.0,6.6,,,,0,1,0,1,0,1,0,2016
15489515,N,12/12/2016,10:39 PM,45,11,4,1,1,2,4,21,1.0,227,22,30.25597587,-97.76154853,SL,343.0,2.992,SL0343,Y,N,1,MON,0.0,0.0,0.0,4.0,14.0,46479.0,2018.0,1.4,,,,1,0,0,3,0,1,0,2016
15489523,N,12/13/2016,11:41 AM,50,11,1,1,20,2,4,22,1.0,227,22,30.23405529,-97.86853777,US,290.0,109.767,US0290,Y,N,2,TUE,6.0,6.0,0.0,4.0,14.0,72290.0,2018.0,2.7,1.0,310.0,2.0,0,3,0,1,0,3,0,2016
15489527,N,12/13/2016,11:18 AM,45,11,1,1,20,2,4,20,1.0,227,22,30.21398747,-97.66078057,SH,71.0,129.247,SH0071,Y,N,1,TUE,10.0,8.0,2.0,5.0,12.0,66025.0,2018.0,4.1,,,,1,2,0,1,0,3,0,2016
15489528,N,12/13/2016,10:00 AM,-1,11,1,1,20,2,4,22,1.0,227,22,30.35234767,-97.74874576,SL,1.0,9.667,SL0001,Y,N,2,TUE,12.0,20.0,36.0,6.0,12.0,148872.0,2018.0,1.2,1.0,144.0,3.0,0,1,0,1,0,1,0,2016
15489556,N,12/13/2016,03:01 PM,60,11,1,1,11,2,4,22,1.0,227,22,30.3007355,-97.71599445,IH,35.0,236.451,IH0035,Y,N,2,TUE,8.0,20.0,24.0,8.0,11.0,202376.0,2018.0,9.3,,,,0,1,0,2,0,1,0,2016
15489559,N,12/13/2016,04:02 PM,-1,11,1,1,1,2,4,22,1.0,227,22,30.33024744,-97.75571789,SL,1.0,11.262,SL0001,Y,N,2,TUE,12.0,20.0,100.0,6.0,12.0,157489.0,2018.0,1.1,,,,0,2,3,1,0,5,0,2016
15489569,N,12/13/2016,07:26 PM,45,12,4,1,21,2,1,10,1.0,227,22,30.23557091,-97.82463074,US,290.0,112.426,US0290,Y,N,2,TUE,20.0,20.0,42.0,5.0,12.0,77933.0,2018.0,3.6,1.0,361.0,1.0,0,1,0,1,0,1,0,2016
15489612,N,12/14/2016,12:09 AM,65,11,4,1,20,2,4,20,1.0,227,22,30.32074438,-97.70700795,IH,35.0,237.948,IH0035,Y,N,2,WED,8.0,20.0,24.0,8.0,11.0,193850.0,2018.0,9.5,1.0,274.0,0.0,0,2,0,2,0,2,0,2016
15489618,N,12/14/2016,07:58 AM,50,12,1,1,5,2,1,10,1.0,227,22,30.39404956,-97.74647833,US,183.0,313.684,US0183,Y,N,2,WED,20.0,20.0,36.0,6.0,12.0,137676.0,2018.0,2.0,,,,0,1,1,1,0,2,0,2016
15491412,N,12/13/2016,11:57 AM,-1,11,1,1,20,2,4,21,1.0,227,22,30.38029571,-97.67445466,IH,35.0,242.517,IH0035,Y,N,1,TUE,8.0,20.0,3.0,6.0,11.0,159315.0,2018.0,11.5,,,,1,0,0,2,0,1,0,2016
15491418,N,12/14/2016,05:15 PM,30,11,1,1,11,2,4,20,1.0,227,22,30.26466252,-97.73503667,IH,35.0,233.71,IH0035,Y,N,2,WED,8.0,20.0,3.0,8.0,11.0,158343.0,2018.0,10.4,1.0,248.0,2.0,0,1,0,1,0,1,0,2016
15491423,N,12/14/2016,05:41 PM,50,11,4,1,9,2,2,22,1.0,227,22,30.40795135,-97.67464447,IH,35.0,244.474,IH0035,Y,N,2,WED,8.0,20.0,3.0,6.0,11.0,134367.0,2018.0,12.4,1.0,411.0,1.0,0,1,0,2,0,1,0,2016
15491427,N,12/14/2016,07:39 PM,30,11,4,1,20,2,2,20,1.0,227,22,30.28907504,-97.72334168,IH,35.0,235.537,IH0035,Y,N,2,WED,8.0,20.0,24.0,8.0,11.0,202376.0,2018.0,9.3,,,,0,1,0,4,0,1,0,2016
15491479,N,12/15/2016,01:12 AM,-1,11,4,1,20,2,1,10,1.0,227,22,30.28252666,-97.70396257,SL,111.0,0.003,SL0111,Y,N,1,THU,1.0,2.0,0.0,4.0,14.0,31328.0,2018.0,1.8,,,,1,0,0,2,0,1,0,2016
15491805,N,12/15/2016,06:08 PM,60,11,3,1,20,2,4,22,1.0,227,9999,30.39495964,-97.86595938,RM,620.0,11.821,RM0620,Y,Y,2,THU,8.0,8.0,0.0,4.0,14.0,46442.0,2018.0,3.2,,,,0,1,0,2,0,1,0,2016