Crash_ID,Cmv_Involv_Fl,Crash_Date,Crash_Time,Crash_Speed_Limit,Wthr_Cond_ID,Light_Cond_ID,Surf_Cond_ID,Traffic_Cntl_ID,Harm_Evnt_ID,Intrsct_Relat_ID,FHE_Collsn_ID,Road_Relat_ID,Cnty_ID,City_ID,Latitude,Longitude,Hwy_Sys,Hwy_Nbr,Dfo,Street_Name,Onsys_Fl,Rural_Fl,Crash_Sev_ID,Day_of_Week,Shldr_Width_Left,Shldr_Width_Right,Median_Width,Nbr_Of_Lane,Func_Sys_ID,Adt_Curnt_Amt,Adt_Curnt_Year,Trk_Aadt_Pct,Curve_Type_ID,Curve_Lngth,Cd_Degr,Sus_Serious_Injry_Cnt,Nonincap_Injry_Cnt,Poss_Injry_Cnt,Non_Injry_Cnt,Unkn_Injry_Cnt,Tot_Injry_Cnt,Death_Cnt,Year
15532743,N,01/11/2017,06:51 AM,60,12,3,1,20,1,4,1,1.0,227,22,30.32054542,-97.70703169,IH,35.0,237.935,IH0035,Y,N,4,WED,8.0,20.0,24.0,8.0,11.0,193850.0,2018.0,9.5,1.0,274.0,0.0,0,0,0,1,0,0,1,2017
15533594,N,01/07/2017,02:15 AM,50,11,4,1,20,2,2,12,1.0,227,372,30.47848494,-97.67336616,IH,35.0,249.421,IH0035,Y,N,2,SAT,16.0,20.0,3.0,6.0,11.0,162734.0,2018.0,11.4,,,,0,1,0,1,0,1,0,2017
15534469,N,01/08/2017,03:31 PM,55,11,1,1,8,5,4,1,1.0,227,22,30.42644368,-97.75368864,US,183.0,311.256,US0183,Y,N,4,SUN,20.0,20.0,36.0,6.0,12.0,149347.0,2018.0,1.9,,,,0,0,1,0,0,1,1,2017
15534501,N,01/11/2017,03:24 PM,55,11,1,1,1,2,4,22,1.0,227,22,30.24604809,-97.80301857,SL,360.0,12.854,SL0360,Y,N,2,WED,8.0,20.0,48.0,4.0,14.0,99537.0,2018.0,2.0,1.0,105.0,2.0,0,1,0,2,0,1,0,2017
15534503,N,01/11/2017,12:00 PM,35,11,1,1,8,2,1,10,1.0,227,22,30.26856501,-97.77735977,SL,1.0,15.847,SL0001,Y,N,1,WED,8.0,12.0,36.0,8.0,12.0,139370.0,2018.0,1.2,,,,1,0,1,0,0,2,0,2017
15534507,N,01/12/2017,08:44 AM,55,12,1,1,1,2,4,22,1.0,227,22,30.35159076,-97.79586218,SL,360.0,4.441,SL0360,Y,N,2,THU,8.0,20.0,60.0,4.0,14.0,53846.0,2018.0,2.7,,,,0,3,0,1,0,3,0,2017
15536275,N,01/11/2017,04:09 PM,40,11,1,1,15,1,2,3,1.0,227,22,30.24361875,-97.7823153,SL,343.0,1.42,SL0343,Y,N,2,WED,0.0,0.0,0.0,4.0,14.0,36688.0,2018.0,1.5,,,,0,1,0,1,0,1,0,2017
15536277,N,01/11/2017,08:59 AM,-1,12,1,1,9,2,1,14,1.0,227,22,30.388409600000003,-97.7516787,SL,360.0,0.454,SL0360,Y,N,2,WED,8.0,20.0,48.0,4.0,14.0,53584.0,2018.0,2.7,,,,0,1,0,1,0,1,0,2017
15536464,N,01/01/2017,01:47 PM,60,11,1,1,20,2,4,20,1.0,227,22,30.28329828,-97.72708939,IH,35.0,235.081,IH0035,Y,N,2,SUN,20.0,40.0,3.0,8.0,11.0,202376.0,2018.0,9.3,,,,0,2,0,3,0,2,0,2017
15536465,N,01/04/2017,05:47 PM,-1,11,4,1,5,2,2,22,1.0,227,22,30.26291917,-97.75777378,SL,343.0,3.531,SL0343,Y,N,2,WED,0.0,0.0,22.0,6.0,14.0,46479.0,2018.0,1.4,,,,0,1,0,3,0,1,0,2017
15536519,N,01/13/2017,07:35 AM,45,2,1,2,20,2,2,22,1.0,227,22,30.24822647,-97.73539509,IH,35.0,232.551,IH0035,Y,N,2,FRI,4.0,10.0,3.0,6.0,11.0,142856.0,2018.0,11.0,1.0,238.0,3.0,0,1,0,0,0,1,0,2017
15536561,N,01/13/2017,09:00 AM,50,2,1,2,5,2,3,10,1.0,227,22,30.37350039,-97.72702255,US,183.0,315.607,US0183,Y,N,2,FRI,20.0,20.0,8.0,6.0,12.0,138365.0,2018.0,3.6,,,,0,2,0,0,0,2,0,2017
15538242,N,01/15/2017,01:46 PM,60,2,1,2,20,2,4,30,1.0,227,9999,30.39711599,-97.8580905,RM,620.0,12.314,RM0620,Y,Y,1,SUN,8.0,8.0,0.0,4.0,14.0,46442.0,2018.0,3.2,1.0,154.0,6.0,1,0,0,1,0,1,0,2017
15540812,N,01/13/2017,04:08 PM,35,11,1,1,5,2,2,22,1.0,227,22,30.2768416,-97.7003275,SL,111.0,0.45,SL0111,Y,N,2,FRI,1.0,2.0,0.0,4.0,14.0,31328.0,2018.0,1.8,1.0,98.0,2.0,0,1,0,2,0,1,0,2017
15540952,N,01/03/2017,06:00 PM,65,11,1,1,20,2,4,20,1.0,227,22,30.40840472,-97.71627734,SL,1.0,5.138,SL0001,Y,N,2,TUE,28.0,28.0,36.0,9.0,12.0,112974.0,2018.0,1.6,,,,0,1,0,1,1,1,0,2017
15540954,N,01/03/2017,06:06 PM,55,11,1,1,20,2,4,14,1.0,227,22,,,SH,183.0,,SH0183,Y,N,2,TUE,,,,,,,,,,,,0,4,0,2,0,4,0,2017
15540960,N,01/07/2017,06:16 PM,70,11,1,1,20,9,4,1,2.0,227,22,30.44145345,-97.66829056,IH,35.0,246.80900000000003,IH0035,Y,N,2,SAT,8.0,20.0,3.0,6.0,11.0,129244.0,2018.0,12.7,,,,0,2,0,0,0,2,0,2017
15541009,N,01/08/2017,03:32 PM,65,11,1,1,1,2,4,20,1.0,227,22,30.42655213,-97.75391013,US,183.0,311.241,US0183,Y,N,2,SUN,20.0,20.0,36.0,6.0,12.0,149347.0,2018.0,1.9,,,,0,2,0,4,0,2,0,2017
15541175,N,01/13/2017,03:26 PM,35,11,1,1,10,2,1,14,1.0,227,22,30.24244118,-97.78394985,SL,343.0,1.293,SL0343,Y,N,2,FRI,0.0,0.0,0.0,4.0,14.0,36688.0,2018.0,1.5,,,,0,1,0,1,0,1,0,2017
15541190,N,01/14/2017,02:57 PM,-1,12,1,1,5,2,1,10,1.0,227,22,30.2201978,-97.83652978,SL,1.0,20.87,SL0001,Y,N,1,SAT,20.0,20.0,3.0,6.0,12.0,84322.0,2018.0,1.6,,,,2,1,0,2,0,3,0,2017
15541191,N,01/14/2017,03:10 PM,55,12,1,1,5,2,1,34,1.0,227,22,30.44390253,-97.74235947,FM,734.0,7.002000000000002,FM0734,Y,N,2,SAT,8.0,20.0,36.0,6.0,14.0,55456.0,2018.0,3.8,,,,0,2,1,3,0,3,0,2017
15541197,N,01/14/2017,08:37 PM,45,11,4,1,21,2,1,34,1.0,227,22,30.33917999,-97.70010376,IH,35.0,239.3,IH0035,Y,N,2,SAT,20.0,20.0,3.0,6.0,11.0,145168.0,2018.0,11.9,,,,0,1,0,1,0,1,0,2017
15541198,N,01/14/2017,09:30 PM,45,12,4,1,20,2,1,23,1.0,227,22,30.22296466,-97.76390823,US,290.0,116.316,US0290,Y,N,2,SAT,20.0,20.0,42.0,6.0,12.0,140123.0,2018.0,2.6,,,,0,5,0,1,0,5,0,2017
15541284,N,01/15/2017,11:37 AM,55,2,1,2,20,2,4,20,1.0,227,22,,,SH,360.0,,SH0360,Y,N,2,SUN,,,,,,,,,,,,0,1,0,3,0,1,0,2017
15541290,N,01/15/2017,03:41 PM,45,11,1,2,1,2,3,10,1.0,227,22,30.28935013,-97.62920079999999,FM,3177.0,3.694,FM3177,Y,N,2,SUN,10.0,10.0,0.0,4.0,17.0,11798.0,2018.0,6.1,,,,0,1,0,2,0,1,0,2017
15541295,N,01/15/2017,08:24 PM,55,2,4,2,5,2,4,20,1.0,227,22,30.30270427,-97.66092786,US,183.0,322.348,US0183,Y,N,1,SUN,16.0,16.0,36.0,4.0,14.0,57843.0,2018.0,3.2,,,,1,0,1,1,1,2,0,2017
15541336,N,01/16/2017,10:06 AM,55,2,1,2,5,2,1,10,1.0,227,22,30.22782327,-97.77932666,US,290.0,115.295,US0290,Y,N,2,MON,20.0,20.0,22.0,8.0,12.0,148990.0,2018.0,2.4,1.0,331.0,1.0,0,1,0,0,1,1,0,2017
15541656,N,01/12/2017,06:37 PM,45,11,6,1,5,2,1,34,1.0,227,9999,30.30440648,-97.84121072,RM,2244.0,6.485,RM2244,Y,Y,2,THU,10.0,10.0,0.0,4.0,14.0,47314.0,2018.0,3.1,,,,0,2,2,0,0,4,0,2017
15543435,N,01/05/2017,07:55 AM,55,12,1,1,20,2,4,30,1.0,227,22,30.35925184,-97.79072002,RM,2222.0,5.186,RM2222,Y,N,2,THU,4.0,10.0,15.0,4.0,14.0,51893.0,2018.0,3.1,1.0,136.0,7.0,0,2,0,0,0,2,0,2017
15543438,N,01/09/2017,09:27 AM,-1,11,1,1,15,1,2,3,1.0,227,22,30.27167173,-97.73245069,IH,35.0,234.216,IH0035,Y,N,2,MON,20.0,40.0,3.0,8.0,11.0,177389.0,2018.0,9.9,,,,0,1,0,1,0,1,0,2017
15543440,N,01/09/2017,04:30 PM,-1,11,1,1,5,2,2,22,1.0,227,22,30.222617699999997,-97.76338067,US,290.0,116.355,US0290,Y,N,2,MON,20.0,20.0,42.0,6.0,12.0,140123.0,2018.0,2.6,,,,0,1,0,1,0,1,0,2017
15543516,N,01/16/2017,06:58 PM,45,11,3,1,20,10,4,1,2.0,227,22,30.34318873,-97.78431731,RM,2222.0,6.72,RM2222,Y,N,1,MON,0.0,0.0,0.0,4.0,14.0,27402.0,2018.0,3.8,1.0,68.0,10.0,1,0,0,0,0,1,0,2017
15543588,N,01/17/2017,02:29 PM,50,2,1,2,1,2,4,20,1.0,227,22,30.17982976,-97.77770271,IH,35.0,227.155,IH0035,Y,N,2,TUE,6.0,20.0,30.0,6.0,11.0,156852.0,2018.0,11.1,,,,0,1,0,1,0,1,0,2017
15543661,N,01/17/2017,08:04 PM,70,2,4,2,20,7,4,1,2.0,227,22,30.19601747,-97.76605932,IH,35.0,228.469,IH0035,Y,N,2,TUE,24.0,24.0,42.0,6.0,11.0,170988.0,2018.0,10.7,,,,0,1,0,0,0,1,0,2017
15545174,N,01/10/2017,06:51 PM,50,11,4,1,5,2,1,34,1.0,227,250,30.34090717,-97.96863564,RM,620.0,2.846,RM0620,Y,N,2,TUE,8.0,8.0,0.0,5.0,14.0,50317.0,2018.0,3.1,,,,0,3,0,0,0,3,0,2017
15545510,N,01/18/2017,08:30 AM,80,2,1,2,1,7,4,1,2.0,227,9999,30.32754659,-97.58356865,SH,130.0,26.93,SH0130,Y,Y,2,WED,12.0,20.0,135.0,4.0,12.0,39424.0,2018.0,17.9,,,,0,1,0,0,0,1,0,2017
15545566,N,01/18/2017,08:29 AM,50,2,1,2,1,2,4,20,1.0,227,22,30.24469136,-97.80233884,SL,360.0,12.956,SL0360,Y,N,2,WED,8.0,20.0,48.0,6.0,14.0,99537.0,2018.0,2.0,,,,0,1,0,1,0,1,0,2017
15547100,N,01/15/2017,02:38 AM,25,5,4,2,5,2,2,32,1.0,227,538,30.30850073,-97.94530798,SH,71.0,108.663,SH0071,Y,Y,1,SUN,0.0,0.0,26.0,6.0,14.0,51884.0,2018.0,3.0,,,,1,1,0,3,0,2,0,2017
15547432,N,01/17/2017,03:46 PM,55,2,1,2,21,2,1,10,1.0,227,22,30.32211574,-97.70681799,IH,35.0,238.043,IH0035,Y,N,2,TUE,8.0,20.0,24.0,8.0,11.0,199837.0,2018.0,9.4,,,,0,2,0,0,0,2,0,2017
15547439,N,01/19/2017,09:01 AM,50,12,1,1,9,2,2,22,1.0,227,22,30.33924872,-97.70006587,IH,35.0,239.306,IH0035,Y,N,2,THU,20.0,20.0,3.0,6.0,11.0,145168.0,2018.0,11.9,,,,0,1,0,1,0,1,0,2017
15547470,N,01/20/2017,07:42 AM,45,5,1,1,5,2,1,10,1.0,227,22,30.23360864,-97.74126543,IH,35.0,231.455,IH0035,Y,N,2,FRI,4.0,20.0,3.0,6.0,11.0,150700.0,2018.0,10.7,,,,0,2,0,0,0,2,0,2017
15549608,N,01/22/2017,02:45 AM,60,11,4,1,8,2,1,14,1.0,227,9999,30.21636758,-97.63782302,FM,973.0,28.281,FM0973,Y,Y,1,SUN,10.0,10.0,30.0,4.0,16.0,16700.0,2018.0,6.1,,,,2,0,0,0,2,2,0,2017
15551228,N,01/02/2017,03:00 AM,55,12,4,1,5,2,1,13,1.0,227,22,30.20321274,-97.63948059,SH,71.0,130.719,SH0071,Y,N,2,MON,0.0,0.0,180.0,6.0,14.0,53382.0,2018.0,8.3,,,,0,1,0,2,0,1,0,2017
15551229,N,01/07/2017,10:39 PM,55,11,4,1,8,2,1,10,1.0,227,22,30.13698521,-97.7973,IH,35.0,223.965,IH0035,Y,N,1,SAT,6.0,20.0,30.0,6.0,11.0,128785.0,2018.0,12.2,1.0,103.0,0.0,2,0,1,1,0,3,0,2017
15551231,Y,01/11/2017,01:38 AM,55,11,4,1,1,7,4,1,4.0,227,22,30.23467645,-97.74063728,IH,35.0,231.537,IH0035,Y,N,2,WED,4.0,20.0,3.0,6.0,11.0,150700.0,2018.0,10.7,,,,0,1,0,1,0,1,0,2017
15551234,N,01/12/2017,03:03 AM,-1,11,0,1,1,2,4,21,1.0,227,22,30.33653497,-97.7553882,RM,2222.0,8.726,RM2222,Y,N,2,THU,0.0,0.0,14.0,4.0,14.0,32997.0,2018.0,3.5,,,,0,1,0,0,1,1,0,2017
15551235,N,01/13/2017,08:45 AM,70,2,1,2,1,2,4,21,1.0,227,22,30.3766669,-97.67633117,IH,35.0,242.243,IH0035,Y,N,2,FRI,8.0,20.0,3.0,6.0,11.0,159315.0,2018.0,11.5,,,,0,1,0,1,0,1,0,2017
15551297,N,01/20/2017,03:25 PM,65,11,1,1,1,2,4,21,1.0,227,22,30.14173436,-97.79546493,IH,35.0,224.31,IH0035,Y,N,2,FRI,6.0,20.0,30.0,6.0,11.0,128785.0,2018.0,12.2,,,,0,1,1,0,0,2,0,2017
15551298,N,01/20/2017,05:00 PM,45,11,1,1,1,2,4,22,1.0,227,22,30.32212067,-97.70681763,IH,35.0,238.044,IH0035,Y,N,2,FRI,8.0,20.0,24.0,8.0,11.0,199837.0,2018.0,9.4,,,,0,2,0,1,0,2,0,2017
15551354,N,01/21/2017,05:25 AM,55,11,4,1,5,2,1,14,1.0,227,22,30.21239719,-97.71256098,SH,71.0,125.84,SH0071,Y,N,1,SAT,20.0,20.0,44.0,8.0,12.0,70740.0,2018.0,4.0,1.0,284.0,2.0,1,1,0,1,0,2,0,2017
15551361,N,01/22/2017,04:50 PM,45,11,1,1,5,2,2,22,1.0,227,22,30.274614399999997,-97.73148406,IH,35.0,234.427,IH0035,Y,N,2,SUN,20.0,40.0,3.0,8.0,11.0,177389.0,2018.0,9.9,,,,0,1,0,3,0,1,0,2017
15551363,N,01/22/2017,06:12 PM,60,11,4,1,20,7,4,1,4.0,227,22,30.23356002,-97.74129435,IH,35.0,231.451,IH0035,Y,N,2,SUN,4.0,20.0,3.0,6.0,11.0,150700.0,2018.0,10.7,,,,0,1,0,1,0,1,0,2017
15551366,N,01/22/2017,07:28 PM,-1,11,4,1,20,7,4,2,4.0,227,22,30.27485222,-97.73141113,IH,35.0,234.444,IH0035,Y,N,2,SUN,20.0,40.0,3.0,8.0,11.0,177389.0,2018.0,9.9,,,,0,1,0,0,0,1,0,2017
15552012,N,01/23/2017,06:41 PM,55,11,3,1,5,2,4,20,1.0,227,9999,30.257085800000002,-97.61183167,FM,969.0,6.225,FM0969,Y,Y,2,MON,6.0,6.0,15.0,3.0,14.0,22309.0,2018.0,6.4,,,,0,1,0,1,0,1,0,2017
15553910,N,01/24/2017,07:40 AM,70,11,1,1,20,10,4,1,2.0,227,372,30.47227435,-97.67140503,IH,35.0,248.978,IH0035,Y,N,1,TUE,16.0,20.0,3.0,6.0,11.0,162734.0,2018.0,11.4,,,,1,0,0,0,0,1,0,2017
15554066,N,01/19/2017,07:13 AM,55,12,1,1,5,2,1,34,1.0,227,9999,30.257085800000002,-97.61183167,FM,969.0,6.225,FM0969,Y,Y,1,THU,6.0,6.0,15.0,3.0,14.0,22309.0,2018.0,6.4,,,,1,0,0,2,0,1,0,2017
15554097,N,01/12/2017,05:17 PM,-1,11,1,1,1,2,4,22,1.0,227,22,30.21642876,-97.75132751,US,290.0,117.196,US0290,Y,N,2,THU,20.0,20.0,20.0,6.0,12.0,140123.0,2018.0,2.6,,,,0,3,0,0,0,3,0,2017
15554102,N,01/15/2017,09:05 PM,-1,2,4,2,8,2,2,22,1.0,227,22,30.26892976,-97.66975939,US,183.0,324.7290000000001,US0183,Y,N,2,SUN,18.0,16.0,36.0,4.0,14.0,67460.0,2018.0,6.6,,,,0,1,0,3,1,1,0,2017
15554103,N,01/16/2017,12:13 AM,-1,2,4,2,1,2,4,22,1.0,227,22,30.36543708,-97.7181351,US,183.0,316.431,US0183,Y,N,2,MON,20.0,20.0,8.0,6.0,12.0,138365.0,2018.0,3.6,,,,0,2,0,0,0,2,0,2017
15554132,N,01/20/2017,06:50 PM,-1,11,4,1,20,10,1,1,1.0,227,22,30.40771074,-97.72000499,SL,1.0,5.3660000000000005,SL0001,Y,N,2,FRI,24.0,20.0,36.0,6.0,12.0,112347.0,2018.0,1.6,1.0,173.0,1.0,0,1,0,0,0,1,0,2017
15554147,N,01/22/2017,05:14 AM,65,11,4,1,1,2,4,30,1.0,227,22,30.22787888,-97.78100879,US,290.0,115.194,US0290,Y,N,1,SUN,20.0,20.0,22.0,8.0,12.0,148990.0,2018.0,2.4,1.0,331.0,1.0,1,3,0,0,0,4,0,2017
15554150,N,01/23/2017,09:17 AM,55,11,1,1,20,2,4,20,1.0,227,22,30.41231015,-97.70881549,SL,1.0,4.605,SL0001,Y,N,2,MON,24.0,20.0,36.0,6.0,12.0,112974.0,2018.0,1.6,,,,0,2,0,2,0,2,0,2017
15554163,N,01/23/2017,07:42 PM,45,11,4,1,1,2,4,20,1.0,227,22,30.28110981,-97.72848363,IH,35.0,234.909,IH0035,Y,N,2,MON,20.0,40.0,3.0,8.0,11.0,202376.0,2018.0,9.3,1.0,118.0,0.0,0,1,1,0,1,2,0,2017
15554175,N,01/24/2017,11:02 AM,60,11,1,1,6,2,1,10,1.0,227,22,30.43729854,-97.73590239,FM,734.0,7.608,FM0734,Y,N,2,TUE,8.0,20.0,36.0,6.0,14.0,49788.0,2018.0,3.9,,,,0,1,0,1,0,1,0,2017
15556571,N,01/20/2017,09:00 PM,70,11,4,1,1,8,4,1,1.0,227,9999,30.45181266,-97.66633348,IH,35.0,247.531,IH0035,Y,Y,2,FRI,18.0,18.0,12.0,6.0,11.0,129244.0,2018.0,12.7,,,,0,1,0,1,0,1,0,2017
15556931,Y,01/12/2017,03:08 PM,60,12,1,1,20,2,4,22,1.0,227,22,30.23351141,-97.74132327,IH,35.0,231.447,IH0035,Y,N,2,THU,4.0,20.0,3.0,6.0,11.0,150700.0,2018.0,10.7,,,,0,2,0,3,0,2,0,2017
15556940,N,01/19/2017,01:50 PM,60,11,1,1,20,2,4,20,1.0,227,22,30.29350837,-97.72050211,IH,35.0,235.886,IH0035,Y,N,2,THU,8.0,20.0,24.0,8.0,11.0,202376.0,2018.0,9.3,,,,0,1,1,4,0,2,0,2017
15556980,N,01/23/2017,11:01 PM,-1,11,4,1,5,2,1,10,1.0,227,330,30.44747292,-97.63893599,FM,1825.0,2.232,FM1825,Y,N,1,MON,8.0,8.0,0.0,4.0,16.0,22010.0,2018.0,4.2,,,,1,0,0,1,0,1,0,2017
15556981,N,01/23/2017,01:28 PM,45,11,1,1,5,2,1,24,1.0,227,22,30.27167173,-97.73245069,IH,35.0,234.216,IH0035,Y,N,2,MON,20.0,40.0,3.0,8.0,11.0,177389.0,2018.0,9.9,,,,0,1,0,3,0,1,0,2017
15556982,N,01/24/2017,06:30 AM,75,11,4,1,20,7,4,1,4.0,227,22,30.44752556,-97.69629824,SL,1.0,2.047,SL0001,Y,N,2,TUE,20.0,20.0,36.0,6.0,12.0,64650.0,2018.0,2.0,1.0,934.0,0.0,0,1,0,0,0,1,0,2017
15557014,N,01/24/2017,07:00 PM,45,11,1,1,5,2,1,24,1.0,227,22,30.21665339,-97.75229856,US,290.0,117.136,US0290,Y,N,2,TUE,20.0,20.0,20.0,6.0,12.0,140123.0,2018.0,2.6,1.0,171.0,2.0,0,1,0,2,0,1,0,2017
15557031,N,01/25/2017,08:41 AM,-1,11,1,1,15,1,2,3,1.0,227,22,30.35765167,-97.7000847,SL,275.0,4.967,SL0275,Y,N,2,WED,0.0,0.0,0.0,4.0,14.0,37689.0,2018.0,1.2,,,,0,1,0,1,0,1,0,2017
15557034,Y,01/25/2017,08:26 AM,55,11,1,1,20,2,2,22,1.0,227,22,30.30399594,-97.66078136,US,183.0,322.259,US0183,Y,N,2,WED,16.0,16.0,36.0,4.0,14.0,57843.0,2018.0,3.2,1.0,293.0,0.0,0,1,0,5,0,1,0,2017
15557081,N,01/25/2017,05:46 PM,-1,11,1,1,9,2,2,22,1.0,227,22,30.32559465,-97.67335391,US,183.0,320.509,US0183,Y,N,2,WED,16.0,20.0,70.0,4.0,12.0,55986.0,2018.0,7.2,,,,0,1,0,2,0,1,0,2017
15557082,N,01/25/2017,04:29 PM,-1,11,1,1,5,2,2,22,1.0,227,22,30.34050179,-97.5911026,US,290.0,132.21,US0290,Y,N,2,WED,20.0,20.0,3.0,5.0,12.0,34434.0,2018.0,8.4,,,,0,1,0,1,0,1,0,2017
15557083,N,01/25/2017,05:02 PM,-1,11,1,1,1,2,4,22,1.0,227,22,30.30308959,-97.71448240000001,IH,35.0,236.636,IH0035,Y,N,2,WED,8.0,20.0,24.0,8.0,11.0,196302.0,2018.0,9.5,,,,0,1,0,1,0,1,0,2017
15557611,N,01/23/2017,08:08 PM,55,11,3,1,11,2,4,30,1.0,227,246,30.47425458,-97.96041459,RM,1431.0,47.823,RM1431,Y,N,1,MON,2.0,2.0,0.0,4.0,6.0,17734.0,2018.0,4.2,,,,1,1,0,2,0,2,0,2017
15558360,N,01/20/2017,11:18 PM,55,11,4,1,5,2,1,34,1.0,227,22,30.30262128,-97.66094263,US,183.0,322.3540000000001,US0183,Y,N,2,FRI,16.0,16.0,36.0,4.0,14.0,57843.0,2018.0,3.2,,,,0,3,0,0,0,3,0,2017
15558965,N,01/22/2017,12:19 AM,50,11,4,1,20,2,4,22,1.0,227,22,30.21081685,-97.75474132,IH,35.0,229.693,IH0035,Y,N,2,SUN,4.0,20.0,3.0,6.0,11.0,148474.0,2018.0,11.3,1.0,301.0,0.0,0,1,0,1,0,1,0,2017
15559029,N,01/27/2017,12:34 AM,55,11,3,1,11,7,4,1,2.0,227,22,30.23532487,-97.86027648,US,290.0,110.28,US0290,Y,N,2,FRI,6.0,6.0,0.0,4.0,14.0,72290.0,2018.0,2.7,,,,0,1,0,0,0,1,0,2017
15559032,N,01/27/2017,07:26 AM,70,11,1,1,1,2,4,20,1.0,227,22,30.15318007,-97.79154355,IH,35.0,225.131,IH0035,Y,N,2,FRI,6.0,20.0,30.0,6.0,11.0,128785.0,2018.0,12.2,,,,0,1,0,1,0,1,0,2017
15560190,N,01/27/2017,09:56 AM,50,11,1,1,11,2,3,10,1.0,227,671,30.09094207,-97.7363947,FM,1327.0,4.548,FM1327,Y,Y,1,FRI,10.0,10.0,0.0,2.0,16.0,12806.0,2018.0,5.9,,,,1,0,0,1,0,1,0,2017
15560260,N,01/28/2017,03:06 PM,55,11,1,1,5,2,1,34,1.0,227,330,30.46323425,-97.59742307,FM,685.0,5.881,FM0685,Y,N,2,SAT,4.0,4.0,14.0,4.0,16.0,29334.0,2018.0,4.3,,,,0,1,0,3,0,1,0,2017
15560276,N,01/24/2017,08:35 AM,60,11,1,1,20,2,4,20,1.0,227,9999,30.22831551,-97.63007346,FM,973.0,27.337,FM0973,Y,Y,1,TUE,5.0,5.0,0.0,2.0,16.0,16700.0,2018.0,6.1,,,,1,0,0,2,0,1,0,2017
15561923,N,01/26/2017,08:36 AM,-1,11,1,1,20,2,1,14,1.0,227,22,30.36586892,-97.79753366,RM,2222.0,4.553,RM2222,Y,N,2,THU,8.0,8.0,0.0,4.0,14.0,42777.0,2018.0,3.2,1.0,131.0,10.0,0,1,2,0,0,3,0,2017
15562304,N,01/25/2017,03:20 PM,60,11,1,1,1,2,4,20,1.0,227,22,30.30737688,-97.71171852,IH,35.0,236.974,IH0035,Y,N,1,WED,8.0,20.0,24.0,8.0,11.0,196302.0,2018.0,9.5,,,,1,0,0,1,0,1,0,2017
15562366,N,01/27/2017,08:34 AM,55,11,1,1,5,7,4,1,2.0,227,22,30.16778234,-97.78561266,IH,35.0,226.201,IH0035,Y,N,2,FRI,6.0,20.0,30.0,6.0,11.0,156852.0,2018.0,11.1,1.0,586.0,0.0,0,1,1,0,0,2,0,2017
15562414,N,01/27/2017,08:40 PM,35,11,4,1,5,2,1,10,1.0,227,22,30.411200800000003,-97.70996567,SL,1.0,4.707,SL0001,Y,N,2,FRI,24.0,20.0,36.0,6.0,12.0,112974.0,2018.0,1.6,1.0,425.0,1.0,0,1,1,0,0,2,0,2017
15562477,N,01/28/2017,05:12 PM,55,11,1,1,20,2,4,20,1.0,227,22,30.37429351,-97.72867591,US,183.0,315.494,US0183,Y,N,2,SAT,20.0,20.0,8.0,6.0,12.0,138365.0,2018.0,3.6,,,,0,1,0,2,0,1,0,2017
15562478,N,01/28/2017,06:30 PM,65,11,4,1,20,2,4,20,1.0,227,22,,,US,183.0,,US0183,Y,N,2,SAT,,,,,,,,,,,,0,1,0,1,0,1,0,2017
15562486,N,01/28/2017,01:20 PM,55,11,1,1,1,2,4,20,1.0,227,22,30.39189177,-97.74616116,US,183.0,313.834,US0183,Y,N,2,SAT,20.0,20.0,36.0,6.0,12.0,137676.0,2018.0,2.0,,,,0,1,0,2,0,1,0,2017
15562488,N,01/28/2017,02:44 PM,60,11,1,1,20,2,4,22,1.0,227,22,30.30922535,-97.71052688,IH,35.0,237.12,IH0035,Y,N,2,SAT,8.0,20.0,24.0,8.0,11.0,193850.0,2018.0,9.5,,,,0,4,0,0,0,4,0,2017
15562491,N,01/29/2017,12:40 PM,-1,11,3,1,11,2,4,21,1.0,227,22,30.28901487,-97.72337978,IH,35.0,235.532,IH0035,Y,N,2,SUN,8.0,20.0,24.0,8.0,11.0,202376.0,2018.0,9.3,,,,0,1,0,2,0,1,0,2017
15562524,N,01/29/2017,07:36 AM,70,11,1,1,20,7,4,1,2.0,227,22,30.14099144,-97.79573657,IH,35.0,224.256,IH0035,Y,N,4,SUN,6.0,20.0,30.0,6.0,11.0,128785.0,2018.0,12.2,,,,0,0,0,0,0,0,1,2017
15562526,N,01/29/2017,11:08 AM,45,11,1,1,5,2,2,22,1.0,227,22,30.25932073,-97.69363618,SL,111.0,1.732,SL0111,Y,N,2,SUN,1.0,2.0,0.0,4.0,14.0,31328.0,2018.0,1.8,,,,0,5,1,0,0,6,0,2017
15562529,N,01/29/2017,12:46 PM,55,11,1,1,20,2,4,20,1.0,227,22,30.22578031,-97.74588324,IH,35.0,230.85,IH0035,Y,N,2,SUN,4.0,20.0,3.0,6.0,11.0,157370.0,2018.0,10.5,,,,0,2,1,2,0,3,0,2017
15562535,N,01/29/2017,06:23 PM,-1,11,4,1,20,2,1,21,1.0,227,22,30.24365388,-97.78226653,SL,343.0,1.4240000000000002,SL0343,Y,N,2,SUN,0.0,0.0,0.0,4.0,14.0,36688.0,2018.0,1.5,,,,0,2,0,0,1,2,0,2017