Crash_ID,Cmv_Involv_Fl,Crash_Date,Crash_Time,Crash_Speed_Limit,Wthr_Cond_ID,Light_Cond_ID,Surf_Cond_ID,Traffic_Cntl_ID,Harm_Evnt_ID,Intrsct_Relat_ID,FHE_Collsn_ID,Road_Relat_ID,Cnty_ID,City_ID,Latitude,Longitude,Hwy_Sys,Hwy_Nbr,Dfo,Street_Name,Onsys_Fl,Rural_Fl,Crash_Sev_ID,Day_of_Week,Shldr_Width_Left,Shldr_Width_Right,Median_Width,Nbr_Of_Lane,Func_Sys_ID,Adt_Curnt_Amt,Adt_Curnt_Year,Trk_Aadt_Pct,Curve_Type_ID,Curve_Lngth,Cd_Degr,Sus_Serious_Injry_Cnt,Nonincap_Injry_Cnt,Poss_Injry_Cnt,Non_Injry_Cnt,Unkn_Injry_Cnt,Tot_Injry_Cnt,Death_Cnt,Year
15562580,N,01/30/2017,12:05 PM,60,11,1,1,20,2,4,20,1.0,227,22,30.26914748,-97.73337976,IH,35.0,234.034,IH0035,Y,N,2,MON,20.0,40.0,3.0,8.0,11.0,177389.0,2018.0,9.9,,,,0,3,2,0,0,5,0,2017
15564707,N,01/22/2017,03:21 AM,70,11,4,1,20,7,4,1,4.0,227,22,30.23251512,-97.74191586,IH,35.0,231.37,IH0035,Y,N,1,SUN,4.0,20.0,3.0,6.0,11.0,157370.0,2018.0,10.5,,,,1,0,0,0,0,1,0,2017
15564712,N,01/26/2017,09:33 PM,45,11,3,1,1,5,3,1,1.0,227,22,30.16399413,-97.83026557,FM,2304.0,2.8480000000000003,FM2304,Y,N,2,THU,13.0,14.0,0.0,2.0,16.0,31291.0,2018.0,3.6,1.0,120.0,4.0,0,1,0,1,0,1,0,2017
15564725,N,01/29/2017,07:19 PM,-1,11,4,1,20,2,4,20,1.0,227,22,30.26010645,-97.69386870000001,SL,111.0,1.676,SL0111,Y,N,2,SUN,1.0,2.0,0.0,4.0,14.0,31328.0,2018.0,1.8,,,,0,1,0,3,0,1,0,2017
15564779,N,01/30/2017,04:30 PM,-1,11,1,1,11,5,1,2,1.0,227,22,30.23400019,-97.87121316,US,290.0,109.607,US0290,Y,N,2,MON,6.0,6.0,0.0,4.0,14.0,72290.0,2018.0,2.7,1.0,310.0,2.0,0,1,0,1,0,1,0,2017
15564791,N,01/31/2017,08:07 AM,50,11,1,1,20,2,1,14,1.0,227,22,30.27900032,-97.6431103,FM,969.0,3.747,FM0969,Y,N,2,TUE,0.0,0.0,0.0,4.0,14.0,32176.0,2018.0,6.2,,,,0,2,0,0,0,2,0,2017
15564808,N,01/20/2017,07:43 AM,55,11,1,1,12,2,4,30,1.0,227,9999,30.52589266,-98.09248498,RM,1431.0,36.835,RM1431,Y,Y,4,FRI,1.0,1.0,0.0,2.0,7.0,2156.0,2018.0,4.1,1.0,139.0,3.0,0,0,0,5,0,0,1,2017
15565038,N,01/31/2017,02:57 PM,60,11,1,1,1,10,4,1,2.0,227,9999,30.23214959,-97.92509705,US,290.0,106.233,US0290,Y,Y,2,TUE,0.0,6.0,0.0,4.0,14.0,37680.0,2018.0,2.9,,,,0,1,0,0,0,1,0,2017
15566484,N,02/01/2017,02:15 PM,50,11,1,1,5,2,1,14,1.0,227,250,30.35409458,-97.96153211,RM,620.0,3.855,RM0620,Y,N,2,WED,8.0,8.0,0.0,4.0,14.0,50317.0,2018.0,3.1,1.0,110.0,2.0,0,2,0,0,0,2,0,2017
15567565,N,01/28/2017,11:40 AM,70,11,1,1,11,2,4,20,1.0,227,9999,30.45469914,-97.66627559,IH,35.0,247.73,IH0035,Y,Y,1,SAT,18.0,18.0,12.0,6.0,11.0,129244.0,2018.0,12.7,,,,2,0,0,0,0,2,0,2017
15567681,N,02/01/2017,09:01 AM,75,12,1,1,20,10,4,1,2.0,227,330,30.48476198,-97.61607712,SH,45.0,14.204,SH0045,Y,N,2,WED,14.0,16.0,100.0,6.0,12.0,23290.0,2018.0,6.4,1.0,1347.0,0.0,0,1,0,0,0,1,0,2017
15568272,N,01/28/2017,06:03 PM,60,12,1,1,5,2,1,34,1.0,227,9999,30.32030962,-98.00708613,SH,71.0,104.751,SH0071,Y,Y,4,SAT,5.0,5.0,0.0,4.0,14.0,37755.0,2018.0,3.3,,,,0,0,0,1,0,0,1,2017
15569533,N,02/03/2017,07:19 AM,60,12,2,1,8,2,1,14,1.0,227,9999,30.14033699,-97.66446686,SH,130.0,41.801,SH0130,Y,Y,2,FRI,12.0,20.0,135.0,4.0,12.0,29269.0,2018.0,21.3,,,,0,2,0,0,0,2,0,2017
15569637,N,01/15/2017,12:12 PM,35,2,1,2,5,2,2,21,1.0,227,22,30.35806933,-97.68814856,IH,35.0,240.782,IH0035,Y,N,1,SUN,20.0,20.0,3.0,6.0,11.0,138459.0,2018.0,12.2,,,,1,2,2,1,0,5,0,2017
15569919,N,02/02/2017,05:35 PM,35,11,1,1,20,7,4,1,2.0,227,22,30.24633736,-97.77849236,SL,343.0,1.715,SL0343,Y,N,2,THU,0.0,0.0,0.0,4.0,14.0,36688.0,2018.0,1.5,1.0,199.0,3.0,0,2,0,2,0,2,0,2017
15570028,N,02/01/2017,05:49 PM,-1,11,1,1,20,2,3,34,1.0,227,22,30.43672145,-97.83894278,RM,620.0,15.285,RM0620,Y,N,1,WED,8.0,8.0,0.0,4.0,14.0,50802.0,2018.0,3.1,,,,1,0,0,1,0,1,0,2017
15570048,N,01/03/2017,06:49 PM,-1,11,4,1,5,2,2,22,1.0,227,22,30.42140571,-97.84520468,RM,620.0,14.159,RM0620,Y,N,2,TUE,8.0,8.0,0.0,4.0,14.0,50802.0,2018.0,3.1,,,,0,1,1,2,0,2,0,2017
15570072,N,01/31/2017,05:30 PM,-1,11,5,1,11,2,4,20,1.0,227,22,,,SL,1.0,,SL0001,Y,N,2,TUE,,,,,,,,,,,,0,1,0,1,0,1,0,2017
15570105,Y,01/29/2017,03:09 PM,70,11,1,1,20,2,4,21,1.0,227,22,30.18421554,-97.77483023,IH,35.0,227.502,IH0035,Y,N,2,SUN,6.0,20.0,30.0,6.0,11.0,156852.0,2018.0,11.1,,,,0,2,1,1,2,3,0,2017
15570140,N,01/31/2017,07:30 PM,70,11,4,1,20,2,4,20,1.0,227,22,30.19796532,-97.7644895,IH,35.0,228.633,IH0035,Y,N,2,TUE,24.0,24.0,42.0,6.0,11.0,170988.0,2018.0,10.7,,,,0,1,0,0,1,1,0,2017
15570142,N,02/01/2017,08:12 AM,60,5,1,1,20,2,4,22,1.0,227,22,30.19690079,-97.62300242,SH,130.0,37.11,SH0130,Y,N,2,WED,12.0,20.0,135.0,4.0,12.0,43413.0,2018.0,17.5,1.0,292.0,1.0,0,1,0,1,0,1,0,2017
15570148,N,02/01/2017,07:59 AM,55,12,1,1,20,2,4,20,1.0,227,22,30.34415746,-97.69696757,IH,35.0,239.691,IH0035,Y,N,2,WED,20.0,20.0,3.0,6.0,11.0,145168.0,2018.0,11.9,,,,0,1,1,1,0,2,0,2017
15570150,Y,02/01/2017,11:20 AM,55,11,1,1,20,2,4,22,1.0,227,22,30.30097447,-97.66128315,US,183.0,322.469,US0183,Y,N,2,WED,16.0,16.0,36.0,4.0,14.0,57843.0,2018.0,3.2,,,,0,1,0,1,0,1,0,2017
15570204,N,02/01/2017,06:31 PM,55,11,1,1,20,2,2,20,1.0,227,22,30.388366499999997,-97.75214305,SL,360.0,0.481,SL0360,Y,N,2,WED,8.0,20.0,48.0,4.0,14.0,53584.0,2018.0,2.7,,,,0,1,0,4,0,1,0,2017
15570210,N,02/01/2017,06:20 AM,-1,5,4,1,11,2,4,22,1.0,227,9999,30.19861103,-97.63044225,SH,71.0,131.344,SH0071,Y,Y,2,WED,6.0,10.0,400.0,6.0,14.0,53382.0,2018.0,8.3,,,,0,1,0,1,0,1,0,2017
15570213,N,02/01/2017,05:54 PM,-1,11,1,1,20,2,4,22,1.0,227,9999,30.11280882,-97.78456088,FM,1327.0,1.284,FM1327,Y,Y,2,WED,10.0,10.0,0.0,2.0,16.0,17645.0,2018.0,5.2,,,,0,1,1,4,0,2,0,2017
15570217,N,02/01/2017,03:13 PM,70,11,1,1,20,2,4,22,1.0,227,22,30.16072503,-97.78928455,IH,35.0,225.667,IH0035,Y,N,2,WED,6.0,20.0,30.0,6.0,11.0,128785.0,2018.0,12.2,,,,0,1,0,4,0,1,0,2017
15570257,N,02/02/2017,08:23 AM,65,12,1,1,20,2,4,22,1.0,227,22,30.34425354,-97.70573394,US,183.0,318.168,US0183,Y,N,2,THU,20.0,2.0,24.0,6.0,12.0,139965.0,2018.0,3.6,,,,0,1,1,1,0,2,0,2017
15570262,N,02/02/2017,01:31 PM,65,12,1,1,20,2,4,22,1.0,227,22,30.416034600000003,-97.74630848,US,183.0,312.163,US0183,Y,N,2,THU,20.0,20.0,36.0,6.0,12.0,137676.0,2018.0,2.0,1.0,323.0,3.0,0,1,0,1,0,1,0,2017
15570263,N,02/02/2017,06:25 PM,-1,11,4,1,20,2,3,34,1.0,227,22,30.42193227,-97.8450244,RM,620.0,14.197,RM0620,Y,N,2,THU,8.0,8.0,0.0,4.0,14.0,50802.0,2018.0,3.1,,,,0,2,0,2,0,2,0,2017
15570273,Y,02/02/2017,01:33 PM,60,12,1,1,20,2,4,22,1.0,227,22,30.29408894,-97.72013007,IH,35.0,235.932,IH0035,Y,N,2,THU,8.0,20.0,24.0,8.0,11.0,202376.0,2018.0,9.3,,,,0,1,1,1,0,2,0,2017
15572836,N,01/07/2017,09:06 AM,75,11,4,1,20,2,1,10,1.0,227,22,30.33081355,-97.62335616,US,290.0,130.168,US0290,Y,N,4,SAT,20.0,20.0,3.0,6.0,12.0,34434.0,2018.0,8.4,,,,0,0,0,0,4,0,1,2017
15572957,N,02/05/2017,08:11 PM,55,11,4,1,1,2,3,10,1.0,227,22,30.28466648,-97.65946903,FM,969.0,2.694,FM0969,Y,N,1,SUN,0.0,0.0,0.0,4.0,14.0,32176.0,2018.0,6.2,,,,1,1,1,1,0,3,0,2017
15572959,Y,02/05/2017,08:47 PM,70,11,4,1,10,2,2,10,1.0,227,22,30.16292586,-97.78839848,IH,35.0,225.828,IH0035,Y,N,2,SUN,6.0,20.0,30.0,6.0,11.0,128785.0,2018.0,12.2,,,,0,1,0,1,0,1,0,2017
15573224,N,01/29/2017,06:58 PM,55,11,4,1,20,2,4,21,1.0,227,22,30.23619033,-97.68605084,US,183.0,327.605,US0183,Y,N,2,SUN,6.0,10.0,36.0,4.0,14.0,100483.0,2018.0,5.5,1.0,115.0,0.0,0,1,0,2,3,1,0,2017
15573241,N,02/05/2017,02:00 PM,55,12,1,1,5,2,2,22,1.0,227,22,30.35931689,-97.79132992,RM,2222.0,5.149,RM2222,Y,N,2,SUN,4.0,10.0,15.0,4.0,14.0,51893.0,2018.0,3.1,1.0,136.0,7.0,0,1,0,1,0,1,0,2017
15573253,N,01/30/2017,07:56 PM,60,11,3,1,20,2,4,22,1.0,227,22,30.2038165,-97.6406769,SH,71.0,130.636,SH0071,Y,N,2,MON,0.0,0.0,180.0,6.0,14.0,60929.0,2018.0,4.2,,,,0,1,1,1,0,2,0,2017
15573313,N,02/03/2017,02:30 PM,45,12,1,1,9,2,2,22,1.0,227,22,30.21642876,-97.75132751,IH,35.0,230.129,IH0035,Y,N,2,FRI,4.0,20.0,3.0,6.0,11.0,157370.0,2018.0,10.5,,,,0,1,0,2,0,1,0,2017
15575513,N,01/26/2017,07:05 PM,55,11,3,1,20,1,4,1,1.0,227,9999,30.4594424,-97.66735307,IH,35.0,248.063,IH0035,Y,Y,1,THU,18.0,18.0,12.0,6.0,11.0,162734.0,2018.0,11.4,1.0,467.0,1.0,1,0,0,0,1,1,0,2017
15575932,N,02/06/2017,11:02 AM,-1,12,1,2,5,2,1,10,1.0,227,22,30.32140479,-97.69587843,US,290.0,125.758,US0290,Y,N,2,MON,12.0,20.0,24.0,5.0,12.0,55306.0,2018.0,6.3,1.0,1034.0,0.0,0,1,0,1,0,1,0,2017
15575951,N,02/06/2017,08:14 PM,-1,11,3,1,5,2,1,34,1.0,227,22,30.38954926,-97.74504852,US,183.0,314.008,US0183,Y,N,2,MON,20.0,20.0,36.0,6.0,12.0,137676.0,2018.0,2.0,,,,0,1,1,0,0,2,0,2017
15575971,N,02/06/2017,07:07 PM,-1,11,4,1,20,2,2,22,1.0,227,22,30.3213978,-97.68901987,US,290.0,126.168,US0290,Y,N,2,MON,12.0,20.0,24.0,5.0,12.0,47490.0,2018.0,6.7,1.0,251.0,0.0,0,1,0,2,0,1,0,2017
15577909,N,01/27/2017,08:01 PM,55,11,4,1,20,2,4,20,1.0,227,22,30.24690023,-97.73510135,IH,35.0,232.458,IH0035,Y,N,2,FRI,4.0,10.0,3.0,6.0,11.0,142856.0,2018.0,11.0,,,,0,1,0,1,0,1,0,2017
15578211,N,02/03/2017,07:00 AM,45,12,1,1,20,2,2,13,1.0,227,22,30.38607982,-97.684237,SL,275.0,2.7960000000000003,SL0275,Y,N,2,FRI,0.0,0.0,0.0,4.0,14.0,28204.0,2018.0,1.4,,,,0,2,0,0,0,2,0,2017
15578222,N,02/06/2017,04:24 PM,50,11,1,1,20,2,4,22,1.0,227,22,30.386333500000003,-97.73525091,SL,1.0,7.186,SL0001,Y,N,2,MON,20.0,20.0,36.0,5.0,12.0,97149.0,2018.0,1.6,,,,0,1,0,4,0,1,0,2017
15578231,N,02/07/2017,04:12 PM,-1,11,1,1,5,2,2,22,1.0,227,22,30.36341641,-97.69681750000001,SL,275.0,4.525,SL0275,Y,N,2,TUE,0.0,0.0,0.0,4.0,14.0,37689.0,2018.0,1.2,,,,0,1,0,2,0,1,0,2017
15578267,N,02/08/2017,08:09 AM,65,11,1,1,20,2,4,20,1.0,227,22,30.27890223,-97.76792358,SL,1.0,14.932,SL0001,Y,N,2,WED,12.0,20.0,60.0,6.0,12.0,145144.0,2018.0,1.2,1.0,245.0,0.0,0,1,0,1,0,1,0,2017
15581983,N,02/01/2017,12:30 AM,-1,11,4,1,5,2,2,22,1.0,227,22,30.37313648,-97.72626216,US,183.0,315.658,US0183,Y,N,2,WED,20.0,20.0,8.0,6.0,12.0,138365.0,2018.0,3.6,,,,0,1,1,2,1,2,0,2017
15581999,N,02/05/2017,05:30 PM,60,11,1,1,1,2,4,22,1.0,227,22,30.26094707,-97.73652406,IH,35.0,233.439,IH0035,Y,N,2,SUN,8.0,20.0,3.0,8.0,11.0,158343.0,2018.0,10.4,,,,0,1,2,2,0,3,0,2017
15582033,N,02/08/2017,05:36 PM,-1,11,1,1,5,2,1,34,1.0,227,22,30.35168626,-97.74902144,SL,1.0,9.716,SL0001,Y,N,2,WED,12.0,20.0,36.0,6.0,12.0,148872.0,2018.0,1.2,1.0,144.0,3.0,0,2,0,5,0,2,0,2017
15582071,N,02/09/2017,08:00 AM,55,11,1,1,20,2,4,22,1.0,227,9999,30.2629407,-97.81617131,SL,360.0,11.452,SL0360,Y,Y,2,THU,8.0,20.0,60.0,4.0,14.0,55818.0,2018.0,2.6,,,,0,1,1,4,0,2,0,2017
15582866,N,02/11/2017,11:58 AM,55,12,1,1,20,5,3,3,1.0,227,9999,30.44729318,-97.83129877,RM,620.0,16.151,RM0620,Y,Y,1,SAT,0.0,0.0,0.0,2.0,14.0,41321.0,2018.0,3.2,,,,3,0,0,3,0,3,0,2017
15583380,N,02/12/2017,12:21 AM,80,11,4,1,20,2,4,30,1.0,227,9999,30.08211874,-97.70942666,SH,45.0,47.07899999999999,SH0045,Y,Y,2,SUN,12.0,20.0,50.0,4.0,12.0,15510.0,2018.0,6.8,,,,0,2,0,1,0,2,0,2017
15585310,N,02/02/2017,10:10 PM,45,11,3,1,1,2,4,22,1.0,227,22,,,US,183.0,,US0183,Y,N,2,THU,,,,,,,,,,,,0,2,0,4,0,2,0,2017
15585376,N,02/05/2017,01:56 AM,70,5,4,2,20,7,4,1,2.0,227,22,30.10874086,-97.80876051,IH,35.0,221.905,IH0035,Y,N,4,SUN,6.0,20.0,20.0,6.0,11.0,131087.0,2018.0,12.1,1.0,84.0,0.0,0,0,0,0,0,0,1,2017
15585383,N,02/10/2017,01:53 AM,55,11,4,1,20,7,2,1,2.0,227,22,30.292254800000002,-97.76001508,SL,1.0,13.898,SL0001,Y,N,2,FRI,12.0,20.0,60.0,6.0,12.0,150574.0,2018.0,1.2,1.0,338.0,1.0,0,1,0,0,0,1,0,2017
15585385,N,02/10/2017,02:44 PM,60,11,1,1,1,2,4,22,1.0,227,22,,,IH,35.0,,IH0035,Y,N,2,FRI,,,,,,,,,,,,0,1,0,1,0,1,0,2017
15585389,N,02/10/2017,03:32 PM,55,11,1,1,20,2,4,21,1.0,227,22,,,SL,1.0,,SL0001,Y,N,2,FRI,,,,,,,,,,,,0,1,0,1,0,1,0,2017
15585517,N,02/11/2017,01:55 PM,55,11,1,1,20,2,4,20,1.0,227,22,,,IH,35.0,,IH0035,Y,N,2,SAT,,,,,,,,,,,,0,4,0,4,0,4,0,2017
15585529,N,02/11/2017,03:28 PM,45,11,1,1,5,2,1,10,1.0,227,22,30.26287751,-97.78959899,SL,1.0,16.68,SL0001,Y,N,2,SAT,10.0,16.0,60.0,7.0,12.0,153269.0,2018.0,1.2,,,,0,1,0,2,0,1,0,2017
15585531,N,02/11/2017,03:32 PM,-1,11,1,2,5,10,1,1,1.0,227,22,30.26085741,-97.75852177,SL,343.0,3.383,SL0343,Y,N,2,SAT,0.0,0.0,0.0,4.0,14.0,46479.0,2018.0,1.4,,,,0,1,0,1,0,1,0,2017
15585628,N,02/11/2017,05:04 PM,50,11,1,1,5,2,4,20,1.0,227,22,30.29226833,-97.66360683,US,183.0,323.084,US0183,Y,N,2,SAT,16.0,20.0,36.0,4.0,14.0,57843.0,2018.0,3.2,,,,0,2,0,3,0,2,0,2017
15585629,N,02/11/2017,04:53 PM,-1,11,1,1,20,2,1,10,1.0,227,22,30.20321274,-97.63948059,SH,71.0,130.719,SH0071,Y,N,2,SAT,0.0,0.0,180.0,6.0,14.0,53382.0,2018.0,8.3,,,,0,1,0,2,0,1,0,2017
15585707,N,02/13/2017,07:31 AM,50,11,2,1,5,2,2,22,1.0,227,22,,,FM,969.0,,FM0969,Y,N,2,MON,,,,,,,,,,,,0,2,0,0,0,2,0,2017
15587788,N,02/14/2017,07:00 AM,60,3,3,3,11,2,4,30,1.0,227,9999,30.22169552,-97.95635426,US,290.0,104.217,US0290,Y,Y,1,TUE,0.0,6.0,0.0,4.0,14.0,37680.0,2018.0,2.9,,,,1,0,0,3,0,1,0,2017
15588720,N,02/07/2017,11:24 PM,-1,11,6,1,20,7,2,1,2.0,227,22,30.21316622,-97.70695878,SH,71.0,126.184,SH0071,Y,N,4,TUE,4.0,5.0,44.0,6.0,12.0,70740.0,2018.0,4.0,1.0,284.0,2.0,0,0,0,0,0,0,1,2017
15588724,N,02/08/2017,05:00 PM,-1,11,1,1,1,2,3,23,1.0,227,22,30.23035978,-97.74319787,IH,35.0,231.203,IH0035,Y,N,2,WED,4.0,20.0,3.0,6.0,11.0,157370.0,2018.0,10.5,,,,0,1,0,2,0,1,0,2017
15588751,N,02/11/2017,03:38 PM,-1,11,1,1,20,2,4,21,1.0,227,22,30.28380922,-97.65583933,FM,969.0,2.919,FM0969,Y,N,2,SAT,0.0,0.0,0.0,4.0,14.0,32176.0,2018.0,6.2,1.0,160.0,13.0,0,1,0,4,0,1,0,2017
15588759,N,02/13/2017,09:58 AM,-1,12,1,1,20,2,4,20,1.0,227,22,30.24373738,-97.69030462,US,183.0,327.024,US0183,Y,N,2,MON,2.0,2.0,36.0,6.0,14.0,97049.0,2018.0,5.6,1.0,408.0,4.0,0,1,0,4,0,1,0,2017
15588760,N,02/13/2017,04:00 PM,50,12,1,1,5,2,1,10,1.0,227,22,30.24911888,-97.80530899,SL,1.0,18.059,SL0001,Y,N,2,MON,12.0,20.0,500.0,6.0,12.0,153269.0,2018.0,1.2,,,,0,1,1,1,0,2,0,2017
15588763,N,02/13/2017,04:22 PM,-1,12,1,1,15,1,2,1,1.0,227,22,30.321393199999996,-97.68908316,US,290.0,126.164,US0290,Y,N,2,MON,12.0,20.0,24.0,5.0,12.0,47490.0,2018.0,6.7,1.0,251.0,0.0,0,1,0,1,0,1,0,2017
15588787,N,02/14/2017,07:52 AM,55,2,1,2,20,2,4,22,1.0,227,22,30.19690079,-97.62300242,SH,130.0,37.11,SH0130,Y,N,2,TUE,12.0,20.0,135.0,4.0,12.0,43413.0,2018.0,17.5,1.0,292.0,1.0,0,3,0,1,0,3,0,2017
15590127,N,02/14/2017,08:28 PM,35,12,4,1,21,2,1,34,1.0,227,22,30.26085741,-97.75852177,SL,343.0,3.383,SL0343,Y,N,2,TUE,0.0,0.0,0.0,4.0,14.0,46479.0,2018.0,1.4,,,,0,1,0,2,0,1,0,2017
15590135,N,02/15/2017,01:23 AM,-1,11,4,1,1,10,4,1,5.0,227,22,,,IH,35.0,,IH0035,Y,N,2,WED,,,,,,,,,,,,0,1,0,0,0,1,0,2017
15591349,N,02/10/2017,11:49 PM,45,11,4,1,20,7,3,2,2.0,227,1378,30.23309412,-97.81735125,US,290.0,112.903,US0290,Y,Y,2,FRI,20.0,20.0,42.0,5.0,12.0,85803.0,2018.0,3.3,1.0,229.0,3.0,0,1,0,0,0,1,0,2017
15592452,N,02/10/2017,03:12 PM,50,11,1,1,11,2,3,14,1.0,227,9999,30.08946182,-97.711543,FM,1327.0,6.107,FM1327,Y,Y,2,FRI,0.0,10.0,0.0,2.0,17.0,6069.0,2018.0,8.9,,,,0,4,1,4,0,5,0,2017
15592528,N,02/09/2017,07:18 AM,60,11,1,1,20,2,4,20,1.0,227,22,30.43736488,-97.73599758,FM,734.0,7.601,FM0734,Y,N,2,THU,8.0,20.0,36.0,6.0,14.0,49788.0,2018.0,3.9,,,,0,1,0,2,0,1,0,2017
15593332,N,01/21/2017,02:30 PM,85,11,1,1,20,9,4,1,2.0,227,9999,30.24283015,-97.61241322,SH,130.0,33.812,SH0130,Y,Y,2,SAT,12.0,20.0,135.0,4.0,12.0,43413.0,2018.0,17.5,,,,0,1,0,0,0,1,0,2017
15593663,N,02/15/2017,12:00 PM,50,11,1,1,20,10,4,1,1.0,227,22,,,SH,183.0,,SH0183,Y,N,2,WED,,,,,,,,,,,,0,1,0,0,0,1,0,2017
15593782,N,02/09/2017,09:46 AM,55,11,1,1,20,2,4,22,1.0,227,22,30.30545702,-97.7581558,SL,1.0,12.975,SL0001,Y,N,2,THU,12.0,20.0,100.0,6.0,12.0,150574.0,2018.0,1.2,,,,0,2,0,1,0,2,0,2017
15593786,N,02/12/2017,12:45 AM,45,11,4,1,11,7,4,3,2.0,227,22,30.23660624,-97.83937590000001,US,290.0,111.537,US0290,Y,N,2,SUN,20.0,20.0,42.0,5.0,12.0,68372.0,2018.0,2.7,1.0,465.0,0.0,0,1,0,0,0,1,0,2017
15593791,N,02/14/2017,12:06 PM,45,12,1,2,5,2,1,10,1.0,227,22,30.29486117,-97.71963522,IH,35.0,235.992,IH0035,Y,N,2,TUE,8.0,20.0,24.0,8.0,11.0,202376.0,2018.0,9.3,,,,0,1,1,2,0,2,0,2017
15593796,N,02/15/2017,02:34 PM,55,11,1,1,8,2,3,10,1.0,227,22,30.22529746,-97.89059431,RM,1826.0,0.307,RM1826,Y,N,2,WED,1.0,1.0,0.0,2.0,16.0,15562.0,2018.0,4.5,,,,0,1,1,0,0,2,0,2017
15593799,N,02/15/2017,05:18 PM,45,11,1,1,11,1,3,3,1.0,227,22,30.33247747,-97.70433844,IH,35.0,238.775,IH0035,Y,N,2,WED,20.0,20.0,3.0,6.0,11.0,199837.0,2018.0,9.4,1.0,409.0,1.0,0,1,0,1,0,1,0,2017
15593860,N,02/15/2017,12:33 PM,45,11,1,1,5,2,2,22,1.0,227,22,30.23436869,-97.79657861,SL,360.0,13.748,SL0360,Y,N,2,WED,8.0,16.0,48.0,4.0,14.0,99537.0,2018.0,2.0,1.0,358.0,2.0,0,1,1,1,0,2,0,2017
15593918,N,02/16/2017,06:48 AM,65,11,2,1,20,2,4,21,1.0,227,22,30.23312991,-97.82607697,SL,1.0,19.78,SL0001,Y,N,2,THU,20.0,20.0,60.0,6.0,12.0,84322.0,2018.0,1.6,,,,0,1,0,1,0,1,0,2017
15593920,N,02/17/2017,01:30 AM,65,11,4,1,20,2,4,20,1.0,227,22,30.19031399,-97.77063161,IH,35.0,227.991,IH0035,Y,N,2,FRI,24.0,24.0,42.0,6.0,11.0,170988.0,2018.0,10.7,,,,0,1,0,1,0,1,0,2017
15593921,N,02/17/2017,02:48 AM,55,11,4,1,20,2,2,20,1.0,227,22,30.30259512,-97.66094753,US,183.0,322.356,US0183,Y,N,4,FRI,16.0,16.0,36.0,4.0,14.0,57843.0,2018.0,3.2,,,,0,1,0,0,0,1,1,2017
15593975,N,01/27/2017,11:48 PM,70,12,3,1,11,2,4,30,1.0,227,9999,30.18520083,-97.54718724,SH,71.0,136.688,SH0071,Y,Y,4,FRI,6.0,10.0,40.0,4.0,2.0,40580.0,2018.0,9.6,,,,1,4,0,1,0,5,1,2017
15594106,N,02/17/2017,11:00 AM,55,11,1,1,20,2,3,34,1.0,227,9999,30.15899639,-97.68202976,FM,812.0,0.742,FM0812,Y,Y,2,FRI,0.0,0.0,0.0,4.0,16.0,14493.0,2018.0,6.9,,,,0,3,0,0,0,3,0,2017
15594424,N,01/31/2017,11:03 PM,60,11,3,1,20,10,4,1,4.0,227,9999,30.21375882,-97.63886224,FM,973.0,28.474,FM0973,Y,Y,1,TUE,10.0,10.0,40.0,4.0,16.0,16700.0,2018.0,6.1,,,,1,0,0,0,0,1,0,2017
15594845,N,02/09/2017,08:05 PM,65,11,3,1,1,2,4,20,1.0,227,1016,30.35128462,-97.47644736,US,290.0,139.136,US0290,Y,N,1,THU,8.0,20.0,68.0,4.0,2.0,30629.0,2018.0,8.5,,,,1,1,0,0,0,2,0,2017
15596896,N,02/16/2017,08:50 PM,55,11,3,1,11,2,4,30,1.0,227,9999,30.39659658,-97.93216194,RM,620.0,7.392,RM0620,Y,Y,1,THU,8.0,8.0,0.0,4.0,14.0,37016.0,2018.0,3.4,1.0,303.0,4.0,1,1,0,0,0,2,0,2017
15597737,N,02/07/2017,05:43 PM,45,11,5,1,20,2,4,21,1.0,227,22,30.38095904,-97.6869114,SL,275.0,3.1830000000000003,SL0275,Y,N,2,TUE,0.0,2.0,0.0,4.0,14.0,30447.0,2018.0,1.8,,,,0,1,0,5,0,1,0,2017
15597740,N,02/10/2017,07:32 PM,65,11,1,1,20,7,4,1,4.0,227,22,30.4155131,-97.74621036,US,183.0,312.2,US0183,Y,N,2,FRI,20.0,20.0,36.0,6.0,12.0,137676.0,2018.0,2.0,1.0,323.0,3.0,0,1,0,0,0,1,0,2017
15597803,N,02/16/2017,08:13 PM,-1,11,1,1,5,2,1,10,1.0,227,22,30.32212067,-97.70681763,IH,35.0,238.044,IH0035,Y,N,2,THU,8.0,20.0,24.0,8.0,11.0,199837.0,2018.0,9.4,,,,0,4,0,2,0,4,0,2017
15597804,N,02/16/2017,06:35 PM,-1,11,3,1,1,2,3,38,1.0,227,22,30.390923100000002,-97.68223591,SL,275.0,2.442,SL0275,Y,N,1,THU,0.0,0.0,0.0,4.0,14.0,28204.0,2018.0,1.4,,,,1,0,0,1,0,1,0,2017
15597809,N,02/16/2017,01:19 PM,30,11,1,1,9,2,2,22,1.0,227,22,30.23442183,-97.79592432,SL,343.0,0.389,SL0343,Y,N,2,THU,6.0,16.0,10.0,2.0,14.0,36688.0,2018.0,1.5,,,,0,1,0,1,0,1,0,2017
15597829,N,02/17/2017,04:53 PM,45,11,1,1,5,2,1,34,1.0,227,22,30.16417946,-97.83003202,FM,2304.0,2.829,FM2304,Y,N,2,FRI,13.0,14.0,0.0,2.0,16.0,31291.0,2018.0,3.6,1.0,120.0,4.0,0,2,0,0,0,2,0,2017