Crash_ID,Cmv_Involv_Fl,Crash_Date,Crash_Time,Crash_Speed_Limit,Wthr_Cond_ID,Light_Cond_ID,Surf_Cond_ID,Traffic_Cntl_ID,Harm_Evnt_ID,Intrsct_Relat_ID,FHE_Collsn_ID,Road_Relat_ID,Cnty_ID,City_ID,Latitude,Longitude,Hwy_Sys,Hwy_Nbr,Dfo,Street_Name,Onsys_Fl,Rural_Fl,Crash_Sev_ID,Day_of_Week,Shldr_Width_Left,Shldr_Width_Right,Median_Width,Nbr_Of_Lane,Func_Sys_ID,Adt_Curnt_Amt,Adt_Curnt_Year,Trk_Aadt_Pct,Curve_Type_ID,Curve_Lngth,Cd_Degr,Sus_Serious_Injry_Cnt,Nonincap_Injry_Cnt,Poss_Injry_Cnt,Non_Injry_Cnt,Unkn_Injry_Cnt,Tot_Injry_Cnt,Death_Cnt,Year
15731468,N,04/29/2017,02:48 AM,50,12,4,1,20,7,4,1,4.0,227,22,30.31731109,-97.7074382,IH,35.0,237.711,IH0035,Y,N,2,SAT,8.0,20.0,24.0,8.0,11.0,193850.0,2018.0,9.5,1.0,60.0,0.0,0,2,0,0,0,2,0,2017
15731478,N,04/29/2017,12:44 PM,-1,12,1,1,11,2,2,20,1.0,227,22,30.16663162,-97.7863632,IH,35.0,226.11,IH0035,Y,N,2,SAT,6.0,20.0,30.0,6.0,11.0,128785.0,2018.0,12.2,1.0,586.0,0.0,0,1,0,8,0,1,0,2017
15731520,N,04/29/2017,03:14 PM,-1,12,1,1,11,2,4,20,1.0,227,22,30.27886347,-97.6671485,US,183.0,324.029,US0183,Y,N,2,SAT,18.0,16.0,36.0,4.0,14.0,67460.0,2018.0,6.6,,,,0,1,0,1,0,1,0,2017
15731530,N,04/29/2017,05:20 PM,-1,12,1,1,20,2,2,22,1.0,227,22,30.1984147,-97.76412733,IH,35.0,228.67,IH0035,Y,N,2,SAT,24.0,24.0,42.0,6.0,11.0,148474.0,2018.0,11.3,,,,0,1,0,1,0,1,0,2017
15731607,Y,04/30/2017,01:47 PM,45,11,1,1,5,2,1,10,1.0,227,22,30.21292857,-97.65874767,SH,71.0,129.388,SH0071,Y,N,2,SUN,10.0,8.0,2.0,4.0,12.0,66025.0,2018.0,4.1,,,,0,1,0,1,0,1,0,2017
15731616,N,05/01/2017,03:25 AM,60,12,4,1,11,2,4,21,1.0,227,22,30.21053404,-97.65386009,SH,71.0,129.72299999999998,SH0071,Y,N,2,MON,4.0,2.0,2.0,5.0,14.0,66025.0,2018.0,4.1,1.0,22.0,1.0,0,1,0,1,0,1,0,2017
15732136,N,04/29/2017,01:55 PM,40,11,1,1,20,2,4,23,1.0,227,330,30.44277713,-97.62704076,FM,1825.0,3.023,FM1825,Y,N,2,SAT,9.0,9.0,0.0,2.0,16.0,20268.0,2018.0,4.4,,,,0,1,1,0,0,2,0,2017
15734972,N,05/01/2017,12:23 PM,35,11,1,1,20,2,1,34,1.0,227,22,30.23390611,-97.86486867,US,290.0,109.987,US0290,Y,N,2,MON,6.0,4.0,15.0,4.0,14.0,72290.0,2018.0,2.7,1.0,42.0,4.0,0,1,0,0,1,1,0,2017
15734987,N,05/01/2017,09:03 PM,55,11,4,1,5,2,1,34,1.0,227,22,30.36851609,-97.61306339,FM,734.0,16.673,FM0734,Y,N,2,MON,4.0,4.0,66.0,4.0,14.0,22111.0,2018.0,4.8,,,,0,4,0,0,0,4,0,2017
15734988,N,05/01/2017,09:00 PM,45,11,3,1,11,2,3,10,1.0,227,22,30.285391100000002,-97.66370649,FM,969.0,2.436,FM0969,Y,N,2,MON,0.0,0.0,0.0,4.0,14.0,32176.0,2018.0,6.2,,,,0,2,0,2,0,2,0,2017
15734992,N,05/01/2017,02:15 PM,55,11,1,1,1,2,2,13,1.0,227,22,30.39193961,-97.83126836,RM,2222.0,1.715,RM2222,Y,N,2,MON,8.0,8.0,0.0,4.0,14.0,42777.0,2018.0,3.2,1.0,158.0,4.0,0,2,0,1,0,2,0,2017
15734993,Y,05/02/2017,06:18 AM,55,11,1,1,5,2,1,20,1.0,227,9999,30.16733584,-97.65936787,FM,973.0,32.167,FM0973,Y,Y,2,TUE,5.0,5.0,0.0,2.0,16.0,12543.0,2018.0,6.7,,,,0,2,0,1,0,2,0,2017
15735141,N,05/02/2017,01:55 PM,55,11,1,1,5,2,4,20,1.0,227,538,30.31671363,-97.94978556,RM,620.0,0.633,RM0620,Y,Y,2,TUE,8.0,8.0,0.0,4.0,14.0,26975.0,2018.0,3.8,,,,0,1,0,1,1,1,0,2017
15735213,N,05/02/2017,08:51 AM,-1,11,1,1,1,7,3,1,5.0,227,22,,,,,,N PARKFIELD DR,Y,N,2,TUE,,,,,,,,,,,,0,1,0,0,0,1,0,2017
15735214,Y,05/02/2017,09:40 AM,35,11,1,1,5,2,1,34,1.0,227,22,30.22658669,-97.76939453,US,290.0,115.904,US0290,Y,N,2,TUE,20.0,20.0,42.0,6.0,12.0,140123.0,2018.0,2.6,1.0,328.0,2.0,0,3,3,0,0,6,0,2017
15735767,N,04/23/2017,09:28 AM,45,11,1,1,11,7,4,1,2.0,227,895,30.48953579,-97.92647983,RM,1431.0,50.237,RM1431,Y,Y,2,SUN,2.0,2.0,0.0,4.0,6.0,19578.0,2018.0,3.9,,,,0,1,0,0,0,1,0,2017
15735798,N,04/30/2017,03:25 PM,80,11,1,1,20,10,4,1,4.0,227,330,30.49086299,-97.58381333,SH,130.0,15.137,SH0130,Y,N,4,SUN,8.0,20.0,135.0,4.0,12.0,38706.0,2018.0,17.5,,,,1,0,0,0,0,1,1,2017
15735949,N,05/01/2017,04:52 PM,55,11,1,1,20,2,4,22,1.0,227,330,30.46491349,-97.59473546,FM,685.0,5.666,FM0685,Y,N,2,MON,1.0,1.0,14.0,4.0,16.0,29334.0,2018.0,4.3,,,,0,1,0,4,0,1,0,2017
15736196,N,05/02/2017,06:08 PM,80,11,1,1,20,7,4,1,4.0,227,372,30.48719253,-97.62396637,SH,45.0,13.705,SH0045,Y,N,2,TUE,14.0,16.0,100.0,6.0,12.0,37708.0,2018.0,9.9,1.0,1347.0,0.0,0,2,0,2,0,2,0,2017
15736723,N,05/02/2017,05:04 PM,65,11,1,1,11,2,1,24,1.0,227,9999,30.39780239,-97.52007737,FM,973.0,12.704,FM0973,Y,Y,2,TUE,10.0,10.0,0.0,2.0,6.0,15148.0,2018.0,5.5,,,,0,1,2,0,0,3,0,2017
15739027,N,05/02/2017,09:50 AM,60,11,1,1,11,2,2,20,1.0,227,9999,30.39543834,-97.91385077,RM,620.0,8.522,RM0620,Y,Y,2,TUE,8.0,8.0,0.0,4.0,14.0,31078.0,2018.0,3.6,1.0,219.0,2.0,0,1,0,2,0,1,0,2017
15740059,N,05/04/2017,08:33 AM,-1,11,1,1,20,5,3,3,1.0,227,22,30.32955919,-97.67980809,US,183.0,320.036,US0183,Y,N,2,THU,12.0,20.0,70.0,4.0,12.0,65226.0,2018.0,6.6,1.0,308.0,0.0,0,1,0,1,0,1,0,2017
15740132,N,04/22/2017,09:33 PM,70,11,4,1,1,2,4,22,1.0,227,22,30.345590100000003,-97.69606062,IH,35.0,239.803,IH0035,Y,N,2,SAT,20.0,20.0,3.0,6.0,11.0,145168.0,2018.0,11.9,,,,0,2,0,5,0,2,0,2017
15740136,N,04/24/2017,03:21 AM,55,11,3,1,20,7,2,1,2.0,227,22,30.21642876,-97.75132751,IH,35.0,230.129,IH0035,Y,N,2,MON,4.0,20.0,3.0,6.0,11.0,157370.0,2018.0,10.5,,,,0,1,0,0,0,1,0,2017
15740141,N,04/26/2017,09:12 PM,-1,11,3,1,5,2,1,34,1.0,227,22,30.18286075,-97.68758604,US,183.0,331.336,US0183,Y,N,2,WED,12.0,20.0,36.0,4.0,14.0,34458.0,2018.0,6.7,,,,0,1,3,0,0,4,0,2017
15740312,N,05/02/2017,08:51 PM,55,11,4,1,21,2,1,10,1.0,227,22,30.35929871,-97.79117584,RM,2222.0,5.159,RM2222,Y,N,2,TUE,4.0,10.0,15.0,4.0,14.0,51893.0,2018.0,3.1,1.0,136.0,7.0,0,1,0,1,0,1,0,2017
15740360,N,05/03/2017,07:32 AM,45,12,1,1,20,2,2,22,1.0,227,22,30.20454321,-97.63906507,FM,973.0,29.122,FM0973,Y,N,2,WED,10.0,10.0,10.0,4.0,16.0,16700.0,2018.0,6.1,,,,0,1,0,1,1,1,0,2017
15740409,N,05/03/2017,10:47 AM,55,12,1,1,1,1,1,1,1.0,227,22,30.39223722,-97.83943186,RM,2222.0,1.227,RM2222,Y,N,1,WED,0.0,0.0,0.0,4.0,14.0,42777.0,2018.0,3.2,1.0,59.0,6.0,1,0,0,1,0,1,0,2017
15740414,N,05/03/2017,07:00 PM,-1,11,1,1,20,7,4,1,2.0,227,22,30.21926956,-97.83726242,SL,1.0,20.948,SL0001,Y,N,1,WED,20.0,20.0,3.0,6.0,12.0,84322.0,2018.0,1.6,,,,1,0,0,0,0,1,0,2017
15740430,N,05/04/2017,12:14 PM,-1,11,1,1,5,2,1,10,1.0,227,22,30.23326111,-97.79729462,US,290.0,114.138,US0290,Y,N,1,THU,20.0,20.0,10.0,7.0,12.0,127013.0,2018.0,2.7,1.0,119.0,1.0,1,0,0,1,0,1,0,2017
15740436,N,05/04/2017,05:40 PM,55,11,1,1,5,2,2,20,1.0,227,22,30.25215686,-97.80767628,SL,360.0,12.35,SL0360,Y,N,2,THU,8.0,20.0,60.0,4.0,14.0,55818.0,2018.0,2.6,,,,0,2,0,1,1,2,0,2017
15740702,N,05/05/2017,07:50 AM,55,11,1,1,5,2,1,13,1.0,227,9999,30.26674904,-97.62540887,FM,969.0,5.154,FM0969,Y,Y,2,FRI,0.0,0.0,0.0,4.0,14.0,22033.0,2018.0,6.4,,,,0,2,0,1,0,2,0,2017
15741004,N,05/05/2017,01:01 AM,35,11,4,1,5,2,1,10,1.0,227,22,30.26670353,-97.73431686,IH,35.0,233.856,IH0035,Y,N,1,FRI,20.0,40.0,3.0,8.0,11.0,177389.0,2018.0,9.9,,,,1,1,0,2,0,2,0,2017
15744740,N,04/30/2017,12:27 PM,60,11,1,1,17,5,4,1,1.0,227,9999,30.25527531,-97.60864188,FM,969.0,6.455,FM0969,Y,Y,2,SUN,0.0,0.0,0.0,2.0,14.0,22309.0,2018.0,6.4,1.0,107.0,2.0,0,1,0,1,0,1,0,2017
15745283,N,04/27/2017,09:32 AM,65,11,1,1,20,2,4,20,1.0,227,22,30.38566942,-97.74315579,US,183.0,314.298,US0183,Y,N,2,THU,20.0,20.0,36.0,6.0,12.0,146786.0,2018.0,1.9,,,,0,1,1,0,0,2,0,2017
15745348,N,05/01/2017,04:07 PM,65,11,1,1,20,2,4,20,1.0,227,22,30.19455579,-97.76723732,IH,35.0,228.346,IH0035,Y,N,2,MON,24.0,24.0,42.0,6.0,11.0,170988.0,2018.0,10.7,1.0,208.0,0.0,0,1,0,4,0,1,0,2017
15745399,N,05/05/2017,06:30 AM,50,11,3,1,20,2,3,14,1.0,227,22,30.38276941,-97.68588632,SL,275.0,3.044,SL0275,Y,N,2,FRI,0.0,2.0,0.0,4.0,14.0,28204.0,2018.0,1.4,1.0,244.0,0.0,0,1,1,0,0,2,0,2017
15745402,N,05/05/2017,12:35 PM,65,11,1,1,20,7,4,1,4.0,227,22,30.22033995,-97.83641875,SL,1.0,20.858,SL0001,Y,N,2,FRI,20.0,20.0,3.0,6.0,12.0,84322.0,2018.0,1.6,,,,0,1,0,0,0,1,0,2017
15745405,N,05/05/2017,02:35 PM,45,11,1,1,11,2,4,22,1.0,227,22,30.2094779,-97.75554152,IH,35.0,229.58900000000003,IH0035,Y,N,2,FRI,4.0,20.0,3.0,6.0,11.0,148474.0,2018.0,11.3,,,,0,1,0,1,0,1,0,2017
15745423,N,05/05/2017,05:58 PM,45,11,1,1,5,2,1,34,1.0,227,22,30.26085741,-97.75852177,SL,343.0,3.383,SL0343,Y,N,2,FRI,0.0,0.0,0.0,4.0,14.0,46479.0,2018.0,1.4,,,,0,1,0,2,0,1,0,2017
15745509,N,05/06/2017,02:31 PM,30,11,1,1,11,2,3,23,1.0,227,22,30.32125154,-97.70973764,SS,69.0,1.125,SS0069,Y,N,2,SAT,4.0,10.0,22.0,3.0,12.0,19307.0,2018.0,2.3,,,,0,1,0,1,0,1,0,2017
15745515,N,05/06/2017,04:19 PM,45,11,1,1,8,2,1,10,1.0,227,22,30.26857752,-97.77734089,SL,1.0,15.845999999999998,SL0001,Y,N,2,SAT,8.0,12.0,36.0,8.0,12.0,139370.0,2018.0,1.2,,,,0,1,0,4,0,1,0,2017
15745524,N,05/07/2017,08:04 AM,35,11,1,1,5,2,1,10,1.0,227,22,30.27468087,-97.73146403,IH,35.0,234.431,IH0035,Y,N,2,SUN,20.0,40.0,3.0,8.0,11.0,177389.0,2018.0,9.9,,,,0,1,0,0,1,1,0,2017
15745525,N,05/07/2017,09:37 AM,-1,11,1,1,20,2,4,22,1.0,227,22,30.27052275,-97.73287021,IH,35.0,234.133,IH0035,Y,N,2,SUN,20.0,40.0,3.0,8.0,11.0,177389.0,2018.0,9.9,,,,0,2,1,4,0,3,0,2017
15745535,N,05/07/2017,12:32 PM,35,11,1,1,1,2,1,14,1.0,227,22,30.32140479,-97.69587843,US,290.0,125.758,US0290,Y,N,2,SUN,12.0,20.0,24.0,5.0,12.0,55306.0,2018.0,6.3,1.0,1034.0,0.0,0,1,0,5,0,1,0,2017
15745548,N,05/07/2017,05:01 PM,55,11,1,1,1,7,4,1,4.0,227,22,30.25563679,-97.81041829,SL,360.0,12.06,SL0360,Y,N,1,SUN,8.0,20.0,60.0,4.0,14.0,55818.0,2018.0,2.6,,,,2,0,0,0,0,2,0,2017
15745551,N,05/07/2017,07:23 PM,60,11,1,1,20,2,4,20,1.0,227,22,30.23041725,-97.74316369,IH,35.0,231.208,IH0035,Y,N,2,SUN,4.0,20.0,3.0,6.0,11.0,157370.0,2018.0,10.5,,,,0,1,0,4,0,1,0,2017
15747623,N,05/08/2017,07:58 AM,55,11,1,1,5,2,1,10,1.0,227,22,30.3346541,-97.60761567,US,290.0,131.145,US0290,Y,N,2,MON,20.0,20.0,3.0,6.0,12.0,34434.0,2018.0,8.4,,,,0,1,1,0,0,2,0,2017
15749264,N,05/04/2017,03:33 PM,60,11,1,1,20,10,3,1,1.0,227,9999,30.40001284,-97.85593958,RM,620.0,12.555,RM0620,Y,Y,4,THU,8.0,8.0,0.0,4.0,14.0,46442.0,2018.0,3.2,,,,0,0,0,1,0,0,1,2017
15749704,N,05/09/2017,05:09 PM,55,11,1,2,5,2,1,34,1.0,227,9999,30.28621592,-97.63121472,FM,3177.0,3.94,FM3177,Y,Y,2,TUE,1.0,1.0,0.0,4.0,17.0,11798.0,2018.0,6.1,,,,0,1,1,0,0,2,0,2017
15750306,N,04/10/2017,03:20 AM,-1,12,4,1,20,7,4,1,4.0,227,22,,,US,290.0,,US0290,Y,N,2,MON,,,,,,,,,,,,0,1,0,0,0,1,0,2017
15750314,N,04/21/2017,11:17 PM,50,11,4,1,20,7,4,1,2.0,227,22,30.22503813,-97.74631811,IH,35.0,230.793,IH0035,Y,N,2,FRI,4.0,20.0,3.0,6.0,11.0,157370.0,2018.0,10.5,,,,0,1,0,0,0,1,0,2017
15750327,N,04/30/2017,05:59 PM,55,11,1,1,11,2,1,34,1.0,227,9999,30.26362032,-97.81670652,SL,360.0,11.395,SL0360,Y,Y,2,SUN,8.0,20.0,60.0,4.0,14.0,55818.0,2018.0,2.6,,,,0,1,0,2,0,1,0,2017
15750349,N,05/06/2017,12:24 AM,55,11,3,1,8,7,4,1,2.0,227,9999,30.327828600000004,-97.60476276,FM,3177.0,0.672,FM3177,Y,Y,2,SAT,1.0,1.0,0.0,4.0,17.0,11798.0,2018.0,6.1,,,,0,1,0,0,0,1,0,2017
15750510,Y,05/03/2017,01:59 PM,60,12,1,1,20,2,4,21,1.0,227,22,30.30251987,-97.71484967,IH,35.0,236.592,IH0035,Y,N,2,WED,8.0,20.0,24.0,8.0,11.0,196302.0,2018.0,9.5,,,,0,1,0,1,0,1,0,2017
15750520,N,05/05/2017,01:11 PM,50,11,1,1,1,2,4,20,1.0,227,22,30.32921923,-97.67911916,US,183.0,320.083,US0183,Y,N,2,FRI,16.0,20.0,70.0,4.0,12.0,65226.0,2018.0,6.6,1.0,308.0,0.0,0,1,0,1,0,1,0,2017
15750590,N,05/07/2017,01:09 AM,35,11,3,1,5,2,3,34,1.0,227,22,30.26132851,-97.73706339,SL,343.0,5.006,SL0343,Y,N,2,SUN,10.0,10.0,0.0,4.0,14.0,30614.0,2018.0,1.8,,,,0,1,0,1,0,1,0,2017
15750593,N,05/08/2017,03:27 PM,-1,12,1,1,20,7,4,1,4.0,227,22,30.1667531,-97.78628703,IH,35.0,226.12,IH0035,Y,N,2,MON,6.0,20.0,30.0,6.0,11.0,128785.0,2018.0,12.2,1.0,586.0,0.0,0,1,0,0,0,1,0,2017
15750599,N,05/08/2017,06:12 PM,65,12,1,1,20,2,4,20,1.0,227,22,30.34019597,-97.69947544,IH,35.0,239.38,IH0035,Y,N,2,MON,20.0,20.0,3.0,6.0,11.0,145168.0,2018.0,11.9,,,,0,1,2,4,0,3,0,2017
15750604,N,05/08/2017,07:49 PM,45,12,1,1,21,2,1,10,1.0,227,22,30.28584893,-97.68262308,FM,969.0,1.295,FM0969,Y,N,2,MON,0.0,0.0,0.0,4.0,14.0,17992.0,2018.0,6.6,,,,0,1,1,3,0,2,0,2017
15750606,N,05/08/2017,05:29 PM,-1,12,1,1,20,2,4,22,1.0,227,22,30.24842436,-97.73543785,IH,35.0,232.565,IH0035,Y,N,2,MON,4.0,10.0,3.0,6.0,11.0,142856.0,2018.0,11.0,1.0,238.0,3.0,0,1,0,4,0,1,0,2017
15750607,Y,05/08/2017,08:11 PM,-1,12,4,1,20,2,4,21,1.0,227,22,,,IH,35.0,,IH0035,Y,N,2,MON,,,,,,,,,,,,0,2,1,1,0,3,0,2017
15750736,Y,05/09/2017,10:23 AM,55,2,1,2,5,2,2,22,1.0,227,22,30.40377242,-97.85397187,RM,620.0,12.839,RM0620,Y,N,2,TUE,8.0,8.0,0.0,4.0,14.0,50802.0,2018.0,3.1,1.0,57.0,2.0,0,1,1,1,0,2,0,2017
15750742,N,05/09/2017,11:27 AM,50,12,1,2,20,2,4,21,1.0,227,22,30.23543331,-97.82436542,US,290.0,112.445,US0290,Y,N,2,TUE,20.0,20.0,42.0,5.0,12.0,77933.0,2018.0,3.6,1.0,361.0,1.0,0,1,0,1,0,1,0,2017
15750748,N,05/09/2017,01:50 PM,45,2,1,2,20,7,4,1,2.0,227,22,30.34942502,-97.78542773,RM,2222.0,6.256,RM2222,Y,N,2,TUE,0.0,0.0,0.0,4.0,14.0,27402.0,2018.0,3.8,,,,0,1,0,0,0,1,0,2017
15750752,N,05/09/2017,10:45 AM,45,12,1,2,20,7,3,1,2.0,227,9999,30.14976914,-97.83319129,FM,2304.0,3.884,FM2304,Y,Y,2,TUE,4.0,4.0,0.0,2.0,16.0,18987.0,2018.0,4.5,,,,0,1,0,0,0,1,0,2017
15750757,N,05/09/2017,03:50 PM,-1,2,1,2,20,2,3,34,1.0,227,22,30.39176804,-97.7215988,FM,1325.0,6.839,FM1325,Y,N,2,TUE,0.0,0.0,0.0,4.0,14.0,43120.0,2018.0,1.5,,,,0,1,0,1,0,1,0,2017
15752118,Y,05/02/2017,10:00 PM,55,11,3,1,1,2,2,20,1.0,227,1088,30.09337412,-97.69454174,FM,1327.0,7.158,FM1327,Y,Y,2,TUE,0.0,10.0,0.0,2.0,17.0,6069.0,2018.0,8.9,,,,0,1,0,1,0,1,0,2017
15752138,N,05/06/2017,03:21 AM,50,11,4,1,5,7,2,1,2.0,227,538,30.3050499,-97.93601227,SH,71.0,109.268,SH0071,Y,Y,2,SAT,8.0,8.0,0.0,4.0,14.0,50310.0,2018.0,3.1,,,,0,3,0,0,0,3,0,2017
15752161,N,05/10/2017,05:30 PM,55,11,1,1,20,2,4,34,1.0,227,9999,30.3920625,-97.93664606,RM,620.0,6.979,RM0620,Y,Y,1,WED,8.0,8.0,0.0,4.0,14.0,37016.0,2018.0,3.4,1.0,273.0,1.0,1,0,0,1,0,1,0,2017
15752201,N,05/09/2017,02:11 PM,55,2,1,2,8,2,4,20,1.0,227,22,30.36565205,-97.68337275,IH,35.0,241.377,IH0035,Y,N,2,TUE,8.0,20.0,3.0,6.0,11.0,138459.0,2018.0,12.2,,,,0,1,1,0,0,2,0,2017
15752284,N,05/10/2017,06:22 PM,45,11,1,1,20,2,2,22,1.0,227,22,30.32556534,-97.67331696,US,183.0,320.512,US0183,Y,N,2,WED,16.0,20.0,70.0,4.0,12.0,55986.0,2018.0,7.2,,,,0,1,1,1,0,2,0,2017
15752298,N,05/11/2017,09:07 AM,65,12,1,1,20,1,4,1,1.0,227,22,30.21964806,-97.75749869,US,290.0,116.762,US0290,Y,N,1,THU,20.0,20.0,20.0,6.0,12.0,140123.0,2018.0,2.6,,,,1,0,0,1,0,1,0,2017
15754288,N,05/09/2017,10:41 AM,60,12,1,2,8,2,1,10,1.0,227,9999,30.30825416,-97.9048157,RM,2244.0,1.995,RM2244,Y,Y,1,TUE,5.0,10.0,0.0,4.0,14.0,19573.0,2018.0,4.4,1.0,241.0,4.0,2,0,0,1,0,2,0,2017
15756095,N,05/06/2017,06:27 PM,55,11,1,1,11,8,4,1,1.0,227,256,30.51983999,-97.89878294,RM,1431.0,53.229,RM1431,Y,N,2,SAT,2.0,2.0,0.0,4.0,6.0,21401.0,2018.0,3.8,1.0,118.0,0.0,0,1,0,0,0,1,0,2017
15758092,N,05/08/2017,08:30 PM,65,11,4,1,1,2,2,22,1.0,227,1016,30.34928237,-97.53883581,US,290.0,135.414,US0290,Y,N,2,MON,12.0,20.0,68.0,4.0,14.0,51848.0,2018.0,6.4,,,,0,1,0,1,0,1,0,2017
15758102,N,05/07/2017,01:24 AM,65,11,3,1,20,2,4,21,1.0,227,1016,30.35120647,-97.47967038,US,290.0,138.944,US0290,Y,N,2,SUN,8.0,20.0,68.0,4.0,2.0,30629.0,2018.0,8.5,,,,0,8,0,0,3,8,0,2017
15758440,N,05/08/2017,12:25 PM,35,12,1,1,9,2,2,22,1.0,227,22,30.30780271,-97.711444,IH,35.0,237.008,IH0035,Y,N,2,MON,8.0,20.0,24.0,8.0,11.0,196302.0,2018.0,9.5,,,,0,1,0,1,1,1,0,2017
15758527,N,05/12/2017,05:38 PM,45,12,1,1,20,2,2,14,1.0,227,22,30.17600931,-97.82262416,FM,2304.0,1.885,FM2304,Y,N,2,FRI,13.0,14.0,0.0,4.0,14.0,34274.0,2018.0,3.5,,,,0,3,0,0,0,3,0,2017
15758547,N,05/13/2017,08:07 PM,-1,11,1,1,8,2,1,10,1.0,227,22,30.26892976,-97.66975939,US,183.0,324.7290000000001,US0183,Y,N,2,SAT,18.0,16.0,36.0,4.0,14.0,67460.0,2018.0,6.6,,,,0,2,0,1,0,2,0,2017
15758549,N,05/14/2017,04:58 PM,55,11,1,1,5,2,1,10,1.0,227,22,30.32521309,-97.67433688,US,290.0,127.09,US0290,Y,N,2,SUN,12.0,20.0,36.0,4.0,12.0,47490.0,2018.0,6.7,,,,0,1,0,2,0,1,0,2017
15760011,N,05/10/2017,04:26 PM,55,11,1,1,5,2,1,14,1.0,227,9999,30.28620933,-97.63121896,FM,3177.0,3.941,FM3177,Y,Y,1,WED,1.0,1.0,0.0,4.0,17.0,11798.0,2018.0,6.1,,,,1,0,0,1,0,1,0,2017
15760595,Y,05/15/2017,03:08 PM,55,11,1,1,5,2,1,10,1.0,227,9999,30.39298085,-97.93546802,RM,620.0,7.074,RM0620,Y,Y,2,MON,8.0,8.0,0.0,4.0,14.0,37016.0,2018.0,3.4,1.0,273.0,1.0,0,2,0,42,0,2,0,2017
15761032,N,04/25/2017,04:19 PM,65,11,1,1,20,7,4,1,2.0,227,22,30.3795257,-97.73791846,US,183.0,314.835,US0183,Y,N,4,TUE,20.0,20.0,36.0,6.0,12.0,146786.0,2018.0,1.9,,,,0,0,0,0,0,0,1,2017
15761042,N,05/04/2017,03:42 AM,65,11,4,1,20,2,4,21,1.0,227,22,30.23611614,-97.73979202,IH,35.0,231.649,IH0035,Y,N,2,THU,4.0,20.0,3.0,6.0,11.0,150700.0,2018.0,10.7,,,,0,1,0,0,1,1,0,2017
15761221,N,05/13/2017,05:48 PM,-1,11,1,1,5,2,4,20,1.0,227,1088,30.093498200000003,-97.69383032,US,183.0,337.552,US0183,Y,Y,2,SAT,8.0,8.0,0.0,4.0,14.0,19968.0,2018.0,9.0,,,,0,1,0,1,0,1,0,2017
15761262,N,05/07/2017,04:50 AM,45,11,4,1,1,2,4,30,1.0,227,22,30.37576026,-97.68983229,SL,275.0,3.58,SL0275,Y,N,2,SUN,0.0,2.0,0.0,4.0,14.0,29928.0,2018.0,1.4,,,,0,2,0,0,1,2,0,2017
15761268,N,05/09/2017,03:29 PM,55,2,1,2,20,2,4,21,1.0,227,22,30.32505575,-97.67479214,US,290.0,127.06,US0290,Y,N,2,TUE,12.0,20.0,36.0,4.0,12.0,47490.0,2018.0,6.7,,,,0,2,0,3,0,2,0,2017
15761272,Y,05/10/2017,04:07 PM,-1,11,1,1,11,2,4,21,1.0,227,22,30.25151088,-97.73608937,IH,35.0,232.781,IH0035,Y,N,2,WED,4.0,10.0,3.0,6.0,11.0,142856.0,2018.0,11.0,,,,0,1,0,3,0,1,0,2017
15761321,N,05/11/2017,04:13 PM,35,2,1,2,20,7,4,1,2.0,227,22,,,,,,SH0001,Y,N,2,THU,,,,,,,,,,,,0,1,0,0,0,1,0,2017
15761436,N,05/12/2017,09:00 AM,55,11,1,1,5,2,2,22,1.0,227,22,30.23390611,-97.86486867,US,290.0,109.987,US0290,Y,N,2,FRI,6.0,4.0,15.0,4.0,14.0,72290.0,2018.0,2.7,1.0,42.0,4.0,0,1,1,1,0,2,0,2017
15761437,N,05/12/2017,08:36 AM,50,11,1,1,20,2,3,20,1.0,227,22,30.31866845,-97.70725807,IH,35.0,237.805,IH0035,Y,N,2,FRI,8.0,20.0,24.0,8.0,11.0,193850.0,2018.0,9.5,1.0,274.0,0.0,0,2,0,0,0,2,0,2017
15761455,N,05/12/2017,03:40 PM,55,11,1,1,5,2,1,34,1.0,227,22,30.21529646,-97.73525205,SH,71.0,124.471,SH0071,Y,N,1,FRI,20.0,20.0,44.0,8.0,12.0,122565.0,2018.0,3.2,,,,2,2,0,0,0,4,0,2017
15761481,N,05/12/2017,11:26 PM,45,11,3,1,5,2,1,34,1.0,227,22,30.2370781,-97.82313813,SL,1.0,19.454,SL0001,Y,N,2,FRI,12.0,20.0,60.0,6.0,12.0,83195.0,2018.0,1.6,1.0,240.0,3.0,0,1,0,1,0,1,0,2017
15761495,N,05/13/2017,05:30 PM,45,11,1,1,20,2,4,20,1.0,227,22,30.16705628,-97.78608004,IH,35.0,226.144,IH0035,Y,N,2,SAT,6.0,20.0,30.0,6.0,11.0,128785.0,2018.0,12.2,1.0,586.0,0.0,0,3,0,0,0,3,0,2017
15761507,N,05/14/2017,05:00 AM,70,11,4,1,20,7,4,1,2.0,227,22,30.393882399999995,-97.67159709,IH,35.0,243.469,IH0035,Y,N,1,SUN,8.0,20.0,3.0,6.0,11.0,159315.0,2018.0,11.5,,,,1,0,0,0,0,1,0,2017
15761856,N,05/14/2017,11:38 AM,35,11,1,1,21,5,1,3,1.0,227,22,30.26339563,-97.74449683,SL,343.0,4.54,SL0343,Y,N,2,SUN,10.0,10.0,0.0,4.0,14.0,27900.0,2018.0,1.9,,,,0,1,0,1,0,1,0,2017
15761861,N,05/14/2017,02:47 PM,60,11,1,1,20,2,4,20,1.0,227,22,30.24106055,-97.7368417,IH,35.0,232.031,IH0035,Y,N,2,SUN,4.0,16.0,40.0,6.0,11.0,150700.0,2018.0,10.7,,,,0,2,0,4,0,2,0,2017