Crash_ID,Cmv_Involv_Fl,Crash_Date,Crash_Time,Crash_Speed_Limit,Wthr_Cond_ID,Light_Cond_ID,Surf_Cond_ID,Traffic_Cntl_ID,Harm_Evnt_ID,Intrsct_Relat_ID,FHE_Collsn_ID,Road_Relat_ID,Cnty_ID,City_ID,Latitude,Longitude,Hwy_Sys,Hwy_Nbr,Dfo,Street_Name,Onsys_Fl,Rural_Fl,Crash_Sev_ID,Day_of_Week,Shldr_Width_Left,Shldr_Width_Right,Median_Width,Nbr_Of_Lane,Func_Sys_ID,Adt_Curnt_Amt,Adt_Curnt_Year,Trk_Aadt_Pct,Curve_Type_ID,Curve_Lngth,Cd_Degr,Sus_Serious_Injry_Cnt,Nonincap_Injry_Cnt,Poss_Injry_Cnt,Non_Injry_Cnt,Unkn_Injry_Cnt,Tot_Injry_Cnt,Death_Cnt,Year
15902218,N,08/07/2017,06:18 AM,60,2,4,2,20,7,4,1,2.0,227,22,30.28792994,-97.72408449,IH,35.0,235.447,IH0035,Y,N,2,MON,8.0,20.0,24.0,8.0,11.0,202376.0,2018.0,9.3,,,,0,1,0,0,0,1,0,2017
15902323,N,07/20/2017,07:28 AM,60,11,1,1,12,10,4,1,1.0,227,9999,30.46373062,-97.46749985,FM,973.0,6.879,FM0973,Y,Y,4,THU,10.0,10.0,0.0,2.0,6.0,6794.0,2018.0,8.3,,,,0,0,0,1,0,0,1,2017
15902891,N,08/02/2017,08:55 PM,50,11,4,1,5,2,1,34,1.0,227,330,30.45594504,-97.60209623,FM,685.0,6.454,FM0685,Y,N,2,WED,4.0,4.0,14.0,4.0,16.0,29334.0,2018.0,4.3,1.0,54.0,1.0,0,1,1,4,0,2,0,2017
15903492,N,07/24/2017,08:00 AM,55,11,1,1,1,2,4,22,1.0,227,9999,30.45007911,-97.82994097,RM,620.0,16.359,RM0620,Y,Y,2,MON,0.0,0.0,0.0,2.0,14.0,41321.0,2018.0,3.2,,,,0,2,0,0,0,2,0,2017
15904332,N,07/27/2017,08:10 AM,-1,11,1,1,20,2,4,20,1.0,227,22,30.19166929,-97.76956276,IH,35.0,228.104,IH0035,Y,N,2,THU,24.0,24.0,42.0,6.0,11.0,170988.0,2018.0,10.7,,,,0,1,0,1,0,1,0,2017
15904336,N,07/31/2017,09:30 AM,-1,11,1,1,5,2,2,22,1.0,227,9999,30.28405911,-97.82437427,SL,360.0,9.853,SL0360,Y,Y,2,MON,8.0,20.0,60.0,4.0,14.0,50299.0,2018.0,2.7,,,,0,5,0,1,0,5,0,2017
15904456,N,08/06/2017,11:35 AM,-1,11,1,1,11,2,2,21,1.0,227,22,30.30393995,-97.71393420000001,IH,35.0,236.703,IH0035,Y,N,1,SUN,8.0,20.0,24.0,8.0,11.0,196302.0,2018.0,9.5,,,,1,0,0,3,0,1,0,2017
15904458,N,08/06/2017,05:10 PM,55,11,1,1,21,2,1,10,1.0,227,22,30.28919539,-97.72326549,IH,35.0,235.547,IH0035,Y,N,2,SUN,8.0,20.0,24.0,8.0,11.0,202376.0,2018.0,9.3,,,,0,2,0,1,0,2,0,2017
15904495,N,08/06/2017,07:57 PM,60,12,4,1,5,2,2,22,1.0,227,22,30.18266095,-97.68764228,US,183.0,331.35,US0183,Y,N,2,SUN,12.0,20.0,36.0,4.0,14.0,34458.0,2018.0,6.7,,,,0,3,0,5,0,3,0,2017
15904530,N,08/01/2017,06:23 PM,45,11,1,1,5,2,1,14,1.0,227,22,30.44849293,-97.66178279,FM,1825.0,0.768,FM1825,Y,N,1,TUE,8.0,8.0,0.0,4.0,16.0,34141.0,2018.0,3.5,1.0,102.0,4.0,1,1,0,0,0,2,0,2017
15904535,N,07/28/2017,06:13 PM,55,11,1,1,11,2,4,21,1.0,227,9999,30.45412643,-97.66622455,IH,35.0,247.69,IH0035,Y,Y,2,FRI,18.0,18.0,12.0,6.0,11.0,129244.0,2018.0,12.7,,,,0,1,0,1,0,1,0,2017
15905568,N,06/23/2017,05:25 PM,-1,11,1,1,20,2,4,14,1.0,227,22,30.36364555,-97.69668890000001,SL,275.0,4.508,SL0275,Y,N,2,FRI,0.0,0.0,0.0,4.0,14.0,37689.0,2018.0,1.2,,,,0,1,0,1,0,1,0,2017
15906062,N,08/04/2017,11:29 PM,-1,11,4,1,21,2,1,10,1.0,227,22,30.32556534,-97.67331696,US,183.0,320.512,US0183,Y,N,2,FRI,16.0,20.0,70.0,4.0,12.0,55986.0,2018.0,7.2,,,,0,1,0,1,0,1,0,2017
15906449,N,08/08/2017,10:11 PM,-1,11,4,1,5,2,2,34,1.0,227,22,30.33740622,-97.75705588,RM,2222.0,8.61,RM2222,Y,N,2,TUE,0.0,0.0,0.0,4.0,14.0,32997.0,2018.0,3.5,,,,0,1,0,1,0,1,0,2017
15908115,N,08/01/2017,09:45 PM,-1,11,4,1,1,2,4,20,1.0,227,22,30.30116923,-97.66122864,US,183.0,322.455,US0183,Y,N,2,TUE,16.0,16.0,36.0,4.0,14.0,57843.0,2018.0,3.2,,,,0,1,0,2,0,1,0,2017
15908116,N,08/02/2017,07:48 AM,50,12,1,1,20,2,4,22,1.0,227,22,30.32112084,-97.71016129,SS,69.0,1.098,SS0069,Y,N,2,WED,4.0,10.0,22.0,3.0,12.0,19307.0,2018.0,2.3,,,,0,1,0,2,0,1,0,2017
15908183,N,07/31/2017,03:31 PM,50,11,1,1,8,2,1,14,1.0,227,9999,30.44970816,-97.65807174,FM,1825.0,1.019,FM1825,Y,Y,2,MON,8.0,8.0,0.0,4.0,16.0,34141.0,2018.0,3.5,1.0,241.0,8.0,0,3,0,1,0,3,0,2017
15908201,N,08/04/2017,10:54 AM,70,11,1,1,20,2,4,22,1.0,227,22,30.33465994,-97.70297224,IH,35.0,238.946,IH0035,Y,N,2,FRI,20.0,20.0,3.0,6.0,11.0,199837.0,2018.0,9.4,1.0,409.0,1.0,0,1,1,0,0,2,0,2017
15908292,N,08/09/2017,11:40 AM,60,12,1,1,20,2,4,20,1.0,227,22,30.27719447,-97.73053723,IH,35.0,234.613,IH0035,Y,N,2,WED,20.0,40.0,3.0,8.0,11.0,177389.0,2018.0,9.9,1.0,119.0,0.0,0,1,0,1,0,1,0,2017
15908307,N,08/09/2017,07:13 PM,-1,11,1,1,1,2,2,20,1.0,227,22,30.34343704,-97.69742364,IH,35.0,239.634,IH0035,Y,N,2,WED,20.0,20.0,3.0,6.0,11.0,145168.0,2018.0,11.9,,,,0,1,1,0,0,2,0,2017
15908310,N,08/09/2017,10:08 PM,55,11,4,1,1,2,4,20,1.0,227,22,,,,,,BI0001,Y,N,2,WED,,,,,,,,,,,,0,1,0,2,0,1,0,2017
15908490,N,08/04/2017,06:19 PM,60,11,1,1,20,2,4,20,1.0,227,1016,30.34881807,-97.55688847,US,290.0,134.33700000000002,US0290,Y,N,2,FRI,12.0,20.0,46.0,4.0,14.0,51848.0,2018.0,6.4,1.0,250.0,1.0,0,2,0,5,0,2,0,2017
15909255,N,08/04/2017,08:09 AM,70,11,1,1,20,2,4,20,1.0,227,372,30.47898311,-97.67352346,IH,35.0,249.456,IH0035,Y,N,2,FRI,16.0,20.0,3.0,6.0,11.0,162734.0,2018.0,11.4,,,,0,1,0,2,0,1,0,2017
15912260,N,08/08/2017,09:16 PM,50,11,4,1,5,2,2,22,1.0,227,330,30.450534899999997,-97.60512531,FM,685.0,6.867000000000001,FM0685,Y,N,2,TUE,4.0,4.0,14.0,4.0,16.0,29334.0,2018.0,4.3,,,,0,1,0,3,0,1,0,2017
15913010,N,08/12/2017,02:13 PM,50,11,1,1,5,2,1,34,1.0,227,330,30.44744222,-97.63912690000001,FM,1825.0,2.22,FM1825,Y,N,2,SAT,8.0,8.0,0.0,4.0,16.0,22010.0,2018.0,4.2,,,,0,4,0,5,0,4,0,2017
15913588,N,06/23/2017,12:21 PM,55,12,1,2,20,7,4,1,2.0,227,22,,,,,,FM0620,Y,N,2,FRI,,,,,,,,,,,,0,1,0,0,0,1,0,2017
15913594,N,07/09/2017,05:00 PM,-1,11,1,1,20,2,1,10,1.0,227,22,30.34814141,-97.71281681,US,183.0,317.6620000000001,US0183,Y,N,2,SUN,20.0,20.0,8.0,6.0,12.0,138247.0,2018.0,3.6,,,,0,1,0,2,0,1,0,2017
15914227,N,08/08/2017,09:29 AM,40,12,1,1,20,1,4,1,1.0,227,22,30.35083194,-97.70916482,SL,275.0,5.685,SL0275,Y,N,2,TUE,8.0,8.0,0.0,4.0,14.0,37706.0,2018.0,1.2,,,,0,1,0,1,0,1,0,2017
15914231,N,08/10/2017,03:47 PM,-1,11,1,1,5,2,1,34,1.0,227,22,30.42876862,-97.84268374,RM,620.0,14.687,RM0620,Y,N,2,THU,8.0,8.0,0.0,4.0,14.0,50802.0,2018.0,3.1,,,,0,1,1,1,0,2,0,2017
15914305,N,08/11/2017,02:14 PM,55,11,1,1,11,2,3,10,1.0,227,22,30.24193037,-97.88195783,SH,71.0,114.946,SH0071,Y,N,2,FRI,10.0,10.0,0.0,4.0,14.0,34138.0,2018.0,3.5,,,,0,3,0,2,0,3,0,2017
15914402,N,08/09/2017,08:30 AM,55,11,1,1,20,2,4,30,1.0,227,9999,30.23943331,-97.62305128,FM,973.0,26.466,FM0973,Y,Y,2,WED,5.0,5.0,0.0,2.0,16.0,22301.0,2018.0,5.5,,,,0,1,0,0,1,1,0,2017
15914403,N,08/08/2017,04:17 PM,-1,12,1,1,1,2,4,22,1.0,227,9999,30.34452256,-97.57878832,US,290.0,132.996,US0290,Y,Y,2,TUE,20.0,20.0,3.0,4.0,12.0,18975.0,2018.0,10.0,,,,0,1,0,2,0,1,0,2017
15914440,N,08/12/2017,04:32 PM,55,11,1,1,5,2,1,34,1.0,227,22,30.40662175,-97.85252091,RM,620.0,13.053,RM0620,Y,N,2,SAT,8.0,8.0,0.0,4.0,14.0,50802.0,2018.0,3.1,,,,0,1,1,1,0,2,0,2017
15915479,N,08/12/2017,07:05 PM,45,11,1,1,5,2,2,22,1.0,227,22,30.28559786,-97.66504718,FM,969.0,2.355,FM0969,Y,N,2,SAT,0.0,0.0,0.0,4.0,14.0,32176.0,2018.0,6.2,,,,0,1,0,4,0,1,0,2017
15915501,N,08/13/2017,03:40 PM,70,11,1,1,1,2,4,22,1.0,227,22,,,IH,35.0,,IH0035,Y,N,2,SUN,,,,,,,,,,,,0,1,0,1,0,1,0,2017
15915505,N,08/13/2017,06:52 PM,-1,11,1,1,1,10,4,1,2.0,227,22,30.22290175,-97.67938664,SH,71.0,127.971,SH0071,Y,N,2,SUN,8.0,8.0,52.0,8.0,12.0,95090.0,2018.0,3.5,,,,0,1,0,2,0,1,0,2017
15915913,N,08/13/2017,09:27 PM,35,11,4,1,20,1,4,1,1.0,227,22,30.24317469,-97.78293181,SL,343.0,1.372,SL0343,Y,N,1,SUN,0.0,0.0,0.0,4.0,14.0,36688.0,2018.0,1.5,,,,1,0,0,0,1,1,0,2017
15915923,N,08/14/2017,12:23 PM,55,11,1,1,20,2,1,10,1.0,227,9999,30.27163567,-97.81773424,SL,360.0,10.821,SL0360,Y,Y,2,MON,8.0,20.0,60.0,4.0,14.0,55818.0,2018.0,2.6,,,,0,1,1,0,0,2,0,2017
15915925,N,08/14/2017,12:21 PM,35,11,1,1,20,2,4,30,1.0,227,22,30.24683993,-97.77745735,SL,343.0,1.786,SL0343,Y,N,2,MON,0.0,0.0,0.0,4.0,14.0,36688.0,2018.0,1.5,1.0,199.0,3.0,0,1,0,0,0,1,0,2017
15916455,N,07/29/2017,12:35 PM,60,11,1,1,11,2,1,24,1.0,227,9999,30.28860938,-97.58436216,FM,973.0,22.221,FM0973,Y,Y,1,SAT,6.0,6.0,0.0,2.0,16.0,10385.0,2018.0,7.3,,,,1,3,0,1,0,4,0,2017
15917051,N,07/21/2017,10:43 PM,65,11,3,1,5,2,1,10,1.0,227,22,30.20072777,-97.86615711,SL,1.0,23.259,SL0001,Y,N,2,FRI,12.0,20.0,325.0,4.0,12.0,45282.0,2018.0,1.7,,,,0,1,0,1,0,1,0,2017
15917059,N,08/06/2017,02:47 AM,45,11,4,1,5,7,2,3,2.0,227,22,30.23557886,-97.82462098,SL,1.0,19.591,SL0001,Y,N,2,SUN,20.0,20.0,60.0,4.0,12.0,83195.0,2018.0,1.6,1.0,240.0,3.0,0,1,0,0,0,1,0,2017
15917078,N,08/11/2017,01:20 PM,50,11,1,1,21,2,1,34,1.0,227,22,30.32556534,-97.67331696,US,183.0,320.512,US0183,Y,N,2,FRI,16.0,20.0,70.0,4.0,12.0,55986.0,2018.0,7.2,,,,0,2,0,2,1,2,0,2017
15917080,N,08/11/2017,10:49 AM,55,11,1,1,5,5,1,2,1.0,227,22,30.15711407,-97.83337637,FM,2304.0,3.379,FM2304,Y,N,2,FRI,4.0,4.0,0.0,2.0,16.0,31291.0,2018.0,3.6,,,,0,1,0,1,0,1,0,2017
15917081,N,08/11/2017,03:23 PM,-1,11,1,1,8,2,1,10,1.0,227,22,30.26857287,-97.77734791,SL,1.0,15.845999999999998,SL0001,Y,N,2,FRI,8.0,12.0,36.0,8.0,12.0,139370.0,2018.0,1.2,,,,0,2,0,1,0,2,0,2017
15917084,N,08/11/2017,11:57 PM,55,11,3,1,20,1,4,1,1.0,227,22,30.28257934,-97.65259883,FM,969.0,3.13,FM0969,Y,N,1,FRI,0.0,0.0,0.0,4.0,14.0,32176.0,2018.0,6.2,,,,1,0,0,0,1,1,0,2017
15917175,N,08/12/2017,04:33 PM,65,11,1,1,21,2,2,22,1.0,227,22,30.36581911,-97.79747985,RM,2222.0,4.558,RM2222,Y,N,2,SAT,8.0,8.0,0.0,4.0,14.0,42777.0,2018.0,3.2,1.0,131.0,10.0,0,1,0,2,0,1,0,2017
15917176,N,08/12/2017,05:32 PM,-1,11,1,1,20,7,4,1,2.0,227,22,30.21290787,-97.65870725,SH,71.0,129.391,SH0071,Y,N,2,SAT,10.0,8.0,2.0,4.0,12.0,66025.0,2018.0,4.1,,,,0,1,2,4,0,3,0,2017
15917177,N,08/12/2017,02:36 PM,45,11,1,1,21,2,1,10,1.0,227,22,30.33249109,-97.68632072,US,183.0,319.598,US0183,Y,N,2,SAT,4.0,10.0,24.0,5.0,12.0,65226.0,2018.0,6.6,,,,0,2,1,1,0,3,0,2017
15917178,N,08/13/2017,03:40 PM,55,11,1,1,8,2,1,14,1.0,227,22,30.41456205,-97.69326633,FM,734.0,10.598,FM0734,Y,N,2,SUN,10.0,20.0,36.0,6.0,14.0,56464.0,2018.0,3.8,,,,0,2,1,0,0,3,0,2017
15917180,N,08/13/2017,10:49 PM,55,11,4,1,11,7,4,1,2.0,227,22,,,SH,71.0,,SH0071,Y,N,2,SUN,,,,,,,,,,,,0,2,0,0,0,2,0,2017
15917181,N,08/14/2017,11:44 AM,45,11,1,1,20,2,2,22,1.0,227,22,30.249293800000004,-97.80523981,SL,1.0,18.047,SL0001,Y,N,2,MON,12.0,20.0,500.0,6.0,12.0,153269.0,2018.0,1.2,,,,0,1,0,1,0,1,0,2017
15917192,N,08/14/2017,04:37 PM,35,11,1,1,1,5,3,1,1.0,227,22,30.18766033,-97.81522601,FM,2304.0,0.97,FM2304,Y,N,2,MON,13.0,14.0,0.0,4.0,14.0,35199.0,2018.0,3.5,,,,0,1,0,1,0,1,0,2017
15917253,N,08/15/2017,04:34 PM,-1,11,1,1,20,2,1,10,1.0,227,22,30.26758232,-97.73397442,IH,35.0,233.92,IH0035,Y,N,2,TUE,20.0,40.0,3.0,8.0,11.0,177389.0,2018.0,9.9,,,,0,1,0,1,0,1,0,2017
15917260,N,08/15/2017,07:16 PM,70,11,1,1,1,2,4,22,1.0,227,22,30.27205874,-97.73229477,IH,35.0,234.24400000000003,IH0035,Y,N,2,TUE,20.0,40.0,3.0,8.0,11.0,177389.0,2018.0,9.9,,,,0,1,0,2,0,1,0,2017
15919970,N,07/13/2017,04:55 AM,65,11,4,1,20,2,4,20,1.0,227,22,,,US,183.0,,US0183,Y,N,2,THU,,,,,,,,,,,,0,1,0,1,0,1,0,2017
15919971,N,08/06/2017,10:09 PM,40,11,4,1,5,2,1,34,1.0,227,22,30.29122135,-97.62800294,FM,3177.0,3.5460000000000003,FM3177,Y,N,2,SUN,10.0,10.0,0.0,4.0,17.0,11798.0,2018.0,6.1,,,,0,1,0,5,0,1,0,2017
15919979,N,08/12/2017,01:24 PM,40,11,1,1,1,2,3,14,1.0,227,22,30.3764279,-97.72566254,FM,1325.0,7.9220000000000015,FM1325,Y,N,2,SAT,0.0,0.0,0.0,5.0,14.0,43120.0,2018.0,1.5,,,,0,2,0,1,0,2,0,2017
15919984,N,08/15/2017,09:51 AM,-1,11,1,1,20,2,4,20,1.0,227,22,30.415180699999997,-97.69453067,FM,734.0,10.511,FM0734,Y,N,2,TUE,10.0,20.0,36.0,6.0,14.0,56464.0,2018.0,3.8,,,,0,1,1,5,0,2,0,2017
15919992,N,08/15/2017,06:51 PM,65,11,1,1,20,2,4,20,1.0,227,22,30.34185692,-97.70292044,US,183.0,318.405,US0183,Y,N,2,TUE,20.0,20.0,24.0,6.0,12.0,116357.0,2018.0,3.9,,,,0,1,0,4,0,1,0,2017
15920061,N,08/16/2017,07:45 AM,65,11,1,1,20,2,4,20,1.0,227,22,30.23312991,-97.82607697,SL,1.0,19.78,SL0001,Y,N,2,WED,20.0,20.0,60.0,6.0,12.0,84322.0,2018.0,1.6,,,,0,1,0,1,0,1,0,2017
15920065,N,08/16/2017,12:21 PM,55,11,1,1,1,2,4,21,1.0,227,22,30.288320199999998,-97.66465006,US,183.0,323.362,US0183,Y,N,1,WED,16.0,20.0,36.0,4.0,14.0,57843.0,2018.0,3.2,,,,2,0,0,1,0,2,0,2017
15920082,N,08/16/2017,08:16 PM,55,11,4,1,11,2,4,22,1.0,227,22,,,SL,1.0,,SL0001,Y,N,1,WED,,,,,,,,,,,,1,0,0,1,0,1,0,2017
15920103,N,08/16/2017,08:29 PM,-1,11,4,1,5,2,1,34,1.0,227,22,30.3630463,-97.69702522,SL,275.0,4.5539999999999985,SL0275,Y,N,2,WED,0.0,0.0,0.0,4.0,14.0,37689.0,2018.0,1.2,,,,0,1,0,5,0,1,0,2017
15920111,Y,08/17/2017,02:26 AM,-1,11,4,1,5,2,2,22,1.0,227,22,30.27598427,-97.66790917,US,183.0,324.232,US0183,Y,N,1,THU,18.0,16.0,36.0,4.0,14.0,67460.0,2018.0,6.6,,,,1,0,1,0,0,2,0,2017
15920112,N,08/17/2017,04:34 AM,-1,11,3,1,17,7,4,1,2.0,227,22,30.37952805,-97.73792267,SL,1.0,7.682,SL0001,Y,N,2,THU,20.0,20.0,36.0,5.0,12.0,97149.0,2018.0,1.6,,,,0,1,0,0,0,1,0,2017
15920115,N,08/17/2017,07:36 AM,55,11,1,1,20,7,4,1,2.0,227,22,30.25420527,-97.67857967,US,183.0,325.873,US0183,Y,N,2,THU,18.0,16.0,3.0,4.0,14.0,67460.0,2018.0,6.6,,,,0,1,0,0,0,1,0,2017
15920332,N,08/17/2017,12:06 AM,60,11,3,1,20,7,4,1,2.0,227,9999,30.30666492,-97.82523258,SL,360.0,8.203,SL0360,Y,Y,2,THU,8.0,20.0,60.0,4.0,14.0,54423.0,2018.0,2.6,1.0,195.0,4.0,0,1,0,0,0,1,0,2017
15921116,N,08/04/2017,06:45 PM,70,11,1,1,20,2,4,21,1.0,227,9999,30.17795401,-97.53219592,SH,71.0,137.716,SH0071,Y,Y,2,FRI,6.0,10.0,40.0,4.0,2.0,40580.0,2018.0,9.6,,,,0,5,0,4,0,5,0,2017
15921435,N,08/10/2017,06:35 AM,55,11,2,1,11,2,4,30,1.0,227,9999,30.23141464,-97.89910033,US,290.0,107.836,US0290,Y,Y,2,THU,0.0,4.0,0.0,4.0,14.0,44818.0,2018.0,2.8,,,,0,1,0,2,0,1,0,2017
15921548,N,08/07/2017,06:22 AM,80,2,3,2,1,2,4,12,4.0,227,9999,30.23238642,-97.61817107,SH,130.0,34.609,SH0130,Y,Y,2,MON,12.0,20.0,450.0,4.0,12.0,43413.0,2018.0,17.5,,,,0,1,0,1,0,1,0,2017
15921686,N,08/09/2017,11:23 AM,55,12,1,1,5,2,1,10,1.0,227,22,30.37690526,-97.67617257,IH,35.0,242.262,IH0035,Y,N,2,WED,8.0,20.0,3.0,6.0,11.0,159315.0,2018.0,11.5,,,,0,1,3,1,0,4,0,2017
15921705,N,08/17/2017,07:06 PM,-1,11,1,1,8,2,2,23,1.0,227,22,30.34440724,-97.69680944,IH,35.0,239.71,IH0035,Y,N,2,THU,20.0,20.0,3.0,6.0,11.0,145168.0,2018.0,11.9,,,,0,1,0,0,1,1,0,2017
15921738,N,08/18/2017,08:35 AM,65,11,1,1,20,2,4,22,1.0,227,22,30.35285378,-97.71439131,US,183.0,317.324,US0183,Y,N,2,FRI,20.0,20.0,8.0,6.0,12.0,138247.0,2018.0,3.6,,,,0,1,0,1,0,1,0,2017
15921745,N,08/18/2017,12:40 PM,45,11,1,1,5,2,1,10,1.0,227,22,30.21642876,-97.75132751,IH,35.0,230.129,IH0035,Y,N,2,FRI,4.0,20.0,3.0,6.0,11.0,157370.0,2018.0,10.5,,,,0,3,0,0,0,3,0,2017
15921837,N,08/18/2017,04:52 PM,80,11,1,1,1,9,4,1,1.0,227,9999,30.13069097,-97.66525483,SH,130.0,42.49100000000001,SH0130,Y,Y,2,FRI,12.0,20.0,135.0,4.0,12.0,26348.0,2018.0,22.1,1.0,712.0,1.0,0,1,0,1,0,1,0,2017
15923067,N,08/11/2017,11:50 AM,55,12,1,1,1,10,4,1,2.0,227,9999,,,,,,FM1431,Y,Y,2,FRI,,,,,,,,,,,,0,1,0,0,0,1,0,2017
15923218,N,08/12/2017,06:05 AM,80,11,4,1,20,10,4,1,4.0,227,9999,30.13334593,-97.66609334,SH,130.0,42.301,SH0130,Y,Y,2,SAT,12.0,20.0,135.0,4.0,12.0,26348.0,2018.0,22.1,1.0,712.0,1.0,0,2,0,0,0,2,0,2017
15923227,N,08/13/2017,01:07 AM,70,11,4,1,1,7,4,1,2.0,227,372,30.47698859,-97.67289365,IH,35.0,249.314,IH0035,Y,N,2,SUN,16.0,20.0,3.0,6.0,11.0,162734.0,2018.0,11.4,,,,0,1,0,0,0,1,0,2017
15923235,Y,08/10/2017,05:33 AM,80,11,3,1,1,2,4,20,1.0,227,9999,30.23564425,-97.61681198,SH,130.0,34.371,SH0130,Y,Y,2,THU,12.0,20.0,450.0,4.0,12.0,43413.0,2018.0,17.5,1.0,133.0,1.0,0,1,0,1,0,1,0,2017
15923498,N,08/16/2017,03:35 PM,60,11,1,1,20,2,3,22,1.0,227,9999,30.463994699999997,-97.46742554,FM,973.0,6.86,FM0973,Y,Y,2,WED,10.0,10.0,0.0,2.0,6.0,6794.0,2018.0,8.3,,,,0,4,0,0,0,4,0,2017
15924178,N,08/14/2017,06:56 PM,50,11,1,1,17,2,1,10,1.0,227,330,30.45078181,-97.60498725,FM,685.0,6.848,FM0685,Y,N,2,MON,4.0,4.0,14.0,4.0,16.0,29334.0,2018.0,4.3,,,,0,1,0,1,0,1,0,2017
15925187,N,08/18/2017,10:28 PM,-1,11,4,1,20,2,4,20,1.0,227,22,30.45439355,-97.82692636,RM,620.0,16.71,RM0620,Y,N,2,FRI,0.0,0.0,0.0,2.0,14.0,43487.0,2018.0,3.2,,,,0,2,0,2,0,2,0,2017
15925302,N,07/28/2017,02:09 PM,-1,11,1,1,5,2,1,10,1.0,227,22,30.36319328,-97.71752846,US,183.0,316.589,US0183,Y,N,2,FRI,20.0,20.0,8.0,6.0,12.0,138247.0,2018.0,3.6,1.0,131.0,3.0,0,1,0,1,0,1,0,2017
15925308,N,08/12/2017,01:51 AM,35,11,4,1,21,2,1,34,1.0,227,22,30.19035979,-97.77059653,IH,35.0,227.995,IH0035,Y,N,2,SAT,24.0,24.0,42.0,6.0,11.0,170988.0,2018.0,10.7,,,,0,1,0,2,0,1,0,2017
15925310,N,08/12/2017,11:10 PM,-1,11,4,1,1,2,4,21,1.0,227,22,30.28007573,-97.64593849,FM,969.0,3.564,FM0969,Y,N,2,SAT,0.0,0.0,0.0,4.0,14.0,32176.0,2018.0,6.2,,,,0,1,0,3,0,1,0,2017
15925322,N,08/15/2017,09:48 PM,-1,11,5,1,5,2,1,10,1.0,227,22,30.41135724,-97.68668309,FM,734.0,11.048,FM0734,Y,N,2,TUE,10.0,20.0,36.0,6.0,14.0,62519.0,2018.0,3.7,,,,0,1,0,1,0,1,0,2017
15925367,N,08/17/2017,05:24 PM,-1,11,1,1,20,2,4,22,1.0,227,22,30.40154309,-97.85206874,RM,2222.0,0.192,RM2222,Y,N,2,THU,0.0,0.0,0.0,4.0,14.0,42777.0,2018.0,3.2,,,,0,1,0,1,0,1,0,2017
15925381,N,08/18/2017,07:40 PM,35,11,1,1,16,5,3,2,3.0,227,22,30.24729419,-97.77523494,SL,343.0,1.923,SL0343,Y,N,2,FRI,0.0,0.0,0.0,4.0,14.0,36688.0,2018.0,1.5,,,,0,1,0,1,0,1,0,2017
15925439,N,08/18/2017,07:34 PM,-1,11,1,1,1,2,4,20,1.0,227,22,30.3552097,-97.70305878,SL,275.0,5.2120000000000015,SL0275,Y,N,2,FRI,0.0,0.0,0.0,4.0,14.0,37706.0,2018.0,1.2,,,,0,1,1,2,1,2,0,2017
15925443,N,08/19/2017,12:13 AM,55,12,3,1,20,10,4,1,2.0,227,22,30.43092818,-97.72571872,FM,734.0,8.357999999999999,FM0734,Y,N,2,SAT,8.0,20.0,36.0,6.0,14.0,49788.0,2018.0,3.9,,,,0,1,0,0,0,1,0,2017
15925445,N,08/19/2017,08:57 AM,45,11,1,1,10,2,2,22,1.0,227,22,30.33693838,-97.75616102,RM,2222.0,8.672,RM2222,Y,N,2,SAT,0.0,0.0,14.0,4.0,14.0,32997.0,2018.0,3.5,,,,0,1,0,1,0,1,0,2017
15925447,N,08/19/2017,11:17 AM,50,11,3,1,20,2,2,22,1.0,227,22,30.23652951,-97.68624264,US,183.0,327.579,US0183,Y,N,2,SAT,6.0,10.0,36.0,4.0,14.0,100483.0,2018.0,5.5,1.0,115.0,0.0,0,1,0,1,0,1,0,2017
15925497,N,08/20/2017,06:30 AM,55,12,4,1,20,7,4,1,2.0,227,22,30.21650013,-97.7516332,US,290.0,117.177,US0290,Y,N,2,SUN,20.0,20.0,20.0,6.0,12.0,140123.0,2018.0,2.6,,,,0,2,0,0,0,2,0,2017
15925501,N,08/20/2017,05:05 PM,-1,11,1,1,5,2,2,22,1.0,227,22,30.253114399999998,-97.69247624,SL,111.0,2.164,SL0111,Y,N,2,SUN,0.0,0.0,12.0,4.0,14.0,31328.0,2018.0,1.8,1.0,55.0,2.0,0,1,0,1,0,1,0,2017
15925578,N,08/15/2017,09:14 AM,60,11,1,1,5,2,1,10,1.0,227,9999,30.50047353,-97.58097248,SH,130.0,14.452,SH0130,Y,Y,1,TUE,8.0,20.0,135.0,4.0,12.0,38706.0,2018.0,17.5,1.0,470.0,0.0,1,0,0,1,0,1,0,2017
15925788,N,08/16/2017,08:35 PM,55,11,3,1,20,2,4,30,1.0,227,9999,30.25350539,-97.54753664,FM,969.0,10.558,FM0969,Y,Y,4,WED,0.0,0.0,0.0,2.0,7.0,5293.0,2018.0,9.1,1.0,150.0,7.0,0,0,0,0,0,0,2,2017
15925943,N,08/21/2017,02:15 AM,-1,11,4,1,11,7,4,1,2.0,227,22,30.19488619,-97.64603271,FM,973.0,29.928,FM0973,Y,N,2,MON,4.0,5.0,0.0,2.0,16.0,18337.0,2018.0,5.9,,,,0,1,0,0,0,1,0,2017
15926839,N,08/03/2017,09:27 PM,70,11,3,1,1,1,4,1,1.0,227,22,30.34568273,-97.69600198,IH,35.0,239.81,IH0035,Y,N,4,THU,20.0,20.0,3.0,6.0,11.0,145168.0,2018.0,11.9,,,,0,0,0,1,0,0,1,2017