Crash_ID,Cmv_Involv_Fl,Crash_Date,Crash_Time,Crash_Speed_Limit,Wthr_Cond_ID,Light_Cond_ID,Surf_Cond_ID,Traffic_Cntl_ID,Harm_Evnt_ID,Intrsct_Relat_ID,FHE_Collsn_ID,Road_Relat_ID,Cnty_ID,City_ID,Latitude,Longitude,Hwy_Sys,Hwy_Nbr,Dfo,Street_Name,Onsys_Fl,Rural_Fl,Crash_Sev_ID,Day_of_Week,Shldr_Width_Left,Shldr_Width_Right,Median_Width,Nbr_Of_Lane,Func_Sys_ID,Adt_Curnt_Amt,Adt_Curnt_Year,Trk_Aadt_Pct,Curve_Type_ID,Curve_Lngth,Cd_Degr,Sus_Serious_Injry_Cnt,Nonincap_Injry_Cnt,Poss_Injry_Cnt,Non_Injry_Cnt,Unkn_Injry_Cnt,Tot_Injry_Cnt,Death_Cnt,Year
15927739,N,08/15/2017,06:06 PM,35,11,1,1,5,2,2,22,1.0,227,1016,30.33757019,-97.55852577,FM,973.0,17.994,FM0973,Y,N,2,TUE,0.0,0.0,0.0,2.0,16.0,13953.0,2018.0,6.4,,,,0,1,0,1,0,1,0,2017
15928008,N,08/12/2017,12:56 AM,70,11,3,1,20,2,4,22,1.0,227,9999,30.18186149,-97.53954346,SH,71.0,137.202,SH0071,Y,Y,1,SAT,6.0,10.0,40.0,4.0,2.0,40580.0,2018.0,9.6,,,,1,0,0,0,3,1,0,2017
15929397,N,08/04/2017,10:32 PM,-1,11,4,1,20,2,1,14,1.0,227,22,30.37264286,-97.6915823,SL,275.0,3.819,SL0275,Y,N,1,FRI,0.0,2.0,0.0,4.0,14.0,29928.0,2018.0,1.4,,,,1,2,0,1,0,3,0,2017
15929399,N,08/09/2017,01:16 PM,-1,11,1,1,5,2,1,13,1.0,227,22,30.26665874,-97.75621312,SL,343.0,3.805,SL0343,Y,N,2,WED,0.0,0.0,0.0,4.0,14.0,46479.0,2018.0,1.4,,,,0,1,0,1,0,1,0,2017
15929408,N,08/16/2017,12:51 PM,-1,11,1,1,1,2,4,22,1.0,227,22,30.284625899999995,-97.72623065,IH,35.0,235.186,IH0035,Y,N,2,WED,20.0,40.0,3.0,8.0,11.0,202376.0,2018.0,9.3,,,,0,1,0,3,0,1,0,2017
15929491,N,08/21/2017,06:14 PM,35,11,1,1,5,5,2,3,1.0,227,22,30.25603639,-97.76151136,SL,343.0,2.9960000000000004,SL0343,Y,N,2,MON,0.0,0.0,0.0,4.0,14.0,46479.0,2018.0,1.4,,,,0,1,0,1,0,1,0,2017
15929610,N,08/09/2017,12:08 PM,55,11,1,1,9,2,4,14,1.0,227,22,30.24708313,-97.69071603,US,183.0,326.793,US0183,Y,N,2,WED,2.0,2.0,36.0,6.0,14.0,68772.0,2018.0,6.5,1.0,471.0,2.0,0,1,0,3,0,1,0,2017
15929677,N,08/23/2017,06:43 AM,50,11,2,1,1,7,4,1,2.0,227,22,30.385632799999996,-97.67312121,IH,35.0,242.893,IH0035,Y,N,2,WED,8.0,20.0,3.0,6.0,11.0,159315.0,2018.0,11.5,1.0,328.0,1.0,0,1,0,0,0,1,0,2017
15929683,N,08/23/2017,08:50 AM,70,11,1,1,11,7,4,1,4.0,227,22,30.37073985,-97.68014099,IH,35.0,241.776,IH0035,Y,N,2,WED,8.0,20.0,3.0,6.0,11.0,138459.0,2018.0,12.2,,,,0,2,0,0,0,2,0,2017
15929688,N,08/23/2017,07:14 AM,55,11,0,1,20,1,4,1,1.0,227,22,30.20143969,-97.68361379,US,183.0,330.035,US0183,Y,N,4,WED,16.0,16.0,36.0,4.0,14.0,43585.0,2018.0,7.8,,,,0,0,0,0,1,0,1,2017
15931029,N,08/06/2017,01:39 PM,70,11,1,1,8,2,1,10,1.0,227,22,30.17624415,-97.63681534,SH,130.0,38.777,SH0130,Y,N,2,SUN,12.0,20.0,135.0,4.0,12.0,31038.0,2018.0,20.5,,,,0,1,0,1,0,1,0,2017
15933459,N,08/23/2017,10:25 AM,55,11,1,1,20,7,4,1,2.0,227,9999,30.45874808,-97.66713382,IH,35.0,248.013,IH0035,Y,Y,2,WED,18.0,18.0,12.0,6.0,11.0,162734.0,2018.0,11.4,1.0,467.0,1.0,0,1,0,0,0,1,0,2017
15934077,N,08/25/2017,03:05 PM,60,2,1,2,1,2,3,20,1.0,227,9999,30.23354077,-97.91723892,US,290.0,106.712,US0290,Y,Y,2,FRI,0.0,6.0,0.0,4.0,14.0,37680.0,2018.0,2.9,,,,0,1,0,4,0,1,0,2017
15934649,N,08/27/2017,09:33 AM,40,2,1,2,5,2,1,10,1.0,227,22,30.26562982,-97.69552869,SL,111.0,1.284,SL0111,Y,N,2,SUN,1.0,2.0,0.0,4.0,14.0,31328.0,2018.0,1.8,,,,0,1,0,1,0,1,0,2017
15936224,N,08/12/2017,05:31 PM,45,11,1,1,1,2,3,20,1.0,227,8389,30.22985268,-97.51621051,FM,969.0,13.666,FM0969,Y,Y,2,SAT,0.0,0.0,0.0,2.0,7.0,3927.0,2018.0,10.3,,,,0,1,0,1,0,1,0,2017
15938891,N,08/30/2017,10:30 AM,55,11,1,1,11,2,4,24,1.0,227,671,30.10094996,-97.72767345,FM,1625.0,3.834,FM1625,Y,Y,2,WED,4.0,4.0,0.0,2.0,17.0,6758.0,2018.0,8.3,,,,0,2,0,1,0,2,0,2017
15940143,N,08/23/2017,12:09 AM,-1,11,4,1,20,2,4,22,1.0,227,22,30.22030019,-97.68729487,SH,71.0,127.459,SH0071,Y,N,2,WED,10.0,10.0,52.0,6.0,12.0,70740.0,2018.0,4.0,,,,0,1,0,5,1,1,0,2017
15940155,N,08/23/2017,06:44 AM,50,11,1,1,5,2,1,10,1.0,227,22,30.21621427,-97.7440169,SH,71.0,123.943,SH0071,Y,N,2,WED,20.0,20.0,32.0,6.0,12.0,122565.0,2018.0,3.2,,,,0,1,0,1,0,1,0,2017
15940162,N,08/23/2017,04:20 PM,65,2,1,2,20,2,4,20,1.0,227,22,,,SL,1.0,,SL0001,Y,N,2,WED,,,,,,,,,,,,0,1,0,2,0,1,0,2017
15940192,N,08/23/2017,08:38 PM,-1,2,4,2,5,2,1,34,1.0,227,22,30.39456357,-97.84552821,RM,2222.0,0.825,RM2222,Y,N,1,WED,0.0,0.0,0.0,4.0,14.0,42777.0,2018.0,3.2,,,,1,6,0,0,0,7,0,2017
15940193,N,08/23/2017,03:05 PM,45,11,1,1,1,2,4,22,1.0,227,22,30.23186849,-97.79215808,US,290.0,114.466,US0290,Y,N,2,WED,20.0,20.0,10.0,8.0,12.0,127013.0,2018.0,2.7,1.0,297.0,3.0,0,1,0,1,0,1,0,2017
15940211,N,08/24/2017,07:04 AM,55,12,1,1,20,2,4,22,1.0,227,22,30.23526522,-97.82481545,SL,1.0,19.615,SL0001,Y,N,2,THU,20.0,20.0,60.0,4.0,12.0,83195.0,2018.0,1.6,1.0,240.0,3.0,0,1,1,3,0,2,0,2017
15940240,N,08/24/2017,01:16 PM,60,11,1,1,5,2,1,10,1.0,227,22,30.34050179,-97.5911026,US,290.0,132.21,US0290,Y,N,2,THU,20.0,20.0,3.0,5.0,12.0,34434.0,2018.0,8.4,,,,0,4,0,0,0,4,0,2017
15940243,N,08/24/2017,03:46 PM,60,12,1,1,20,2,4,20,1.0,227,22,,,,,,US0035,Y,N,2,THU,,,,,,,,,,,,0,2,0,4,0,2,0,2017
15940244,N,08/24/2017,04:42 PM,-1,11,1,1,20,2,4,22,1.0,227,22,,,IH,35.0,,IH0035,Y,N,2,THU,,,,,,,,,,,,0,1,0,2,0,1,0,2017
15940248,N,08/24/2017,05:05 PM,65,12,1,2,1,2,4,22,1.0,227,22,30.33917999,-97.70010376,IH,35.0,239.3,IH0035,Y,N,2,THU,20.0,20.0,3.0,6.0,11.0,145168.0,2018.0,11.9,,,,0,1,1,4,0,2,0,2017
15940282,N,08/24/2017,06:11 PM,50,2,1,2,1,7,3,2,2.0,227,22,30.42744411,-97.75573199,US,183.0,311.116,US0183,Y,N,2,THU,20.0,20.0,36.0,6.0,12.0,149347.0,2018.0,1.9,,,,0,1,0,1,0,1,0,2017
15940284,Y,08/24/2017,08:28 PM,-1,11,4,1,11,2,4,20,1.0,227,22,30.23785124,-97.73876501,IH,35.0,231.783,IH0035,Y,N,4,THU,4.0,20.0,3.0,6.0,11.0,150700.0,2018.0,10.7,,,,0,0,0,3,0,0,1,2017
15940295,N,08/25/2017,03:30 AM,45,11,4,1,20,2,2,13,1.0,227,22,30.3630463,-97.69702522,SL,275.0,4.5539999999999985,SL0275,Y,N,2,FRI,0.0,0.0,0.0,4.0,14.0,37689.0,2018.0,1.2,,,,0,1,0,1,0,1,0,2017
15940297,Y,08/25/2017,07:15 AM,70,12,1,1,20,2,4,22,1.0,227,22,30.17020754,-97.78401194,IH,35.0,226.394,IH0035,Y,N,2,FRI,6.0,20.0,30.0,6.0,11.0,156852.0,2018.0,11.1,1.0,586.0,0.0,0,1,0,1,0,1,0,2017
15940329,N,08/25/2017,03:42 PM,-1,2,1,2,5,2,2,22,1.0,227,22,30.23389745,-97.86491918,US,290.0,109.984,US0290,Y,N,2,FRI,6.0,4.0,15.0,4.0,14.0,72290.0,2018.0,2.7,1.0,42.0,4.0,0,1,1,1,0,2,0,2017
15940333,N,08/25/2017,05:08 PM,-1,12,1,1,20,2,4,21,1.0,227,22,30.18944096,-97.77130042,IH,35.0,227.919,IH0035,Y,N,2,FRI,24.0,24.0,42.0,6.0,11.0,156852.0,2018.0,11.1,,,,0,1,0,2,0,1,0,2017
15940343,N,08/25/2017,03:45 PM,-1,2,1,2,20,2,4,20,1.0,227,22,30.22351235,-97.76473009,US,290.0,116.254,US0290,Y,N,2,FRI,20.0,20.0,42.0,6.0,12.0,140123.0,2018.0,2.6,,,,0,1,0,2,0,1,0,2017
15940344,N,08/25/2017,04:31 PM,35,2,1,2,20,2,3,34,1.0,227,22,30.26437695,-97.7571717,SL,343.0,3.638,SL0343,Y,N,2,FRI,0.0,0.0,22.0,6.0,14.0,46479.0,2018.0,1.4,,,,0,1,0,2,0,1,0,2017
15940348,N,08/25/2017,11:50 PM,65,11,3,1,20,7,4,1,2.0,227,22,30.17340958,-97.88826904,SH,45.0,0.022,SH0045,Y,N,1,FRI,12.0,20.0,40.0,4.0,16.0,16410.0,2018.0,11.7,,,,1,0,0,0,0,1,0,2017
15940493,N,08/28/2017,11:14 AM,55,11,1,1,5,2,1,10,1.0,227,22,30.38954926,-97.74504852,US,183.0,314.008,US0183,Y,N,2,MON,20.0,20.0,36.0,6.0,12.0,137676.0,2018.0,2.0,,,,0,1,0,1,0,1,0,2017
15940497,N,08/28/2017,02:12 PM,-1,11,1,1,21,2,1,10,1.0,227,22,30.34050179,-97.5911026,US,290.0,132.21,US0290,Y,N,2,MON,20.0,20.0,3.0,5.0,12.0,34434.0,2018.0,8.4,,,,0,1,0,2,0,1,0,2017
15940498,N,08/28/2017,03:27 PM,40,12,1,1,1,2,3,13,1.0,227,22,30.13253593,-97.79904042,IH,35.0,223.642,IH0035,Y,N,2,MON,40.0,20.0,2.0,6.0,11.0,135389.0,2018.0,11.8,1.0,103.0,0.0,0,1,0,1,0,1,0,2017
15940502,N,08/28/2017,05:54 PM,55,11,1,1,5,2,4,21,1.0,227,22,30.21816011,-97.69170065,SH,71.0,127.157,SH0071,Y,N,2,MON,4.0,5.0,44.0,6.0,12.0,70740.0,2018.0,4.0,,,,0,1,0,5,0,1,0,2017
15940553,N,08/30/2017,07:34 AM,50,11,1,1,20,2,4,20,1.0,227,22,30.27722875,-97.73052189,IH,35.0,234.616,IH0035,Y,N,2,WED,20.0,40.0,3.0,8.0,11.0,177389.0,2018.0,9.9,1.0,119.0,0.0,0,1,0,0,1,1,0,2017
15940555,N,08/30/2017,09:19 AM,50,11,1,1,5,2,1,24,1.0,227,22,30.28564453,-97.6653595,US,183.0,323.551,US0183,Y,N,2,WED,16.0,20.0,36.0,4.0,14.0,67460.0,2018.0,6.6,,,,0,2,0,1,0,2,0,2017
15940558,N,08/30/2017,09:56 AM,40,12,1,1,5,2,1,34,1.0,227,22,30.40783501,-97.67824554,FM,734.0,11.607,FM0734,Y,N,1,WED,10.0,10.0,16.0,6.0,14.0,63366.0,2018.0,3.7,,,,1,0,0,1,0,1,0,2017
15940593,N,08/30/2017,07:50 PM,-1,11,1,1,20,2,4,34,1.0,227,22,30.45489616,-97.82638467,RM,620.0,16.757,RM0620,Y,N,2,WED,0.0,0.0,0.0,2.0,14.0,43487.0,2018.0,3.2,,,,0,1,0,0,0,1,0,2017
15940596,N,08/30/2017,08:55 PM,55,11,4,1,20,2,4,20,1.0,227,22,30.23797526,-97.73869144,IH,35.0,231.792,IH0035,Y,N,2,WED,4.0,20.0,3.0,6.0,11.0,150700.0,2018.0,10.7,,,,0,4,0,3,0,4,0,2017
15940597,N,08/30/2017,03:33 PM,-1,11,1,1,5,2,4,22,1.0,227,22,,,US,290.0,,US0290,Y,N,2,WED,,,,,,,,,,,,0,1,0,2,0,1,0,2017
15940608,N,08/31/2017,10:13 AM,30,11,1,1,20,2,4,20,1.0,227,22,30.26859708,-97.73359327,IH,35.0,233.99400000000003,IH0035,Y,N,2,THU,20.0,40.0,3.0,8.0,11.0,177389.0,2018.0,9.9,,,,0,1,1,7,0,2,0,2017
15942278,N,08/02/2017,03:14 PM,50,2,1,2,20,2,3,14,1.0,227,22,30.39669952,-97.84887887,RM,2222.0,0.5770000000000001,RM2222,Y,N,2,WED,0.0,0.0,0.0,4.0,14.0,42777.0,2018.0,3.2,1.0,39.0,13.0,0,2,0,1,0,2,0,2017
15942280,N,08/06/2017,12:59 AM,40,11,4,1,8,2,1,14,1.0,227,22,30.24652343,-97.7781618,SL,343.0,1.739,SL0343,Y,N,4,SUN,0.0,0.0,0.0,4.0,14.0,36688.0,2018.0,1.5,1.0,199.0,3.0,0,0,0,1,0,0,1,2017
15942282,N,08/08/2017,09:19 AM,55,11,1,1,20,2,1,14,1.0,227,22,30.37483949,-97.69035327,SL,275.0,3.651,SL0275,Y,N,2,TUE,0.0,2.0,0.0,4.0,14.0,29928.0,2018.0,1.4,,,,0,2,0,0,0,2,0,2017
15942283,N,08/08/2017,10:27 AM,-1,11,1,1,17,2,3,23,1.0,227,22,30.3873027,-97.64899653,FM,734.0,14.14,FM0734,Y,N,2,TUE,11.0,0.0,55.0,4.0,14.0,39056.0,2018.0,4.1,,,,0,3,0,1,0,3,0,2017
15942328,N,08/14/2017,08:58 AM,60,11,1,1,1,2,4,20,1.0,227,22,30.31268915,-97.70864263,IH,35.0,237.384,IH0035,Y,N,2,MON,8.0,20.0,24.0,8.0,11.0,193850.0,2018.0,9.5,,,,0,1,0,0,1,1,0,2017
15942331,N,08/14/2017,06:58 AM,-1,11,1,1,1,2,4,20,1.0,227,22,30.38702555,-97.74382779999999,US,183.0,314.196,US0183,Y,N,2,MON,20.0,20.0,36.0,6.0,12.0,146786.0,2018.0,1.9,,,,0,2,0,1,0,2,0,2017
15942332,N,08/14/2017,12:10 AM,45,11,4,1,5,2,2,22,1.0,227,22,30.19052037,-97.77047235,IH,35.0,228.008,IH0035,Y,N,1,MON,24.0,24.0,42.0,6.0,11.0,170988.0,2018.0,10.7,,,,2,4,0,0,1,6,0,2017
15942342,N,08/17/2017,01:12 PM,45,11,1,1,1,2,4,20,1.0,227,22,30.25086015,-97.80666018,SL,360.0,12.458,SL0360,Y,N,2,THU,8.0,20.0,60.0,4.0,14.0,55818.0,2018.0,2.6,,,,0,1,0,4,1,1,0,2017
15942403,Y,08/23/2017,06:31 AM,55,11,4,1,5,2,1,34,1.0,227,22,30.33256829,-97.68650517,US,183.0,319.585,US0183,Y,N,2,WED,4.0,10.0,24.0,5.0,12.0,65226.0,2018.0,6.6,,,,0,2,0,5,0,2,0,2017
15942423,N,08/31/2017,11:47 AM,55,11,1,1,20,2,4,20,1.0,227,22,30.38957768,-97.73441802,SL,1.0,6.957999999999998,SL0001,Y,N,2,THU,24.0,20.0,36.0,6.0,12.0,97149.0,2018.0,1.6,,,,0,2,0,1,1,2,0,2017
15942458,N,09/01/2017,06:52 AM,30,11,4,1,8,2,1,10,1.0,227,22,30.26758232,-97.73397442,IH,35.0,233.92,IH0035,Y,N,2,FRI,20.0,40.0,3.0,8.0,11.0,177389.0,2018.0,9.9,,,,0,1,0,1,0,1,0,2017
15942459,N,09/01/2017,08:21 AM,55,11,1,1,1,2,4,20,1.0,227,22,30.28696761,-97.66500741,US,183.0,323.458,US0183,Y,N,2,FRI,16.0,20.0,36.0,4.0,14.0,57843.0,2018.0,3.2,,,,0,1,1,1,0,2,0,2017
15943814,N,08/14/2017,03:22 PM,60,11,1,1,8,2,1,10,1.0,227,9999,30.14562988,-97.67339325,FM,812.0,2.096,FM0812,Y,Y,2,MON,10.0,10.0,0.0,2.0,16.0,17216.0,2018.0,6.7,1.0,236.0,7.0,0,2,0,1,0,2,0,2017
15944482,N,08/27/2017,04:47 AM,55,2,3,2,20,7,4,1,2.0,227,9999,30.29189024,-97.92010915,SH,71.0,110.59,SH0071,Y,Y,2,SUN,8.0,8.0,0.0,4.0,14.0,50310.0,2018.0,3.1,1.0,239.0,1.0,0,1,0,0,0,1,0,2017
15944673,Y,08/24/2017,07:59 AM,50,12,1,2,12,2,4,30,1.0,227,9999,30.26956985,-97.62787632,FM,969.0,4.9060000000000015,FM0969,Y,Y,1,THU,0.0,0.0,0.0,4.0,14.0,20957.0,2018.0,6.4,,,,3,0,0,1,0,3,0,2017
15944677,N,08/27/2017,12:09 PM,80,2,4,2,20,7,4,1,2.0,227,9999,30.11648037,-97.66050881,SH,130.0,43.543,SH0130,Y,Y,4,SUN,12.0,20.0,135.0,4.0,12.0,26348.0,2018.0,22.1,1.0,721.0,1.0,1,0,0,0,0,1,1,2017
15945619,N,08/27/2017,12:57 AM,55,11,4,2,20,2,4,22,1.0,227,22,30.29284773,-97.72092543,IH,35.0,235.834,IH0035,Y,N,1,SUN,8.0,20.0,24.0,8.0,11.0,202376.0,2018.0,9.3,,,,1,0,0,0,0,1,0,2017
15945850,N,08/12/2017,12:38 PM,55,11,1,1,20,2,2,21,1.0,227,9999,30.39713337,-97.93132684,RM,620.0,7.454,RM0620,Y,Y,2,SAT,8.0,8.0,0.0,4.0,14.0,37016.0,2018.0,3.4,1.0,303.0,4.0,0,1,0,1,0,1,0,2017
15945860,N,09/04/2017,02:05 PM,65,11,1,1,5,2,2,22,1.0,227,9999,30.18634603,-97.60946398,SH,71.0,132.925,SH0071,Y,Y,2,MON,4.0,6.0,40.0,4.0,14.0,53382.0,2018.0,8.3,,,,0,1,0,2,0,1,0,2017
15945887,N,09/01/2017,01:57 PM,50,12,1,1,20,2,3,10,1.0,227,22,30.32049086,-97.7070382,IH,35.0,237.931,IH0035,Y,N,2,FRI,8.0,20.0,24.0,8.0,11.0,193850.0,2018.0,9.5,1.0,274.0,0.0,0,1,1,3,0,2,0,2017
15945893,N,09/01/2017,04:03 PM,65,11,1,1,17,10,2,1,1.0,227,22,30.33319381,-97.68792151,US,183.0,319.491,US0183,Y,N,2,FRI,4.0,10.0,24.0,5.0,12.0,61688.0,2018.0,6.9,,,,0,1,0,1,0,1,0,2017
15945896,N,09/01/2017,05:14 PM,65,11,1,1,20,2,4,20,1.0,227,22,30.3575108,-97.71580728,US,183.0,316.993,US0183,Y,N,2,FRI,20.0,20.0,8.0,6.0,12.0,138247.0,2018.0,3.6,1.0,119.0,0.0,0,1,0,1,0,1,0,2017
15946003,N,09/02/2017,08:32 AM,50,11,1,1,20,2,2,13,1.0,227,22,30.21840121,-97.69108715,SH,71.0,127.198,SH0071,Y,N,2,SAT,4.0,5.0,44.0,6.0,12.0,70740.0,2018.0,4.0,,,,0,1,0,1,0,1,0,2017
15946100,N,09/01/2017,07:16 PM,80,11,1,1,1,10,4,1,4.0,227,9999,,,SH,130.0,,SH0130,Y,Y,2,FRI,,,,,,,,,,,,0,2,0,1,0,2,0,2017
15946196,Y,09/04/2017,08:01 AM,60,11,1,1,20,7,4,1,2.0,227,22,30.23363304,-97.74125092,IH,35.0,231.457,IH0035,Y,N,2,MON,4.0,20.0,3.0,6.0,11.0,150700.0,2018.0,10.7,,,,0,1,0,1,0,1,0,2017
15947012,N,08/04/2017,05:53 PM,60,11,1,1,20,10,2,1,1.0,227,9999,30.30492625,-97.82541451,SL,360.0,8.325,SL0360,Y,Y,1,FRI,8.0,20.0,60.0,4.0,14.0,54423.0,2018.0,2.6,1.0,195.0,4.0,1,0,0,0,0,1,0,2017
15948406,N,08/31/2017,11:45 PM,-1,11,4,1,20,7,4,1,2.0,227,22,30.42059153,-97.70455341,FM,734.0,9.806,FM0734,Y,N,2,THU,8.0,20.0,36.0,6.0,14.0,61367.0,2018.0,3.7,1.0,276.0,0.0,0,1,0,0,0,1,0,2017
15948407,N,08/31/2017,08:59 AM,55,11,1,1,20,2,4,20,1.0,227,22,30.42636877,-97.67115534,IH,35.0,245.757,IH0035,Y,N,2,THU,8.0,20.0,3.0,6.0,11.0,132719.0,2018.0,12.4,,,,0,1,0,3,0,1,0,2017
15948416,Y,09/04/2017,03:26 PM,60,11,1,1,20,2,2,22,1.0,227,22,30.33071691,-97.62444887,US,290.0,130.10299999999998,US0290,Y,N,2,MON,20.0,20.0,3.0,6.0,12.0,34434.0,2018.0,8.4,,,,0,1,0,2,0,1,0,2017
15948418,N,09/04/2017,10:00 PM,45,11,4,1,5,7,2,1,2.0,227,22,,,SH,71.0,,SH0071,Y,N,1,MON,,,,,,,,,,,,1,0,0,0,0,1,0,2017
15948449,N,09/05/2017,09:59 AM,-1,11,1,1,5,2,1,10,1.0,227,22,30.27167173,-97.73245069,IH,35.0,234.216,IH0035,Y,N,2,TUE,20.0,40.0,3.0,8.0,11.0,177389.0,2018.0,9.9,,,,0,3,0,0,0,3,0,2017
15948563,N,07/11/2017,11:56 AM,45,11,1,1,20,2,3,10,1.0,227,22,30.23511181,-97.82375118,US,290.0,112.488,US0290,Y,N,2,TUE,20.0,20.0,42.0,5.0,12.0,77933.0,2018.0,3.6,1.0,361.0,1.0,0,1,0,0,1,1,0,2017
15948577,N,09/03/2017,04:12 PM,65,12,1,1,20,2,4,21,1.0,227,22,30.2504673,-97.80477736,SL,1.0,17.961,SL0001,Y,N,2,SUN,12.0,20.0,500.0,6.0,12.0,153269.0,2018.0,1.2,1.0,445.0,2.0,0,1,0,1,0,1,0,2017
15948578,N,09/03/2017,04:43 PM,50,12,1,1,5,2,2,22,1.0,227,22,30.40843858,-97.71596302,FM,1325.0,5.626,FM1325,Y,N,2,SUN,0.0,0.0,0.0,4.0,14.0,33660.0,2018.0,1.7,,,,0,2,0,1,0,2,0,2017
15948582,N,09/05/2017,11:53 AM,-1,11,1,1,5,2,4,20,1.0,227,22,30.35298507,-97.71443173,US,183.0,317.315,US0183,Y,N,2,TUE,20.0,20.0,8.0,6.0,12.0,138247.0,2018.0,3.6,,,,0,2,0,1,0,2,0,2017
15948591,N,09/06/2017,08:22 AM,55,12,3,1,1,2,4,20,1.0,227,22,30.40452614,-97.85358719,RM,620.0,12.896,RM0620,Y,N,2,WED,8.0,8.0,0.0,4.0,14.0,50802.0,2018.0,3.1,,,,0,1,0,2,0,1,0,2017
15950176,N,09/05/2017,06:09 PM,55,11,1,1,1,2,2,22,1.0,227,895,30.48259679,-97.93215379,RM,1431.0,49.629,RM1431,Y,Y,2,TUE,2.0,2.0,0.0,4.0,6.0,19578.0,2018.0,3.9,1.0,183.0,0.0,0,2,0,0,0,2,0,2017
15950185,N,08/30/2017,03:12 PM,55,11,1,1,1,7,4,1,2.0,227,895,30.48443214,-97.93069899,RM,1431.0,49.783,RM1431,Y,Y,2,WED,2.0,2.0,0.0,4.0,6.0,19578.0,2018.0,3.9,,,,0,1,0,2,0,1,0,2017
15950302,N,09/06/2017,06:07 AM,-1,11,4,1,8,2,1,10,1.0,227,22,30.41807276,-97.67272838,IH,35.0,245.179,IH0035,Y,N,2,WED,8.0,20.0,3.0,6.0,11.0,134367.0,2018.0,12.4,,,,0,1,0,1,0,1,0,2017
15950307,N,09/06/2017,03:51 PM,55,11,1,1,20,2,1,24,1.0,227,22,30.40049157,-97.74585118,US,183.0,313.2390000000001,US0183,Y,N,2,WED,20.0,20.0,36.0,6.0,12.0,137676.0,2018.0,2.0,1.0,270.0,1.0,0,1,0,5,0,1,0,2017
15950348,Y,09/06/2017,01:35 AM,70,11,4,1,1,2,4,20,1.0,227,22,30.431351399999997,-97.67021161,IH,35.0,246.105,IH0035,Y,N,1,WED,8.0,20.0,3.0,6.0,11.0,132719.0,2018.0,12.4,,,,1,0,0,4,0,1,0,2017
15950349,N,09/06/2017,02:15 PM,-1,11,1,1,20,1,1,3,1.0,227,22,30.25603639,-97.76151136,SL,343.0,2.9960000000000004,SL0343,Y,N,2,WED,0.0,0.0,0.0,4.0,14.0,46479.0,2018.0,1.4,,,,0,1,0,1,0,1,0,2017
15951338,N,09/07/2017,07:54 PM,55,11,5,1,8,2,1,14,1.0,227,9999,30.14562988,-97.67339325,FM,812.0,2.096,FM0812,Y,Y,1,THU,10.0,10.0,0.0,2.0,16.0,17216.0,2018.0,6.7,1.0,236.0,7.0,1,1,2,0,0,4,0,2017
15951893,N,09/01/2017,12:22 PM,60,11,1,1,1,10,2,1,2.0,227,671,30.10042383,-97.75623864,FM,1327.0,3.195,FM1327,Y,Y,1,FRI,10.0,10.0,0.0,2.0,16.0,17645.0,2018.0,5.2,,,,1,0,0,0,0,1,0,2017
15952084,N,08/30/2017,08:29 PM,55,11,4,1,20,2,1,10,1.0,227,22,30.21527045,-97.73508000000001,SH,71.0,124.481,SH0071,Y,N,2,WED,20.0,20.0,44.0,8.0,12.0,85342.0,2018.0,3.6,,,,0,1,0,3,0,1,0,2017
15952099,N,09/07/2017,02:08 PM,65,11,1,1,17,2,4,20,1.0,227,22,,,IH,35.0,,IH0035,Y,N,2,THU,,,,,,,,,,,,0,2,0,0,0,2,0,2017
15952101,N,09/07/2017,03:48 PM,-1,11,1,1,20,7,4,1,2.0,227,22,,,,,,FM2222,Y,N,2,THU,,,,,,,,,,,,0,1,0,0,0,1,0,2017
15952229,N,09/07/2017,09:23 PM,70,11,3,1,20,2,4,20,1.0,227,22,30.19954281,-97.76320036,IH,35.0,228.766,IH0035,Y,N,2,THU,24.0,24.0,42.0,6.0,11.0,148474.0,2018.0,11.3,,,,0,1,0,1,0,1,0,2017
15952946,N,09/03/2017,12:16 AM,-1,11,4,1,5,2,2,22,1.0,227,9999,30.18634344,-97.60949555,SH,71.0,132.923,SH0071,Y,Y,2,SUN,4.0,6.0,40.0,4.0,14.0,53382.0,2018.0,8.3,,,,0,1,0,7,0,1,0,2017
15953210,N,09/06/2017,04:25 PM,70,11,1,1,20,2,4,22,1.0,227,372,30.47042296,-97.67082041,IH,35.0,248.846,IH0035,Y,N,2,WED,16.0,20.0,3.0,6.0,11.0,162734.0,2018.0,11.4,,,,0,1,0,4,0,1,0,2017
15954612,N,08/30/2017,12:10 PM,55,11,1,1,5,2,1,34,1.0,227,9999,30.21825487,-97.89439025,RM,1826.0,0.843,RM1826,Y,Y,1,WED,1.0,1.0,0.0,2.0,16.0,15562.0,2018.0,4.5,,,,1,0,0,1,0,1,0,2017
15956285,N,09/08/2017,12:25 PM,45,11,1,1,5,2,1,10,1.0,227,9999,30.456045500000002,-97.66642528,IH,35.0,247.823,IH0035,Y,Y,1,FRI,18.0,18.0,12.0,6.0,11.0,129244.0,2018.0,12.7,,,,1,0,0,2,0,1,0,2017
15956286,N,09/10/2017,02:00 PM,70,11,1,1,20,2,4,21,1.0,227,22,30.43949778,-97.66867035,IH,35.0,246.672,IH0035,Y,N,2,SUN,8.0,20.0,3.0,6.0,11.0,132719.0,2018.0,12.4,,,,0,1,0,0,1,1,0,2017