Crash_ID,Cmv_Involv_Fl,Crash_Date,Crash_Time,Crash_Speed_Limit,Wthr_Cond_ID,Light_Cond_ID,Surf_Cond_ID,Traffic_Cntl_ID,Harm_Evnt_ID,Intrsct_Relat_ID,FHE_Collsn_ID,Road_Relat_ID,Cnty_ID,City_ID,Latitude,Longitude,Hwy_Sys,Hwy_Nbr,Dfo,Street_Name,Onsys_Fl,Rural_Fl,Crash_Sev_ID,Day_of_Week,Shldr_Width_Left,Shldr_Width_Right,Median_Width,Nbr_Of_Lane,Func_Sys_ID,Adt_Curnt_Amt,Adt_Curnt_Year,Trk_Aadt_Pct,Curve_Type_ID,Curve_Lngth,Cd_Degr,Sus_Serious_Injry_Cnt,Nonincap_Injry_Cnt,Poss_Injry_Cnt,Non_Injry_Cnt,Unkn_Injry_Cnt,Tot_Injry_Cnt,Death_Cnt,Year
15956287,N,08/28/2017,08:20 AM,70,11,1,1,20,2,4,21,1.0,227,372,30.47759292,-97.67308448,IH,35.0,249.357,IH0035,Y,N,1,MON,16.0,20.0,3.0,6.0,11.0,162734.0,2018.0,11.4,,,,1,0,0,1,0,1,0,2017
15956591,N,08/29/2017,09:40 PM,70,11,3,1,20,1,4,1,1.0,227,9999,30.176446600000002,-97.52936141,SH,71.0,137.915,SH0071,Y,Y,1,TUE,8.0,20.0,60.0,4.0,2.0,40580.0,2018.0,9.6,,,,2,1,0,2,0,3,0,2017
15956594,N,08/29/2017,09:26 PM,70,11,3,1,20,6,4,1,1.0,227,9999,30.176446600000002,-97.52936141,SH,71.0,137.915,SH0071,Y,Y,2,TUE,8.0,20.0,60.0,4.0,2.0,40580.0,2018.0,9.6,,,,0,1,0,1,0,1,0,2017
15957276,N,08/16/2017,02:01 PM,55,11,1,1,5,2,1,34,1.0,227,9999,30.30440648,-97.84121072,RM,2244.0,6.485,RM2244,Y,Y,1,WED,10.0,10.0,0.0,4.0,14.0,47314.0,2018.0,3.1,,,,2,0,0,1,0,2,0,2017
15958003,N,09/08/2017,05:29 PM,70,11,1,1,8,2,1,10,1.0,227,9999,30.18272322,-97.54116379,SH,71.0,137.088,SH0071,Y,Y,2,FRI,6.0,10.0,40.0,4.0,2.0,40580.0,2018.0,9.6,1.0,384.0,1.0,0,3,0,0,0,3,0,2017
15958199,N,09/08/2017,10:47 AM,45,11,1,1,20,2,4,21,1.0,227,22,30.331993800000003,-97.68507527,US,183.0,319.68,US0183,Y,N,1,FRI,2.0,10.0,24.0,5.0,12.0,65226.0,2018.0,6.6,,,,2,0,1,0,0,3,0,2017
15958216,N,09/08/2017,05:28 AM,-1,11,4,1,1,10,4,1,1.0,227,22,30.12608723,-97.80156293,IH,35.0,223.174,IH0035,Y,N,2,FRI,6.0,20.0,40.0,6.0,11.0,135389.0,2018.0,11.8,1.0,103.0,0.0,0,1,0,0,0,1,0,2017
15958234,N,09/09/2017,11:30 AM,55,11,1,1,20,2,1,34,1.0,227,22,30.21765083,-97.68325172,US,183.0,328.92,US0183,Y,N,2,SAT,12.0,16.0,36.0,4.0,14.0,43585.0,2018.0,7.8,,,,0,1,0,3,0,1,0,2017
15958236,N,09/09/2017,12:48 PM,70,11,1,1,20,2,4,20,1.0,227,22,30.18733094,-97.77276503,IH,35.0,227.75,IH0035,Y,N,2,SAT,6.0,20.0,30.0,6.0,11.0,156852.0,2018.0,11.1,,,,0,5,4,0,2,9,0,2017
15958311,N,08/30/2017,02:47 PM,-1,11,1,1,5,2,2,22,1.0,227,22,30.21621491,-97.74402886,SH,71.0,123.942,SH0071,Y,N,2,WED,20.0,20.0,32.0,6.0,12.0,122565.0,2018.0,3.2,,,,0,1,0,2,0,1,0,2017
15958333,N,09/11/2017,07:11 PM,-1,11,1,1,20,2,4,21,1.0,227,330,30.46378527,-97.59706753,FM,685.0,5.8370000000000015,FM0685,Y,N,2,MON,1.0,1.0,14.0,4.0,16.0,29334.0,2018.0,4.3,,,,0,1,0,2,0,1,0,2017
15958367,N,09/04/2017,02:45 AM,60,11,4,1,20,2,4,20,1.0,227,22,30.27672212,-97.73074865,IH,35.0,234.578,IH0035,Y,N,2,MON,20.0,40.0,3.0,8.0,11.0,177389.0,2018.0,9.9,1.0,119.0,0.0,0,1,0,2,0,1,0,2017
15958369,N,09/04/2017,08:22 PM,50,11,4,1,17,2,1,10,1.0,227,22,30.33917999,-97.70010376,IH,35.0,239.3,IH0035,Y,N,2,MON,20.0,20.0,3.0,6.0,11.0,145168.0,2018.0,11.9,,,,0,2,0,1,0,2,0,2017
15958380,N,09/06/2017,03:37 PM,-1,11,1,1,8,2,1,10,1.0,227,9999,30.27163844,-97.81773386,SL,360.0,10.82,SL0360,Y,Y,2,WED,8.0,20.0,60.0,4.0,14.0,55818.0,2018.0,2.6,,,,0,1,0,2,0,1,0,2017
15958394,N,09/08/2017,09:35 PM,70,11,4,1,20,2,4,20,1.0,227,22,30.3261029,-97.67404534,US,183.0,320.455,US0183,Y,N,2,FRI,16.0,20.0,70.0,4.0,12.0,55986.0,2018.0,7.2,,,,0,3,0,0,0,3,0,2017
15958439,N,09/09/2017,04:49 PM,-1,11,1,1,5,2,2,22,1.0,227,22,30.1984147,-97.76412733,IH,35.0,228.67,IH0035,Y,N,2,SAT,24.0,24.0,42.0,6.0,11.0,148474.0,2018.0,11.3,,,,0,2,0,1,0,2,0,2017
15958440,N,09/09/2017,08:40 PM,-1,11,4,1,20,1,4,1,1.0,227,22,30.37287715,-97.72647774,FM,1325.0,8.171,FM1325,Y,N,2,SAT,0.0,0.0,40.0,4.0,14.0,43120.0,2018.0,1.5,,,,0,1,0,1,0,1,0,2017
15958588,N,09/12/2017,00:00 AM,65,11,4,1,20,2,4,22,1.0,227,22,30.2789864,-97.72970018,IH,35.0,234.746,IH0035,Y,N,2,TUE,20.0,40.0,3.0,8.0,11.0,202376.0,2018.0,9.3,,,,0,1,0,1,0,1,0,2017
15958598,N,09/12/2017,08:29 AM,-1,11,1,1,1,1,4,3,5.0,227,22,,,IH,35.0,,IH0035,Y,N,2,TUE,,,,,,,,,,,,0,1,0,1,0,1,0,2017
15958599,N,09/12/2017,07:45 AM,55,11,1,1,11,2,4,20,1.0,227,22,30.40109027,-97.72967355,SL,1.0,6.11,SL0001,Y,N,2,TUE,24.0,20.0,36.0,6.0,12.0,112347.0,2018.0,1.6,1.0,773.0,0.0,0,1,0,1,0,1,0,2017
15959119,N,08/24/2017,06:12 PM,60,12,1,2,20,2,4,30,1.0,227,9999,30.39041937,-97.88935298,RM,620.0,10.321,RM0620,Y,Y,1,THU,8.0,8.0,0.0,4.0,14.0,31858.0,2018.0,3.6,1.0,258.0,5.0,2,0,0,0,0,2,0,2017
15959725,N,09/09/2017,06:25 PM,80,11,1,1,11,7,4,1,4.0,227,22,30.40773587,-97.7199315,SL,1.0,5.3610000000000015,SL0001,Y,N,1,SAT,24.0,20.0,36.0,6.0,12.0,112347.0,2018.0,1.6,1.0,173.0,1.0,2,0,0,3,0,2,0,2017
15959890,N,09/12/2017,08:23 PM,45,11,3,1,11,2,1,34,1.0,227,1016,,,FM,973.0,,FM0973,Y,N,2,TUE,,,,,,,,,,,,0,1,0,2,0,1,0,2017
15961340,N,09/09/2017,01:52 AM,50,11,4,1,1,7,4,1,2.0,227,22,30.37952805,-97.73792267,US,183.0,314.834,US0183,Y,N,2,SAT,20.0,20.0,36.0,6.0,12.0,146786.0,2018.0,1.9,,,,0,1,0,0,0,1,0,2017
15961383,N,09/12/2017,06:28 PM,-1,11,1,1,21,2,1,34,1.0,227,22,30.27832807,-97.73001626,IH,35.0,234.697,IH0035,Y,N,2,TUE,20.0,40.0,3.0,8.0,11.0,202376.0,2018.0,9.3,1.0,119.0,0.0,0,2,0,0,0,2,0,2017
15963501,N,09/13/2017,07:30 AM,80,11,1,1,20,2,4,22,1.0,227,330,30.40893811,-97.5841204,SH,130.0,20.97,SH0130,Y,N,2,WED,8.0,20.0,135.0,4.0,12.0,45033.0,2018.0,17.2,,,,0,2,0,1,0,2,0,2017
15965306,N,08/26/2017,05:14 PM,-1,2,1,2,11,2,4,21,1.0,227,22,,,IH,35.0,,IH0035,Y,N,2,SAT,,,,,,,,,,,,0,1,0,1,0,1,0,2017
15965318,Y,09/14/2017,08:08 AM,65,11,1,1,20,2,4,22,1.0,227,22,30.23574459,-97.8251313,US,290.0,112.394,US0290,Y,N,2,THU,20.0,20.0,42.0,5.0,12.0,68372.0,2018.0,2.7,1.0,361.0,1.0,0,1,0,1,0,1,0,2017
15965319,N,09/14/2017,02:04 PM,45,11,1,1,20,10,4,1,2.0,227,22,30.34846655,-97.78548526,RM,2222.0,6.322,RM2222,Y,N,2,THU,0.0,0.0,0.0,4.0,14.0,27402.0,2018.0,3.8,,,,0,1,0,0,0,1,0,2017
15965325,N,09/14/2017,03:29 PM,-1,11,1,1,11,2,4,20,1.0,227,22,30.27468087,-97.73146403,IH,35.0,234.431,IH0035,Y,N,2,THU,20.0,40.0,3.0,8.0,11.0,177389.0,2018.0,9.9,,,,0,4,0,0,0,4,0,2017
15965348,N,09/15/2017,06:34 AM,70,12,3,1,11,2,4,21,1.0,227,22,30.33922432,-97.70008059,IH,35.0,239.304,IH0035,Y,N,2,FRI,20.0,20.0,3.0,6.0,11.0,145168.0,2018.0,11.9,,,,0,1,0,1,0,1,0,2017
15967770,N,09/10/2017,04:50 PM,70,11,1,1,11,7,3,1,4.0,227,9999,30.18842123,-97.56711321,SH,71.0,135.47799999999998,SH0071,Y,Y,1,SUN,4.0,6.0,40.0,4.0,2.0,53382.0,2018.0,8.3,,,,1,0,0,1,0,1,0,2017
15968363,N,09/16/2017,07:19 PM,70,11,5,1,20,8,4,1,1.0,227,9999,30.46015377,-97.6675777,IH,35.0,248.114,IH0035,Y,Y,2,SAT,18.0,18.0,12.0,6.0,11.0,162734.0,2018.0,11.4,1.0,467.0,1.0,0,1,0,0,0,1,0,2017
15968404,N,09/17/2017,02:33 AM,60,11,4,1,5,2,2,20,1.0,227,9999,30.18259435,-97.68766103,US,183.0,331.355,US0183,Y,Y,2,SUN,12.0,20.0,36.0,4.0,14.0,34458.0,2018.0,6.7,,,,0,1,3,2,1,4,0,2017
15969350,N,09/15/2017,11:04 AM,40,12,1,1,11,2,4,21,1.0,227,22,30.26015111,-97.73677633,IH,35.0,233.382,IH0035,Y,N,2,FRI,8.0,20.0,3.0,8.0,11.0,142856.0,2018.0,11.0,,,,0,1,0,1,0,1,0,2017
15969589,N,09/14/2017,09:55 AM,-1,11,1,1,11,2,4,20,1.0,227,22,30.28252782,-97.70396331,SL,111.0,0.003,SL0111,Y,N,2,THU,1.0,2.0,0.0,4.0,14.0,31328.0,2018.0,1.8,,,,0,1,0,2,0,1,0,2017
15969670,N,09/18/2017,06:50 AM,55,12,3,1,5,2,2,22,1.0,227,9999,30.23244229,-97.90242029,US,290.0,107.625,US0290,Y,Y,2,MON,0.0,4.0,0.0,4.0,14.0,44818.0,2018.0,2.8,,,,0,2,0,0,0,2,0,2017
15969695,N,09/15/2017,11:02 PM,65,11,4,1,20,2,4,20,1.0,227,22,30.41971402,-97.74695768,US,183.0,311.908,US0183,Y,N,2,FRI,20.0,20.0,36.0,6.0,12.0,137676.0,2018.0,2.0,,,,0,1,0,1,0,1,0,2017
15969708,N,09/16/2017,04:09 AM,50,11,4,1,1,2,4,20,1.0,227,22,30.3854924,-97.64585655,FM,734.0,14.365,FM0734,Y,N,2,SAT,4.0,20.0,16.0,6.0,14.0,31624.0,2018.0,4.3,1.0,66.0,3.0,0,1,0,2,0,1,0,2017
15969712,N,09/16/2017,01:40 PM,55,11,1,1,20,2,2,20,1.0,227,22,30.32643803,-97.70617206,IH,35.0,238.343,IH0035,Y,N,2,SAT,20.0,20.0,3.0,6.0,11.0,199837.0,2018.0,9.4,,,,0,1,1,1,0,2,0,2017
15969776,N,09/16/2017,05:43 PM,-1,11,1,1,11,2,4,20,1.0,227,22,30.27388285,-97.73170453,IH,35.0,234.375,IH0035,Y,N,2,SAT,20.0,40.0,3.0,8.0,11.0,177389.0,2018.0,9.9,,,,0,1,0,0,0,1,0,2017
15969781,N,09/16/2017,09:39 PM,-1,11,4,1,21,2,1,34,1.0,227,22,30.37323466,-97.7264686,US,183.0,315.644,US0183,Y,N,2,SAT,20.0,20.0,8.0,6.0,12.0,138365.0,2018.0,3.6,,,,0,1,0,2,0,1,0,2017
15969860,N,09/17/2017,09:11 PM,55,11,4,1,5,2,1,10,1.0,227,22,30.33080051,-97.62350227,US,290.0,130.159,US0290,Y,N,2,SUN,20.0,20.0,3.0,6.0,12.0,34434.0,2018.0,8.4,,,,0,3,0,0,0,3,0,2017
15970666,N,08/19/2017,04:00 PM,60,11,1,1,12,2,4,21,1.0,227,9999,30.52032971,-98.06322546,RM,1431.0,38.679,RM1431,Y,Y,1,SAT,1.0,1.0,0.0,2.0,7.0,2156.0,2018.0,4.1,,,,2,0,0,1,0,2,0,2017
15970960,N,09/16/2017,09:45 PM,60,11,3,1,20,2,4,30,1.0,227,9999,30.25002213,-97.61632457,FM,973.0,25.635,FM0973,Y,Y,4,SAT,5.0,5.0,0.0,2.0,16.0,22301.0,2018.0,5.5,,,,0,2,0,0,0,2,1,2017
15972173,N,08/10/2017,04:49 PM,40,11,1,1,20,2,3,13,1.0,227,22,30.36378611,-97.69661001,SL,275.0,4.497,SL0275,Y,N,2,THU,0.0,0.0,0.0,4.0,14.0,37689.0,2018.0,1.2,,,,0,1,0,2,0,1,0,2017
15972177,N,08/18/2017,12:14 PM,-1,11,1,1,1,2,4,22,1.0,227,22,30.26758384,-97.77891863,SL,1.0,15.962,SL0001,Y,N,2,FRI,8.0,12.0,36.0,8.0,12.0,139370.0,2018.0,1.2,1.0,442.0,0.0,0,1,0,2,0,1,0,2017
15972280,N,09/02/2017,05:53 PM,-1,11,1,1,11,2,4,20,1.0,227,22,30.37263907,-97.69158443,SL,275.0,3.819,SL0275,Y,N,2,SAT,0.0,2.0,0.0,4.0,14.0,29928.0,2018.0,1.4,,,,0,1,0,3,1,1,0,2017
15972284,N,09/03/2017,05:06 PM,70,11,1,1,20,2,4,22,1.0,227,22,30.185663199999997,-97.77387058,IH,35.0,227.617,IH0035,Y,N,2,SUN,6.0,20.0,30.0,6.0,11.0,156852.0,2018.0,11.1,,,,0,1,0,5,0,1,0,2017
15972285,N,09/03/2017,11:17 PM,-1,11,4,1,17,2,1,10,1.0,227,22,30.26670353,-97.73431686,IH,35.0,233.856,IH0035,Y,N,2,SUN,20.0,40.0,3.0,8.0,11.0,177389.0,2018.0,9.9,,,,0,1,0,5,0,1,0,2017
15972290,N,09/04/2017,09:44 PM,45,11,4,1,15,1,1,1,1.0,227,22,30.44055329,-97.66848375,IH,35.0,246.746,IH0035,Y,N,4,MON,8.0,20.0,3.0,6.0,11.0,132719.0,2018.0,12.4,,,,0,0,0,0,1,0,1,2017
15972374,N,09/13/2017,12:25 PM,35,11,1,1,16,5,3,2,2.0,227,22,30.24758952,-97.77309223,SL,343.0,2.052,SL0343,Y,N,2,WED,0.0,0.0,0.0,4.0,14.0,36688.0,2018.0,1.5,1.0,94.0,2.0,0,1,0,1,0,1,0,2017
15972421,N,09/13/2017,11:45 PM,35,11,4,1,5,2,1,14,1.0,227,22,30.23375562,-97.741178,IH,35.0,231.466,IH0035,Y,N,1,WED,4.0,20.0,3.0,6.0,11.0,150700.0,2018.0,10.7,,,,1,2,0,3,0,3,0,2017
15972432,N,09/14/2017,02:00 PM,55,11,1,1,20,7,4,3,2.0,227,22,30.353773999999998,-97.71467464,US,183.0,317.259,US0183,Y,N,2,THU,20.0,20.0,8.0,6.0,12.0,138247.0,2018.0,3.6,,,,0,1,0,1,0,1,0,2017
15972498,N,09/18/2017,09:49 AM,35,12,1,1,20,10,4,1,1.0,227,22,30.34067324,-97.76782422,RM,2222.0,7.752999999999999,RM2222,Y,N,2,MON,0.0,0.0,0.0,4.0,14.0,27256.0,2018.0,3.8,1.0,116.0,5.0,0,1,0,0,0,1,0,2017
15972499,N,09/18/2017,07:04 AM,65,12,1,1,20,2,4,22,1.0,227,22,30.24646489,-97.80652799,SL,1.0,18.256,SL0001,Y,N,2,MON,12.0,20.0,500.0,6.0,12.0,83195.0,2018.0,1.6,,,,0,2,0,0,0,2,0,2017
15972508,N,09/18/2017,12:15 PM,-1,11,1,1,21,2,1,34,1.0,227,22,30.25076191,-97.68415407,US,183.0,326.289,US0183,Y,N,2,MON,8.0,12.0,200.0,4.0,14.0,68772.0,2018.0,6.5,,,,0,1,0,1,0,1,0,2017
15972552,Y,09/18/2017,08:53 AM,55,12,1,1,5,2,1,13,1.0,227,9999,30.26261376,-97.62124626,FM,969.0,5.532,FM0969,Y,Y,2,MON,0.0,0.0,0.0,4.0,14.0,22033.0,2018.0,6.4,1.0,88.0,1.0,0,2,0,0,0,2,0,2017
15972840,N,09/15/2017,01:19 PM,45,11,1,1,5,2,1,34,1.0,227,330,30.43660355,-97.61391449,FM,685.0,7.957999999999998,FM0685,Y,N,2,FRI,1.0,1.0,0.0,4.0,16.0,29334.0,2018.0,4.3,,,,0,1,0,1,0,1,0,2017
15974688,N,06/23/2017,03:12 PM,35,11,1,1,20,2,1,13,1.0,227,22,30.36319328,-97.71752846,US,183.0,316.589,US0183,Y,N,2,FRI,20.0,20.0,8.0,6.0,12.0,138247.0,2018.0,3.6,1.0,131.0,3.0,0,1,0,1,0,1,0,2017
15974711,N,09/16/2017,07:34 PM,40,11,3,1,20,2,2,14,1.0,227,22,30.37099816,-97.72159454,US,183.0,315.973,US0183,Y,N,2,SAT,20.0,20.0,8.0,6.0,12.0,138365.0,2018.0,3.6,,,,0,1,0,2,0,1,0,2017
15974873,N,09/19/2017,12:36 AM,55,11,4,1,10,2,1,10,1.0,227,22,30.34775593,-97.71251035,US,183.0,317.695,US0183,Y,N,2,TUE,20.0,20.0,8.0,6.0,12.0,138247.0,2018.0,3.6,,,,0,2,0,2,0,2,0,2017
15974876,N,09/19/2017,08:53 AM,65,11,1,1,20,2,4,22,1.0,227,22,30.22784067,-97.77967729999999,US,290.0,115.274,US0290,Y,N,2,TUE,20.0,20.0,22.0,8.0,12.0,148990.0,2018.0,2.4,1.0,331.0,1.0,0,2,0,1,0,2,0,2017
15974897,N,09/19/2017,01:32 PM,-1,12,1,1,20,2,4,22,1.0,227,22,30.38455278,-97.76752142,SL,360.0,1.484,SL0360,Y,N,2,TUE,8.0,20.0,48.0,4.0,14.0,53584.0,2018.0,2.7,1.0,104.0,2.0,0,2,0,1,0,2,0,2017
15975025,N,09/19/2017,01:40 PM,70,12,1,1,20,2,4,20,1.0,227,22,30.33454053,-97.70304759999999,IH,35.0,238.936,IH0035,Y,N,2,TUE,20.0,20.0,3.0,6.0,11.0,199837.0,2018.0,9.4,1.0,409.0,1.0,0,1,1,0,0,2,0,2017
15975031,N,09/19/2017,05:13 PM,-1,11,1,1,20,2,4,20,1.0,227,22,30.30612097,-97.71252817,IH,35.0,236.875,IH0035,Y,N,2,TUE,8.0,20.0,24.0,8.0,11.0,196302.0,2018.0,9.5,1.0,73.0,0.0,0,2,0,2,0,2,0,2017
15975039,N,09/19/2017,07:29 PM,-1,11,1,1,21,2,2,23,1.0,227,22,30.33256829,-97.68650517,US,183.0,319.585,US0183,Y,N,2,TUE,4.0,10.0,24.0,5.0,12.0,65226.0,2018.0,6.6,,,,0,1,0,0,1,1,0,2017
15975043,N,09/19/2017,09:05 PM,-1,11,3,1,5,2,1,34,1.0,227,22,30.39952336,-97.65491719,FM,734.0,13.19,FM0734,Y,N,2,TUE,11.0,0.0,55.0,4.0,14.0,39056.0,2018.0,4.1,,,,0,4,1,0,0,5,0,2017
15975048,N,09/19/2017,04:52 PM,45,11,5,1,10,2,1,14,1.0,227,22,30.14419003,-97.80696365,FM,1626.0,0.69,FM1626,Y,N,2,TUE,1.0,1.0,0.0,2.0,16.0,17291.0,2018.0,4.2,,,,0,1,1,1,0,2,0,2017
15975051,N,09/20/2017,06:40 AM,70,11,6,1,20,2,4,22,1.0,227,22,30.19126119,-97.76988585,IH,35.0,228.07,IH0035,Y,N,2,WED,24.0,24.0,42.0,6.0,11.0,170988.0,2018.0,10.7,,,,0,1,1,4,0,2,0,2017
15975165,N,09/20/2017,05:26 AM,20,11,3,1,1,1,4,1,5.0,227,22,,,IH,35.0,,IH0035,Y,N,2,WED,,,,,,,,,,,,0,1,0,2,0,1,0,2017
15975167,N,09/20/2017,07:39 AM,65,12,1,1,1,2,4,20,1.0,227,22,30.1813622,-97.8993535,SH,45.0,0.883,SH0045,Y,N,2,WED,12.0,20.0,40.0,4.0,16.0,16410.0,2018.0,11.7,,,,0,2,0,0,0,2,0,2017
15975175,N,09/20/2017,06:52 AM,40,11,1,1,20,7,4,1,2.0,227,22,30.25202313,-97.76440478,SL,343.0,2.67,SL0343,Y,N,2,WED,0.0,0.0,0.0,4.0,14.0,46479.0,2018.0,1.4,,,,0,1,0,0,0,1,0,2017
15976868,N,09/20/2017,01:20 PM,-1,11,1,1,8,2,1,10,1.0,227,22,30.17295004,-97.78529638,SL,275.0,20.758000000000006,SL0275,Y,N,2,WED,0.0,0.0,0.0,4.0,14.0,17455.0,2018.0,1.8,,,,0,1,0,4,0,1,0,2017
15976871,N,09/20/2017,11:31 AM,30,12,1,1,20,2,1,10,1.0,227,22,30.17318986,-97.88800202,SL,1.0,25.565,SL0001,Y,N,2,WED,12.0,20.0,325.0,4.0,14.0,24757.0,2018.0,1.5,,,,0,1,0,2,0,1,0,2017
15978629,N,09/19/2017,05:04 PM,55,11,1,1,20,2,4,22,1.0,227,22,30.22119092,-97.67415415,SH,71.0,128.30700000000002,SH0071,Y,N,2,TUE,8.0,8.0,40.0,8.0,14.0,95090.0,2018.0,3.5,1.0,188.0,2.0,0,2,3,4,0,5,0,2017
15978676,N,08/06/2017,07:10 PM,50,11,1,1,20,2,2,22,1.0,227,22,30.4402195,-97.69832009,SL,1.0,2.5660000000000003,SL0001,Y,N,2,SUN,20.0,20.0,36.0,6.0,12.0,64650.0,2018.0,2.0,1.0,250.0,1.0,0,1,1,1,0,2,0,2017
15978684,N,09/06/2017,08:32 AM,70,12,1,1,20,2,4,20,1.0,227,22,30.33286808,-97.70410321,IH,35.0,238.805,IH0035,Y,N,2,WED,20.0,20.0,3.0,6.0,11.0,199837.0,2018.0,9.4,1.0,409.0,1.0,0,3,0,1,0,3,0,2017
15978734,N,09/15/2017,11:51 AM,50,11,1,1,5,2,1,10,1.0,227,22,30.42039108,-97.70423126,FM,734.0,9.83,FM0734,Y,N,2,FRI,8.0,20.0,36.0,6.0,14.0,61367.0,2018.0,3.7,1.0,276.0,0.0,0,3,0,0,0,3,0,2017
15978779,N,09/20/2017,09:41 PM,60,11,4,1,20,2,4,20,1.0,227,22,30.23871604,-97.738252,IH,35.0,231.85,IH0035,Y,N,2,WED,4.0,20.0,3.0,6.0,11.0,150700.0,2018.0,10.7,,,,0,1,1,0,1,2,0,2017
15978786,N,09/21/2017,07:57 AM,65,11,1,1,20,2,4,20,1.0,227,22,30.37684674,-97.73356007,US,183.0,315.153,US0183,Y,N,2,THU,20.0,20.0,8.0,6.0,12.0,138365.0,2018.0,3.6,1.0,198.0,3.0,0,1,0,1,0,1,0,2017
15978791,N,09/21/2017,08:46 AM,35,12,1,1,20,2,3,14,1.0,227,22,,,FM,969.0,,FM0969,Y,N,2,THU,,,,,,,,,,,,0,1,1,0,0,2,0,2017
15978804,N,09/21/2017,07:51 AM,65,11,1,1,20,2,4,20,1.0,227,22,,,SL,1.0,,SL0001,Y,N,2,THU,,,,,,,,,,,,0,1,0,2,0,1,0,2017
15978809,N,09/21/2017,05:49 PM,65,11,1,1,11,2,4,22,1.0,227,22,30.27506502,-97.73134285,IH,35.0,234.459,IH0035,Y,N,2,THU,20.0,40.0,3.0,8.0,11.0,177389.0,2018.0,9.9,,,,0,1,0,2,0,1,0,2017
15980654,N,09/20/2017,07:46 PM,55,11,3,1,11,2,3,24,1.0,227,538,30.30985702,-97.96470941,SH,71.0,107.49,SH0071,Y,Y,2,WED,5.0,5.0,0.0,4.0,14.0,38587.0,2018.0,3.3,,,,0,2,0,0,1,2,0,2017
15981500,N,09/22/2017,04:21 AM,80,11,4,1,20,7,4,1,4.0,227,9999,30.16500247,-97.65066709999999,SH,130.0,39.91,SH0130,Y,Y,2,FRI,12.0,20.0,135.0,4.0,12.0,31038.0,2018.0,20.5,1.0,378.0,1.0,0,1,0,0,0,1,0,2017
15982384,Y,09/22/2017,11:12 AM,-1,11,1,1,5,2,1,34,1.0,227,22,30.44380491,-97.74231549,FM,734.0,7.009,FM0734,Y,N,2,FRI,8.0,20.0,36.0,6.0,14.0,55456.0,2018.0,3.8,,,,0,1,0,2,0,1,0,2017
15982396,N,09/22/2017,09:15 PM,65,11,3,1,1,2,4,21,1.0,227,22,30.31071952,-97.70958219,IH,35.0,237.237,IH0035,Y,N,2,FRI,8.0,20.0,24.0,8.0,11.0,193850.0,2018.0,9.5,,,,0,1,0,1,1,1,0,2017
15982406,N,09/23/2017,01:50 AM,60,11,4,1,20,2,4,20,1.0,227,22,30.30172879,-97.71536243,IH,35.0,236.529,IH0035,Y,N,2,SAT,8.0,20.0,24.0,8.0,11.0,196302.0,2018.0,9.5,,,,0,1,0,2,1,1,0,2017
15982456,N,09/08/2017,04:05 PM,70,11,1,1,1,2,4,21,1.0,227,22,30.1110458,-97.8076647,IH,35.0,222.077,IH0035,Y,N,2,FRI,6.0,20.0,20.0,6.0,11.0,131087.0,2018.0,12.1,1.0,84.0,0.0,0,1,0,3,0,1,0,2017
15982462,N,09/15/2017,08:22 PM,55,11,4,1,5,2,2,22,1.0,227,22,30.36008632,-97.71658738,US,183.0,316.81,US0183,Y,N,1,FRI,20.0,20.0,8.0,6.0,12.0,138247.0,2018.0,3.6,1.0,131.0,3.0,1,0,0,0,2,1,0,2017
15982464,N,09/15/2017,11:15 PM,-1,11,4,1,5,2,2,22,1.0,227,22,30.33917999,-97.70010376,IH,35.0,239.3,IH0035,Y,N,2,FRI,20.0,20.0,3.0,6.0,11.0,145168.0,2018.0,11.9,,,,0,1,0,3,0,1,0,2017
15982478,N,09/17/2017,11:02 AM,35,12,1,1,20,10,3,1,1.0,227,22,30.24694019,-97.77716237,SL,343.0,1.805,SL0343,Y,N,2,SUN,0.0,0.0,0.0,4.0,14.0,36688.0,2018.0,1.5,1.0,199.0,3.0,0,1,0,1,0,1,0,2017
15982484,N,09/21/2017,04:16 PM,45,11,1,1,5,2,1,34,1.0,227,22,30.39832383,-97.71936984,FM,1325.0,6.369,FM1325,Y,N,2,THU,0.0,0.0,0.0,4.0,14.0,43120.0,2018.0,1.5,,,,0,1,0,1,0,1,0,2017
15982485,N,09/21/2017,05:12 PM,50,11,1,1,5,2,1,10,1.0,227,22,30.42918426,-97.75928622,US,183.0,310.873,US0183,Y,N,2,THU,16.0,20.0,36.0,6.0,12.0,149347.0,2018.0,1.9,,,,0,1,0,4,0,1,0,2017
15982520,N,09/23/2017,07:47 PM,70,11,3,1,20,2,4,22,1.0,227,22,30.19508482,-97.76681096,IH,35.0,228.391,IH0035,Y,N,2,SAT,24.0,24.0,42.0,6.0,11.0,170988.0,2018.0,10.7,,,,0,1,2,2,0,3,0,2017
15982529,N,09/24/2017,01:25 AM,-1,11,4,1,5,2,1,10,1.0,227,22,30.24080479,-97.73699458,IH,35.0,232.012,IH0035,Y,N,2,SUN,4.0,16.0,40.0,6.0,11.0,150700.0,2018.0,10.7,,,,0,1,0,2,1,1,0,2017
15982624,N,09/24/2017,02:21 PM,55,11,1,1,20,2,3,20,1.0,227,22,30.14808427,-97.79315743,IH,35.0,224.768,IH0035,Y,N,2,SUN,6.0,20.0,30.0,6.0,11.0,128785.0,2018.0,12.2,,,,0,1,0,1,0,1,0,2017