Crash_ID,Cmv_Involv_Fl,Crash_Date,Crash_Time,Crash_Speed_Limit,Wthr_Cond_ID,Light_Cond_ID,Surf_Cond_ID,Traffic_Cntl_ID,Harm_Evnt_ID,Intrsct_Relat_ID,FHE_Collsn_ID,Road_Relat_ID,Cnty_ID,City_ID,Latitude,Longitude,Hwy_Sys,Hwy_Nbr,Dfo,Street_Name,Onsys_Fl,Rural_Fl,Crash_Sev_ID,Day_of_Week,Shldr_Width_Left,Shldr_Width_Right,Median_Width,Nbr_Of_Lane,Func_Sys_ID,Adt_Curnt_Amt,Adt_Curnt_Year,Trk_Aadt_Pct,Curve_Type_ID,Curve_Lngth,Cd_Degr,Sus_Serious_Injry_Cnt,Nonincap_Injry_Cnt,Poss_Injry_Cnt,Non_Injry_Cnt,Unkn_Injry_Cnt,Tot_Injry_Cnt,Death_Cnt,Year
16080534,N,11/10/2017,12:30 PM,55,12,1,1,11,2,3,34,1.0,227,9999,30.45159457,-97.82920237,RM,620.0,16.472,RM0620,Y,Y,1,FRI,0.0,0.0,0.0,2.0,14.0,41321.0,2018.0,3.2,,,,1,1,1,4,0,3,0,2017
16082105,N,10/31/2017,08:27 PM,45,12,4,1,5,2,1,34,1.0,227,9999,30.45614013,-97.66644524,IH,35.0,247.829,IH0035,Y,Y,2,TUE,18.0,18.0,12.0,6.0,11.0,162734.0,2018.0,11.4,,,,0,2,0,2,0,2,0,2017
16082306,N,10/19/2017,08:30 AM,35,11,1,1,20,2,4,21,1.0,227,22,30.23251538,-97.79350755,US,290.0,114.374,US0290,Y,N,2,THU,20.0,20.0,10.0,7.0,12.0,127013.0,2018.0,2.7,1.0,297.0,3.0,0,1,0,2,0,1,0,2017
16083454,N,11/01/2017,01:46 AM,55,2,4,2,1,7,4,1,2.0,227,22,30.2349098,-97.82336525,US,290.0,112.515,US0290,Y,N,1,WED,20.0,20.0,42.0,5.0,12.0,77933.0,2018.0,3.6,1.0,361.0,1.0,1,0,0,0,0,1,0,2017
16083471,N,11/07/2017,12:48 PM,55,11,1,1,11,2,4,20,1.0,227,22,,,SH,360.0,,SH0360,Y,N,2,TUE,,,,,,,,,,,,0,1,0,1,0,1,0,2017
16083477,N,11/09/2017,07:48 PM,70,11,1,1,20,2,4,22,1.0,227,22,30.21277135,-97.75357326,IH,35.0,229.844,IH0035,Y,N,2,THU,4.0,20.0,3.0,6.0,11.0,148474.0,2018.0,11.3,1.0,301.0,0.0,0,1,0,0,1,1,0,2017
16083483,N,11/13/2017,05:29 PM,45,11,2,1,11,2,1,34,1.0,227,22,30.17767515,-97.82157489,FM,2304.0,1.754,FM2304,Y,N,2,MON,13.0,14.0,0.0,4.0,14.0,34274.0,2018.0,3.5,,,,0,1,0,3,0,1,0,2017
16083694,N,10/26/2017,12:08 PM,15,8,1,1,17,1,4,1,1.0,227,22,30.15648198,-97.83334709,FM,2304.0,3.423,FM2304,Y,N,2,THU,4.0,4.0,0.0,2.0,16.0,31291.0,2018.0,3.6,,,,0,2,0,3,0,2,0,2017
16083850,N,10/30/2017,01:42 PM,50,11,1,1,20,2,1,20,1.0,227,22,30.34398458,-97.70527827,US,183.0,318.201,US0183,Y,N,2,MON,20.0,20.0,24.0,6.0,12.0,139965.0,2018.0,3.6,,,,0,1,0,0,1,1,0,2017
16083853,N,11/06/2017,03:08 AM,-1,11,4,1,20,7,4,1,4.0,227,22,30.37952805,-97.73792267,SL,1.0,7.682,SL0001,Y,N,2,MON,20.0,20.0,36.0,5.0,12.0,97149.0,2018.0,1.6,,,,0,1,0,0,0,1,0,2017
16083873,N,11/15/2017,09:20 AM,45,12,1,1,20,2,3,10,1.0,227,22,30.26794965,-97.69621111,SL,111.0,1.119,SL0111,Y,N,2,WED,1.0,2.0,0.0,4.0,14.0,31328.0,2018.0,1.8,,,,0,1,0,1,1,1,0,2017
16084394,N,11/07/2017,06:17 PM,-1,11,4,1,11,2,4,22,1.0,227,22,30.23715375,-97.73917877,IH,35.0,231.729,IH0035,Y,N,2,TUE,4.0,20.0,3.0,6.0,11.0,150700.0,2018.0,10.7,,,,0,1,1,2,0,2,0,2017
16084405,N,11/13/2017,08:10 PM,45,11,4,1,20,10,4,1,4.0,227,22,30.25583161,-97.73694205,IH,35.0,233.082,IH0035,Y,N,1,MON,8.0,20.0,3.0,8.0,11.0,142856.0,2018.0,11.0,,,,1,0,0,0,0,1,0,2017
16084456,N,11/14/2017,09:42 AM,-1,11,1,1,20,2,4,20,1.0,227,22,30.30979855,-97.66161916,US,183.0,321.855,US0183,Y,N,1,TUE,16.0,16.0,36.0,4.0,12.0,57843.0,2018.0,3.2,1.0,490.0,1.0,1,0,0,4,0,1,0,2017
16084477,N,11/14/2017,06:20 PM,35,11,1,1,5,1,4,1,1.0,227,22,30.26667725,-97.73432608,IH,35.0,233.855,IH0035,Y,N,2,TUE,20.0,40.0,3.0,8.0,11.0,177389.0,2018.0,9.9,,,,0,1,0,1,0,1,0,2017
16086854,N,11/15/2017,03:51 PM,65,12,1,1,20,2,4,22,1.0,227,22,30.32768203,-97.67626447,US,183.0,320.284,US0183,Y,N,2,WED,16.0,20.0,70.0,4.0,12.0,65226.0,2018.0,6.6,1.0,190.0,0.0,0,4,0,0,0,4,0,2017
16086855,N,11/15/2017,05:30 PM,-1,11,5,1,20,2,4,20,1.0,227,22,30.36952518,-97.7420232,SL,1.0,8.412,SL0001,Y,N,2,WED,12.0,20.0,36.0,6.0,12.0,149361.0,2018.0,1.2,1.0,210.0,1.0,0,1,0,2,0,1,0,2017
16086859,N,11/15/2017,06:41 PM,35,11,4,1,5,1,2,1,1.0,227,22,30.26339563,-97.74449683,SL,343.0,4.54,SL0343,Y,N,2,WED,10.0,10.0,0.0,4.0,14.0,27900.0,2018.0,1.9,,,,0,1,0,1,0,1,0,2017
16086910,N,11/16/2017,09:23 AM,60,12,1,1,5,2,1,14,1.0,227,22,30.43553059,-97.73338411,FM,734.0,7.801,FM0734,Y,N,2,THU,8.0,20.0,36.0,6.0,14.0,49788.0,2018.0,3.9,,,,0,1,0,1,0,1,0,2017
16086916,N,11/16/2017,01:31 PM,-1,11,1,1,9,2,4,22,1.0,227,22,30.32212067,-97.70681763,IH,35.0,238.044,IH0035,Y,N,2,THU,8.0,20.0,24.0,8.0,11.0,199837.0,2018.0,9.4,,,,0,1,0,1,0,1,0,2017
16088848,N,11/12/2017,01:30 AM,-1,11,3,1,1,7,4,1,2.0,227,22,,,,,,FM2222,Y,N,2,SUN,,,,,,,,,,,,0,1,0,0,0,1,0,2017
16088853,N,11/15/2017,08:14 PM,-1,11,4,1,20,2,3,13,1.0,227,22,30.23411295,-97.6848488,US,183.0,327.764,US0183,Y,N,2,WED,6.0,10.0,36.0,4.0,14.0,100483.0,2018.0,5.5,1.0,52.0,1.0,0,1,0,1,0,1,0,2017
16088922,N,11/16/2017,03:52 PM,45,12,1,1,5,2,4,21,1.0,227,22,30.26695043,-97.73422583,IH,35.0,233.874,IH0035,Y,N,2,THU,20.0,40.0,3.0,8.0,11.0,177389.0,2018.0,9.9,,,,0,1,0,1,2,1,0,2017
16088945,N,11/17/2017,10:04 AM,55,12,1,1,5,2,1,10,1.0,227,22,30.21844988,-97.69098642,SH,71.0,127.204,SH0071,Y,N,1,FRI,4.0,5.0,44.0,6.0,12.0,70740.0,2018.0,4.0,,,,1,1,0,0,0,2,0,2017
16089007,N,11/17/2017,12:53 PM,45,11,1,1,5,2,2,22,1.0,227,22,30.33265675,-97.68670546,US,183.0,319.572,US0183,Y,N,2,FRI,4.0,10.0,24.0,5.0,12.0,65226.0,2018.0,6.6,,,,0,1,0,0,1,1,0,2017
16093550,Y,11/14/2017,03:46 PM,60,12,1,1,5,2,4,22,1.0,227,9999,30.24435257,-97.61993952,FM,973.0,26.08,FM0973,Y,Y,2,TUE,5.0,5.0,0.0,2.0,16.0,22301.0,2018.0,5.5,,,,0,1,0,1,0,1,0,2017
16093926,Y,11/19/2017,12:13 PM,-1,11,1,1,20,7,2,1,2.0,227,22,30.19278267,-97.76866631,IH,35.0,228.198,IH0035,Y,N,2,SUN,24.0,24.0,42.0,6.0,11.0,170988.0,2018.0,10.7,1.0,208.0,0.0,0,1,0,2,0,1,0,2017
16093970,N,11/05/2017,03:21 AM,-1,12,4,1,5,2,1,10,1.0,227,22,30.33256829,-97.68650517,US,183.0,319.585,US0183,Y,N,1,SUN,4.0,10.0,24.0,5.0,12.0,65226.0,2018.0,6.6,,,,2,0,0,1,0,2,0,2017
16093984,N,11/17/2017,06:00 PM,70,11,4,1,20,2,4,20,1.0,227,22,30.34382498,-97.59282192,SH,130.0,25.68,SH0130,Y,N,2,FRI,12.0,20.0,135.0,4.0,12.0,39424.0,2018.0,17.9,,,,0,1,0,2,0,1,0,2017
16094030,N,11/18/2017,05:25 AM,60,11,4,1,1,2,3,23,1.0,227,22,30.20377071,-97.64058644,SH,71.0,130.642,SH0071,Y,N,2,SAT,0.0,0.0,180.0,6.0,14.0,60929.0,2018.0,4.2,,,,0,2,0,1,0,2,0,2017
16094038,N,11/18/2017,05:18 PM,55,11,5,1,11,7,4,1,2.0,227,22,30.38797753,-97.76252309,SL,360.0,1.103,SL0360,Y,N,2,SAT,8.0,20.0,48.0,4.0,14.0,53584.0,2018.0,2.7,1.0,156.0,5.0,0,1,0,0,0,1,0,2017
16094042,N,11/18/2017,09:35 PM,-1,11,3,1,5,2,1,10,1.0,227,22,30.38503685,-97.76675153,SL,360.0,1.4269999999999998,SL0360,Y,N,2,SAT,8.0,20.0,48.0,4.0,14.0,53584.0,2018.0,2.7,1.0,104.0,2.0,0,1,0,2,0,1,0,2017
16094105,Y,11/20/2017,07:59 AM,65,11,1,1,20,2,4,20,1.0,227,22,30.30343877,-97.7584948,SL,1.0,13.115,SL0001,Y,N,1,MON,12.0,20.0,100.0,6.0,12.0,150574.0,2018.0,1.2,1.0,142.0,2.0,1,1,0,3,0,2,0,2017
16094191,N,11/04/2017,02:12 AM,-1,11,3,1,1,7,4,1,2.0,227,22,30.21295325,-97.70765114,SH,71.0,126.14,SH0071,Y,N,2,SAT,20.0,20.0,44.0,8.0,12.0,70740.0,2018.0,4.0,1.0,284.0,2.0,0,1,0,0,0,1,0,2017
16094277,N,11/13/2017,03:50 PM,45,11,1,1,5,2,1,10,1.0,227,22,30.23416839,-97.79634928,SL,360.0,13.767,SL0360,Y,N,2,MON,8.0,16.0,48.0,4.0,14.0,99537.0,2018.0,2.0,1.0,358.0,2.0,0,2,0,0,0,2,0,2017
16094278,N,11/17/2017,03:30 PM,45,11,1,1,5,2,2,23,1.0,227,22,30.27358955,-97.69791645,SL,111.0,0.718,SL0111,Y,N,2,FRI,1.0,2.0,0.0,4.0,14.0,31328.0,2018.0,1.8,,,,0,2,0,0,0,2,0,2017
16094284,N,11/17/2017,09:53 PM,-1,11,4,1,9,2,4,14,1.0,227,22,30.32827237,-97.65942166,US,290.0,128.01,US0290,Y,N,2,FRI,20.0,20.0,3.0,5.0,12.0,24503.0,2018.0,2.7,1.0,655.0,0.0,0,1,0,1,0,1,0,2017
16094287,N,11/18/2017,10:37 AM,60,11,1,1,20,2,4,21,1.0,227,22,30.21988232,-97.68817676,SH,71.0,127.399,SH0071,Y,N,2,SAT,10.0,10.0,52.0,6.0,12.0,70740.0,2018.0,4.0,,,,0,1,1,1,0,2,0,2017
16094288,N,11/18/2017,11:33 AM,60,11,1,1,11,2,4,20,1.0,227,22,30.28979434,-97.72288196,IH,35.0,235.594,IH0035,Y,N,2,SAT,8.0,20.0,24.0,8.0,11.0,202376.0,2018.0,9.3,,,,0,1,0,4,0,1,0,2017
16094289,N,11/18/2017,12:03 PM,75,11,1,1,11,10,4,1,1.0,227,22,30.42039108,-97.70423126,SL,1.0,3.976,SL0001,Y,N,2,SAT,20.0,20.0,36.0,6.0,12.0,97934.0,2018.0,8.4,,,,0,1,0,0,0,1,0,2017
16094347,N,11/13/2017,11:31 AM,50,11,1,1,5,2,4,22,1.0,227,22,30.44032537,-97.69827652,SL,1.0,2.5580000000000003,SL0001,Y,N,2,MON,20.0,20.0,36.0,6.0,12.0,64650.0,2018.0,2.0,,,,0,1,0,2,0,1,0,2017
16094391,N,11/20/2017,01:18 PM,-1,11,1,1,1,7,4,3,5.0,227,22,,,IH,35.0,,IH0035,Y,N,2,MON,,,,,,,,,,,,0,1,0,0,0,1,0,2017
16094392,N,11/20/2017,07:40 AM,55,11,1,1,1,2,4,30,1.0,227,22,30.23520111,-97.86095082,US,290.0,110.239,US0290,Y,N,2,MON,6.0,6.0,0.0,4.0,14.0,72290.0,2018.0,2.7,,,,0,1,1,0,0,2,0,2017
16096112,N,11/07/2017,08:17 AM,60,12,1,2,1,10,4,1,1.0,227,9999,30.23312032,-97.91962913,US,290.0,106.566,US0290,Y,Y,2,TUE,0.0,6.0,0.0,4.0,14.0,37680.0,2018.0,2.9,,,,0,1,0,0,0,1,0,2017
16096815,N,11/20/2017,07:44 PM,60,11,4,1,20,1,4,1,1.0,227,22,30.33666486,-97.70170679,IH,35.0,239.103,IH0035,Y,N,4,MON,20.0,20.0,3.0,6.0,11.0,199837.0,2018.0,9.4,1.0,409.0,1.0,0,0,0,2,0,0,1,2017
16096818,N,11/20/2017,02:28 PM,40,11,1,1,20,2,4,20,1.0,227,22,30.28109394,-97.70304378,SL,111.0,0.116,SL0111,Y,N,2,MON,1.0,2.0,0.0,4.0,14.0,31328.0,2018.0,1.8,,,,0,1,0,2,0,1,0,2017
16097105,N,11/19/2017,02:34 PM,50,11,1,1,5,2,2,22,1.0,227,250,30.35222153,-97.96262225,RM,620.0,3.711,RM0620,Y,N,2,SUN,8.0,8.0,0.0,4.0,14.0,50317.0,2018.0,3.1,1.0,96.0,2.0,0,3,1,0,0,4,0,2017
16097952,N,11/13/2017,01:31 AM,65,11,3,1,1,2,4,30,1.0,227,1016,30.351218100000004,-97.47919079,US,290.0,138.97299999999998,US0290,Y,N,1,MON,8.0,20.0,68.0,4.0,2.0,30629.0,2018.0,8.5,,,,1,1,0,0,0,2,0,2017
16098194,N,11/21/2017,07:56 PM,55,11,4,1,20,2,4,20,1.0,227,372,30.47749916,-97.67305487,IH,35.0,249.35,IH0035,Y,N,2,TUE,16.0,20.0,3.0,6.0,11.0,162734.0,2018.0,11.4,,,,0,1,0,6,0,1,0,2017
16098397,N,11/16/2017,09:29 AM,80,11,1,1,20,10,4,1,2.0,227,9999,30.08185878,-97.71517012,SH,45.0,47.424,SH0045,Y,Y,1,THU,12.0,20.0,50.0,4.0,12.0,15510.0,2018.0,6.8,,,,1,0,1,0,0,2,0,2017
16099263,N,11/17/2017,01:07 PM,70,11,1,1,20,2,4,21,1.0,227,22,30.15383979,-97.79135035,IH,35.0,225.178,IH0035,Y,N,2,FRI,6.0,20.0,30.0,6.0,11.0,128785.0,2018.0,12.2,,,,0,2,0,2,0,2,0,2017
16099270,N,11/21/2017,12:20 PM,35,11,1,1,11,7,4,1,4.0,227,22,,,SH,130.0,,SH0130,Y,N,2,TUE,,,,,,,,,,,,0,1,0,0,0,1,0,2017
16099277,N,11/21/2017,02:21 PM,-1,11,1,1,11,2,3,13,1.0,227,22,30.36684503,-97.74281664,SL,1.0,8.602,SL0001,Y,N,2,TUE,12.0,20.0,36.0,6.0,12.0,149361.0,2018.0,1.2,1.0,210.0,1.0,0,1,1,3,0,2,0,2017
16099280,N,11/21/2017,02:43 PM,35,11,1,1,5,2,1,10,1.0,227,22,30.23584683,-97.825427,US,290.0,112.375,US0290,Y,N,2,TUE,20.0,20.0,42.0,5.0,12.0,68372.0,2018.0,2.7,1.0,361.0,1.0,0,3,0,1,0,3,0,2017
16099344,N,11/21/2017,04:43 PM,-1,11,1,1,20,2,4,22,1.0,227,22,30.30660167,-97.71221828,IH,35.0,236.913,IH0035,Y,N,2,TUE,8.0,20.0,24.0,8.0,11.0,196302.0,2018.0,9.5,1.0,73.0,0.0,0,1,1,2,0,2,0,2017
16099356,N,11/22/2017,03:08 AM,60,11,3,1,11,10,4,1,2.0,227,22,30.22989228,-97.68298745,US,183.0,328.076,US0183,Y,N,2,WED,5.0,11.0,36.0,5.0,14.0,100483.0,2018.0,5.5,,,,0,1,0,0,0,1,0,2017
16105164,N,11/19/2017,06:02 PM,60,11,3,1,8,2,1,14,1.0,227,9999,30.14562988,-97.67339325,FM,812.0,2.096,FM0812,Y,Y,2,SUN,10.0,10.0,0.0,2.0,16.0,17216.0,2018.0,6.7,1.0,236.0,7.0,0,1,1,0,0,2,0,2017
16106121,N,11/22/2017,12:09 PM,55,11,1,1,1,2,4,20,1.0,227,22,30.40601117,-97.67500234,IH,35.0,244.33900000000003,IH0035,Y,N,2,WED,8.0,20.0,3.0,6.0,11.0,159315.0,2018.0,11.5,1.0,411.0,1.0,0,3,0,0,1,3,0,2017
16106123,N,11/23/2017,12:52 PM,35,11,1,1,5,2,1,10,1.0,227,22,30.23261511,-97.7937156,US,290.0,114.36,US0290,Y,N,1,THU,20.0,20.0,10.0,7.0,12.0,127013.0,2018.0,2.7,1.0,297.0,3.0,1,0,0,4,0,1,0,2017
16106129,N,11/25/2017,02:20 AM,-1,12,4,1,20,10,4,1,1.0,227,22,30.38803607,-97.67255259999999,IH,35.0,243.061,IH0035,Y,N,2,SAT,8.0,20.0,3.0,6.0,11.0,159315.0,2018.0,11.5,,,,0,1,0,0,0,1,0,2017
16106130,N,11/25/2017,10:13 AM,-1,11,1,1,5,2,1,34,1.0,227,22,30.27680779,-97.63726807,FM,969.0,4.131,FM0969,Y,N,2,SAT,4.0,4.0,0.0,4.0,14.0,20957.0,2018.0,6.4,1.0,256.0,3.0,0,1,0,5,0,1,0,2017
16106132,N,11/25/2017,09:28 PM,-1,11,4,1,1,2,1,23,1.0,227,22,30.21940325,-97.75698027,US,290.0,116.797,US0290,Y,N,2,SAT,20.0,20.0,20.0,6.0,12.0,140123.0,2018.0,2.6,,,,0,1,1,2,0,2,0,2017
16106199,N,11/05/2017,02:17 PM,45,11,1,1,5,2,1,10,1.0,227,22,30.23417061,-97.79635183,SL,360.0,13.767,SL0360,Y,N,2,SUN,8.0,16.0,48.0,4.0,14.0,99537.0,2018.0,2.0,1.0,358.0,2.0,0,1,0,1,0,1,0,2017
16106200,N,11/10/2017,05:20 PM,55,11,1,1,1,2,4,22,1.0,227,22,30.41739627,-97.67285624,IH,35.0,245.132,IH0035,Y,N,2,FRI,8.0,20.0,3.0,6.0,11.0,134367.0,2018.0,12.4,,,,0,2,0,3,0,2,0,2017
16106211,N,11/21/2017,12:29 AM,40,11,4,1,11,2,1,10,1.0,227,22,30.33917999,-97.70010376,IH,35.0,239.3,IH0035,Y,N,2,TUE,20.0,20.0,3.0,6.0,11.0,145168.0,2018.0,11.9,,,,0,1,0,2,0,1,0,2017
16106212,N,11/21/2017,06:00 AM,-1,11,4,1,17,2,2,12,1.0,227,22,30.33253726,-97.68643491,US,183.0,319.59,US0183,Y,N,2,TUE,4.0,10.0,24.0,5.0,12.0,65226.0,2018.0,6.6,,,,0,1,0,1,0,1,0,2017
16106216,N,11/21/2017,08:38 PM,-1,11,4,1,8,5,2,1,1.0,227,22,30.3610998,-97.69810231,SL,275.0,4.702,SL0275,Y,N,2,TUE,0.0,0.0,0.0,4.0,14.0,37689.0,2018.0,1.2,,,,0,1,0,0,1,1,0,2017
16106338,N,11/10/2017,06:07 PM,65,11,4,1,5,2,2,22,1.0,227,22,30.11249454,-97.80701788,IH,35.0,222.183,IH0035,Y,N,2,FRI,6.0,20.0,20.0,6.0,11.0,131087.0,2018.0,12.1,1.0,84.0,0.0,0,1,0,1,0,1,0,2017
16106353,N,11/23/2017,10:39 PM,45,11,4,1,20,2,4,30,1.0,227,22,30.28502537,-97.68808044,FM,969.0,0.964,FM0969,Y,N,4,THU,0.0,0.0,0.0,4.0,14.0,16460.0,2018.0,6.7,,,,0,1,0,0,0,1,1,2017
16106399,N,11/24/2017,05:30 PM,55,11,3,1,1,2,1,10,1.0,227,22,,,SH,71.0,,SH0071,Y,N,2,FRI,,,,,,,,,,,,0,1,0,6,0,1,0,2017
16106400,N,11/24/2017,05:18 PM,-1,11,1,1,1,2,4,22,1.0,227,22,30.19148753,-97.76970666,IH,35.0,228.08900000000003,IH0035,Y,N,2,FRI,24.0,24.0,42.0,6.0,11.0,170988.0,2018.0,10.7,,,,0,3,0,0,0,3,0,2017
16106513,N,11/26/2017,01:07 PM,65,11,1,1,8,2,2,14,1.0,227,22,30.18705703,-97.91351275,SH,45.0,1.816,SH0045,Y,N,2,SUN,12.0,20.0,40.0,4.0,16.0,16410.0,2018.0,11.7,,,,0,4,0,1,0,4,0,2017
16106517,N,11/26/2017,04:14 PM,55,11,1,1,1,7,4,1,2.0,227,22,,,US,183.0,,US0183,Y,N,2,SUN,,,,,,,,,,,,0,1,0,0,0,1,0,2017
16106551,N,11/27/2017,07:36 AM,45,11,1,1,20,2,4,21,1.0,227,22,30.344413399999997,-97.7060083,US,183.0,318.149,US0183,Y,N,2,MON,13.0,23.0,8.0,6.0,12.0,139965.0,2018.0,3.6,,,,0,2,0,0,1,2,0,2017
16106623,N,11/18/2017,04:22 PM,55,11,1,1,5,2,4,20,1.0,227,330,30.471808600000003,-97.59271701,SH,130.0,16.566,SH0130,Y,N,2,SAT,8.0,20.0,135.0,4.0,12.0,45033.0,2018.0,17.2,1.0,556.0,1.0,0,3,0,4,0,3,0,2017
16106750,N,11/05/2017,06:46 PM,35,11,3,1,1,2,4,20,1.0,227,22,30.22402438,-97.76549843,US,290.0,116.196,US0290,Y,N,2,SUN,20.0,20.0,42.0,6.0,12.0,140123.0,2018.0,2.6,,,,0,1,0,2,0,1,0,2017
16109017,N,10/26/2017,08:10 PM,65,11,3,1,20,2,4,20,1.0,227,22,30.35088769,-97.74916952,SL,1.0,9.771,SL0001,Y,N,1,THU,12.0,20.0,36.0,6.0,12.0,148872.0,2018.0,1.2,,,,1,1,0,4,0,2,0,2017
16109856,N,11/21/2017,07:56 PM,55,11,4,1,5,2,2,22,1.0,227,9999,30.49937462,-97.58161665,SH,130.0,14.536,SH0130,Y,Y,2,TUE,8.0,20.0,135.0,4.0,12.0,38706.0,2018.0,17.5,1.0,470.0,0.0,0,2,0,0,0,2,0,2017
16110733,N,11/27/2017,02:56 PM,65,11,1,1,5,2,2,22,1.0,227,22,30.18286075,-97.68758604,US,183.0,331.336,US0183,Y,N,2,MON,12.0,20.0,36.0,4.0,14.0,34458.0,2018.0,6.7,,,,0,1,0,1,0,1,0,2017
16110982,N,11/11/2017,03:31 PM,-1,11,1,1,11,7,4,1,4.0,227,22,30.38441194,-97.74253268,US,183.0,314.392,US0183,Y,N,4,SAT,20.0,20.0,36.0,6.0,12.0,146786.0,2018.0,1.9,,,,1,0,1,1,0,2,3,2017
16111395,N,10/16/2017,07:55 PM,55,11,4,1,5,2,1,34,1.0,227,22,30.29123037,-97.62799727,FM,3177.0,3.5460000000000003,FM3177,Y,N,2,MON,10.0,10.0,0.0,4.0,17.0,11798.0,2018.0,6.1,,,,0,1,1,1,1,2,0,2017
16111415,N,11/19/2017,05:51 PM,45,11,3,1,1,2,4,30,1.0,227,22,30.233781300000004,-97.87317557,US,290.0,109.489,US0290,Y,N,2,SUN,0.0,6.0,25.0,4.0,14.0,72290.0,2018.0,2.7,,,,0,2,0,3,0,2,0,2017
16111493,N,11/23/2017,08:10 PM,65,11,4,1,20,2,4,20,1.0,227,22,30.34954932,-97.71337387,US,183.0,317.559,US0183,Y,N,1,THU,20.0,20.0,8.0,6.0,12.0,138247.0,2018.0,3.6,,,,2,0,1,2,0,3,0,2017
16111514,N,11/27/2017,07:03 AM,50,12,1,1,11,2,3,20,1.0,227,22,30.21273019,-97.71498586,SH,71.0,125.694,SH0071,Y,N,2,MON,20.0,20.0,44.0,8.0,12.0,85342.0,2018.0,3.6,,,,0,1,0,1,0,1,0,2017
16111531,N,11/28/2017,04:23 PM,70,11,1,1,20,2,4,22,1.0,227,372,30.47864261,-97.67341594,IH,35.0,249.432,IH0035,Y,N,2,TUE,16.0,20.0,3.0,6.0,11.0,162734.0,2018.0,11.4,,,,0,3,0,0,0,3,0,2017
16111690,N,11/28/2017,06:59 AM,50,11,2,1,5,2,1,10,1.0,227,22,30.24915123,-97.80529785,SL,1.0,18.057,SL0001,Y,N,2,TUE,12.0,20.0,500.0,6.0,12.0,153269.0,2018.0,1.2,,,,0,1,0,3,0,1,0,2017
16111849,N,11/28/2017,01:48 PM,45,11,1,1,11,2,3,34,1.0,227,22,30.32217617,-97.70650651,US,290.0,125.12,US0290,Y,N,2,TUE,12.0,20.0,24.0,5.0,12.0,55306.0,2018.0,6.3,,,,0,1,0,1,0,1,0,2017
16111852,N,11/28/2017,01:52 PM,60,11,1,1,1,2,4,22,1.0,227,22,30.27820248,-97.73007605,IH,35.0,234.688,IH0035,Y,N,2,TUE,20.0,40.0,3.0,8.0,11.0,202376.0,2018.0,9.3,1.0,119.0,0.0,0,1,0,3,0,1,0,2017
16111942,N,11/28/2017,08:55 PM,50,11,4,1,17,2,1,10,1.0,227,22,30.32556534,-97.67331696,US,183.0,320.512,US0183,Y,N,1,TUE,16.0,20.0,70.0,4.0,12.0,55986.0,2018.0,7.2,,,,1,0,0,1,0,1,0,2017
16111954,N,11/28/2017,08:47 AM,-1,11,1,1,5,2,1,34,1.0,227,22,30.44389256,-97.74235428,FM,734.0,7.002999999999999,FM0734,Y,N,2,TUE,8.0,20.0,36.0,6.0,14.0,55456.0,2018.0,3.8,,,,0,2,0,1,0,2,0,2017
16115172,N,10/07/2017,12:19 AM,45,11,4,1,20,7,4,1,4.0,227,22,30.33874136,-97.69931347,US,183.0,318.712,US0183,Y,N,2,SAT,20.0,20.0,24.0,6.0,12.0,61688.0,2018.0,6.9,1.0,163.0,2.0,0,1,0,0,0,1,0,2017
16115173,N,11/14/2017,10:51 AM,55,11,1,1,5,2,1,10,1.0,227,22,30.41327488,-97.69063138,FM,734.0,10.778,FM0734,Y,N,2,TUE,10.0,20.0,36.0,6.0,14.0,56464.0,2018.0,3.8,,,,0,2,0,1,0,2,0,2017
16115822,N,11/19/2017,07:17 AM,50,12,1,1,20,7,4,1,4.0,227,22,30.33405557,-97.68982756,US,183.0,319.363,US0183,Y,N,2,SUN,4.0,10.0,24.0,5.0,12.0,61688.0,2018.0,6.9,,,,0,1,1,0,0,2,0,2017
16115875,N,11/27/2017,10:05 PM,45,11,4,1,20,2,2,22,1.0,227,22,30.27848245,-97.72994276,IH,35.0,234.708,IH0035,Y,N,2,MON,20.0,40.0,3.0,8.0,11.0,202376.0,2018.0,9.3,,,,0,1,0,3,0,1,0,2017
16115885,N,11/28/2017,10:35 PM,65,11,4,1,1,2,4,22,1.0,227,22,30.20999386,-97.75523316,IH,35.0,229.629,IH0035,Y,N,2,TUE,4.0,20.0,3.0,6.0,11.0,148474.0,2018.0,11.3,1.0,301.0,0.0,0,2,0,5,0,2,0,2017
16115937,N,11/29/2017,02:52 PM,65,11,1,1,20,2,4,20,1.0,227,22,30.36986498,-97.7418873,SL,1.0,8.387,SL0001,Y,N,2,WED,12.0,20.0,36.0,6.0,12.0,149361.0,2018.0,1.2,,,,0,2,0,1,0,2,0,2017
16115944,N,11/29/2017,05:45 PM,-1,11,5,1,1,2,4,20,1.0,227,22,30.23400672,-97.87089603,US,290.0,109.626,US0290,Y,N,2,WED,6.0,6.0,0.0,4.0,14.0,72290.0,2018.0,2.7,1.0,310.0,2.0,0,1,0,3,0,1,0,2017
16115949,N,11/29/2017,09:00 PM,65,11,3,1,1,2,2,20,1.0,227,22,30.37190015,-97.72359329,US,183.0,315.838,US0183,Y,N,2,WED,20.0,20.0,8.0,6.0,12.0,138365.0,2018.0,3.6,,,,0,2,0,2,0,2,0,2017