Crash_ID,Cmv_Involv_Fl,Crash_Date,Crash_Time,Crash_Speed_Limit,Wthr_Cond_ID,Light_Cond_ID,Surf_Cond_ID,Traffic_Cntl_ID,Harm_Evnt_ID,Intrsct_Relat_ID,FHE_Collsn_ID,Road_Relat_ID,Cnty_ID,City_ID,Latitude,Longitude,Hwy_Sys,Hwy_Nbr,Dfo,Street_Name,Onsys_Fl,Rural_Fl,Crash_Sev_ID,Day_of_Week,Shldr_Width_Left,Shldr_Width_Right,Median_Width,Nbr_Of_Lane,Func_Sys_ID,Adt_Curnt_Amt,Adt_Curnt_Year,Trk_Aadt_Pct,Curve_Type_ID,Curve_Lngth,Cd_Degr,Sus_Serious_Injry_Cnt,Nonincap_Injry_Cnt,Poss_Injry_Cnt,Non_Injry_Cnt,Unkn_Injry_Cnt,Tot_Injry_Cnt,Death_Cnt,Year
16115951,N,11/29/2017,11:35 PM,55,11,4,1,1,2,4,20,1.0,227,22,30.21232633,-97.75383921,IH,35.0,229.81,IH0035,Y,N,2,WED,4.0,20.0,3.0,6.0,11.0,148474.0,2018.0,11.3,1.0,301.0,0.0,0,1,0,3,0,1,0,2017
16116005,N,11/30/2017,10:19 AM,55,11,1,1,9,2,1,14,1.0,227,22,30.2347883,-97.82510066,SL,1.0,19.652,SL0001,Y,N,2,THU,20.0,20.0,60.0,6.0,12.0,83195.0,2018.0,1.6,1.0,240.0,3.0,0,1,0,1,0,1,0,2017
16116718,N,11/25/2017,02:06 PM,55,11,1,1,20,7,4,1,2.0,227,9999,30.38936608,-97.94088165,RM,620.0,6.664,RM0620,Y,Y,2,SAT,8.0,8.0,0.0,4.0,14.0,37016.0,2018.0,3.4,,,,0,1,0,0,0,1,0,2017
16118746,N,11/28/2017,10:14 AM,50,11,1,1,20,2,3,14,1.0,227,9999,30.132173100000003,-97.85611184,FM,1626.0,4.089,FM1626,Y,Y,2,TUE,1.0,1.0,0.0,2.0,16.0,21273.0,2018.0,3.8,,,,0,1,1,0,0,2,0,2017
16118750,N,11/29/2017,04:20 PM,-1,11,1,1,1,2,2,22,1.0,227,9999,30.22687225,-97.63098594,FM,973.0,27.45,FM0973,Y,Y,2,WED,5.0,5.0,0.0,2.0,16.0,16700.0,2018.0,6.1,,,,0,1,0,1,0,1,0,2017
16119651,N,11/21/2017,04:05 PM,40,11,1,1,20,2,4,20,1.0,227,22,30.21236288,-97.71221161,SH,71.0,125.861,SH0071,Y,N,2,TUE,20.0,20.0,44.0,8.0,12.0,70740.0,2018.0,4.0,1.0,284.0,2.0,0,1,2,1,0,3,0,2017
16119681,N,12/01/2017,04:19 PM,50,11,1,1,5,2,1,34,1.0,227,250,30.34090717,-97.96863564,RM,620.0,2.846,RM0620,Y,N,2,FRI,8.0,8.0,0.0,5.0,14.0,50317.0,2018.0,3.1,,,,0,2,0,2,0,2,0,2017
16119759,N,12/01/2017,11:55 AM,60,11,1,1,20,2,4,22,1.0,227,22,30.30662949,-97.71220034,IH,35.0,236.915,IH0035,Y,N,2,FRI,8.0,20.0,24.0,8.0,11.0,196302.0,2018.0,9.5,1.0,73.0,0.0,0,2,1,0,0,3,0,2017
16119820,Y,12/02/2017,04:17 AM,70,11,4,1,1,2,4,21,1.0,227,22,30.11957626,-97.80416032,IH,35.0,222.7,IH0035,Y,N,2,SAT,6.0,20.0,20.0,6.0,11.0,135389.0,2018.0,11.8,1.0,103.0,0.0,0,1,0,1,0,1,0,2017
16119849,N,12/02/2017,06:30 PM,55,11,4,1,5,2,2,22,1.0,227,22,30.19047436,-97.77050875,IH,35.0,228.004,IH0035,Y,N,2,SAT,24.0,24.0,42.0,6.0,11.0,170988.0,2018.0,10.7,,,,0,2,0,1,0,2,0,2017
16119853,N,12/02/2017,03:27 PM,60,11,1,1,20,2,4,20,1.0,227,22,30.2400079,-97.73748566,IH,35.0,231.949,IH0035,Y,N,2,SAT,4.0,20.0,3.0,6.0,11.0,150700.0,2018.0,10.7,,,,0,1,0,3,0,1,0,2017
16119920,N,12/03/2017,03:22 PM,60,12,1,2,20,2,4,21,1.0,227,22,30.28756545,-97.72432405,IH,35.0,235.418,IH0035,Y,N,1,SUN,20.0,40.0,3.0,8.0,11.0,202376.0,2018.0,9.3,,,,2,0,0,3,0,2,0,2017
16120082,N,12/03/2017,04:22 PM,-1,12,1,1,20,1,4,1,1.0,227,22,30.43143975,-97.67019487,IH,35.0,246.111,IH0035,Y,N,4,SUN,8.0,20.0,3.0,6.0,11.0,132719.0,2018.0,12.4,,,,0,0,0,2,0,0,1,2017
16120084,N,12/04/2017,12:16 PM,-1,11,1,1,8,2,2,13,1.0,227,22,30.26853177,-97.73361753,IH,35.0,233.989,IH0035,Y,N,2,MON,20.0,40.0,3.0,8.0,11.0,177389.0,2018.0,9.9,,,,0,1,0,6,0,1,0,2017
16120212,N,11/23/2017,05:04 AM,65,11,3,1,20,7,4,1,2.0,227,22,30.17318916,-97.88800049,SL,1.0,25.565,SL0001,Y,N,2,THU,12.0,20.0,325.0,4.0,14.0,24757.0,2018.0,1.5,,,,0,1,0,0,0,1,0,2017
16120805,N,11/26/2017,09:26 PM,-1,11,4,1,20,2,4,30,1.0,227,9999,30.34018515,-98.04126111,SH,71.0,102.254,SH0071,Y,Y,1,SUN,2.0,2.0,0.0,4.0,2.0,37755.0,2018.0,3.3,,,,2,1,0,1,0,3,0,2017
16120963,N,11/30/2017,10:29 PM,50,11,4,1,5,2,2,22,1.0,227,538,30.30697342,-97.9408044,SH,71.0,108.953,SH0071,Y,Y,2,THU,0.0,0.0,26.0,6.0,14.0,51884.0,2018.0,3.0,1.0,169.0,3.0,0,1,0,5,1,1,0,2017
16122678,N,11/30/2017,10:07 AM,50,11,1,1,20,2,3,20,1.0,227,22,30.16072503,-97.78928455,IH,35.0,225.667,IH0035,Y,N,2,THU,6.0,20.0,30.0,6.0,11.0,128785.0,2018.0,12.2,,,,0,2,0,1,0,2,0,2017
16122699,N,12/05/2017,07:41 AM,55,12,1,2,1,2,4,30,1.0,227,22,30.36010719,-97.79294387,RM,2222.0,5.0360000000000005,RM2222,Y,N,2,TUE,8.0,8.0,0.0,4.0,14.0,51893.0,2018.0,3.1,,,,0,1,0,1,0,1,0,2017
16122922,N,11/29/2017,04:29 PM,70,11,1,1,20,2,4,20,1.0,227,22,30.22024503,-97.68741638,SH,71.0,127.451,SH0071,Y,N,2,WED,10.0,10.0,52.0,6.0,12.0,70740.0,2018.0,4.0,,,,0,1,0,1,0,1,0,2017
16122931,N,12/04/2017,03:07 PM,-1,11,1,1,8,2,1,10,1.0,227,22,30.34774163,-97.71247936,SL,275.0,5.977,SL0275,Y,N,2,MON,2.0,20.0,12.0,4.0,14.0,37706.0,2018.0,1.2,,,,0,2,4,0,0,6,0,2017
16123141,N,12/04/2017,03:39 PM,60,11,1,1,20,2,4,22,1.0,227,9999,30.23340013,-97.91803882,US,290.0,106.663,US0290,Y,Y,2,MON,0.0,6.0,0.0,4.0,14.0,37680.0,2018.0,2.9,,,,0,2,0,6,0,2,0,2017
16123163,N,12/02/2017,04:32 PM,60,11,1,1,5,2,1,34,1.0,227,9999,30.39433801,-97.86915549,RM,620.0,11.626,RM0620,Y,Y,2,SAT,8.0,8.0,0.0,4.0,14.0,46442.0,2018.0,3.2,1.0,161.0,0.0,0,1,0,5,0,1,0,2017
16123312,N,11/12/2017,02:22 AM,60,11,3,1,12,2,4,30,1.0,227,9999,30.12403657,-97.63929191,FM,812.0,4.68,FM0812,Y,Y,1,SUN,10.0,10.0,0.0,2.0,6.0,13167.0,2018.0,7.0,,,,2,0,1,0,0,3,0,2017
16123392,Y,11/29/2017,02:44 AM,80,11,4,1,20,2,4,21,1.0,227,9999,30.171367,-97.64287402,SH,130.0,39.271,SH0130,Y,Y,2,WED,12.0,20.0,135.0,4.0,12.0,31038.0,2018.0,20.5,,,,0,2,0,1,0,2,0,2017
16123406,N,11/25/2017,04:27 AM,60,11,3,1,20,7,4,1,2.0,227,9999,30.41621022,-97.50840188,FM,973.0,11.26,FM0973,Y,Y,2,SAT,10.0,10.0,0.0,2.0,6.0,7068.0,2018.0,8.1,1.0,146.0,0.0,0,1,0,0,0,1,0,2017
16124542,N,11/14/2017,12:15 PM,45,11,1,1,1,6,4,1,1.0,227,22,30.40870788,-97.68088175,FM,734.0,11.438,FM0734,Y,N,2,TUE,10.0,10.0,16.0,6.0,14.0,63366.0,2018.0,3.7,,,,0,1,0,0,0,1,0,2017
16126824,N,11/30/2017,09:45 PM,55,11,4,1,5,2,1,10,1.0,227,22,30.21621427,-97.7440169,SH,71.0,123.943,SH0071,Y,N,2,THU,20.0,20.0,32.0,6.0,12.0,122565.0,2018.0,3.2,,,,0,3,0,1,0,3,0,2017
16127651,N,11/30/2017,11:37 AM,55,12,1,1,20,2,4,20,1.0,227,22,30.38152774,-97.77373647,SL,360.0,1.909,SL0360,Y,N,2,THU,8.0,20.0,48.0,4.0,14.0,54706.0,2018.0,2.6,1.0,142.0,2.0,0,6,0,2,0,6,0,2017
16127654,N,12/01/2017,03:55 PM,55,11,1,1,21,2,1,10,1.0,227,22,30.32212067,-97.70681763,IH,35.0,238.044,IH0035,Y,N,2,FRI,8.0,20.0,24.0,8.0,11.0,199837.0,2018.0,9.4,,,,0,2,0,1,0,2,0,2017
16127798,N,12/05/2017,05:40 PM,-1,11,4,1,20,2,4,20,1.0,227,22,30.39728417,-97.73213045,SL,1.0,6.41,SL0001,Y,N,2,TUE,24.0,20.0,36.0,6.0,12.0,112347.0,2018.0,1.6,1.0,386.0,1.0,0,1,0,3,0,1,0,2017
16127804,N,12/05/2017,07:51 PM,-1,11,4,1,5,2,1,10,1.0,227,22,30.27848185,-97.72994304,IH,35.0,234.708,IH0035,Y,N,2,TUE,20.0,40.0,3.0,8.0,11.0,202376.0,2018.0,9.3,,,,0,1,0,2,0,1,0,2017
16127807,N,12/05/2017,09:40 PM,-1,11,4,1,20,2,2,13,1.0,227,22,30.32274604,-97.81435611,SL,360.0,6.711,SL0360,Y,N,2,TUE,8.0,20.0,60.0,4.0,14.0,53846.0,2018.0,2.7,1.0,189.0,3.0,0,1,0,2,0,1,0,2017
16127831,N,12/02/2017,10:43 AM,55,11,1,1,20,10,4,1,2.0,227,9999,30.15899639,-97.68202976,FM,812.0,0.742,FM0812,Y,Y,2,SAT,0.0,0.0,0.0,4.0,16.0,14493.0,2018.0,6.9,,,,0,1,0,0,0,1,0,2017
16127845,N,12/06/2017,06:41 AM,50,2,4,2,5,2,1,10,1.0,227,22,30.36319328,-97.71752846,US,183.0,316.589,US0183,Y,N,2,WED,20.0,20.0,8.0,6.0,12.0,138247.0,2018.0,3.6,1.0,131.0,3.0,0,1,0,1,0,1,0,2017
16127855,Y,12/06/2017,08:32 AM,50,2,1,2,5,2,2,22,1.0,227,22,30.33908038,-97.70017356,IH,35.0,239.292,IH0035,Y,N,2,WED,20.0,20.0,3.0,6.0,11.0,145168.0,2018.0,11.9,,,,0,1,0,1,0,1,0,2017
16127867,N,12/06/2017,11:20 AM,45,2,1,2,5,2,1,34,1.0,227,22,30.27355096,-97.69790467,SL,111.0,0.721,SL0111,Y,N,2,WED,1.0,2.0,0.0,4.0,14.0,31328.0,2018.0,1.8,,,,0,1,0,1,0,1,0,2017
16127932,N,12/06/2017,04:45 PM,45,2,1,2,5,2,3,10,1.0,227,22,30.36311394,-97.71750443,US,183.0,316.595,US0183,Y,N,2,WED,20.0,20.0,8.0,6.0,12.0,138247.0,2018.0,3.6,1.0,131.0,3.0,0,1,0,1,0,1,0,2017
16127940,N,12/06/2017,06:21 PM,45,2,4,2,5,2,1,34,1.0,227,22,30.20002214,-97.80744779,FM,2304.0,0.001,FM2304,Y,N,2,WED,13.0,14.0,0.0,4.0,14.0,35199.0,2018.0,3.5,1.0,71.0,3.0,0,1,0,1,0,1,0,2017
16127972,N,12/06/2017,06:39 PM,-1,2,3,2,20,2,4,22,1.0,227,22,30.34120072,-97.69883937,IH,35.0,239.459,IH0035,Y,N,2,WED,20.0,20.0,3.0,6.0,11.0,145168.0,2018.0,11.9,,,,0,1,0,3,1,1,0,2017
16127986,N,12/06/2017,02:52 PM,55,2,1,2,5,2,2,32,1.0,227,22,30.27604953,-97.66789193,US,183.0,324.2270000000001,US0183,Y,N,2,WED,18.0,16.0,36.0,4.0,14.0,67460.0,2018.0,6.6,,,,0,1,0,2,0,1,0,2017
16127989,N,12/07/2017,12:40 AM,55,2,4,2,5,2,2,22,1.0,227,22,30.24815962,-97.73538065,IH,35.0,232.546,IH0035,Y,N,2,THU,4.0,10.0,3.0,6.0,11.0,142856.0,2018.0,11.0,1.0,238.0,3.0,0,2,0,1,0,2,0,2017
16128776,N,12/06/2017,06:22 PM,50,2,4,2,5,2,1,34,1.0,227,330,30.45078181,-97.60498725,FM,685.0,6.848,FM0685,Y,N,2,WED,4.0,4.0,14.0,4.0,16.0,29334.0,2018.0,4.3,,,,0,1,0,2,0,1,0,2017
16129310,N,12/01/2017,07:45 PM,-1,11,4,1,20,2,4,20,1.0,227,22,,,IH,35.0,,IH0035,Y,N,2,FRI,,,,,,,,,,,,0,1,1,1,0,2,0,2017
16129324,N,12/07/2017,11:12 AM,65,12,1,2,20,7,4,1,2.0,227,22,30.35008901,-97.74933704,SL,1.0,9.827,SL0001,Y,N,2,THU,12.0,20.0,36.0,6.0,12.0,148872.0,2018.0,1.2,,,,0,1,0,0,0,1,0,2017
16129423,N,12/07/2017,09:17 PM,-1,4,4,5,20,7,4,1,4.0,227,22,30.10262484,-97.81161202,IH,35.0,221.451,IH0035,Y,N,2,THU,6.0,20.0,20.0,6.0,11.0,131087.0,2018.0,12.1,,,,0,1,0,0,0,1,0,2017
16129427,N,12/08/2017,06:34 AM,65,8,4,6,20,7,4,1,4.0,227,22,30.2504673,-97.80477736,SL,1.0,17.961,SL0001,Y,N,2,FRI,12.0,20.0,500.0,6.0,12.0,153269.0,2018.0,1.2,1.0,445.0,2.0,0,1,0,0,0,1,0,2017
16131518,N,11/26/2017,02:46 PM,70,11,1,1,1,2,4,20,1.0,227,22,30.41511562,-97.67328728,IH,35.0,244.973,IH0035,Y,N,2,SUN,8.0,20.0,3.0,6.0,11.0,134367.0,2018.0,12.4,,,,0,3,0,4,0,3,0,2017
16133266,Y,11/21/2017,12:30 PM,80,11,1,1,20,2,4,20,1.0,227,9999,30.32159884,-97.57874526,SH,130.0,27.43,SH0130,Y,Y,2,TUE,12.0,20.0,135.0,4.0,12.0,39424.0,2018.0,17.9,,,,0,1,0,0,1,1,0,2017
16133633,N,10/14/2017,11:14 PM,-1,11,4,1,21,2,1,10,1.0,227,22,30.3346541,-97.60761567,US,290.0,131.145,US0290,Y,N,1,SAT,20.0,20.0,3.0,6.0,12.0,34434.0,2018.0,8.4,,,,3,0,0,0,0,3,0,2017
16133649,N,12/03/2017,02:22 PM,-1,11,1,1,20,2,3,10,1.0,227,22,30.40802914,-97.67510702,FM,734.0,11.796,FM0734,Y,N,2,SUN,10.0,10.0,16.0,6.0,14.0,63989.0,2018.0,3.7,,,,0,1,0,2,0,1,0,2017
16133650,N,12/03/2017,04:16 PM,55,11,1,1,11,7,4,1,2.0,227,22,30.23050627,-97.74311074,IH,35.0,231.215,IH0035,Y,N,1,SUN,4.0,20.0,3.0,6.0,11.0,157370.0,2018.0,10.5,,,,1,1,0,0,0,2,0,2017
16133706,N,12/07/2017,10:25 PM,-1,12,4,2,5,2,1,10,1.0,227,22,30.38954926,-97.74504852,US,183.0,314.008,US0183,Y,N,2,THU,20.0,20.0,36.0,6.0,12.0,137676.0,2018.0,2.0,,,,0,1,0,1,0,1,0,2017
16133710,N,12/08/2017,10:43 AM,60,11,1,9,21,2,1,34,1.0,227,22,30.38708413,-97.64859242,FM,734.0,14.168,FM0734,Y,N,2,FRI,11.0,0.0,55.0,4.0,14.0,39056.0,2018.0,4.1,,,,0,2,0,0,0,2,0,2017
16133764,N,12/08/2017,11:00 AM,-1,11,1,1,20,1,4,1,1.0,227,22,30.22289671,-97.68009144,SH,71.0,127.928,SH0071,Y,N,2,FRI,10.0,10.0,52.0,5.0,12.0,95090.0,2018.0,3.5,,,,0,1,0,0,1,1,0,2017
16133921,N,12/09/2017,02:48 PM,35,11,1,1,11,2,4,22,1.0,227,22,30.26175856,-97.73856765,SL,343.0,4.912,SL0343,Y,N,2,SAT,10.0,10.0,0.0,4.0,14.0,30614.0,2018.0,1.8,,,,0,1,0,4,0,1,0,2017
16133925,N,12/10/2017,03:07 AM,65,11,4,1,20,2,4,21,1.0,227,22,,,,,,US0001,Y,N,2,SUN,,,,,,,,,,,,0,1,0,0,0,1,0,2017
16133927,N,12/10/2017,02:15 AM,-1,11,4,1,20,7,4,1,2.0,227,22,30.37928321,-97.73803422,SL,1.0,7.7,SL0001,Y,N,2,SUN,20.0,20.0,36.0,5.0,12.0,97149.0,2018.0,1.6,,,,0,1,0,0,0,1,0,2017
16134004,N,12/11/2017,01:05 AM,60,11,3,1,11,7,4,1,2.0,227,22,30.22187826,-97.68380425,SH,71.0,127.694,SH0071,Y,N,2,MON,10.0,10.0,52.0,5.0,12.0,70740.0,2018.0,4.0,1.0,99.0,2.0,0,1,0,0,0,1,0,2017
16134005,N,12/11/2017,05:58 AM,45,11,4,2,5,1,2,1,1.0,227,22,,,FM,969.0,,FM0969,Y,N,2,MON,,,,,,,,,,,,0,1,0,1,0,1,0,2017
16134885,N,11/12/2017,02:23 AM,60,11,3,1,20,2,4,32,1.0,227,9999,30.12403657,-97.63929191,FM,812.0,4.68,FM0812,Y,Y,1,SUN,10.0,10.0,0.0,2.0,6.0,13167.0,2018.0,7.0,,,,1,0,1,1,0,2,0,2017
16136602,N,11/05/2017,01:04 PM,65,11,1,1,11,2,4,22,1.0,227,9999,30.16030755,-97.69408027,US,183.0,332.934,US0183,Y,Y,2,SUN,8.0,8.0,0.0,4.0,14.0,23967.0,2018.0,8.1,,,,0,1,0,7,0,1,0,2017
16136603,N,12/11/2017,07:34 AM,45,11,1,1,5,2,3,20,1.0,227,9999,30.25104552,-97.59349664,FM,969.0,7.42,FM0969,Y,Y,2,MON,0.0,0.0,0.0,2.0,17.0,22309.0,2018.0,6.4,,,,0,1,1,1,0,2,0,2017
16136863,N,09/17/2017,01:52 AM,-1,11,4,1,20,2,4,20,1.0,227,22,30.24105877,-97.73684272,IH,35.0,232.031,IH0035,Y,N,2,SUN,4.0,16.0,40.0,6.0,11.0,150700.0,2018.0,10.7,,,,0,1,0,2,1,1,0,2017
16136865,N,10/28/2017,05:41 PM,70,11,1,1,1,10,4,1,1.0,227,22,30.19261131,-97.76880442,IH,35.0,228.183,IH0035,Y,N,2,SAT,24.0,24.0,42.0,6.0,11.0,170988.0,2018.0,10.7,1.0,208.0,0.0,0,1,0,0,0,1,0,2017
16137239,N,12/11/2017,12:47 PM,45,12,1,1,20,7,4,1,2.0,227,22,,,SL,111.0,,SL0111,Y,N,2,MON,,,,,,,,,,,,0,1,0,1,0,1,0,2017
16137248,Y,12/11/2017,11:32 AM,55,11,1,1,20,2,3,23,1.0,227,22,30.35959306,-97.68718875,IH,35.0,240.902,IH0035,Y,N,2,MON,8.0,20.0,3.0,6.0,11.0,138459.0,2018.0,12.2,,,,0,1,0,1,0,1,0,2017
16137364,N,12/11/2017,07:32 PM,-1,11,4,1,5,2,2,22,1.0,227,22,30.33655739,-97.75543213,RM,2222.0,8.722999999999999,RM2222,Y,N,2,MON,0.0,0.0,14.0,4.0,14.0,32997.0,2018.0,3.5,,,,0,1,0,1,0,1,0,2017
16137367,N,12/11/2017,08:42 PM,55,11,4,1,20,2,3,21,1.0,227,22,30.42114243,-97.84529483,RM,620.0,14.14,RM0620,Y,N,2,MON,8.0,8.0,0.0,4.0,14.0,50802.0,2018.0,3.1,1.0,93.0,1.0,0,1,0,2,0,1,0,2017
16137379,Y,12/12/2017,11:37 AM,55,11,1,1,20,2,4,21,1.0,227,22,30.26181194,-97.67367722,US,183.0,325.274,US0183,Y,N,2,TUE,18.0,16.0,3.0,4.0,14.0,67460.0,2018.0,6.6,1.0,204.0,1.0,0,1,0,1,0,1,0,2017
16139529,N,12/13/2017,06:35 PM,50,11,4,1,5,2,1,34,1.0,227,330,30.43660355,-97.61391449,FM,685.0,7.957999999999998,FM0685,Y,N,1,WED,1.0,1.0,0.0,4.0,16.0,29334.0,2018.0,4.3,,,,1,1,0,0,0,2,0,2017
16141662,N,12/10/2017,05:34 AM,55,11,4,1,1,2,4,20,1.0,227,9999,30.46531165,-97.66920641,IH,35.0,248.481,IH0035,Y,Y,2,SUN,20.0,20.0,3.0,6.0,11.0,162734.0,2018.0,11.4,,,,0,1,0,2,1,1,0,2017
16141802,N,12/15/2017,04:41 AM,55,11,4,1,11,7,4,1,2.0,227,372,30.471844800000003,-97.67126939,IH,35.0,248.947,IH0035,Y,N,2,FRI,16.0,20.0,3.0,6.0,11.0,162734.0,2018.0,11.4,,,,0,1,0,0,0,1,0,2017
16142720,N,11/06/2017,05:12 PM,35,11,1,1,20,2,3,10,1.0,227,22,30.36323156,-97.69692124,SL,275.0,4.54,SL0275,Y,N,2,MON,0.0,0.0,0.0,4.0,14.0,37689.0,2018.0,1.2,,,,0,1,0,1,0,1,0,2017
16142797,N,12/04/2017,07:18 AM,50,12,1,1,5,2,1,10,1.0,227,22,30.41119834,-97.70996863,SL,1.0,4.708,SL0001,Y,N,2,MON,24.0,20.0,36.0,6.0,12.0,112974.0,2018.0,1.6,1.0,425.0,1.0,0,2,0,5,0,2,0,2017
16142842,N,12/09/2017,12:57 PM,60,12,1,1,20,2,4,21,1.0,227,22,30.30883944,-97.71077566,IH,35.0,237.09,IH0035,Y,N,2,SAT,8.0,20.0,24.0,8.0,11.0,193850.0,2018.0,9.5,,,,0,1,0,2,0,1,0,2017
16142859,N,12/12/2017,10:15 PM,55,11,4,1,5,1,2,3,1.0,227,22,30.42444638,-97.67153546,IH,35.0,245.623,IH0035,Y,N,1,TUE,8.0,20.0,3.0,6.0,11.0,132719.0,2018.0,12.4,,,,1,0,0,0,1,1,0,2017
16142864,N,12/12/2017,03:17 PM,65,11,1,1,11,10,4,1,1.0,227,22,30.4155131,-97.74621036,US,183.0,312.2,US0183,Y,N,1,TUE,20.0,20.0,36.0,6.0,12.0,137676.0,2018.0,2.0,1.0,323.0,3.0,1,0,0,0,0,1,0,2017
16142885,N,12/12/2017,11:57 AM,45,11,1,10,1,10,3,2,2.0,227,22,30.39617587,-97.72010291,FM,1325.0,6.523,FM1325,Y,N,1,TUE,0.0,0.0,0.0,4.0,14.0,43120.0,2018.0,1.5,,,,1,0,0,0,0,1,0,2017
16142886,Y,12/12/2017,12:31 PM,55,11,1,1,5,2,1,14,1.0,227,22,30.37719935,-97.80549704,RM,2222.0,3.611,RM2222,Y,N,1,TUE,8.0,8.0,0.0,4.0,14.0,42777.0,2018.0,3.2,1.0,102.0,2.0,1,0,0,2,0,1,0,2017
16142887,N,12/12/2017,01:34 PM,45,11,1,1,5,2,4,22,1.0,227,22,30.24787643,-97.80428782,SL,360.0,12.707,SL0360,Y,N,2,TUE,8.0,20.0,48.0,4.0,14.0,99537.0,2018.0,2.0,,,,0,1,0,1,0,1,0,2017
16142897,N,12/13/2017,08:29 AM,45,11,1,1,5,2,2,22,1.0,227,22,30.36324679,-97.71754467,US,183.0,316.586,US0183,Y,N,2,WED,20.0,20.0,8.0,6.0,12.0,138247.0,2018.0,3.6,1.0,131.0,3.0,0,5,0,0,0,5,0,2017
16142906,N,12/13/2017,03:47 PM,-1,12,1,1,20,2,2,27,1.0,227,22,30.25928917,-97.67534833,US,183.0,325.474,US0183,Y,N,2,WED,18.0,16.0,3.0,4.0,14.0,67460.0,2018.0,6.6,,,,0,1,0,0,0,1,0,2017
16142975,N,12/07/2017,10:55 AM,55,12,1,2,20,7,4,1,2.0,227,250,30.35917691,-97.95478075,RM,620.0,4.398,RM0620,Y,N,1,THU,8.0,8.0,0.0,4.0,14.0,43643.0,2018.0,3.2,1.0,169.0,5.0,1,0,0,0,0,1,0,2017
16144167,N,12/12/2017,01:35 PM,55,11,1,1,20,2,4,20,1.0,227,250,30.36913065,-97.94920358,RM,620.0,5.165,RM0620,Y,N,2,TUE,8.0,8.0,0.0,4.0,14.0,43643.0,2018.0,3.2,,,,0,1,0,0,1,1,0,2017
16145318,N,12/12/2017,07:00 AM,-1,11,1,1,1,2,4,22,1.0,227,1088,30.093498200000003,-97.69383032,US,183.0,337.552,US0183,Y,Y,2,TUE,8.0,8.0,0.0,4.0,14.0,19968.0,2018.0,9.0,,,,0,2,0,1,0,2,0,2017
16145851,N,11/30/2017,10:15 AM,60,11,1,1,20,2,4,20,1.0,227,9999,30.23053687,-97.93421411,US,290.0,105.678,US0290,Y,Y,1,THU,0.0,6.0,0.0,4.0,14.0,37680.0,2018.0,2.9,1.0,270.0,1.0,2,0,0,1,0,2,0,2017
16147178,N,12/03/2017,01:21 AM,40,11,4,1,20,2,4,30,1.0,227,22,30.37660033,-97.68935259999999,SL,275.0,3.516,SL0275,Y,N,4,SUN,0.0,2.0,0.0,4.0,14.0,29928.0,2018.0,1.4,,,,0,0,0,1,0,0,1,2017
16147421,N,12/16/2017,03:52 PM,60,2,1,2,20,2,4,30,1.0,227,9999,30.39724693,-97.85786816,RM,620.0,12.33,RM0620,Y,Y,2,SAT,8.0,8.0,0.0,4.0,14.0,46442.0,2018.0,3.2,1.0,154.0,6.0,0,2,0,1,0,2,0,2017
16147425,N,12/16/2017,05:33 PM,-1,2,3,2,5,2,1,34,1.0,227,9999,30.257085800000002,-97.61183167,FM,969.0,6.225,FM0969,Y,Y,2,SAT,6.0,6.0,15.0,3.0,14.0,22309.0,2018.0,6.4,,,,0,2,0,4,1,2,0,2017
16148239,N,12/10/2017,06:17 PM,-1,11,3,1,20,2,4,22,1.0,227,22,30.22943391,-97.68290379,US,183.0,328.108,US0183,Y,N,2,SUN,5.0,11.0,36.0,5.0,14.0,100483.0,2018.0,5.5,,,,0,1,0,4,0,1,0,2017
16148250,N,12/15/2017,01:48 PM,60,11,1,1,1,2,4,21,1.0,227,22,30.23392029,-97.74108122,IH,35.0,231.479,IH0035,Y,N,2,FRI,4.0,20.0,3.0,6.0,11.0,150700.0,2018.0,10.7,,,,0,3,0,1,0,3,0,2017
16148334,N,12/08/2017,10:50 PM,-1,11,4,1,11,2,4,20,1.0,227,22,30.40689243,-97.67156484,FM,734.0,12.024,FM0734,Y,N,2,FRI,10.0,20.0,36.0,6.0,14.0,46970.0,2018.0,3.9,,,,0,2,0,4,1,2,0,2017
16148337,N,12/09/2017,08:14 PM,45,11,4,1,7,2,1,34,1.0,227,22,30.23557868,-97.82465142,US,290.0,112.425,US0290,Y,N,1,SAT,20.0,20.0,42.0,5.0,12.0,77933.0,2018.0,3.6,1.0,361.0,1.0,1,0,0,2,0,1,0,2017
16148351,N,12/14/2017,12:41 PM,55,11,1,1,20,2,1,34,1.0,227,22,30.38841056,-97.75166202,SL,360.0,0.453,SL0360,Y,N,1,THU,8.0,20.0,48.0,4.0,14.0,53584.0,2018.0,2.7,,,,1,0,0,1,0,1,0,2017
16148392,N,12/15/2017,06:40 PM,-1,11,4,1,5,2,3,10,1.0,227,22,30.25852364,-97.69340030000001,SL,111.0,1.788,SL0111,Y,N,2,FRI,1.0,2.0,0.0,4.0,14.0,31328.0,2018.0,1.8,1.0,135.0,1.0,0,1,0,0,2,1,0,2017
16148397,N,12/15/2017,03:13 PM,65,12,1,1,20,2,4,20,1.0,227,22,30.40769404,-97.72005381,SL,1.0,5.369,SL0001,Y,N,2,FRI,24.0,20.0,36.0,6.0,12.0,112347.0,2018.0,1.6,1.0,173.0,1.0,0,1,0,1,0,1,0,2017
16148494,N,12/17/2017,02:54 AM,70,11,4,2,20,2,4,22,1.0,227,22,30.1415466,-97.79553358,IH,35.0,224.296,IH0035,Y,N,2,SUN,6.0,20.0,30.0,6.0,11.0,128785.0,2018.0,12.2,,,,0,1,0,1,0,1,0,2017