Crash_ID,Cmv_Involv_Fl,Crash_Date,Crash_Time,Crash_Speed_Limit,Wthr_Cond_ID,Light_Cond_ID,Surf_Cond_ID,Traffic_Cntl_ID,Harm_Evnt_ID,Intrsct_Relat_ID,FHE_Collsn_ID,Road_Relat_ID,Cnty_ID,City_ID,Latitude,Longitude,Hwy_Sys,Hwy_Nbr,Dfo,Street_Name,Onsys_Fl,Rural_Fl,Crash_Sev_ID,Day_of_Week,Shldr_Width_Left,Shldr_Width_Right,Median_Width,Nbr_Of_Lane,Func_Sys_ID,Adt_Curnt_Amt,Adt_Curnt_Year,Trk_Aadt_Pct,Curve_Type_ID,Curve_Lngth,Cd_Degr,Sus_Serious_Injry_Cnt,Nonincap_Injry_Cnt,Poss_Injry_Cnt,Non_Injry_Cnt,Unkn_Injry_Cnt,Tot_Injry_Cnt,Death_Cnt,Year
16291067,N,08/01/2017,09:51 AM,-1,11,1,1,5,2,2,22,1.0,227,22,30.32046924,-97.71278405,SS,69.0,0.935,SS0069,Y,N,2,TUE,0.0,10.0,4.0,3.0,14.0,19307.0,2018.0,2.3,1.0,130.0,2.0,0,1,0,1,0,1,0,2017
16300266,N,11/20/2017,04:37 PM,-1,11,1,1,16,5,3,1,1.0,227,22,30.19801226,-97.80862327,FM,2304.0,0.156,FM2304,Y,N,2,MON,13.0,14.0,0.0,4.0,14.0,35199.0,2018.0,3.5,,,,0,1,0,1,0,1,0,2017
16360473,N,09/05/2017,09:28 AM,60,11,1,1,20,2,4,30,1.0,227,9999,30.45734766,-97.46860225,FM,973.0,7.322999999999999,FM0973,Y,Y,1,TUE,10.0,10.0,0.0,2.0,6.0,6794.0,2018.0,8.3,1.0,348.0,1.0,1,0,1,0,0,2,0,2017
16368302,N,11/27/2017,11:14 PM,-1,11,4,1,20,10,4,1,2.0,227,22,30.37813587,-97.67542519999999,IH,35.0,242.357,IH0035,Y,N,2,MON,8.0,20.0,3.0,6.0,11.0,159315.0,2018.0,11.5,,,,0,1,0,0,0,1,0,2017
16406921,N,08/01/2017,12:30 AM,-1,11,4,1,1,2,4,20,1.0,227,22,30.24166657,-97.78501725,SL,343.0,1.21,SL0343,Y,N,2,TUE,0.0,0.0,0.0,4.0,14.0,36688.0,2018.0,1.5,,,,0,1,0,2,0,1,0,2017
16409233,N,08/23/2017,12:47 PM,50,11,1,1,5,2,2,22,1.0,227,22,30.21523748,-97.73486478,SH,71.0,124.494,SH0071,Y,N,2,WED,20.0,20.0,44.0,8.0,12.0,85342.0,2018.0,3.6,,,,0,1,0,0,0,1,0,2017
16411951,N,09/08/2017,10:06 PM,55,11,4,1,5,7,2,1,2.0,227,22,30.39951229,-97.65491444,FM,734.0,13.191,FM0734,Y,N,2,FRI,11.0,0.0,55.0,4.0,14.0,39056.0,2018.0,4.1,,,,0,1,0,0,0,1,0,2017
16423890,N,07/08/2017,12:38 AM,70,11,4,1,1,7,4,1,2.0,227,22,,,IH,35.0,,IH0035,Y,N,1,SAT,,,,,,,,,,,,1,0,1,0,0,2,0,2017
16423896,N,12/19/2017,05:20 PM,55,12,4,2,20,2,4,20,1.0,227,22,30.37407926,-97.72822928,US,183.0,315.524,US0183,Y,N,2,TUE,20.0,20.0,8.0,6.0,12.0,138365.0,2018.0,3.6,,,,0,1,0,1,0,1,0,2017
16434611,N,03/12/2017,06:15 AM,65,2,3,2,20,7,4,1,2.0,227,22,30.17319813,-97.88799485,SL,1.0,25.564,SL0001,Y,N,2,SUN,12.0,20.0,325.0,4.0,14.0,24757.0,2018.0,1.5,,,,0,1,0,1,0,1,0,2017
16434753,N,08/20/2017,11:55 AM,15,11,1,1,1,2,4,10,5.0,227,22,,,IH,35.0,,IH0035,Y,N,2,SUN,,,,,,,,,,,,0,1,0,4,0,1,0,2017
16434754,N,09/01/2017,02:09 PM,65,11,1,1,5,1,4,1,1.0,227,22,30.24893412,-97.80512344,SL,360.0,12.619000000000002,SL0360,Y,N,2,FRI,8.0,20.0,48.0,4.0,14.0,99537.0,2018.0,2.0,,,,0,1,0,0,0,1,0,2017
16466752,N,07/18/2017,01:02 PM,55,11,1,1,20,2,4,21,1.0,227,22,30.24972286,-97.80576257,SL,360.0,12.553,SL0360,Y,N,2,TUE,8.0,20.0,60.0,4.0,14.0,99537.0,2018.0,2.0,,,,0,1,0,1,0,1,0,2017
16472868,N,12/24/2017,06:55 AM,55,11,4,1,5,2,2,22,1.0,227,22,30.32858919,-97.65528576,US,290.0,128.25799999999998,US0290,Y,N,2,SUN,20.0,20.0,3.0,5.0,12.0,24503.0,2018.0,2.7,,,,0,1,0,2,0,1,0,2017
16492616,Y,12/26/2017,09:44 PM,55,2,4,2,10,2,4,20,1.0,227,22,30.42876862,-97.84268374,RM,620.0,14.687,RM0620,Y,N,2,TUE,8.0,8.0,0.0,4.0,14.0,50802.0,2018.0,3.1,,,,0,1,0,1,0,1,0,2017
16786234,N,10/21/2017,08:22 PM,55,11,1,1,5,2,1,10,1.0,227,22,30.42444147,-97.67153634,IH,35.0,245.623,IH0035,Y,N,2,SAT,8.0,20.0,3.0,6.0,11.0,132719.0,2018.0,12.4,,,,0,2,0,1,0,2,0,2017
17043117,N,05/21/2017,12:29 AM,45,12,4,1,20,2,2,22,1.0,227,22,30.38268312,-97.68593518,SL,275.0,3.051,SL0275,Y,N,2,SUN,0.0,2.0,0.0,4.0,14.0,28204.0,2018.0,1.4,,,,0,1,0,3,1,1,0,2017
18068639,N,10/01/2017,02:45 PM,55,0,1,0,20,7,4,1,2.0,227,22,30.26898327,-97.66974548,US,183.0,324.726,US0183,Y,N,2,SUN,18.0,16.0,36.0,4.0,14.0,67460.0,2018.0,6.6,,,,0,1,0,0,0,1,0,2017
14199563,N,01/01/2015,02:39 PM,55,2,1,2,20,10,4,1,1.0,227,9999,30.2306999,-97.89677309,US,290.0,107.983,US0290,Y,Y,2,THU,0.0,4.0,0.0,4.0,14.0,44818.0,2018.0,2.8,,,,0,2,0,1,0,2,0,2015
14206037,N,01/02/2015,04:53 PM,-1,2,1,2,20,2,3,14,1.0,227,22,30.41054836,-97.67789292,SL,275.0,1.06,SL0275,Y,N,2,FRI,0.0,1.0,0.0,4.0,17.0,4708.0,2018.0,1.4,,,,0,2,4,0,0,6,0,2015
14206078,N,01/04/2015,07:20 AM,70,11,2,1,20,7,4,1,2.0,227,22,30.22276473,-97.76360428,US,290.0,116.338,US0290,Y,N,2,SUN,20.0,20.0,42.0,6.0,12.0,140123.0,2018.0,2.6,,,,0,1,0,0,0,1,0,2015
14206098,N,01/05/2015,08:16 AM,55,11,1,1,11,10,4,1,2.0,227,22,30.344037100000005,-97.69704376,IH,35.0,239.681,IH0035,Y,N,1,MON,20.0,20.0,3.0,6.0,11.0,145168.0,2018.0,11.9,,,,1,0,0,0,0,1,0,2015
14206099,N,01/05/2015,01:22 PM,50,11,1,1,5,2,1,34,1.0,227,22,30.23003787,-97.78833923,US,290.0,114.726,US0290,Y,N,2,MON,20.0,20.0,22.0,8.0,12.0,127013.0,2018.0,2.7,,,,0,1,0,2,0,1,0,2015
14208704,N,01/04/2015,01:50 PM,55,11,1,1,20,2,3,34,1.0,227,9999,30.163605600000004,-97.69165442,FM,812.0,0.086,FM0812,Y,Y,1,SUN,0.0,0.0,0.0,4.0,16.0,18286.0,2018.0,6.6,,,,1,0,1,4,0,2,0,2015
14210238,N,01/06/2015,04:40 PM,45,11,1,1,1,2,3,14,1.0,227,9999,30.29939171,-97.83785217,RM,2244.0,6.893,RM2244,Y,Y,1,TUE,10.0,10.0,0.0,4.0,14.0,49430.0,2018.0,3.1,,,,1,0,0,1,0,1,0,2015
14211534,N,01/07/2015,08:43 PM,70,11,4,1,20,7,4,1,2.0,227,372,30.47183786,-97.6712672,IH,35.0,248.947,IH0035,Y,N,4,WED,16.0,20.0,3.0,6.0,11.0,162734.0,2018.0,11.4,,,,0,0,0,0,0,0,1,2015
14211562,N,01/03/2015,12:34 PM,55,11,1,1,5,2,1,34,1.0,227,22,30.37164753,-97.78570892,SL,360.0,2.895,SL0360,Y,N,2,SAT,8.0,20.0,48.0,4.0,14.0,54706.0,2018.0,2.6,,,,0,1,2,0,0,3,0,2015
14211566,N,01/02/2015,08:47 PM,45,2,3,2,5,2,2,28,1.0,227,22,30.35246832,-97.79531786,SL,360.0,4.373,SL0360,Y,N,2,FRI,8.0,20.0,60.0,4.0,14.0,53846.0,2018.0,2.7,,,,0,2,0,0,0,2,0,2015
14211614,N,01/06/2015,02:07 PM,45,11,1,1,20,2,2,10,1.0,227,22,30.26146961,-97.73633679,IH,35.0,233.477,IH0035,Y,N,2,TUE,8.0,20.0,3.0,8.0,11.0,158343.0,2018.0,10.4,1.0,248.0,2.0,0,1,0,1,0,1,0,2015
14211692,N,01/06/2015,02:09 PM,60,11,1,1,20,2,4,22,1.0,227,22,30.28175522,-97.72807335,IH,35.0,234.96,IH0035,Y,N,2,TUE,20.0,40.0,3.0,8.0,11.0,202376.0,2018.0,9.3,,,,0,1,0,2,0,1,0,2015
14212227,N,01/06/2015,05:04 PM,45,11,4,1,1,2,4,30,1.0,227,22,30.32042861,-97.71310236,SS,69.0,0.916,SS0069,Y,N,4,TUE,0.0,10.0,4.0,3.0,14.0,19307.0,2018.0,2.3,1.0,130.0,2.0,2,0,0,0,0,2,1,2015
14212322,N,01/08/2015,06:39 AM,35,11,4,1,21,7,2,1,2.0,227,22,30.17318986,-97.88800202,SL,1.0,25.565,SL0001,Y,N,2,THU,12.0,20.0,325.0,4.0,14.0,24757.0,2018.0,1.5,,,,0,1,0,0,0,1,0,2015
14212363,N,01/08/2015,08:27 AM,5,11,1,1,1,10,4,1,1.0,227,22,30.42531008,-97.7147507,FM,734.0,9.117,FM0734,Y,N,1,THU,8.0,20.0,36.0,6.0,14.0,49788.0,2018.0,3.9,,,,1,0,0,0,0,1,0,2015
14212376,N,01/06/2015,05:54 PM,55,12,4,1,5,2,1,34,1.0,227,9999,30.28623809,-97.63120044,FM,3177.0,3.938,FM3177,Y,Y,2,TUE,1.0,1.0,0.0,4.0,17.0,11798.0,2018.0,6.1,,,,0,4,0,0,0,4,0,2015
14212411,N,01/08/2015,02:50 PM,55,12,1,1,21,2,2,22,1.0,227,22,30.42039108,-97.70423126,FM,734.0,9.83,FM0734,Y,N,1,THU,8.0,20.0,36.0,6.0,14.0,61367.0,2018.0,3.7,1.0,276.0,0.0,1,0,1,2,0,2,0,2015
14212469,N,01/02/2015,12:05 AM,-1,2,3,2,1,7,2,2,2.0,227,22,30.40712508,-97.67479674,IH,35.0,244.416,IH0035,Y,N,2,FRI,8.0,20.0,3.0,6.0,11.0,159315.0,2018.0,11.5,1.0,411.0,1.0,0,1,0,0,0,1,0,2015
14215056,N,01/08/2015,07:49 PM,55,11,4,1,1,2,4,20,1.0,227,22,30.19261131,-97.76880442,IH,35.0,228.183,IH0035,Y,N,2,THU,24.0,24.0,42.0,6.0,11.0,170988.0,2018.0,10.7,1.0,208.0,0.0,0,1,0,4,0,1,0,2015
14215447,N,01/01/2015,07:50 AM,55,2,1,2,5,2,1,14,1.0,227,22,30.32556534,-97.67331696,US,183.0,320.512,US0183,Y,N,2,THU,16.0,20.0,70.0,4.0,12.0,55986.0,2018.0,7.2,,,,0,1,0,0,1,1,0,2015
14216552,N,01/10/2015,03:39 PM,55,2,1,2,5,2,1,10,1.0,227,9999,30.35240173,-97.59226227,SH,130.0,25.058000000000003,SH0130,Y,Y,1,SAT,8.0,20.0,135.0,4.0,12.0,39424.0,2018.0,17.9,,,,1,0,1,4,0,2,0,2015
14218332,N,01/09/2015,04:02 PM,5,12,1,1,17,7,4,1,5.0,227,22,,,US,183.0,,US0183,Y,N,2,FRI,,,,,,,,,,,,0,1,0,0,0,1,0,2015
14218336,N,01/09/2015,03:29 PM,35,12,1,1,20,2,3,10,1.0,227,22,30.24469643,-97.78082236,SL,343.0,1.536,SL0343,Y,N,2,FRI,0.0,0.0,0.0,4.0,14.0,36688.0,2018.0,1.5,,,,0,1,0,2,0,1,0,2015
14218464,N,01/10/2015,11:56 AM,70,2,1,2,11,2,4,30,1.0,227,22,30.3331941,-97.70389744,IH,35.0,238.831,IH0035,Y,N,2,SAT,20.0,20.0,3.0,6.0,11.0,199837.0,2018.0,9.4,1.0,409.0,1.0,0,1,0,1,0,1,0,2015
14218573,N,01/11/2015,02:56 PM,-1,11,1,1,1,2,4,10,5.0,227,22,,,SH,360.0,,SH0360,Y,N,1,SUN,,,,,,,,,,,,1,3,0,2,0,4,0,2015
14219129,N,01/02/2015,07:28 PM,-1,2,4,2,5,2,1,34,1.0,227,22,30.32592614,-97.72634276,SS,69.0,0.0,SS0069,Y,N,2,FRI,0.0,0.0,10.0,4.0,14.0,19307.0,2018.0,2.3,,,,0,3,0,2,0,3,0,2015
14221089,N,01/13/2015,06:51 AM,65,12,4,1,11,2,4,22,1.0,227,22,30.39535915,-97.74636173,US,183.0,313.593,US0183,Y,N,2,TUE,20.0,20.0,36.0,6.0,12.0,137676.0,2018.0,2.0,,,,0,1,1,1,0,2,0,2015
14221812,N,01/13/2015,04:41 PM,55,12,1,1,20,2,3,34,1.0,227,9999,30.44826003,-97.83082755,RM,620.0,16.224,RM0620,Y,Y,2,TUE,0.0,0.0,0.0,2.0,14.0,41321.0,2018.0,3.2,,,,0,1,0,3,0,1,0,2015
14223372,N,01/05/2015,04:37 PM,70,12,1,1,20,2,4,20,1.0,227,9999,30.44882276,-97.66686736,IH,35.0,247.323,IH0035,Y,Y,1,MON,8.0,20.0,3.0,6.0,11.0,129244.0,2018.0,12.7,,,,1,0,0,4,0,1,0,2015
14223414,N,01/02/2015,08:42 PM,55,2,4,2,20,2,4,20,1.0,227,22,30.25159235,-97.68195624,US,183.0,326.145,US0183,Y,N,2,FRI,12.0,20.0,200.0,4.0,14.0,68772.0,2018.0,6.5,,,,0,2,0,1,1,2,0,2015
14223443,N,01/04/2015,03:33 AM,65,11,4,1,20,2,4,21,1.0,227,22,30.31264118,-97.70866062,IH,35.0,237.381,IH0035,Y,N,2,SUN,8.0,20.0,24.0,8.0,11.0,193850.0,2018.0,9.5,,,,0,1,0,0,1,1,0,2015
14223485,N,01/13/2015,10:46 PM,60,11,4,1,11,7,4,1,4.0,227,22,30.23611614,-97.73979202,IH,35.0,231.649,IH0035,Y,N,2,TUE,4.0,20.0,3.0,6.0,11.0,150700.0,2018.0,10.7,,,,0,1,0,2,0,1,0,2015
14225548,N,01/10/2015,11:40 AM,55,2,1,2,8,2,1,10,1.0,227,22,30.1428108,-97.80156502,FM,1626.0,0.354,FM1626,Y,N,2,SAT,1.0,1.0,0.0,2.0,16.0,14556.0,2018.0,4.7,1.0,80.0,3.0,0,2,0,1,0,2,0,2015
14225549,N,01/15/2015,08:03 AM,55,11,1,1,1,2,4,20,1.0,227,22,30.35058151,-97.79648246,SL,360.0,4.52,SL0360,Y,N,2,THU,8.0,20.0,60.0,4.0,14.0,53846.0,2018.0,2.7,,,,0,1,1,2,0,2,0,2015
14226340,N,01/15/2015,12:46 PM,45,11,1,1,20,2,3,14,1.0,227,22,30.37702775,-97.72555494,FM,1325.0,7.88,FM1325,Y,N,2,THU,0.0,0.0,0.0,5.0,14.0,43120.0,2018.0,1.5,,,,0,1,0,0,1,1,0,2015
14226531,N,01/04/2015,03:59 PM,60,11,1,1,1,2,4,20,1.0,227,22,30.24510678,-97.73496632,IH,35.0,232.334,IH0035,Y,N,2,SUN,4.0,16.0,40.0,6.0,11.0,150700.0,2018.0,10.7,,,,0,2,0,3,0,2,0,2015
14226532,N,01/05/2015,01:50 PM,70,11,1,1,20,1,4,1,1.0,227,22,30.32243137,-97.70676593,IH,35.0,238.065,IH0035,Y,N,1,MON,8.0,20.0,24.0,8.0,11.0,199837.0,2018.0,9.4,,,,1,0,0,1,0,1,0,2015
14226789,N,01/16/2015,08:48 AM,60,11,1,1,20,2,4,20,1.0,227,22,30.29039403,-97.72249769,IH,35.0,235.641,IH0035,Y,N,2,FRI,8.0,20.0,24.0,8.0,11.0,202376.0,2018.0,9.3,,,,0,1,0,1,1,1,0,2015
14226953,N,01/05/2015,07:13 AM,45,11,1,1,1,2,2,20,1.0,227,22,30.2504673,-97.80477736,SL,1.0,17.961,SL0001,Y,N,2,MON,12.0,20.0,500.0,6.0,12.0,153269.0,2018.0,1.2,1.0,445.0,2.0,0,1,1,2,0,2,0,2015
14226959,N,01/05/2015,11:27 AM,70,11,1,1,20,2,4,21,1.0,227,22,30.35689577,-97.68890342,IH,35.0,240.69,IH0035,Y,N,2,MON,20.0,20.0,3.0,6.0,11.0,145168.0,2018.0,11.9,,,,0,1,2,0,0,3,0,2015
14227004,N,01/07/2015,08:30 AM,45,11,1,1,5,2,1,10,1.0,227,22,30.21840121,-97.69108715,SH,71.0,127.198,SH0071,Y,N,1,WED,4.0,5.0,44.0,6.0,12.0,70740.0,2018.0,4.0,,,,1,1,0,4,0,2,0,2015
14227016,N,01/10/2015,04:35 PM,35,2,5,2,5,2,2,22,1.0,227,22,30.35181663,-97.74899569,SL,1.0,9.706,SL0001,Y,N,2,SAT,12.0,20.0,36.0,6.0,12.0,148872.0,2018.0,1.2,1.0,144.0,3.0,0,3,0,1,0,3,0,2015
14227048,N,01/10/2015,12:16 PM,55,2,1,2,1,2,4,21,1.0,227,22,30.43934649,-97.66869820000001,IH,35.0,246.662,IH0035,Y,N,1,SAT,8.0,20.0,3.0,6.0,11.0,132719.0,2018.0,12.4,,,,1,1,2,1,0,4,0,2015
14227131,N,01/15/2015,08:40 PM,60,11,3,1,17,2,4,20,1.0,227,9999,30.14901052,-97.67197688,FM,812.0,1.845,FM0812,Y,Y,1,THU,10.0,10.0,0.0,2.0,16.0,17216.0,2018.0,6.7,,,,1,0,0,1,0,1,0,2015
14228341,N,01/18/2015,04:48 PM,45,11,1,1,1,10,4,1,2.0,227,9999,30.43724438,-97.88368093,RM,2769.0,2.445,RM2769,Y,Y,2,SUN,3.0,3.0,0.0,2.0,17.0,2326.0,2018.0,7.7,,,,0,1,0,0,0,1,0,2015
14230893,N,01/17/2015,11:43 AM,50,11,1,1,1,2,3,20,1.0,227,22,30.43160992,-97.76424058,US,183.0,310.534,US0183,Y,N,2,SAT,16.0,20.0,36.0,6.0,12.0,130260.0,2018.0,2.1,,,,0,1,0,1,0,1,0,2015
14230972,N,01/17/2015,02:11 PM,65,12,1,1,20,2,4,22,1.0,227,22,30.24336515,-97.80995943,SL,1.0,18.556,SL0001,Y,N,2,SAT,12.0,20.0,500.0,6.0,12.0,83195.0,2018.0,1.6,1.0,308.0,3.0,0,2,1,2,0,3,0,2015
14231081,N,01/19/2015,06:47 AM,60,11,2,1,11,2,4,24,1.0,227,22,30.40805405,-97.85180133,RM,620.0,13.16,RM0620,Y,N,2,MON,8.0,8.0,0.0,4.0,14.0,50802.0,2018.0,3.1,,,,0,1,0,0,1,1,0,2015
14233055,N,01/13/2015,01:34 PM,45,12,1,1,4,2,1,22,1.0,227,9999,30.14274155,-97.84265475,FM,1626.0,2.968,FM1626,Y,Y,1,TUE,4.0,4.0,0.0,2.0,16.0,17762.0,2018.0,4.2,1.0,148.0,0.0,1,1,0,1,0,2,0,2015
14233238,N,01/04/2015,10:17 PM,60,11,6,1,20,2,1,34,1.0,227,22,30.20321274,-97.63948059,SH,71.0,130.719,SH0071,Y,N,2,SUN,0.0,0.0,180.0,6.0,14.0,53382.0,2018.0,8.3,,,,0,1,0,1,0,1,0,2015
14233520,N,01/20/2015,06:07 PM,60,11,5,1,20,2,4,20,1.0,227,22,30.24822647,-97.73539509,IH,35.0,232.551,IH0035,Y,N,2,TUE,4.0,10.0,3.0,6.0,11.0,142856.0,2018.0,11.0,1.0,238.0,3.0,0,1,0,2,0,1,0,2015
14233601,N,01/04/2015,01:17 AM,55,2,6,2,5,2,2,22,1.0,227,22,30.29221474,-97.66362099,US,183.0,323.087,US0183,Y,N,2,SUN,16.0,20.0,36.0,4.0,14.0,57843.0,2018.0,3.2,,,,0,1,2,0,0,3,0,2015
14233687,N,01/12/2015,06:58 PM,35,12,4,1,15,1,2,3,1.0,227,22,30.26303981,-97.74318029,SL,343.0,4.623,SL0343,Y,N,2,MON,10.0,10.0,0.0,4.0,14.0,24852.0,2018.0,2.0,,,,0,1,0,1,0,1,0,2015
14233700,N,01/14/2015,07:03 PM,60,2,3,2,1,6,4,1,1.0,227,22,30.32882102,-97.81039079,SL,360.0,6.231,SL0360,Y,N,2,WED,8.0,20.0,60.0,4.0,14.0,53846.0,2018.0,2.7,,,,0,1,0,0,0,1,0,2015
14234813,N,01/22/2015,02:53 AM,55,2,3,2,20,7,2,1,4.0,227,22,30.23763363,-97.7388941,IH,35.0,231.766,IH0035,Y,N,2,THU,4.0,20.0,3.0,6.0,11.0,150700.0,2018.0,10.7,,,,0,1,0,0,0,1,0,2015
14235167,N,01/19/2015,03:05 PM,55,11,1,1,11,7,4,1,2.0,227,9999,30.21177826,-97.89818178,RM,1826.0,1.3430000000000002,RM1826,Y,Y,2,MON,1.0,1.0,0.0,2.0,16.0,15562.0,2018.0,4.5,,,,0,1,0,0,0,1,0,2015
14235913,N,01/15/2015,05:37 PM,55,11,1,1,1,2,4,22,1.0,227,22,30.26484772,-97.73496833,IH,35.0,233.723,IH0035,Y,N,2,THU,8.0,20.0,3.0,8.0,11.0,158343.0,2018.0,10.4,,,,0,1,1,0,0,2,0,2015
14236060,N,01/20/2015,05:06 AM,65,11,4,1,1,2,4,20,1.0,227,1088,30.09313226,-97.69380618,US,183.0,337.577,US0183,Y,Y,2,TUE,8.0,8.0,0.0,4.0,14.0,19968.0,2018.0,9.0,,,,0,1,0,1,0,1,0,2015
14236944,N,01/14/2015,05:44 PM,-1,2,4,2,20,2,4,20,1.0,227,22,30.32566991,-97.67302149,US,290.0,127.174,US0290,Y,N,2,WED,12.0,20.0,36.0,4.0,12.0,24503.0,2018.0,2.7,,,,0,1,0,3,0,1,0,2015
14236980,N,01/07/2015,06:36 PM,70,11,4,1,1,1,4,1,1.0,227,22,30.41440782,-97.67342106,IH,35.0,244.924,IH0035,Y,N,4,WED,8.0,20.0,3.0,6.0,11.0,134367.0,2018.0,12.4,,,,0,0,0,2,0,0,1,2015
14236981,N,01/15/2015,07:45 AM,50,11,1,1,11,2,3,10,1.0,227,22,30.35739955,-97.68858449,IH,35.0,240.729,IH0035,Y,N,2,THU,20.0,20.0,3.0,6.0,11.0,145168.0,2018.0,11.9,,,,0,1,0,1,0,1,0,2015
14237293,N,01/22/2015,07:43 AM,70,2,2,2,1,7,4,1,4.0,227,22,30.33082302,-97.62316605,US,290.0,130.18,US0290,Y,N,2,THU,20.0,20.0,3.0,6.0,12.0,34434.0,2018.0,8.4,,,,0,1,0,0,0,1,0,2015
14237342,N,01/22/2015,08:50 AM,40,2,1,2,5,2,2,22,1.0,227,22,30.26010326,-97.69386776,SL,111.0,1.676,SL0111,Y,N,2,THU,1.0,2.0,0.0,4.0,14.0,31328.0,2018.0,1.8,,,,0,1,0,4,0,1,0,2015
14237393,N,01/22/2015,03:59 PM,65,2,1,2,20,10,4,1,4.0,227,22,30.22257639,-97.83467193,SL,1.0,20.673,SL0001,Y,N,2,THU,20.0,20.0,3.0,6.0,12.0,84322.0,2018.0,1.6,1.0,94.0,1.0,0,1,0,2,0,1,0,2015
14237572,N,01/09/2015,02:57 AM,55,11,4,1,20,7,4,1,4.0,227,22,30.40974376,-97.67430485,IH,35.0,244.599,IH0035,Y,N,4,FRI,8.0,20.0,3.0,6.0,11.0,134367.0,2018.0,12.4,1.0,411.0,1.0,0,0,0,0,0,0,1,2015
14237746,N,01/10/2015,11:23 PM,-1,2,4,2,20,7,4,1,2.0,227,22,30.27167173,-97.73245069,IH,35.0,234.216,IH0035,Y,N,2,SAT,20.0,40.0,3.0,8.0,11.0,177389.0,2018.0,9.9,,,,0,1,0,2,0,1,0,2015
14238056,N,01/16/2015,04:48 PM,55,11,1,1,20,2,1,34,1.0,227,22,30.3276179,-97.81115444,SL,360.0,6.325,SL0360,Y,N,2,FRI,8.0,20.0,60.0,4.0,14.0,53846.0,2018.0,2.7,,,,0,1,0,3,0,1,0,2015
14238060,N,01/23/2015,01:11 PM,45,12,1,2,21,2,1,14,1.0,227,22,30.39572613,-97.73274777,SL,1.0,6.524,SL0001,Y,N,2,FRI,24.0,20.0,36.0,6.0,12.0,112347.0,2018.0,1.6,1.0,386.0,1.0,0,1,0,1,0,1,0,2015
14238150,N,01/22/2015,08:12 PM,55,12,4,2,5,2,2,22,1.0,227,22,30.18286075,-97.68758604,US,183.0,331.336,US0183,Y,N,2,THU,12.0,20.0,36.0,4.0,14.0,34458.0,2018.0,6.7,,,,0,1,0,1,1,1,0,2015
14238409,N,01/17/2015,11:30 AM,55,11,1,1,12,7,4,1,2.0,227,9999,30.521736199999996,-98.04938873,RM,1431.0,39.571,RM1431,Y,Y,2,SAT,1.0,1.0,0.0,2.0,7.0,2156.0,2018.0,4.1,,,,0,1,0,0,0,1,0,2015
14238422,N,01/17/2015,11:30 AM,55,11,1,1,12,7,4,1,2.0,227,9999,30.521736199999996,-98.04938873,RM,1431.0,39.571,RM1431,Y,Y,1,SAT,1.0,1.0,0.0,2.0,7.0,2156.0,2018.0,4.1,,,,1,0,0,0,0,1,0,2015
14240749,N,01/23/2015,03:56 PM,55,12,1,2,5,2,1,10,1.0,227,22,30.23557091,-97.82463074,US,290.0,112.426,US0290,Y,N,2,FRI,20.0,20.0,42.0,5.0,12.0,77933.0,2018.0,3.6,1.0,361.0,1.0,0,1,1,0,0,2,0,2015
14240929,N,01/24/2015,12:54 PM,45,11,1,1,1,2,3,20,1.0,227,22,30.31908106,-97.70720645,IH,35.0,237.833,IH0035,Y,N,1,SAT,8.0,20.0,24.0,8.0,11.0,193850.0,2018.0,9.5,1.0,274.0,0.0,1,1,0,2,0,2,0,2015
14240977,N,01/24/2015,04:18 PM,-1,11,1,1,20,2,2,22,1.0,227,22,30.26173641,-97.73622505,IH,35.0,233.496,IH0035,Y,N,2,SAT,8.0,20.0,3.0,8.0,11.0,158343.0,2018.0,10.4,1.0,248.0,2.0,0,1,0,1,0,1,0,2015
14241032,N,01/25/2015,03:59 PM,60,11,1,1,20,2,4,20,1.0,227,22,30.31148633,-97.70918155,IH,35.0,237.295,IH0035,Y,N,2,SUN,8.0,20.0,24.0,8.0,11.0,193850.0,2018.0,9.5,,,,0,1,1,0,0,2,0,2015
14241117,Y,01/26/2015,07:06 AM,70,12,1,1,11,2,4,20,1.0,227,9999,30.18691501,-97.60405147,SH,71.0,133.251,SH0071,Y,Y,2,MON,4.0,6.0,40.0,4.0,14.0,53382.0,2018.0,8.3,,,,0,1,0,2,0,1,0,2015
14241510,N,01/14/2015,05:12 PM,45,2,1,2,20,2,2,22,1.0,227,22,30.25253869,-97.69242938,SL,111.0,2.204,SL0111,Y,N,2,WED,0.0,0.0,12.0,4.0,14.0,31328.0,2018.0,1.8,,,,0,2,0,1,0,2,0,2015
14241570,N,01/06/2015,10:38 AM,70,11,1,1,9,2,1,10,1.0,227,9999,30.18628585,-97.55341334,SH,71.0,136.309,SH0071,Y,Y,1,TUE,6.0,10.0,40.0,4.0,2.0,40580.0,2018.0,9.6,,,,1,1,0,0,0,2,0,2015
14241590,N,01/26/2015,07:59 AM,40,11,1,1,20,2,4,21,1.0,227,22,30.24679909,-97.69070356,US,183.0,326.812,US0183,Y,N,2,MON,2.0,2.0,36.0,6.0,14.0,97049.0,2018.0,5.6,,,,0,1,0,2,0,1,0,2015
14242050,Y,01/21/2015,12:49 AM,55,11,4,1,20,2,4,20,1.0,227,9999,30.45979128,-97.66746323,IH,35.0,248.088,IH0035,Y,Y,2,WED,18.0,18.0,12.0,6.0,11.0,162734.0,2018.0,11.4,1.0,467.0,1.0,0,1,0,1,0,1,0,2015