Crash_ID,Cmv_Involv_Fl,Crash_Date,Crash_Time,Crash_Speed_Limit,Wthr_Cond_ID,Light_Cond_ID,Surf_Cond_ID,Traffic_Cntl_ID,Harm_Evnt_ID,Intrsct_Relat_ID,FHE_Collsn_ID,Road_Relat_ID,Cnty_ID,City_ID,Latitude,Longitude,Hwy_Sys,Hwy_Nbr,Dfo,Street_Name,Onsys_Fl,Rural_Fl,Crash_Sev_ID,Day_of_Week,Shldr_Width_Left,Shldr_Width_Right,Median_Width,Nbr_Of_Lane,Func_Sys_ID,Adt_Curnt_Amt,Adt_Curnt_Year,Trk_Aadt_Pct,Curve_Type_ID,Curve_Lngth,Cd_Degr,Sus_Serious_Injry_Cnt,Nonincap_Injry_Cnt,Poss_Injry_Cnt,Non_Injry_Cnt,Unkn_Injry_Cnt,Tot_Injry_Cnt,Death_Cnt,Year
14243121,N,01/15/2015,04:12 PM,35,11,1,1,20,1,2,1,1.0,227,22,30.33489054,-97.740151,RM,2222.0,9.697,RM2222,Y,N,1,THU,0.0,0.0,0.0,4.0,14.0,34181.0,2018.0,3.5,1.0,59.0,0.0,1,0,0,1,0,1,0,2015
14243324,N,01/17/2015,12:11 PM,40,11,1,1,20,2,3,34,1.0,227,22,30.354570000000002,-97.70392894,SL,275.0,5.28,SL0275,Y,N,2,SAT,0.0,0.0,0.0,4.0,14.0,37706.0,2018.0,1.2,,,,0,4,1,0,0,5,0,2015
14245377,N,01/17/2015,01:52 PM,55,11,1,1,20,2,4,22,1.0,227,22,30.20611001,-97.64513858,SH,71.0,130.326,SH0071,Y,N,2,SAT,4.0,0.0,2.0,6.0,14.0,60929.0,2018.0,4.2,,,,0,1,0,5,0,1,0,2015
14245393,N,01/24/2015,07:05 PM,60,11,4,1,5,2,2,20,1.0,227,22,30.24915123,-97.80529785,SL,1.0,18.057,SL0001,Y,N,2,SAT,12.0,20.0,500.0,6.0,12.0,153269.0,2018.0,1.2,,,,0,2,1,3,1,3,0,2015
14245395,N,01/26/2015,03:10 PM,-1,11,1,1,8,2,3,14,1.0,227,22,30.36314796,-97.69696816,SL,275.0,4.546,SL0275,Y,N,2,MON,0.0,0.0,0.0,4.0,14.0,37689.0,2018.0,1.2,,,,0,1,3,0,0,4,0,2015
14245397,N,01/27/2015,12:50 PM,40,11,1,1,15,1,2,3,1.0,227,22,30.35765556,-97.70008174,SL,275.0,4.967,SL0275,Y,N,2,TUE,0.0,0.0,0.0,4.0,14.0,37689.0,2018.0,1.2,,,,0,1,0,1,0,1,0,2015
14245420,N,01/27/2015,03:25 PM,-1,11,1,1,16,5,1,1,1.0,227,22,30.388409600000003,-97.7516787,SL,360.0,0.454,SL0360,Y,N,1,TUE,8.0,20.0,48.0,4.0,14.0,53584.0,2018.0,2.7,,,,1,0,0,1,0,1,0,2015
14245421,N,01/27/2015,02:20 PM,55,11,1,1,5,2,1,10,1.0,227,22,30.32161227,-97.68606479,US,290.0,126.345,US0290,Y,N,2,TUE,12.0,20.0,24.0,4.0,12.0,47490.0,2018.0,6.7,,,,0,1,0,1,0,1,0,2015
14245449,N,01/27/2015,10:20 PM,55,11,4,1,21,2,1,10,1.0,227,22,30.21621427,-97.7440169,SH,71.0,123.943,SH0071,Y,N,2,TUE,20.0,20.0,32.0,6.0,12.0,122565.0,2018.0,3.2,,,,0,5,0,0,0,5,0,2015
14245450,N,01/27/2015,09:42 PM,55,11,4,1,20,7,4,1,2.0,227,22,30.35267869,-97.7143374,US,183.0,317.337,US0183,Y,N,4,TUE,20.0,20.0,8.0,6.0,12.0,138247.0,2018.0,3.6,,,,0,0,0,0,0,0,1,2015
14245486,N,01/28/2015,07:55 AM,50,11,1,1,11,2,3,34,3.0,227,22,30.17233028,-97.82429284,FM,2304.0,2.158,FM2304,Y,N,1,WED,13.0,14.0,0.0,2.0,16.0,31291.0,2018.0,3.6,,,,1,0,0,1,0,1,0,2015
14245522,N,01/28/2015,10:36 AM,35,11,1,1,21,1,2,2,1.0,227,22,30.22659271,-97.76940437,US,290.0,115.903,US0290,Y,N,2,WED,20.0,20.0,42.0,6.0,12.0,140123.0,2018.0,2.6,1.0,328.0,2.0,0,1,0,2,0,1,0,2015
14246497,N,01/26/2015,03:33 PM,55,11,1,1,5,2,1,34,1.0,227,9999,30.39433801,-97.86915549,RM,620.0,11.626,RM0620,Y,Y,2,MON,8.0,8.0,0.0,4.0,14.0,46442.0,2018.0,3.2,1.0,161.0,0.0,0,2,0,0,0,2,0,2015
14246535,N,01/28/2015,04:14 PM,45,11,1,1,20,2,4,20,1.0,227,22,30.38631984,-97.68413247,SL,275.0,2.778,SL0275,Y,N,2,WED,0.0,0.0,0.0,4.0,14.0,28204.0,2018.0,1.4,,,,0,1,0,1,0,1,0,2015
14246536,N,01/28/2015,05:36 PM,40,11,1,1,20,2,4,22,1.0,227,22,,,FM,1325.0,,FM1325,Y,N,2,WED,,,,,,,,,,,,0,3,1,3,0,4,0,2015
14246538,N,01/28/2015,10:01 PM,70,11,6,1,20,2,2,22,1.0,227,22,30.33654086,-97.70178505,IH,35.0,239.093,IH0035,Y,N,2,WED,20.0,20.0,3.0,6.0,11.0,199837.0,2018.0,9.4,1.0,409.0,1.0,0,1,0,1,0,1,0,2015
14246623,N,01/10/2015,03:10 AM,60,12,4,2,20,1,4,1,1.0,227,22,30.32399553,-97.67785973,US,290.0,126.864,US0290,Y,N,4,SAT,12.0,20.0,24.0,4.0,12.0,47490.0,2018.0,6.7,,,,0,0,0,0,1,0,1,2015
14247246,N,01/29/2015,07:55 AM,55,12,1,2,11,2,1,34,1.0,227,671,30.10042383,-97.75623864,FM,1327.0,3.195,FM1327,Y,Y,2,THU,10.0,10.0,0.0,2.0,16.0,17645.0,2018.0,5.2,,,,0,2,0,1,0,2,0,2015
14247629,N,01/29/2015,02:03 PM,45,11,1,1,21,2,1,10,1.0,227,22,30.23326117,-97.79729462,US,290.0,114.138,US0290,Y,N,2,THU,20.0,20.0,10.0,7.0,12.0,127013.0,2018.0,2.7,1.0,119.0,1.0,0,1,0,2,0,1,0,2015
14247783,N,01/29/2015,07:34 AM,60,11,1,1,8,2,1,34,1.0,227,9999,30.44670855,-97.74388723,FM,734.0,6.789,FM0734,Y,Y,2,THU,8.0,20.0,36.0,6.0,14.0,55456.0,2018.0,3.8,1.0,297.0,1.0,0,1,0,2,0,1,0,2015
14248209,N,01/13/2015,12:10 AM,70,12,4,1,20,2,4,20,1.0,227,22,30.43088756,-97.67029946,IH,35.0,246.072,IH0035,Y,N,2,TUE,8.0,20.0,3.0,6.0,11.0,132719.0,2018.0,12.4,,,,0,1,0,1,0,1,0,2015
14248243,N,01/29/2015,09:35 PM,70,11,4,1,20,2,4,22,1.0,227,22,30.21627109,-97.75142849,IH,35.0,230.117,IH0035,Y,N,2,THU,4.0,20.0,3.0,6.0,11.0,157370.0,2018.0,10.5,,,,0,2,0,1,0,2,0,2015
14249237,N,01/31/2015,07:45 AM,45,11,4,1,8,2,2,20,1.0,227,9999,30.44970153,-97.65804092,FM,1825.0,1.021,FM1825,Y,Y,2,SAT,8.0,8.0,0.0,4.0,16.0,34141.0,2018.0,3.5,1.0,241.0,8.0,0,2,0,0,0,2,0,2015
14249806,N,01/30/2015,07:10 PM,55,12,3,1,20,2,4,24,1.0,227,9999,30.25984807,-97.61598651,FM,969.0,5.91,FM0969,Y,Y,2,FRI,0.0,0.0,0.0,4.0,14.0,22033.0,2018.0,6.4,,,,0,1,1,2,0,2,0,2015
14250586,Y,01/20/2015,12:51 AM,70,11,4,1,20,2,2,10,1.0,227,9999,30.46430978,-97.66889004,IH,35.0,248.41,IH0035,Y,Y,2,TUE,20.0,20.0,3.0,6.0,11.0,162734.0,2018.0,11.4,,,,0,1,0,1,0,1,0,2015
14250877,N,01/15/2015,07:54 PM,60,11,4,1,20,2,4,20,1.0,227,22,30.32184678,-97.70685604,IH,35.0,238.025,IH0035,Y,N,2,THU,8.0,20.0,24.0,8.0,11.0,199837.0,2018.0,9.4,,,,0,1,0,2,1,1,0,2015
14250953,N,01/15/2015,04:45 PM,65,11,1,1,5,2,2,22,1.0,227,1016,30.34925471,-97.54031243,US,290.0,135.325,US0290,Y,N,1,THU,12.0,20.0,48.0,4.0,14.0,51848.0,2018.0,6.4,,,,1,0,0,1,0,1,0,2015
14251251,N,01/16/2015,01:01 PM,-1,11,1,1,1,2,4,20,1.0,227,22,30.279977000000002,-97.72917844,IH,35.0,234.821,IH0035,Y,N,2,FRI,20.0,40.0,3.0,8.0,11.0,202376.0,2018.0,9.3,,,,0,2,1,2,1,3,0,2015
14251698,N,01/30/2015,08:41 AM,-1,12,1,1,21,2,1,10,1.0,227,22,30.38988689,-97.73433823,SL,1.0,6.936,SL0001,Y,N,2,FRI,24.0,20.0,36.0,6.0,12.0,97149.0,2018.0,1.6,,,,0,1,0,2,0,1,0,2015
14251780,N,01/31/2015,12:31 PM,60,2,1,2,20,2,4,22,1.0,227,22,30.27930591,-97.72953477,IH,35.0,234.77,IH0035,Y,N,2,SAT,20.0,40.0,3.0,8.0,11.0,202376.0,2018.0,9.3,,,,0,1,0,2,0,1,0,2015
14252057,N,02/01/2015,11:39 AM,65,11,1,2,20,7,4,1,4.0,227,22,30.33765246,-97.69726908,US,183.0,318.855,US0183,Y,N,2,SUN,20.0,20.0,24.0,6.0,12.0,61688.0,2018.0,6.9,,,,0,1,0,0,0,1,0,2015
14252219,N,01/13/2015,01:31 PM,-1,12,1,1,21,2,2,22,1.0,227,22,30.34743012,-97.71213957,US,183.0,317.726,US0183,Y,N,2,TUE,20.0,20.0,8.0,6.0,12.0,138247.0,2018.0,3.6,,,,0,1,0,1,0,1,0,2015
14252574,N,02/02/2015,07:58 PM,40,11,4,1,5,2,1,34,1.0,227,9999,30.456045500000002,-97.66642528,IH,35.0,247.823,IH0035,Y,Y,2,MON,18.0,18.0,12.0,6.0,11.0,129244.0,2018.0,12.7,,,,0,1,1,1,0,2,0,2015
14253579,N,01/17/2015,01:43 AM,45,11,4,1,20,2,3,10,1.0,227,22,30.45499667,-97.82627634,RM,620.0,16.767,RM0620,Y,N,2,SAT,0.0,0.0,0.0,2.0,14.0,43487.0,2018.0,3.2,,,,0,1,0,0,1,1,0,2015
14253586,N,01/17/2015,02:53 AM,55,11,4,1,1,7,2,1,4.0,227,22,30.33372378,-97.75562367,SL,1.0,11.023,SL0001,Y,N,2,SAT,12.0,20.0,100.0,6.0,12.0,157489.0,2018.0,1.1,,,,0,1,0,1,0,1,0,2015
14253663,N,01/17/2015,05:45 PM,40,11,1,1,1,2,3,14,1.0,227,22,30.17390302,-97.82373409,FM,2304.0,2.044,FM2304,Y,N,2,SAT,13.0,14.0,0.0,2.0,16.0,34274.0,2018.0,3.5,1.0,119.0,2.0,0,1,0,1,0,1,0,2015
14253664,N,01/17/2015,08:15 PM,65,11,4,1,1,2,4,21,1.0,227,22,30.33251234,-97.68637394,US,183.0,319.594,US0183,Y,N,2,SAT,4.0,10.0,24.0,5.0,12.0,65226.0,2018.0,6.6,,,,0,1,0,3,1,1,0,2015
14253859,N,02/02/2015,01:47 PM,55,11,1,1,21,2,1,34,1.0,227,22,30.20993413,-97.68326778,US,183.0,329.45,US0183,Y,N,2,MON,16.0,16.0,36.0,4.0,14.0,43585.0,2018.0,7.8,,,,0,1,1,1,0,2,0,2015
14255466,N,01/30/2015,07:21 PM,65,11,3,1,20,2,1,21,1.0,227,22,30.21388515,-97.70461658,SH,71.0,126.332,SH0071,Y,N,1,FRI,4.0,5.0,44.0,6.0,12.0,70740.0,2018.0,4.0,,,,1,1,0,2,0,2,0,2015
14255521,N,02/02/2015,06:12 PM,60,12,4,1,20,10,4,1,1.0,227,22,30.28728875,-97.72450457,IH,35.0,235.396,IH0035,Y,N,2,MON,20.0,40.0,3.0,8.0,11.0,202376.0,2018.0,9.3,,,,0,1,0,0,0,1,0,2015
14255581,N,02/03/2015,02:19 PM,60,2,1,2,20,2,2,30,1.0,227,22,30.20651767,-97.64592878,SH,71.0,130.27200000000002,SH0071,Y,N,2,TUE,4.0,10.0,2.0,6.0,14.0,60929.0,2018.0,4.2,,,,0,1,1,1,0,2,0,2015
14255659,N,01/18/2015,06:25 PM,-1,11,1,1,20,2,2,13,1.0,227,22,30.33680692,-97.69557809999999,US,183.0,318.971,US0183,Y,N,2,SUN,2.0,2.0,24.0,6.0,12.0,61688.0,2018.0,6.9,,,,0,3,0,3,0,3,0,2015
14257673,N,02/01/2015,12:24 AM,45,2,4,2,20,2,3,13,1.0,227,22,30.37066265,-97.72092813,US,183.0,316.019,US0183,Y,N,2,SUN,20.0,20.0,8.0,6.0,12.0,138365.0,2018.0,3.6,,,,0,6,0,2,0,6,0,2015
14257725,N,01/19/2015,04:35 PM,50,11,1,1,20,2,4,22,1.0,227,22,30.35423401,-97.74749101,SL,1.0,9.517,SL0001,Y,N,2,MON,12.0,20.0,36.0,6.0,12.0,148872.0,2018.0,1.2,,,,0,1,1,0,2,2,0,2015
14257728,N,02/04/2015,11:49 AM,-1,12,1,1,21,2,2,22,1.0,227,22,30.27680779,-97.63726807,FM,969.0,4.131,FM0969,Y,N,2,WED,4.0,4.0,0.0,4.0,14.0,20957.0,2018.0,6.4,1.0,256.0,3.0,0,1,0,2,0,1,0,2015
14257730,N,02/04/2015,12:20 PM,55,12,1,2,1,2,4,20,1.0,227,22,30.33422903,-97.69019673,US,183.0,319.338,US0183,Y,N,2,WED,4.0,10.0,24.0,5.0,12.0,61688.0,2018.0,6.9,,,,0,1,0,0,0,1,0,2015
14257767,N,01/20/2015,03:00 PM,-1,11,1,1,20,2,3,13,1.0,227,22,30.4218015,-97.74742299,US,183.0,311.761,US0183,Y,N,2,TUE,20.0,20.0,36.0,6.0,12.0,149347.0,2018.0,1.9,,,,0,1,0,1,0,1,0,2015
14257778,N,01/21/2015,07:18 PM,40,2,4,2,15,1,2,3,1.0,227,22,30.27043897,-97.73289554,IH,35.0,234.127,IH0035,Y,N,1,WED,20.0,40.0,3.0,8.0,11.0,177389.0,2018.0,9.9,,,,1,0,0,1,0,1,0,2015
14257779,N,01/21/2015,07:40 PM,-1,11,6,1,5,1,2,1,1.0,227,22,30.26339563,-97.74449683,SL,343.0,4.54,SL0343,Y,N,1,WED,10.0,10.0,0.0,4.0,14.0,27900.0,2018.0,1.9,,,,1,0,0,1,0,1,0,2015
14257780,N,01/21/2015,09:17 PM,-1,2,3,2,1,2,3,10,1.0,227,22,30.20987183,-97.65253813,SH,71.0,129.814,SH0071,Y,N,2,WED,4.0,10.0,2.0,6.0,14.0,66025.0,2018.0,4.1,,,,0,3,2,0,0,5,0,2015
14257785,N,02/04/2015,07:23 AM,50,2,4,2,11,2,4,22,1.0,227,22,30.24222303,-97.88225808,SH,71.0,114.919,SH0071,Y,N,2,WED,10.0,10.0,0.0,4.0,14.0,34138.0,2018.0,3.5,,,,0,1,0,1,0,1,0,2015
14257795,N,02/05/2015,06:56 AM,55,11,1,1,11,2,2,22,1.0,227,22,30.30124009,-97.6612088,US,183.0,322.45,US0183,Y,N,1,THU,16.0,16.0,36.0,4.0,14.0,57843.0,2018.0,3.2,,,,1,0,0,4,0,1,0,2015
14258209,N,01/21/2015,06:43 PM,-1,2,4,2,21,2,1,34,1.0,227,22,30.1984147,-97.76412733,IH,35.0,228.67,IH0035,Y,N,2,WED,24.0,24.0,42.0,6.0,11.0,148474.0,2018.0,11.3,,,,0,1,0,1,0,1,0,2015
14258211,N,01/22/2015,07:14 AM,55,2,1,2,5,2,4,20,1.0,227,22,30.22930107,-97.88874242,US,290.0,108.474,US0290,Y,N,2,THU,0.0,4.0,0.0,4.0,14.0,44818.0,2018.0,2.8,1.0,260.0,1.0,0,3,0,3,0,3,0,2015
14258283,N,02/05/2015,11:58 AM,60,12,1,1,20,2,4,20,1.0,227,22,30.23302959,-97.74160985,IH,35.0,231.41,IH0035,Y,N,2,THU,4.0,20.0,3.0,6.0,11.0,150700.0,2018.0,10.7,,,,0,1,0,1,0,1,0,2015
14258850,N,01/03/2015,09:17 AM,0,11,1,2,5,2,2,22,1.0,227,1016,30.34928587,-97.53864529,US,290.0,135.425,US0290,Y,N,1,SAT,12.0,20.0,68.0,4.0,14.0,51848.0,2018.0,6.4,,,,1,0,0,5,0,1,0,2015
14259137,N,01/26/2015,11:54 PM,30,11,4,1,11,7,3,1,2.0,227,330,30.439777000000003,-97.62056463,FM,1825.0,3.4610000000000003,FM1825,Y,N,2,MON,8.0,8.0,0.0,2.0,16.0,20270.0,2018.0,4.4,,,,0,2,0,3,0,2,0,2015
14259553,N,01/28/2015,11:55 AM,45,11,1,1,11,2,3,14,1.0,227,9999,30.29674168,-97.83311596,RM,2244.0,7.262,RM2244,Y,Y,2,WED,10.0,10.0,0.0,4.0,14.0,49430.0,2018.0,3.1,,,,0,1,0,2,0,1,0,2015
14259642,N,02/06/2015,07:45 AM,-1,12,1,1,11,2,2,20,1.0,227,9999,30.14057643,-97.82948265,FM,1626.0,2.14,FM1626,Y,Y,2,FRI,1.0,1.0,0.0,2.0,16.0,20414.0,2018.0,3.9,,,,0,1,0,4,0,1,0,2015
14263010,N,02/06/2015,12:52 PM,45,11,1,1,2,2,1,10,1.0,227,22,30.265779499999997,-97.78253937,RM,2244.0,11.217,RM2244,Y,N,2,FRI,0.0,0.0,0.0,4.0,14.0,36498.0,2018.0,3.4,1.0,100.0,32.0,0,1,0,1,0,1,0,2015
14263647,N,02/03/2015,03:36 PM,-1,2,1,2,20,2,4,21,1.0,227,22,30.25770654,-97.73716381,IH,35.0,233.212,IH0035,Y,N,2,TUE,8.0,20.0,3.0,8.0,11.0,142856.0,2018.0,11.0,,,,0,2,0,2,0,2,0,2015
14263694,N,02/06/2015,05:00 PM,65,11,1,1,20,2,4,22,1.0,227,22,30.40566972,-97.66875019,FM,734.0,12.211,FM0734,Y,N,2,FRI,4.0,20.0,16.0,6.0,14.0,46970.0,2018.0,3.9,1.0,181.0,3.0,0,1,0,4,0,1,0,2015
14263784,N,02/06/2015,02:22 AM,65,11,4,1,20,7,2,1,4.0,227,22,30.23279916,-97.79413256,US,290.0,114.332,US0290,Y,N,2,FRI,20.0,20.0,10.0,7.0,12.0,127013.0,2018.0,2.7,1.0,297.0,3.0,0,2,0,1,0,2,0,2015
14263858,Y,02/07/2015,08:43 AM,55,11,1,1,1,2,4,20,1.0,227,22,30.27180287,-97.73240279999999,IH,35.0,234.226,IH0035,Y,N,2,SAT,20.0,40.0,3.0,8.0,11.0,177389.0,2018.0,9.9,,,,0,1,0,1,0,1,0,2015
14263993,N,02/07/2015,01:55 PM,55,11,1,1,20,2,4,20,1.0,227,22,30.359846100000002,-97.74513723,SL,1.0,9.104,SL0001,Y,N,2,SAT,12.0,20.0,36.0,6.0,12.0,149361.0,2018.0,1.2,,,,0,3,0,9,0,3,0,2015
14264438,N,01/31/2015,10:35 PM,60,2,3,2,1,7,4,1,2.0,227,9999,30.14463106,-97.67290523,FM,812.0,2.171,FM0812,Y,Y,2,SAT,10.0,10.0,0.0,2.0,16.0,15228.0,2018.0,6.8,1.0,236.0,7.0,0,1,0,0,0,1,0,2015
14265014,N,01/23/2015,06:36 AM,50,2,4,2,20,2,2,22,1.0,227,538,30.307558500000003,-97.94227101,SH,71.0,108.857,SH0071,Y,Y,2,FRI,0.0,0.0,26.0,6.0,14.0,51884.0,2018.0,3.0,1.0,169.0,3.0,0,1,0,1,0,1,0,2015
14265594,N,02/06/2015,01:22 PM,45,11,1,1,21,2,1,10,1.0,227,22,30.42039108,-97.70423126,FM,734.0,9.83,FM0734,Y,N,2,FRI,8.0,20.0,36.0,6.0,14.0,61367.0,2018.0,3.7,1.0,276.0,0.0,0,1,0,1,0,1,0,2015
14265813,N,02/07/2015,03:39 AM,65,11,4,1,20,2,2,22,1.0,227,22,30.38708021,-97.64858609,FM,734.0,14.169,FM0734,Y,N,2,SAT,11.0,0.0,55.0,4.0,14.0,39056.0,2018.0,4.1,,,,0,1,0,3,0,1,0,2015
14265894,N,02/08/2015,01:27 PM,65,11,1,1,1,2,4,20,1.0,227,22,30.22803387,-97.7445628,IH,35.0,231.024,IH0035,Y,N,2,SUN,4.0,20.0,3.0,6.0,11.0,157370.0,2018.0,10.5,,,,0,2,0,4,0,2,0,2015
14265994,Y,02/09/2015,05:41 AM,65,11,4,1,20,7,4,1,2.0,227,22,30.335144800000002,-97.70266621,IH,35.0,238.984,IH0035,Y,N,2,MON,20.0,20.0,3.0,6.0,11.0,199837.0,2018.0,9.4,1.0,409.0,1.0,0,1,1,1,0,2,0,2015
14266225,N,02/09/2015,04:15 PM,40,11,1,1,9,2,2,22,1.0,227,9999,30.18634344,-97.60949555,SH,71.0,132.923,SH0071,Y,Y,2,MON,4.0,6.0,40.0,4.0,14.0,53382.0,2018.0,8.3,,,,0,2,0,3,0,2,0,2015
14266430,N,01/28/2015,07:17 PM,45,11,1,1,20,10,2,1,1.0,227,22,30.34119115,-97.77686903,RM,2222.0,7.204,RM2222,Y,N,2,WED,0.0,0.0,0.0,4.0,14.0,27256.0,2018.0,3.8,,,,0,1,0,0,0,1,0,2015
14266492,N,02/09/2015,06:02 PM,70,11,1,1,20,2,4,22,1.0,227,22,30.19616642,-97.76593927,IH,35.0,228.482,IH0035,Y,N,2,MON,24.0,24.0,42.0,6.0,11.0,170988.0,2018.0,10.7,,,,0,2,0,1,0,2,0,2015
14266496,N,02/10/2015,08:48 AM,70,11,1,1,21,2,1,10,1.0,227,9999,30.19433975,-97.62417603,SH,71.0,131.822,SH0071,Y,Y,1,TUE,6.0,10.0,400.0,6.0,14.0,53382.0,2018.0,8.3,,,,1,2,0,0,0,3,0,2015
14266516,N,02/10/2015,10:50 AM,55,11,1,1,20,2,4,21,1.0,227,22,30.37067095,-97.8028587,RM,2222.0,4.088,RM2222,Y,N,2,TUE,8.0,8.0,0.0,4.0,14.0,42777.0,2018.0,3.2,,,,0,1,0,1,0,1,0,2015
14266518,Y,02/10/2015,10:27 AM,55,11,1,1,20,2,4,20,1.0,227,22,30.24685423,-97.73509139,IH,35.0,232.455,IH0035,Y,N,1,TUE,4.0,10.0,3.0,6.0,11.0,150700.0,2018.0,10.7,,,,1,0,1,2,0,2,0,2015
14267087,N,02/10/2015,03:45 PM,45,11,1,1,9,2,2,22,1.0,227,22,30.39404956,-97.74647833,US,183.0,313.684,US0183,Y,N,2,TUE,20.0,20.0,36.0,6.0,12.0,137676.0,2018.0,2.0,,,,0,1,0,1,0,1,0,2015
14267096,N,02/10/2015,04:01 PM,-1,11,1,1,1,2,4,21,1.0,227,22,30.41160101,-97.84999935,RM,620.0,13.427,RM0620,Y,N,1,TUE,8.0,8.0,0.0,4.0,14.0,50802.0,2018.0,3.1,,,,1,0,0,5,2,1,0,2015
14267712,N,01/24/2015,03:58 PM,60,11,1,1,1,2,4,20,1.0,227,22,30.24900284,-97.73556284,IH,35.0,232.605,IH0035,Y,N,2,SAT,4.0,10.0,3.0,6.0,11.0,142856.0,2018.0,11.0,1.0,238.0,3.0,0,1,0,3,0,1,0,2015
14269526,N,01/30/2015,10:33 PM,50,11,4,1,20,2,2,20,1.0,227,22,30.34914221,-97.69381191,IH,35.0,240.082,IH0035,Y,N,2,FRI,20.0,20.0,3.0,6.0,11.0,145168.0,2018.0,11.9,,,,0,1,2,1,0,3,0,2015
14269842,N,02/01/2015,03:20 AM,65,2,3,2,5,10,4,1,2.0,227,1016,30.3508466,-97.49298759999999,US,290.0,138.15,US0290,Y,N,2,SUN,12.0,20.0,68.0,4.0,2.0,44701.0,2018.0,6.9,,,,0,2,0,0,0,2,0,2015
14270123,N,02/10/2015,03:57 PM,60,11,1,1,20,2,4,22,1.0,227,22,30.23117723,-97.74271165,IH,35.0,231.267,IH0035,Y,N,2,TUE,4.0,20.0,3.0,6.0,11.0,157370.0,2018.0,10.5,,,,0,1,1,0,0,2,0,2015
14270178,N,02/11/2015,09:23 AM,55,11,1,1,20,2,4,20,1.0,227,22,30.37539448,-97.73092206,US,183.0,315.34,US0183,Y,N,2,WED,20.0,20.0,8.0,6.0,12.0,138365.0,2018.0,3.6,,,,0,2,0,0,0,2,0,2015
14270278,N,02/11/2015,03:46 PM,55,11,1,1,5,2,2,22,1.0,227,22,30.28651097,-97.67044966,FM,969.0,2.027,FM0969,Y,N,2,WED,0.0,0.0,0.0,4.0,14.0,17992.0,2018.0,6.6,,,,0,1,0,3,0,1,0,2015
14270549,N,01/28/2015,08:40 PM,30,11,4,1,5,2,1,10,1.0,227,22,30.26574519,-97.73465308,IH,35.0,233.788,IH0035,Y,N,2,WED,20.0,40.0,3.0,8.0,11.0,158343.0,2018.0,10.4,,,,0,1,0,2,0,1,0,2015
14270550,N,01/29/2015,07:32 PM,-1,11,4,1,20,2,4,21,1.0,227,22,30.18233428,-97.81861975,FM,2304.0,1.389,FM2304,Y,N,2,THU,13.0,14.0,0.0,4.0,14.0,34274.0,2018.0,3.5,,,,0,1,0,0,1,1,0,2015
14270600,N,01/29/2015,05:44 PM,45,11,4,1,1,2,4,20,1.0,227,22,30.32145873,-97.69650735,US,290.0,125.721,US0290,Y,N,2,THU,12.0,20.0,24.0,5.0,12.0,55306.0,2018.0,6.3,1.0,1034.0,0.0,0,1,0,0,3,1,0,2015
14270807,N,01/26/2015,02:30 AM,55,11,4,1,1,10,4,1,1.0,227,22,30.25520932,-97.73683639,IH,35.0,233.039,IH0035,Y,N,2,MON,8.0,20.0,3.0,8.0,11.0,142856.0,2018.0,11.0,,,,0,1,0,0,0,1,0,2015
14270841,N,01/26/2015,07:34 AM,65,11,1,1,20,2,2,22,1.0,227,22,30.28590095,-97.76395866,SL,1.0,14.395,SL0001,Y,N,2,MON,12.0,20.0,60.0,6.0,12.0,145144.0,2018.0,1.2,,,,0,1,0,1,0,1,0,2015
14270842,N,01/26/2015,08:45 AM,55,11,1,1,1,2,4,22,1.0,227,22,30.34433875,-97.69685279999999,IH,35.0,239.705,IH0035,Y,N,2,MON,20.0,20.0,3.0,6.0,11.0,145168.0,2018.0,11.9,,,,0,2,0,1,0,2,0,2015
14271955,N,02/10/2015,01:37 PM,65,11,1,1,20,2,4,20,1.0,227,22,30.36928596,-97.74211887,SL,1.0,8.429,SL0001,Y,N,2,TUE,12.0,20.0,36.0,6.0,12.0,149361.0,2018.0,1.2,1.0,210.0,1.0,0,2,0,2,0,2,0,2015
14272745,N,02/07/2015,09:44 AM,50,11,1,1,5,2,1,34,1.0,227,22,30.38708413,-97.64859242,FM,734.0,14.168,FM0734,Y,N,2,SAT,11.0,0.0,55.0,4.0,14.0,39056.0,2018.0,4.1,,,,0,1,0,4,0,1,0,2015
14275535,N,02/14/2015,06:54 PM,65,11,3,1,9,2,1,34,1.0,227,9999,30.18628585,-97.55341334,SH,71.0,136.309,SH0071,Y,Y,2,SAT,6.0,10.0,40.0,4.0,2.0,40580.0,2018.0,9.6,,,,0,1,1,1,0,2,0,2015
14275547,N,02/16/2015,05:43 PM,55,12,5,1,20,2,4,22,1.0,227,9999,30.39746737,-97.92745586,RM,620.0,7.692,RM0620,Y,Y,2,MON,8.0,8.0,0.0,4.0,14.0,31078.0,2018.0,3.6,,,,0,1,2,1,0,3,0,2015
14277536,N,01/25/2015,02:48 PM,60,11,1,1,1,2,4,21,1.0,227,22,30.23041725,-97.74316369,IH,35.0,231.208,IH0035,Y,N,2,SUN,4.0,20.0,3.0,6.0,11.0,157370.0,2018.0,10.5,,,,0,1,0,1,0,1,0,2015
14278014,N,02/14/2015,10:21 PM,50,11,3,1,11,7,4,1,2.0,227,9999,30.44970816,-97.65807174,FM,1825.0,1.019,FM1825,Y,Y,2,SAT,8.0,8.0,0.0,4.0,16.0,34141.0,2018.0,3.5,1.0,241.0,8.0,0,1,0,0,0,1,0,2015