Crash_ID,Cmv_Involv_Fl,Crash_Date,Crash_Time,Crash_Speed_Limit,Wthr_Cond_ID,Light_Cond_ID,Surf_Cond_ID,Traffic_Cntl_ID,Harm_Evnt_ID,Intrsct_Relat_ID,FHE_Collsn_ID,Road_Relat_ID,Cnty_ID,City_ID,Latitude,Longitude,Hwy_Sys,Hwy_Nbr,Dfo,Street_Name,Onsys_Fl,Rural_Fl,Crash_Sev_ID,Day_of_Week,Shldr_Width_Left,Shldr_Width_Right,Median_Width,Nbr_Of_Lane,Func_Sys_ID,Adt_Curnt_Amt,Adt_Curnt_Year,Trk_Aadt_Pct,Curve_Type_ID,Curve_Lngth,Cd_Degr,Sus_Serious_Injry_Cnt,Nonincap_Injry_Cnt,Poss_Injry_Cnt,Non_Injry_Cnt,Unkn_Injry_Cnt,Tot_Injry_Cnt,Death_Cnt,Year
14312821,N,02/28/2015,06:36 AM,75,2,1,6,1,10,4,1,4.0,227,9999,30.25554359,-97.60309288,SH,130.0,32.773,SH0130,Y,Y,2,SAT,12.0,20.0,135.0,4.0,12.0,39424.0,2018.0,17.9,,,,0,1,0,1,0,1,0,2015
14312822,N,02/18/2015,07:32 AM,50,11,1,1,20,2,4,20,1.0,227,22,30.25681055,-97.73710915,IH,35.0,233.15,IH0035,Y,N,2,WED,8.0,20.0,3.0,8.0,11.0,142856.0,2018.0,11.0,,,,0,1,2,1,0,3,0,2015
14313081,N,02/28/2015,05:48 AM,65,2,4,6,1,7,4,1,2.0,227,22,30.40315757,-97.72770988,SL,1.0,5.925,SL0001,Y,N,2,SAT,24.0,20.0,36.0,6.0,12.0,112347.0,2018.0,1.6,1.0,773.0,0.0,0,2,0,6,0,2,0,2015
14313082,N,02/28/2015,11:43 AM,50,12,1,1,1,2,1,34,1.0,227,22,30.28509204,-97.66192949,FM,969.0,2.544,FM0969,Y,N,2,SAT,0.0,0.0,0.0,4.0,14.0,32176.0,2018.0,6.2,,,,0,2,0,0,0,2,0,2015
14313282,N,03/01/2015,12:49 AM,55,2,3,2,20,2,4,30,1.0,227,22,30.19021273,-97.68551641,US,183.0,330.816,US0183,Y,N,2,SUN,12.0,20.0,36.0,4.0,14.0,30598.0,2018.0,9.5,,,,0,1,1,1,1,2,0,2015
14313306,N,03/01/2015,10:07 AM,-1,2,1,2,20,2,2,20,1.0,227,22,30.33942491,-97.70050926,US,183.0,318.627,US0183,Y,N,2,SUN,20.0,20.0,24.0,6.0,12.0,116357.0,2018.0,3.9,,,,0,1,2,1,0,3,0,2015
14313324,N,03/07/2015,07:25 PM,55,12,4,2,11,2,1,34,1.0,227,9999,30.19238704,-97.92518441,RM,1826.0,3.66,RM1826,Y,Y,2,SAT,3.0,3.0,0.0,2.0,17.0,12378.0,2018.0,5.2,,,,0,2,0,1,0,2,0,2015
14313356,N,03/01/2015,05:44 AM,-1,2,4,2,21,2,2,22,1.0,227,22,30.26010326,-97.69386776,SL,111.0,1.676,SL0111,Y,N,2,SUN,1.0,2.0,0.0,4.0,14.0,31328.0,2018.0,1.8,,,,0,2,0,2,0,2,0,2015
14313387,N,03/02/2015,10:15 AM,50,12,1,2,10,2,2,14,1.0,227,22,30.41883475,-97.74680319,US,183.0,311.969,US0183,Y,N,2,MON,20.0,20.0,36.0,6.0,12.0,137676.0,2018.0,2.0,,,,0,1,0,1,0,1,0,2015
14313446,N,03/02/2015,10:10 PM,50,11,6,1,20,2,3,38,1.0,227,22,30.352723200000003,-97.71435109999999,US,183.0,317.334,US0183,Y,N,2,MON,20.0,20.0,8.0,6.0,12.0,138247.0,2018.0,3.6,,,,0,1,0,0,0,1,0,2015
14313532,N,03/04/2015,10:02 AM,55,2,1,2,20,2,3,34,1.0,227,22,30.37675606,-97.77967063,SL,360.0,2.392,SL0360,Y,N,2,WED,8.0,20.0,48.0,4.0,14.0,54706.0,2018.0,2.6,,,,0,1,1,0,0,2,0,2015
14313563,N,03/04/2015,07:55 PM,40,2,4,2,20,2,2,20,1.0,227,22,30.25502995,-97.76212834,SL,343.0,2.918,SL0343,Y,N,2,WED,0.0,0.0,0.0,4.0,14.0,46479.0,2018.0,1.4,,,,0,1,1,2,0,2,0,2015
14313613,N,03/05/2015,03:40 PM,50,11,1,1,20,2,2,20,1.0,227,22,30.40090128,-97.74581109,US,183.0,313.211,US0183,Y,N,2,THU,20.0,20.0,36.0,6.0,12.0,137676.0,2018.0,2.0,1.0,270.0,1.0,0,1,0,2,0,1,0,2015
14313668,N,03/06/2015,03:29 PM,60,11,1,1,20,2,4,22,1.0,227,22,30.30215496,-97.71508489,IH,35.0,236.563,IH0035,Y,N,2,FRI,8.0,20.0,24.0,8.0,11.0,196302.0,2018.0,9.5,,,,0,3,0,0,0,3,0,2015
14313670,N,03/06/2015,05:35 PM,55,11,1,1,1,2,4,22,1.0,227,22,30.36924832,-97.71934352,US,183.0,316.156,US0183,Y,N,2,FRI,20.0,20.0,8.0,6.0,12.0,138365.0,2018.0,3.6,,,,0,1,0,1,0,1,0,2015
14313757,N,03/07/2015,11:37 PM,-1,11,4,1,21,2,1,10,1.0,227,22,30.34050179,-97.5911026,US,290.0,132.21,US0290,Y,N,2,SAT,20.0,20.0,3.0,5.0,12.0,34434.0,2018.0,8.4,,,,0,3,2,2,0,5,0,2015
14313759,N,03/08/2015,03:22 AM,45,11,4,1,21,2,1,10,1.0,227,22,30.37113617,-97.69243006,SL,275.0,3.934,SL0275,Y,N,2,SUN,0.0,2.0,0.0,4.0,14.0,37689.0,2018.0,1.2,,,,0,1,0,4,0,1,0,2015
14315219,N,02/17/2015,08:23 PM,40,11,4,1,21,2,2,20,1.0,227,22,30.27043897,-97.73289554,IH,35.0,234.127,IH0035,Y,N,2,TUE,20.0,40.0,3.0,8.0,11.0,177389.0,2018.0,9.9,,,,0,1,0,1,0,1,0,2015
14315790,N,03/08/2015,05:46 AM,70,2,4,2,20,1,4,1,1.0,227,22,30.27807688,-97.73013584,IH,35.0,234.678,IH0035,Y,N,2,SUN,20.0,40.0,3.0,8.0,11.0,202376.0,2018.0,9.3,1.0,119.0,0.0,0,1,0,1,0,1,0,2015
14315795,N,03/08/2015,07:54 PM,-1,2,3,2,1,7,4,1,2.0,227,22,30.40433573,-97.6751014,IH,35.0,244.223,IH0035,Y,N,2,SUN,8.0,20.0,3.0,6.0,11.0,159315.0,2018.0,11.5,,,,0,1,0,0,0,1,0,2015
14315986,N,03/09/2015,05:44 AM,60,2,4,2,1,7,4,1,2.0,227,22,30.27746432,-97.73041645,IH,35.0,234.633,IH0035,Y,N,1,MON,20.0,40.0,3.0,8.0,11.0,177389.0,2018.0,9.9,1.0,119.0,0.0,1,0,1,0,0,2,0,2015
14316615,N,03/10/2015,06:27 PM,45,11,1,1,9,2,2,22,1.0,227,9999,30.19433975,-97.62417603,SH,71.0,131.822,SH0071,Y,Y,2,TUE,6.0,10.0,400.0,6.0,14.0,53382.0,2018.0,8.3,,,,0,1,0,0,1,1,0,2015
14318250,N,02/23/2015,01:17 AM,45,11,3,1,1,7,4,1,2.0,227,22,30.33226043,-97.70445797,IH,35.0,238.758,IH0035,Y,N,4,MON,20.0,20.0,3.0,6.0,11.0,199837.0,2018.0,9.4,,,,0,0,0,0,0,0,1,2015
14318473,N,02/16/2015,10:25 AM,35,2,1,2,5,2,1,10,1.0,227,22,30.26574519,-97.73465308,IH,35.0,233.788,IH0035,Y,N,2,MON,20.0,40.0,3.0,8.0,11.0,158343.0,2018.0,10.4,,,,0,1,0,2,1,1,0,2015
14318611,N,03/02/2015,10:27 AM,35,12,1,1,5,2,1,34,1.0,227,22,30.26410416,-97.74704619,SL,343.0,4.381,SL0343,Y,N,2,MON,10.0,10.0,0.0,4.0,14.0,27900.0,2018.0,1.9,,,,0,1,0,3,0,1,0,2015
14318712,N,03/10/2015,07:00 AM,-1,11,3,1,1,1,2,3,1.0,227,22,30.36102433,-97.69814537,SL,275.0,4.708,SL0275,Y,N,2,TUE,0.0,0.0,0.0,4.0,14.0,37689.0,2018.0,1.2,,,,0,1,0,1,0,1,0,2015
14318781,N,03/10/2015,07:59 PM,55,12,4,1,21,2,1,10,1.0,227,22,30.40794978,-97.67464605,IH,35.0,244.474,IH0035,Y,N,2,TUE,8.0,20.0,3.0,6.0,11.0,134367.0,2018.0,12.4,1.0,411.0,1.0,0,1,0,3,0,1,0,2015
14319101,N,02/14/2015,04:29 PM,60,12,1,1,12,10,4,1,3.0,227,9999,30.35988695,-98.06915818,SH,71.0,99.997,SH0071,Y,Y,1,SAT,2.0,2.0,0.0,4.0,2.0,37755.0,2018.0,3.3,3.0,230.0,3.0,2,0,0,0,0,2,0,2015
14319114,Y,03/04/2015,10:45 AM,60,2,1,2,20,2,4,30,1.0,227,9999,30.32905747,-98.01990467,SH,71.0,103.777,SH0071,Y,Y,4,WED,5.0,10.0,0.0,4.0,14.0,37755.0,2018.0,3.3,3.0,165.0,5.0,2,0,0,0,0,2,1,2015
14320454,N,02/24/2015,07:32 AM,45,12,2,1,5,2,1,10,1.0,227,22,30.36319328,-97.71752846,US,183.0,316.589,US0183,Y,N,2,TUE,20.0,20.0,8.0,6.0,12.0,138247.0,2018.0,3.6,1.0,131.0,3.0,0,1,0,1,0,1,0,2015
14320516,N,03/05/2015,06:16 PM,55,11,4,1,1,7,2,1,4.0,227,22,30.37952805,-97.73792267,US,183.0,314.834,US0183,Y,N,2,THU,20.0,20.0,36.0,6.0,12.0,146786.0,2018.0,1.9,,,,0,1,0,1,0,1,0,2015
14320517,N,03/04/2015,05:33 PM,55,2,4,2,1,2,4,22,1.0,227,9999,30.259149100000005,-97.81318533,SL,360.0,11.768,SL0360,Y,Y,2,WED,8.0,20.0,60.0,4.0,14.0,55818.0,2018.0,2.6,,,,0,1,0,2,0,1,0,2015
14320718,Y,03/12/2015,01:55 AM,55,11,4,1,1,2,4,22,1.0,227,22,30.23434525,-97.74083173,IH,35.0,231.512,IH0035,Y,N,2,THU,4.0,20.0,3.0,6.0,11.0,150700.0,2018.0,10.7,,,,0,1,0,1,0,1,0,2015
14321193,N,02/01/2015,08:38 AM,75,12,1,2,11,7,4,1,4.0,227,22,30.23260272,-97.82638575,SL,1.0,19.821,SL0001,Y,N,2,SUN,20.0,20.0,60.0,6.0,12.0,84322.0,2018.0,1.6,,,,0,1,0,0,0,1,0,2015
14321328,N,03/12/2015,11:47 AM,55,11,1,1,20,10,2,1,2.0,227,22,30.29161143,-97.76028288,SL,1.0,13.945,SL0001,Y,N,1,THU,12.0,20.0,60.0,6.0,12.0,150574.0,2018.0,1.2,1.0,338.0,1.0,1,0,0,0,0,1,0,2015
14322693,N,03/04/2015,06:45 AM,45,5,3,2,11,7,4,1,2.0,227,9999,30.44544797,-97.86167249,RM,2769.0,4.512,RM2769,Y,Y,2,WED,3.0,3.0,0.0,2.0,16.0,7248.0,2018.0,8.0,,,,0,1,0,0,0,1,0,2015
14323126,N,03/12/2015,06:47 AM,45,12,4,2,5,1,2,1,1.0,227,22,30.27356299,-97.69790834,SL,111.0,0.72,SL0111,Y,N,2,THU,1.0,2.0,0.0,4.0,14.0,31328.0,2018.0,1.8,,,,0,1,0,1,0,1,0,2015
14324638,N,03/13/2015,10:25 AM,80,11,1,1,11,7,2,1,2.0,227,9999,30.11769147,-97.66017885,SH,130.0,43.457,SH0130,Y,Y,2,FRI,12.0,20.0,135.0,4.0,12.0,26348.0,2018.0,22.1,1.0,721.0,1.0,0,1,0,0,0,1,0,2015
14326368,N,03/14/2015,03:20 PM,45,11,1,1,20,2,2,22,1.0,227,9999,30.29601647,-97.82918787,RM,2244.0,7.502999999999999,RM2244,Y,Y,1,SAT,0.0,0.0,8.0,6.0,14.0,49430.0,2018.0,3.1,,,,1,0,0,3,0,1,0,2015
14326487,N,03/08/2015,04:03 PM,-1,12,1,2,5,2,1,34,1.0,227,22,30.44392381,-97.74237054,FM,734.0,7.0,FM0734,Y,N,1,SUN,8.0,20.0,36.0,6.0,14.0,55456.0,2018.0,3.8,,,,2,0,0,2,0,2,0,2015
14326542,N,03/11/2015,10:04 PM,55,11,3,1,20,2,4,22,1.0,227,22,30.33859372,-97.75470958,SL,1.0,10.68,SL0001,Y,N,2,WED,12.0,20.0,100.0,6.0,12.0,148872.0,2018.0,1.2,,,,0,1,0,3,0,1,0,2015
14326649,N,03/12/2015,08:05 PM,60,11,4,1,20,2,4,22,1.0,227,22,30.23984493,-97.73758233,IH,35.0,231.937,IH0035,Y,N,2,THU,4.0,20.0,3.0,6.0,11.0,150700.0,2018.0,10.7,,,,0,1,1,1,0,2,0,2015
14326744,N,03/14/2015,02:05 PM,65,11,1,1,20,2,2,20,1.0,227,9999,30.42105309,-98.12638392,SH,71.0,94.282,SH0071,Y,Y,2,SAT,6.0,6.0,0.0,4.0,2.0,13122.0,2018.0,5.6,,,,0,1,0,4,0,1,0,2015
14326890,N,03/13/2015,01:45 PM,55,11,1,1,20,2,2,13,1.0,227,22,30.34811332,-97.69446326,IH,35.0,240.001,IH0035,Y,N,2,FRI,20.0,20.0,3.0,6.0,11.0,145168.0,2018.0,11.9,,,,0,1,1,2,0,2,0,2015
14326894,N,03/13/2015,06:33 PM,55,11,1,1,1,2,4,20,1.0,227,22,30.29090524,-97.72217013,IH,35.0,235.681,IH0035,Y,N,2,FRI,8.0,20.0,24.0,8.0,11.0,202376.0,2018.0,9.3,,,,0,1,0,3,0,1,0,2015
14327065,N,03/13/2015,10:43 PM,60,11,4,1,20,2,4,22,1.0,227,22,30.31105888,-97.70940241,IH,35.0,237.263,IH0035,Y,N,2,FRI,8.0,20.0,24.0,8.0,11.0,193850.0,2018.0,9.5,,,,0,1,0,5,0,1,0,2015
14327314,Y,02/18/2015,02:36 AM,60,11,4,1,1,2,4,20,1.0,227,22,30.32623213,-97.70620315,IH,35.0,238.329,IH0035,Y,N,2,WED,20.0,20.0,3.0,6.0,11.0,199837.0,2018.0,9.4,,,,0,1,0,2,0,1,0,2015
14327633,N,02/23/2015,05:45 PM,40,11,5,1,1,10,4,1,1.0,227,22,30.25797664,-97.73715905,IH,35.0,233.231,IH0035,Y,N,1,MON,8.0,20.0,3.0,8.0,11.0,142856.0,2018.0,11.0,,,,1,0,0,0,0,1,0,2015
14327674,N,02/24/2015,01:45 PM,40,12,1,1,5,2,1,10,1.0,227,22,30.24939375,-97.76751182,SL,343.0,2.4090000000000003,SL0343,Y,N,1,TUE,0.0,0.0,0.0,4.0,14.0,46479.0,2018.0,1.4,1.0,304.0,2.0,1,1,0,0,1,2,0,2015
14327684,N,02/25/2015,01:00 AM,35,2,4,2,20,7,4,1,4.0,227,22,30.26173169,-97.73622702,IH,35.0,233.496,IH0035,Y,N,2,WED,8.0,20.0,3.0,8.0,11.0,158343.0,2018.0,10.4,1.0,248.0,2.0,0,1,0,0,0,1,0,2015
14327723,N,03/14/2015,09:29 PM,50,11,3,1,20,2,3,13,1.0,227,22,30.18238332,-97.77603111,IH,35.0,227.357,IH0035,Y,N,2,SAT,6.0,20.0,30.0,6.0,11.0,156852.0,2018.0,11.1,,,,0,2,0,0,0,2,0,2015
14327744,N,03/15/2015,02:49 AM,55,11,4,1,5,2,2,22,1.0,227,22,30.42039108,-97.70423126,FM,734.0,9.83,FM0734,Y,N,2,SUN,8.0,20.0,36.0,6.0,14.0,61367.0,2018.0,3.7,1.0,276.0,0.0,0,1,0,1,1,1,0,2015
14327759,N,03/15/2015,07:39 AM,-1,11,1,1,5,2,1,10,1.0,227,22,30.34050179,-97.5911026,US,290.0,132.21,US0290,Y,N,2,SUN,20.0,20.0,3.0,5.0,12.0,34434.0,2018.0,8.4,,,,0,1,3,0,0,4,0,2015
14327837,N,03/16/2015,12:35 PM,50,11,1,1,1,2,3,34,1.0,227,22,30.42181237,-97.70692372,FM,734.0,9.642,FM0734,Y,N,2,MON,8.0,20.0,36.0,6.0,14.0,61367.0,2018.0,3.7,,,,0,1,0,4,0,1,0,2015
14327858,N,03/16/2015,11:24 AM,55,12,1,1,1,2,4,20,1.0,227,22,30.28431209,-97.66570899,US,183.0,323.645,US0183,Y,N,2,MON,16.0,20.0,36.0,4.0,14.0,67460.0,2018.0,6.6,,,,0,1,0,1,0,1,0,2015
14329135,N,03/06/2015,12:49 AM,65,11,4,1,20,7,4,1,4.0,227,22,30.22811825,-97.7833156,US,290.0,115.055,US0290,Y,N,2,FRI,20.0,20.0,22.0,8.0,12.0,148990.0,2018.0,2.4,1.0,331.0,1.0,0,1,0,0,0,1,0,2015
14329234,Y,03/16/2015,05:14 PM,60,11,1,1,20,2,4,22,1.0,227,22,30.28297197,-97.72729927,IH,35.0,235.056,IH0035,Y,N,2,MON,20.0,40.0,3.0,8.0,11.0,202376.0,2018.0,9.3,1.0,45.0,5.0,0,1,1,2,0,2,0,2015
14329323,Y,03/16/2015,03:31 AM,70,11,3,1,1,2,4,22,1.0,227,22,,,IH,35.0,,IH0035,Y,N,1,MON,,,,,,,,,,,,1,0,0,1,0,1,0,2015
14329324,Y,03/16/2015,03:09 PM,65,12,1,1,8,2,1,10,1.0,227,22,30.18170394,-97.90003845,SH,45.0,0.93,SH0045,Y,N,1,MON,12.0,20.0,40.0,4.0,16.0,16410.0,2018.0,11.7,,,,1,0,0,1,1,1,0,2015
14329590,N,02/11/2015,02:46 AM,45,11,4,1,21,1,2,1,1.0,227,22,30.36737885,-97.69455621,SL,275.0,4.221,SL0275,Y,N,4,WED,0.0,0.0,0.0,4.0,14.0,37689.0,2018.0,1.2,,,,0,0,0,1,1,0,1,2015
14329979,N,02/26/2015,11:15 AM,60,11,1,1,17,2,2,22,1.0,227,22,30.38260688,-97.7714646,SL,360.0,1.755,SL0360,Y,N,2,THU,8.0,20.0,48.0,4.0,14.0,54706.0,2018.0,2.6,,,,0,2,0,0,0,2,0,2015
14330014,N,03/13/2015,01:25 PM,45,11,1,1,20,2,4,20,1.0,227,22,30.34159366,-97.69859062,IH,35.0,239.489,IH0035,Y,N,2,FRI,20.0,20.0,3.0,6.0,11.0,145168.0,2018.0,11.9,,,,0,1,0,3,0,1,0,2015
14330035,N,03/17/2015,10:02 AM,55,12,1,1,21,2,1,34,1.0,227,22,30.40662345,-97.85252006,RM,620.0,13.053,RM0620,Y,N,2,TUE,8.0,8.0,0.0,4.0,14.0,50802.0,2018.0,3.1,,,,0,1,1,0,0,2,0,2015
14330042,N,03/17/2015,10:59 AM,45,12,1,1,5,7,2,1,2.0,227,22,30.1984147,-97.76412733,IH,35.0,228.67,IH0035,Y,N,2,TUE,24.0,24.0,42.0,6.0,11.0,148474.0,2018.0,11.3,,,,0,1,0,0,0,1,0,2015
14330064,N,03/17/2015,12:31 PM,35,12,1,1,11,2,3,14,1.0,227,22,30.334994399999996,-97.74058434,RM,2222.0,9.671,RM2222,Y,N,2,TUE,0.0,0.0,0.0,4.0,14.0,34181.0,2018.0,3.5,,,,0,2,0,2,0,2,0,2015
14331358,N,03/18/2015,06:55 AM,50,2,4,2,5,2,1,34,1.0,227,9999,30.44887365,-97.65609818,FM,1825.0,1.151,FM1825,Y,Y,1,WED,8.0,8.0,0.0,4.0,16.0,34141.0,2018.0,3.5,,,,1,1,0,0,0,2,0,2015
14334439,N,02/28/2015,03:03 PM,-1,2,1,2,5,2,1,10,1.0,227,22,30.35298507,-97.71443173,US,183.0,317.315,US0183,Y,N,2,SAT,20.0,20.0,8.0,6.0,12.0,138247.0,2018.0,3.6,,,,0,1,0,1,0,1,0,2015
14334487,N,03/06/2015,01:50 PM,35,11,1,1,5,2,1,34,1.0,227,22,30.32197399,-97.71856309,SS,69.0,0.562,SS0069,Y,N,2,FRI,0.0,0.0,10.0,4.0,14.0,19307.0,2018.0,2.3,,,,0,1,0,1,0,1,0,2015
14334569,N,03/17/2015,03:44 PM,55,12,1,1,20,2,4,20,1.0,227,22,30.35467563,-97.74716504,SL,1.0,9.481,SL0001,Y,N,2,TUE,12.0,20.0,36.0,6.0,12.0,148872.0,2018.0,1.2,1.0,157.0,2.0,0,1,0,2,0,1,0,2015
14334583,N,03/18/2015,09:49 AM,55,11,1,2,11,2,2,22,1.0,227,22,30.34295359,-97.6977297,IH,35.0,239.596,IH0035,Y,N,2,WED,20.0,20.0,3.0,6.0,11.0,145168.0,2018.0,11.9,,,,0,1,1,0,0,2,0,2015
14334666,Y,03/19/2015,06:45 AM,60,11,4,1,8,2,1,10,1.0,227,22,30.43727954,-97.73587539,FM,734.0,7.61,FM0734,Y,N,1,THU,8.0,20.0,36.0,6.0,14.0,49788.0,2018.0,3.9,,,,1,0,0,1,0,1,0,2015
14334669,N,03/19/2015,10:18 AM,50,12,1,1,20,2,2,22,1.0,227,22,30.3680972,-97.74251406,SL,1.0,8.514,SL0001,Y,N,1,THU,12.0,20.0,36.0,6.0,12.0,149361.0,2018.0,1.2,1.0,210.0,1.0,1,0,0,2,0,1,0,2015
14335556,Y,01/08/2015,06:37 AM,60,11,1,1,20,2,4,20,1.0,227,22,30.27494172,-97.73138309,IH,35.0,234.45,IH0035,Y,N,2,THU,20.0,40.0,3.0,8.0,11.0,177389.0,2018.0,9.9,,,,0,3,0,0,0,3,0,2015
14335697,N,03/16/2015,01:15 PM,45,12,1,1,5,2,1,24,1.0,227,22,30.21539143,-97.75199297,IH,35.0,230.048,IH0035,Y,N,2,MON,4.0,20.0,3.0,6.0,11.0,148474.0,2018.0,11.3,,,,0,1,0,3,0,1,0,2015
14336172,N,03/20/2015,06:30 PM,60,2,1,2,11,2,4,30,1.0,227,9999,30.39681366,-97.85892987,RM,620.0,12.259,RM0620,Y,Y,2,FRI,8.0,8.0,0.0,4.0,14.0,46442.0,2018.0,3.2,,,,0,2,0,1,0,2,0,2015
14338776,Y,03/23/2015,06:30 AM,55,5,3,1,11,8,4,1,1.0,227,9999,30.21375882,-97.63886224,FM,973.0,28.474,FM0973,Y,Y,1,MON,10.0,10.0,40.0,4.0,16.0,16700.0,2018.0,6.1,,,,1,0,0,3,0,1,0,2015
14340365,N,01/16/2015,06:24 PM,65,11,3,1,20,2,4,20,1.0,227,22,30.20158261,-97.86560229999999,SL,1.0,23.192,SL0001,Y,N,2,FRI,12.0,20.0,325.0,4.0,12.0,45282.0,2018.0,1.7,,,,0,1,0,3,0,1,0,2015
14341164,N,03/03/2015,03:49 PM,40,12,1,2,5,2,1,10,1.0,227,22,30.33256829,-97.68650517,US,183.0,319.585,US0183,Y,N,2,TUE,4.0,10.0,24.0,5.0,12.0,65226.0,2018.0,6.6,,,,0,2,0,0,0,2,0,2015
14341169,N,03/21/2015,09:59 AM,55,2,1,2,20,7,4,1,2.0,227,9999,30.14202589,-97.81376155,FM,1626.0,1.188,FM1626,Y,Y,1,SAT,1.0,1.0,0.0,2.0,16.0,17291.0,2018.0,4.2,1.0,100.0,10.0,1,0,0,0,0,1,0,2015
14341217,N,03/05/2015,12:39 PM,45,11,1,1,21,2,1,10,1.0,227,22,30.21292857,-97.65874767,SH,71.0,129.388,SH0071,Y,N,2,THU,10.0,8.0,2.0,4.0,12.0,66025.0,2018.0,4.1,,,,0,1,1,0,0,2,0,2015
14341261,N,03/06/2015,08:21 PM,40,2,3,2,20,1,4,1,1.0,227,22,30.37387957,-97.7262418,FM,1325.0,8.101,FM1325,Y,N,1,FRI,0.0,0.0,40.0,4.0,14.0,43120.0,2018.0,1.5,,,,1,0,0,2,0,1,0,2015
14341262,N,03/06/2015,09:17 PM,65,11,4,1,1,7,4,1,4.0,227,22,30.22688774,-97.76994399,US,290.0,115.865,US0290,Y,N,1,FRI,20.0,20.0,42.0,6.0,12.0,148990.0,2018.0,2.4,1.0,328.0,2.0,1,0,0,1,0,1,0,2015
14341294,N,03/18/2015,04:08 PM,60,12,1,1,8,2,2,30,1.0,227,9999,30.38746526,-97.90609907,RM,620.0,9.255,RM0620,Y,Y,2,WED,14.0,13.0,5.0,4.0,14.0,32009.0,2018.0,3.5,1.0,315.0,4.0,0,1,0,3,0,1,0,2015
14341309,N,03/08/2015,03:34 PM,40,2,1,2,1,2,4,20,1.0,227,22,30.29432958,-97.71997587,IH,35.0,235.951,IH0035,Y,N,2,SUN,8.0,20.0,24.0,8.0,11.0,202376.0,2018.0,9.3,,,,0,2,0,1,3,2,0,2015
14341311,N,03/08/2015,05:22 PM,40,2,5,2,5,2,1,10,1.0,227,22,30.27043897,-97.73289554,IH,35.0,234.127,IH0035,Y,N,2,SUN,20.0,40.0,3.0,8.0,11.0,177389.0,2018.0,9.9,,,,0,3,0,1,0,3,0,2015
14341336,N,03/12/2015,07:51 PM,65,11,5,1,5,2,1,24,1.0,227,22,30.20087412,-97.86606184,SL,1.0,23.247,SL0001,Y,N,2,THU,12.0,20.0,325.0,4.0,12.0,45282.0,2018.0,1.7,,,,0,1,0,2,0,1,0,2015
14341385,N,03/16/2015,04:40 PM,-1,11,1,1,5,2,1,10,1.0,227,22,30.43066652,-97.70079607,SL,1.0,3.241,SL0001,Y,N,2,MON,20.0,20.0,36.0,6.0,12.0,64650.0,2018.0,2.0,1.0,192.0,0.0,0,1,0,2,0,1,0,2015
14341386,Y,03/16/2015,07:29 AM,55,12,1,1,11,2,4,22,1.0,227,22,30.21492925,-97.75228363,IH,35.0,230.011,IH0035,Y,N,2,MON,4.0,20.0,3.0,6.0,11.0,148474.0,2018.0,11.3,,,,0,1,1,1,0,2,0,2015
14341488,N,03/18/2015,03:14 AM,60,2,4,2,11,7,4,1,4.0,227,22,30.31264118,-97.70866062,IH,35.0,237.381,IH0035,Y,N,2,WED,8.0,20.0,24.0,8.0,11.0,193850.0,2018.0,9.5,,,,0,2,0,0,0,2,0,2015
14341489,N,03/18/2015,01:09 AM,65,11,4,1,20,7,4,1,4.0,227,22,30.33990388,-97.69966035,IH,35.0,239.357,IH0035,Y,N,2,WED,20.0,20.0,3.0,6.0,11.0,145168.0,2018.0,11.9,,,,0,1,0,0,0,1,0,2015
14341501,N,03/19/2015,12:57 PM,65,11,1,1,1,8,4,1,1.0,227,22,30.21697737,-97.75310479999999,US,290.0,117.083,US0290,Y,N,2,THU,20.0,20.0,20.0,6.0,12.0,140123.0,2018.0,2.6,1.0,171.0,2.0,0,3,0,5,0,3,0,2015
14341504,N,03/19/2015,03:59 PM,-1,11,1,1,1,2,4,20,1.0,227,22,30.29802564,-97.71766926,IH,35.0,236.24,IH0035,Y,N,2,THU,8.0,20.0,24.0,8.0,11.0,202376.0,2018.0,9.3,,,,0,1,0,2,0,1,0,2015
14341606,N,03/20/2015,04:30 PM,45,2,1,2,20,2,2,22,1.0,227,22,30.22997581,-97.78820977,US,290.0,114.735,US0290,Y,N,2,FRI,20.0,20.0,22.0,8.0,12.0,148990.0,2018.0,2.4,,,,0,1,0,2,0,1,0,2015
14341626,N,03/20/2015,08:17 PM,-1,2,4,2,12,7,4,1,2.0,227,22,30.28446562,-97.65820682,FM,969.0,2.7710000000000004,FM0969,Y,N,2,FRI,0.0,0.0,0.0,4.0,14.0,32176.0,2018.0,6.2,1.0,160.0,13.0,0,1,0,0,0,1,0,2015
14341628,N,03/20/2015,09:00 PM,-1,2,4,2,5,2,1,10,1.0,227,22,30.23584683,-97.825427,US,290.0,112.375,US0290,Y,N,2,FRI,20.0,20.0,42.0,5.0,12.0,68372.0,2018.0,2.7,1.0,361.0,1.0,0,1,0,2,0,1,0,2015
14341665,N,03/21/2015,02:05 PM,45,2,1,2,21,2,1,10,1.0,227,22,30.34050179,-97.5911026,US,290.0,132.21,US0290,Y,N,2,SAT,20.0,20.0,3.0,5.0,12.0,34434.0,2018.0,8.4,,,,0,1,0,1,0,1,0,2015
14341731,N,03/21/2015,03:56 AM,60,2,4,2,20,7,2,1,4.0,227,22,30.22174278,-97.74823190000001,IH,35.0,230.539,IH0035,Y,N,2,SAT,4.0,20.0,3.0,6.0,11.0,157370.0,2018.0,10.5,,,,0,1,0,0,0,1,0,2015