Crash_ID,Cmv_Involv_Fl,Crash_Date,Crash_Time,Crash_Speed_Limit,Wthr_Cond_ID,Light_Cond_ID,Surf_Cond_ID,Traffic_Cntl_ID,Harm_Evnt_ID,Intrsct_Relat_ID,FHE_Collsn_ID,Road_Relat_ID,Cnty_ID,City_ID,Latitude,Longitude,Hwy_Sys,Hwy_Nbr,Dfo,Street_Name,Onsys_Fl,Rural_Fl,Crash_Sev_ID,Day_of_Week,Shldr_Width_Left,Shldr_Width_Right,Median_Width,Nbr_Of_Lane,Func_Sys_ID,Adt_Curnt_Amt,Adt_Curnt_Year,Trk_Aadt_Pct,Curve_Type_ID,Curve_Lngth,Cd_Degr,Sus_Serious_Injry_Cnt,Nonincap_Injry_Cnt,Poss_Injry_Cnt,Non_Injry_Cnt,Unkn_Injry_Cnt,Tot_Injry_Cnt,Death_Cnt,Year
14423494,N,05/04/2015,06:37 PM,70,11,1,1,20,7,2,1,4.0,227,22,30.33599205,-97.70213145,IH,35.0,239.05,IH0035,Y,N,2,MON,20.0,20.0,3.0,6.0,11.0,199837.0,2018.0,9.4,1.0,409.0,1.0,0,1,0,0,0,1,0,2015
14423496,N,05/05/2015,10:43 AM,45,11,1,1,11,2,1,10,1.0,227,22,30.20002214,-97.80744779,FM,2304.0,0.001,FM2304,Y,N,2,TUE,13.0,14.0,0.0,4.0,14.0,35199.0,2018.0,3.5,1.0,71.0,3.0,0,1,0,1,0,1,0,2015
14423508,N,05/05/2015,02:40 AM,60,12,4,1,1,7,4,1,2.0,227,22,30.26564009,-97.73468995,IH,35.0,233.78,IH0035,Y,N,2,TUE,20.0,40.0,3.0,8.0,11.0,158343.0,2018.0,10.4,,,,0,1,0,0,0,1,0,2015
14423574,N,05/06/2015,04:27 PM,45,11,1,1,11,2,1,10,1.0,227,22,30.32212067,-97.70681763,IH,35.0,238.044,IH0035,Y,N,2,WED,8.0,20.0,24.0,8.0,11.0,199837.0,2018.0,9.4,,,,0,3,0,2,0,3,0,2015
14423601,N,05/07/2015,06:10 AM,55,12,3,1,20,2,4,20,1.0,227,22,30.22353316,-97.74719993,IH,35.0,230.677,IH0035,Y,N,2,THU,4.0,20.0,3.0,6.0,11.0,157370.0,2018.0,10.5,,,,0,1,0,1,0,1,0,2015
14423602,N,05/07/2015,01:44 PM,55,12,1,1,5,2,1,10,1.0,227,22,30.38989095,-97.73433717,SL,1.0,6.936,SL0001,Y,N,2,THU,24.0,20.0,36.0,6.0,12.0,97149.0,2018.0,1.6,,,,0,2,0,1,0,2,0,2015
14423604,N,05/07/2015,06:37 PM,65,12,1,1,20,2,4,20,1.0,227,22,30.40384197,-97.74552333,US,183.0,313.008,US0183,Y,N,2,THU,20.0,20.0,36.0,6.0,12.0,137676.0,2018.0,2.0,1.0,270.0,1.0,0,1,0,2,0,1,0,2015
14423616,N,05/07/2015,06:39 PM,-1,12,1,1,1,2,4,20,1.0,227,22,30.43984133,-97.66860709,IH,35.0,246.696,IH0035,Y,N,2,THU,8.0,20.0,3.0,6.0,11.0,132719.0,2018.0,12.4,,,,0,1,0,1,1,1,0,2015
14423676,N,05/08/2015,11:45 AM,-1,11,1,1,21,2,1,10,1.0,227,22,30.42039108,-97.70423126,FM,734.0,9.83,FM0734,Y,N,2,FRI,8.0,20.0,36.0,6.0,14.0,61367.0,2018.0,3.7,1.0,276.0,0.0,0,1,1,3,0,2,0,2015
14423780,N,05/09/2015,09:08 AM,65,2,1,2,17,7,4,1,4.0,227,9999,30.45265526,-97.66625046,IH,35.0,247.58900000000003,IH0035,Y,Y,2,SAT,18.0,18.0,12.0,6.0,11.0,129244.0,2018.0,12.7,,,,0,1,0,0,0,1,0,2015
14424913,Y,05/08/2015,04:08 PM,55,2,1,2,5,2,3,10,1.0,227,1088,30.09377201,-97.69384524,US,183.0,337.533,US0183,Y,Y,2,FRI,8.0,8.0,0.0,4.0,14.0,19049.0,2018.0,9.3,,,,0,1,0,1,0,1,0,2015
14425515,N,04/26/2015,10:32 PM,40,12,4,1,5,7,2,1,2.0,227,22,30.37323466,-97.7264686,US,183.0,315.644,US0183,Y,N,2,SUN,20.0,20.0,8.0,6.0,12.0,138365.0,2018.0,3.6,,,,0,1,0,0,0,1,0,2015
14426236,N,05/01/2015,07:36 AM,-1,11,1,1,21,2,1,10,1.0,227,22,30.32556534,-97.67331696,US,183.0,320.512,US0183,Y,N,2,FRI,16.0,20.0,70.0,4.0,12.0,55986.0,2018.0,7.2,,,,0,1,0,2,0,1,0,2015
14426417,N,05/08/2015,02:48 PM,40,2,1,2,21,2,2,20,1.0,227,22,30.36129634,-97.69799018,SL,275.0,4.687,SL0275,Y,N,2,FRI,0.0,0.0,0.0,4.0,14.0,37689.0,2018.0,1.2,,,,0,1,1,1,2,2,0,2015
14426535,N,04/24/2015,06:41 AM,60,2,4,2,20,7,4,1,2.0,227,22,30.29898295,-97.71705829,IH,35.0,236.315,IH0035,Y,N,2,FRI,8.0,20.0,24.0,8.0,11.0,202376.0,2018.0,9.3,,,,0,1,1,1,0,2,0,2015
14426655,N,05/09/2015,01:28 AM,55,12,4,1,20,7,4,1,2.0,227,22,30.39319548,-97.67157766,IH,35.0,243.422,IH0035,Y,N,2,SAT,8.0,20.0,3.0,6.0,11.0,159315.0,2018.0,11.5,,,,0,1,0,0,0,1,0,2015
14426801,N,05/09/2015,01:12 PM,55,12,1,1,5,2,4,22,1.0,227,22,30.24911538,-97.80526811,SL,360.0,12.604,SL0360,Y,N,2,SAT,8.0,20.0,48.0,4.0,14.0,99537.0,2018.0,2.0,,,,0,1,2,1,0,3,0,2015
14426883,N,05/09/2015,10:49 PM,60,11,4,1,1,10,4,1,2.0,227,22,30.36874454,-97.68140840000001,IH,35.0,241.61900000000003,IH0035,Y,N,2,SAT,8.0,20.0,3.0,6.0,11.0,138459.0,2018.0,12.2,,,,0,2,0,0,0,2,0,2015
14427039,N,05/10/2015,07:46 PM,35,11,1,1,8,7,2,1,4.0,227,22,30.20568291,-97.75814833,IH,35.0,229.285,IH0035,Y,N,2,SUN,24.0,24.0,42.0,6.0,11.0,148474.0,2018.0,11.3,,,,0,2,0,0,0,2,0,2015
14427040,N,05/11/2015,01:00 AM,50,11,4,1,11,7,4,1,4.0,227,22,30.38955905,-97.7344228,SL,1.0,6.959,SL0001,Y,N,2,MON,24.0,20.0,36.0,6.0,12.0,97149.0,2018.0,1.6,,,,0,1,0,0,0,1,0,2015
14427745,N,05/02/2015,03:45 PM,-1,11,1,1,1,2,4,20,5.0,227,22,,,SL,1.0,,SL0001,Y,N,2,SAT,,,,,,,,,,,,0,1,0,5,1,1,0,2015
14428379,N,04/29/2015,10:21 AM,45,11,1,1,20,2,3,34,1.0,227,22,30.26348477,-97.75754105,SL,343.0,3.573,SL0343,Y,N,2,WED,0.0,0.0,22.0,6.0,14.0,46479.0,2018.0,1.4,,,,0,2,0,0,0,2,0,2015
14428382,N,05/02/2015,06:48 PM,45,11,1,1,20,2,4,20,1.0,227,22,30.332472999999997,-97.70434109,IH,35.0,238.774,IH0035,Y,N,2,SAT,20.0,20.0,3.0,6.0,11.0,199837.0,2018.0,9.4,1.0,409.0,1.0,0,1,0,2,0,1,0,2015
14428669,N,05/04/2015,11:13 AM,60,2,1,2,20,10,2,1,1.0,227,22,30.30192121,-97.71523444,IH,35.0,236.545,IH0035,Y,N,2,MON,8.0,20.0,24.0,8.0,11.0,196302.0,2018.0,9.5,,,,0,1,0,0,0,1,0,2015
14429201,N,05/05/2015,00:00 AM,50,2,4,2,20,2,2,20,1.0,227,22,30.16010107,-97.78950285,IH,35.0,225.623,IH0035,Y,N,2,TUE,6.0,20.0,30.0,6.0,11.0,128785.0,2018.0,12.2,,,,0,1,1,1,0,2,0,2015
14429354,N,05/11/2015,09:36 AM,-1,2,1,2,8,2,2,22,1.0,227,22,30.2343311,-97.86335047,US,290.0,110.083,US0290,Y,N,2,MON,6.0,4.0,0.0,4.0,14.0,72290.0,2018.0,2.7,1.0,126.0,4.0,0,1,0,1,0,1,0,2015
14429382,N,05/11/2015,11:57 AM,35,12,1,2,5,2,2,22,1.0,227,22,30.26449154,-97.75711524,SL,343.0,3.646,SL0343,Y,N,2,MON,0.0,0.0,22.0,6.0,14.0,46479.0,2018.0,1.4,,,,0,2,0,2,0,2,0,2015
14429385,N,05/11/2015,08:49 AM,65,2,1,2,20,2,4,21,1.0,227,22,30.26313132,-97.78914378,SL,1.0,16.647000000000002,SL0001,Y,N,2,MON,10.0,16.0,60.0,7.0,12.0,153269.0,2018.0,1.2,,,,0,1,0,1,0,1,0,2015
14429743,N,05/02/2015,05:09 PM,50,11,1,1,5,2,1,34,1.0,227,330,30.44589702,-97.60793605,FM,685.0,7.227,FM0685,Y,N,2,SAT,4.0,4.0,14.0,4.0,16.0,29334.0,2018.0,4.3,,,,0,1,0,3,0,1,0,2015
14431781,N,04/30/2015,10:35 PM,45,11,6,1,5,2,1,10,1.0,227,22,30.33272031,-97.70419431,IH,35.0,238.794,IH0035,Y,N,2,THU,20.0,20.0,3.0,6.0,11.0,199837.0,2018.0,9.4,1.0,409.0,1.0,0,1,0,0,1,1,0,2015
14431888,N,05/06/2015,12:42 AM,-1,2,3,2,11,2,4,21,1.0,227,22,30.37634858,-97.63235533,FM,734.0,15.390999999999998,FM0734,Y,N,2,WED,10.0,6.0,59.0,4.0,14.0,31624.0,2018.0,4.3,,,,0,1,1,3,0,2,0,2015
14432047,N,05/09/2015,05:24 AM,35,12,3,1,20,7,4,1,2.0,227,22,30.34188988,-97.78265795,RM,2222.0,6.853,RM2222,Y,N,2,SAT,0.0,0.0,0.0,4.0,14.0,27402.0,2018.0,3.8,1.0,62.0,2.0,0,1,0,0,0,1,0,2015
14432076,N,05/10/2015,03:56 AM,35,11,4,1,5,2,1,10,1.0,227,22,30.37690526,-97.67617257,IH,35.0,242.262,IH0035,Y,N,2,SUN,8.0,20.0,3.0,6.0,11.0,159315.0,2018.0,11.5,,,,0,2,0,1,0,2,0,2015
14432176,N,05/06/2015,09:17 PM,50,11,3,1,20,7,4,1,2.0,227,9999,30.26729519,-97.90932395,SH,71.0,112.451,SH0071,Y,Y,2,WED,8.0,8.0,0.0,4.0,14.0,50310.0,2018.0,3.1,,,,0,3,0,2,0,3,0,2015
14433804,N,05/13/2015,06:45 AM,45,12,2,2,20,7,4,1,2.0,227,22,30.39334849,-97.74644305,US,183.0,313.732,US0183,Y,N,2,WED,20.0,20.0,36.0,6.0,12.0,137676.0,2018.0,2.0,,,,0,1,0,1,0,1,0,2015
14434212,N,05/13/2015,12:20 PM,55,2,1,2,20,7,4,1,4.0,227,22,30.38949205,-97.67222242,IH,35.0,243.164,IH0035,Y,N,2,WED,8.0,20.0,3.0,6.0,11.0,159315.0,2018.0,11.5,,,,0,1,0,0,0,1,0,2015
14434465,N,05/14/2015,06:16 PM,50,11,1,1,20,5,3,3,1.0,227,250,30.34160045,-97.96812299,RM,620.0,2.902,RM0620,Y,N,2,THU,8.0,8.0,0.0,5.0,14.0,50317.0,2018.0,3.1,,,,0,1,0,1,0,1,0,2015
14434677,N,05/13/2015,07:35 AM,45,12,1,1,8,2,1,10,1.0,227,9999,30.40496025,-97.58311368,SH,130.0,21.25,SH0130,Y,Y,1,WED,8.0,20.0,135.0,4.0,12.0,45033.0,2018.0,17.2,,,,1,0,1,0,0,2,0,2015
14434973,N,04/28/2015,05:20 PM,45,12,1,1,1,2,3,34,1.0,227,330,30.43710476,-97.61495814,FM,1825.0,3.842,FM1825,Y,N,2,TUE,1.0,1.0,0.0,2.0,16.0,20270.0,2018.0,4.4,,,,0,1,0,1,0,1,0,2015
14435677,N,05/13/2015,12:37 PM,80,2,1,3,11,7,4,1,2.0,227,9999,30.11531176,-97.66100432,SH,130.0,43.629,SH0130,Y,Y,2,WED,12.0,20.0,135.0,4.0,12.0,26348.0,2018.0,22.1,1.0,721.0,1.0,0,1,0,0,0,1,0,2015
14435872,N,05/06/2015,05:37 PM,45,12,1,1,20,2,4,22,1.0,227,22,30.35234314,-97.70698676,SL,275.0,5.518,SL0275,Y,N,2,WED,8.0,8.0,0.0,4.0,14.0,37706.0,2018.0,1.2,,,,0,1,0,2,0,1,0,2015
14435917,N,04/30/2015,06:15 PM,65,11,1,1,20,2,4,20,1.0,227,9999,30.11977937,-97.69528935,US,183.0,335.742,US0183,Y,Y,1,THU,8.0,8.0,0.0,4.0,14.0,17419.0,2018.0,9.9,,,,6,0,0,0,0,6,0,2015
14435931,N,05/03/2015,02:57 AM,60,11,4,1,20,2,4,20,1.0,227,9999,30.18158201,-97.68794601,US,183.0,331.426,US0183,Y,Y,2,SUN,12.0,20.0,36.0,4.0,14.0,34458.0,2018.0,6.7,,,,0,2,0,0,0,2,0,2015
14435950,N,05/03/2015,03:05 AM,60,11,4,1,20,2,4,22,1.0,227,9999,30.18182177,-97.68787851,US,183.0,331.409,US0183,Y,Y,2,SUN,12.0,20.0,36.0,4.0,14.0,34458.0,2018.0,6.7,,,,0,1,0,2,0,1,0,2015
14436264,N,04/24/2015,08:28 PM,80,11,3,1,20,7,4,1,2.0,227,9999,30.14248845,-97.66317967,SH,130.0,41.635,SH0130,Y,Y,1,FRI,12.0,20.0,135.0,4.0,12.0,29269.0,2018.0,21.3,,,,1,0,0,0,0,1,0,2015
14436270,N,05/09/2015,07:40 PM,65,11,1,1,11,10,4,1,2.0,227,9999,30.18867569,-97.58873408,SH,71.0,134.174,SH0071,Y,Y,2,SAT,4.0,6.0,40.0,4.0,2.0,53382.0,2018.0,8.3,,,,0,2,2,1,0,4,0,2015
14436288,Y,05/06/2015,07:10 AM,65,11,1,2,2,2,1,10,1.0,227,22,30.38465951,-97.64484715,FM,734.0,14.448,FM0734,Y,N,4,WED,10.0,6.0,59.0,4.0,14.0,31624.0,2018.0,4.3,,,,0,0,0,1,0,0,1,2015
14436294,N,05/15/2015,11:28 AM,55,2,1,2,11,2,3,20,1.0,227,9999,30.45959073,-97.66739991,IH,35.0,248.074,IH0035,Y,Y,2,FRI,18.0,18.0,12.0,6.0,11.0,162734.0,2018.0,11.4,1.0,467.0,1.0,0,1,0,1,0,1,0,2015
14437199,N,05/14/2015,01:19 PM,60,12,1,1,5,2,2,22,1.0,227,22,30.32858919,-97.65528576,US,290.0,128.25799999999998,US0290,Y,N,1,THU,20.0,20.0,3.0,5.0,12.0,24503.0,2018.0,2.7,,,,1,0,0,3,0,1,0,2015
14437377,N,05/17/2015,08:07 PM,45,12,5,1,1,7,4,1,2.0,227,9999,30.43874217,-97.88232036,RM,2769.0,2.5780000000000003,RM2769,Y,Y,2,SUN,3.0,3.0,0.0,2.0,17.0,2326.0,2018.0,7.7,,,,0,1,0,0,0,1,0,2015
14437453,N,05/17/2015,06:10 PM,55,11,1,1,5,2,2,22,1.0,227,72,30.5157039,-97.87015024,RM,1431.0,55.208,RM1431,Y,N,2,SUN,10.0,10.0,20.0,4.0,16.0,29840.0,2018.0,3.2,,,,0,1,0,4,0,1,0,2015
14438730,N,04/26/2015,08:21 PM,-1,12,4,1,20,2,4,21,1.0,227,22,30.29423852,-97.75936748,SL,1.0,13.755999999999998,SL0001,Y,N,2,SUN,12.0,20.0,60.0,6.0,12.0,150574.0,2018.0,1.2,,,,0,1,0,1,0,1,0,2015
14438844,N,05/16/2015,10:51 PM,45,11,3,1,1,2,3,10,1.0,227,22,30.16851822,-97.82600334,FM,2304.0,2.44,FM2304,Y,N,2,SAT,13.0,14.0,0.0,2.0,16.0,31291.0,2018.0,3.6,,,,0,4,0,0,0,4,0,2015
14439322,N,04/29/2015,05:22 PM,50,11,1,1,20,2,2,22,1.0,227,22,30.27680779,-97.63726807,FM,969.0,4.131,FM0969,Y,N,2,WED,4.0,4.0,0.0,4.0,14.0,20957.0,2018.0,6.4,1.0,256.0,3.0,0,1,0,2,0,1,0,2015
14439896,N,05/11/2015,05:06 PM,35,12,1,1,1,2,2,22,1.0,227,22,30.380707,-97.68705411,SL,275.0,3.202,SL0275,Y,N,2,MON,0.0,2.0,0.0,4.0,14.0,30447.0,2018.0,1.8,,,,0,1,0,1,0,1,0,2015
14439898,N,05/09/2015,03:01 AM,45,11,4,1,21,7,2,1,2.0,227,22,30.21642897,-97.75132718,IH,35.0,230.129,IH0035,Y,N,2,SAT,4.0,20.0,3.0,6.0,11.0,157370.0,2018.0,10.5,,,,0,2,0,0,0,2,0,2015
14439947,N,05/14/2015,10:50 AM,75,12,1,2,10,7,4,1,4.0,227,22,30.42751527,-97.70181906,SL,1.0,3.466,SL0001,Y,N,2,THU,20.0,20.0,36.0,6.0,12.0,97934.0,2018.0,8.4,,,,0,1,0,0,0,1,0,2015
14439984,N,05/12/2015,10:14 PM,70,11,4,1,20,2,4,20,1.0,227,22,30.39974241,-97.67370371,IH,35.0,243.894,IH0035,Y,N,2,TUE,8.0,20.0,3.0,6.0,11.0,159315.0,2018.0,11.5,1.0,438.0,1.0,0,2,0,3,0,2,0,2015
14440057,Y,05/15/2015,08:45 AM,55,2,1,2,11,7,2,1,2.0,227,9999,30.35970778,-97.53264078,FM,973.0,15.493,FM0973,Y,Y,1,FRI,10.0,10.0,0.0,2.0,16.0,15148.0,2018.0,5.5,1.0,333.0,1.0,1,0,0,0,0,1,0,2015
14440059,N,05/13/2015,04:13 PM,45,2,1,2,20,2,4,21,1.0,227,22,30.32198033,-97.70683715,IH,35.0,238.034,IH0035,Y,N,2,WED,8.0,20.0,24.0,8.0,11.0,199837.0,2018.0,9.4,,,,0,1,0,1,2,1,0,2015
14440062,N,05/13/2015,05:24 PM,55,2,1,2,20,2,2,21,1.0,227,22,30.36988732,-97.68068251,IH,35.0,241.709,IH0035,Y,N,2,WED,8.0,20.0,3.0,6.0,11.0,138459.0,2018.0,12.2,,,,0,1,0,2,0,1,0,2015
14440134,N,05/14/2015,06:01 PM,55,11,1,1,20,2,2,22,1.0,227,22,30.28650027,-97.67618693,FM,969.0,1.681,FM0969,Y,N,2,THU,0.0,0.0,0.0,4.0,14.0,17992.0,2018.0,6.6,,,,0,1,0,1,0,1,0,2015
14440167,N,05/14/2015,03:01 PM,60,12,1,1,20,2,4,20,1.0,227,22,30.297793100000003,-97.71781767,IH,35.0,236.221,IH0035,Y,N,2,THU,8.0,20.0,24.0,8.0,11.0,202376.0,2018.0,9.3,,,,0,1,1,4,0,2,0,2015
14440181,N,05/15/2015,06:45 AM,60,2,1,2,20,2,2,22,1.0,227,22,30.20325048,-97.63955844,SH,71.0,130.713,SH0071,Y,N,2,FRI,0.0,0.0,180.0,6.0,14.0,53382.0,2018.0,8.3,,,,0,1,0,1,1,1,0,2015
14440230,N,05/15/2015,03:03 PM,60,12,1,1,20,2,4,20,1.0,227,22,30.30590958,-97.66085622,US,183.0,322.127,US0183,Y,N,2,FRI,16.0,16.0,36.0,4.0,14.0,57843.0,2018.0,3.2,1.0,293.0,0.0,0,2,4,0,0,6,0,2015
14440279,N,05/15/2015,08:48 PM,-1,11,3,1,20,1,4,1,1.0,227,22,30.37177398,-97.72332093,US,183.0,315.857,US0183,Y,N,4,FRI,20.0,20.0,8.0,6.0,12.0,138365.0,2018.0,3.6,,,,0,0,0,2,0,0,1,2015
14440343,N,05/17/2015,07:15 AM,60,2,1,2,20,2,4,21,1.0,227,22,30.26869674,-97.73355624,IH,35.0,234.001,IH0035,Y,N,2,SUN,20.0,40.0,3.0,8.0,11.0,177389.0,2018.0,9.9,,,,0,1,1,0,0,2,0,2015
14440349,N,05/18/2015,09:36 PM,45,11,3,1,20,7,4,1,2.0,227,9999,30.451254700000003,-97.85218272,RM,2769.0,5.224,RM2769,Y,Y,2,MON,3.0,3.0,0.0,2.0,16.0,7248.0,2018.0,8.0,,,,0,1,0,1,0,1,0,2015
14440371,N,05/17/2015,01:54 PM,35,12,1,1,20,2,2,22,1.0,227,22,30.33496514,-97.75256269,RM,2222.0,8.926,RM2222,Y,N,2,SUN,0.0,0.0,14.0,4.0,14.0,34181.0,2018.0,3.5,,,,0,1,0,5,0,1,0,2015
14440943,N,05/13/2015,11:53 AM,50,2,1,2,9,2,2,14,1.0,227,22,30.39440432,-97.74646636,US,183.0,313.659,US0183,Y,N,2,WED,20.0,20.0,36.0,6.0,12.0,137676.0,2018.0,2.0,,,,0,1,0,2,0,1,0,2015
14441389,N,05/12/2015,01:20 PM,-1,2,1,2,1,2,4,22,1.0,227,22,30.23963556,-97.68808299999999,US,183.0,327.338,US0183,Y,N,2,TUE,6.0,10.0,36.0,4.0,14.0,97049.0,2018.0,5.6,1.0,408.0,4.0,0,4,0,1,0,4,0,2015
14441596,N,05/19/2015,09:17 AM,70,2,1,2,17,2,1,10,1.0,227,9999,30.18758857,-97.56224655,SH,71.0,135.774,SH0071,Y,Y,2,TUE,6.0,10.0,40.0,4.0,2.0,41913.0,2018.0,9.4,,,,0,3,0,0,0,3,0,2015
14441847,N,05/10/2015,08:04 PM,35,11,5,1,5,2,2,20,1.0,227,22,30.26122284,-97.73644257,IH,35.0,233.459,IH0035,Y,N,1,SUN,8.0,20.0,3.0,8.0,11.0,158343.0,2018.0,10.4,,,,1,0,0,1,0,1,0,2015
14441848,N,05/11/2015,04:55 PM,50,11,1,1,8,2,2,14,1.0,227,22,30.28555754,-97.68459588,FM,969.0,1.175,FM0969,Y,N,2,MON,0.0,0.0,0.0,4.0,14.0,16460.0,2018.0,6.7,,,,0,1,1,0,1,2,0,2015
14442497,N,05/16/2015,02:26 AM,65,11,3,1,1,2,4,30,1.0,227,9999,30.19277772,-97.62238421,SH,71.0,131.974,SH0071,Y,Y,1,SAT,6.0,10.0,400.0,5.0,14.0,53382.0,2018.0,8.3,,,,2,1,0,1,0,3,0,2015
14442802,N,02/28/2015,07:03 AM,80,8,1,6,1,7,4,1,4.0,227,330,30.47125441,-97.59297145,SH,130.0,16.607,SH0130,Y,N,2,SAT,8.0,20.0,135.0,4.0,12.0,45033.0,2018.0,17.2,1.0,556.0,1.0,0,1,0,0,0,1,0,2015
14442965,N,04/11/2015,11:40 AM,65,11,1,1,5,2,1,10,1.0,227,1016,30.34928587,-97.53864529,US,290.0,135.425,US0290,Y,N,2,SAT,12.0,20.0,68.0,4.0,14.0,51848.0,2018.0,6.4,,,,0,3,0,5,0,3,0,2015
14443838,N,05/17/2015,04:39 PM,50,11,1,1,5,2,1,34,1.0,227,250,30.34090599,-97.96863651,RM,620.0,2.846,RM0620,Y,N,2,SUN,8.0,8.0,0.0,5.0,14.0,50317.0,2018.0,3.1,,,,0,1,1,1,0,2,0,2015
14443855,N,05/12/2015,10:14 PM,65,2,3,2,10,2,4,30,1.0,227,22,30.17363172,-97.88762283,SL,1.0,25.527,SL0001,Y,N,2,TUE,12.0,20.0,325.0,4.0,14.0,24757.0,2018.0,1.5,,,,0,1,0,2,0,1,0,2015
14443856,N,05/13/2015,12:57 PM,55,2,1,3,1,2,4,30,1.0,227,22,30.21331715,-97.71980953,SH,71.0,125.403,SH0071,Y,N,2,WED,20.0,20.0,44.0,8.0,12.0,85342.0,2018.0,3.6,,,,0,2,0,0,0,2,0,2015
14444028,N,05/14/2015,05:16 PM,60,12,1,1,20,2,4,20,1.0,227,22,30.27335064,-97.73186492,IH,35.0,234.337,IH0035,Y,N,2,THU,20.0,40.0,3.0,8.0,11.0,177389.0,2018.0,9.9,,,,0,1,1,1,0,2,0,2015
14444084,N,05/18/2015,03:35 PM,35,11,1,1,21,2,1,20,1.0,227,22,30.2618442,-97.73886871,SL,343.0,4.893,SL0343,Y,N,2,MON,10.0,10.0,0.0,4.0,14.0,30614.0,2018.0,1.8,,,,0,2,0,1,1,2,0,2015
14444195,N,05/19/2015,08:16 AM,55,2,1,2,9,2,1,34,1.0,227,22,30.38841056,-97.75166202,SL,360.0,0.453,SL0360,Y,N,2,TUE,8.0,20.0,48.0,4.0,14.0,53584.0,2018.0,2.7,,,,0,2,0,0,0,2,0,2015
14444228,N,05/19/2015,05:41 PM,-1,11,1,1,20,2,4,20,1.0,227,22,30.37190015,-97.72359329,US,183.0,315.838,US0183,Y,N,2,TUE,20.0,20.0,8.0,6.0,12.0,138365.0,2018.0,3.6,,,,0,2,0,4,0,2,0,2015
14444585,N,05/13/2015,03:53 PM,65,12,1,1,11,2,4,22,1.0,227,9999,30.11638546,-97.69510519,US,183.0,335.976,US0183,Y,Y,2,WED,8.0,8.0,0.0,4.0,14.0,17419.0,2018.0,9.9,,,,0,1,1,0,0,2,0,2015
14444749,N,05/17/2015,09:07 AM,50,2,1,2,11,7,4,1,2.0,227,9999,30.14153777,-97.56803661,FM,535.0,0.0,FM0535,Y,Y,2,SUN,4.0,4.0,0.0,2.0,7.0,5037.0,2018.0,9.3,1.0,30.0,9.0,0,1,0,0,0,1,0,2015
14445633,N,05/17/2015,05:20 PM,60,12,1,2,11,2,3,14,1.0,227,9999,30.26956985,-97.62787632,FM,969.0,4.9060000000000015,FM0969,Y,Y,2,SUN,0.0,0.0,0.0,4.0,14.0,20957.0,2018.0,6.4,,,,0,1,1,7,0,2,0,2015
14446363,N,05/06/2015,07:31 PM,55,11,1,1,20,2,4,22,1.0,227,22,30.27867663,-97.64229108,FM,969.0,3.801,FM0969,Y,N,2,WED,0.0,0.0,0.0,4.0,14.0,32176.0,2018.0,6.2,,,,0,1,0,1,0,1,0,2015
14448277,N,05/08/2015,12:28 AM,55,11,4,1,1,2,4,22,1.0,227,22,30.10746832,-97.80935381,IH,35.0,221.811,IH0035,Y,N,2,FRI,6.0,20.0,20.0,6.0,11.0,131087.0,2018.0,12.1,1.0,84.0,0.0,0,2,0,0,0,2,0,2015
14448278,N,05/08/2015,04:33 AM,70,11,3,1,20,7,4,1,4.0,227,22,30.20654595,-97.64598403,SH,71.0,130.268,SH0071,Y,N,2,FRI,4.0,10.0,2.0,6.0,14.0,60929.0,2018.0,4.2,,,,0,1,0,0,0,1,0,2015
14448363,N,05/16/2015,01:08 AM,40,12,3,1,20,2,3,34,1.0,227,22,30.23764516,-97.79069017,SL,343.0,0.773,SL0343,Y,N,4,SAT,0.0,0.0,0.0,5.0,14.0,36688.0,2018.0,1.5,,,,0,0,0,2,0,0,1,2015
14448538,N,05/20/2015,09:49 AM,65,11,1,1,20,2,4,22,1.0,227,22,30.26710923,-97.77974876,SL,1.0,16.022000000000002,SL0001,Y,N,2,WED,8.0,12.0,36.0,8.0,12.0,139370.0,2018.0,1.2,1.0,442.0,0.0,0,1,2,0,0,3,0,2015
14448562,N,05/20/2015,01:30 PM,40,12,1,1,20,2,3,34,1.0,227,22,30.23934752,-97.78831614,SL,343.0,0.957,SL0343,Y,N,2,WED,0.0,0.0,0.0,4.0,14.0,36688.0,2018.0,1.5,,,,0,1,0,1,0,1,0,2015
14448582,N,05/20/2015,03:34 PM,65,11,1,1,11,2,4,22,1.0,227,22,30.33562099,-97.70236565,IH,35.0,239.021,IH0035,Y,N,2,WED,20.0,20.0,3.0,6.0,11.0,199837.0,2018.0,9.4,1.0,409.0,1.0,0,1,0,2,0,1,0,2015
14448693,N,05/20/2015,11:09 PM,65,12,4,2,20,2,4,22,1.0,227,22,30.41723812,-97.67288613,IH,35.0,245.121,IH0035,Y,N,2,WED,8.0,20.0,3.0,6.0,11.0,134367.0,2018.0,12.4,,,,0,1,3,4,0,4,0,2015
14448768,N,05/21/2015,05:08 AM,55,11,4,2,5,2,1,10,1.0,227,22,30.40795135,-97.67464447,IH,35.0,244.474,IH0035,Y,N,2,THU,8.0,20.0,3.0,6.0,11.0,134367.0,2018.0,12.4,1.0,411.0,1.0,0,1,0,1,0,1,0,2015
14449981,N,05/24/2015,03:00 PM,60,12,1,1,11,2,4,20,1.0,227,9999,30.31013677,-97.61581005,FM,3177.0,2.056,FM3177,Y,Y,2,SUN,1.0,1.0,0.0,4.0,17.0,11798.0,2018.0,6.1,,,,0,1,3,3,0,4,0,2015