Crash_ID,Cmv_Involv_Fl,Crash_Date,Crash_Time,Crash_Speed_Limit,Wthr_Cond_ID,Light_Cond_ID,Surf_Cond_ID,Traffic_Cntl_ID,Harm_Evnt_ID,Intrsct_Relat_ID,FHE_Collsn_ID,Road_Relat_ID,Cnty_ID,City_ID,Latitude,Longitude,Hwy_Sys,Hwy_Nbr,Dfo,Street_Name,Onsys_Fl,Rural_Fl,Crash_Sev_ID,Day_of_Week,Shldr_Width_Left,Shldr_Width_Right,Median_Width,Nbr_Of_Lane,Func_Sys_ID,Adt_Curnt_Amt,Adt_Curnt_Year,Trk_Aadt_Pct,Curve_Type_ID,Curve_Lngth,Cd_Degr,Sus_Serious_Injry_Cnt,Nonincap_Injry_Cnt,Poss_Injry_Cnt,Non_Injry_Cnt,Unkn_Injry_Cnt,Tot_Injry_Cnt,Death_Cnt,Year
14506624,N,06/18/2015,05:23 PM,65,11,1,1,20,7,4,1,4.0,227,22,30.21640735,-97.75117851,SH,71.0,123.515,SH0071,Y,N,2,THU,0.0,0.0,32.0,6.0,12.0,122565.0,2018.0,3.2,,,,0,1,0,0,0,1,0,2015
14506719,N,06/19/2015,09:45 PM,55,12,4,1,20,7,2,1,2.0,227,22,30.42442674,-97.67153892,IH,35.0,245.622,IH0035,Y,N,2,FRI,8.0,20.0,3.0,6.0,11.0,132719.0,2018.0,12.4,,,,0,1,0,5,0,1,0,2015
14506845,N,06/20/2015,10:22 PM,-1,12,4,2,20,2,2,20,1.0,227,22,30.35075718,-97.70927424,SL,275.0,5.693,SL0275,Y,N,2,SAT,8.0,8.0,0.0,4.0,14.0,37706.0,2018.0,1.2,,,,0,1,0,3,0,1,0,2015
14506940,N,06/21/2015,08:03 PM,65,2,5,2,5,2,4,21,1.0,227,22,30.37222703,-97.78503003,SL,360.0,2.838,SL0360,Y,N,2,SUN,8.0,20.0,48.0,4.0,14.0,54706.0,2018.0,2.6,,,,0,1,0,1,0,1,0,2015
14506945,N,06/22/2015,02:10 PM,60,11,1,1,1,2,4,21,1.0,227,22,30.22127002,-97.67432712,SH,71.0,128.295,SH0071,Y,N,2,MON,8.0,8.0,40.0,8.0,14.0,95090.0,2018.0,3.5,1.0,188.0,2.0,0,1,0,1,0,1,0,2015
14506947,N,06/22/2015,06:10 PM,70,12,1,1,20,2,4,22,1.0,227,22,30.20427319,-97.75930824,IH,35.0,229.166,IH0035,Y,N,2,MON,24.0,24.0,42.0,6.0,11.0,148474.0,2018.0,11.3,,,,0,1,0,0,1,1,0,2015
14507076,N,06/23/2015,04:49 AM,45,11,4,1,5,2,2,22,1.0,227,22,30.32827237,-97.65942166,US,290.0,128.01,US0290,Y,N,2,TUE,20.0,20.0,3.0,5.0,12.0,24503.0,2018.0,2.7,1.0,655.0,0.0,0,1,0,0,0,1,0,2015
14507124,N,06/24/2015,03:20 PM,55,11,1,1,20,2,2,22,1.0,227,22,30.23360864,-97.74126543,IH,35.0,231.455,IH0035,Y,N,1,WED,4.0,20.0,3.0,6.0,11.0,150700.0,2018.0,10.7,,,,1,0,0,1,0,1,0,2015
14507148,N,06/25/2015,03:29 PM,60,12,1,1,1,7,4,1,2.0,227,22,30.21771918,-97.75056767,IH,35.0,230.229,IH0035,Y,N,2,THU,4.0,20.0,3.0,6.0,11.0,157370.0,2018.0,10.5,,,,0,1,0,0,0,1,0,2015
14507156,N,06/25/2015,05:30 PM,-1,11,1,1,8,5,2,1,1.0,227,22,30.21931085,-97.75678459999999,US,290.0,116.81,US0290,Y,N,2,THU,20.0,20.0,20.0,6.0,12.0,140123.0,2018.0,2.6,,,,0,1,0,4,0,1,0,2015
14507198,N,06/26/2015,07:35 AM,60,12,1,1,20,2,4,22,1.0,227,22,30.22595045,-97.74578355,IH,35.0,230.863,IH0035,Y,N,2,FRI,4.0,20.0,3.0,6.0,11.0,157370.0,2018.0,10.5,,,,0,2,0,2,0,2,0,2015
14508257,N,06/27/2015,01:42 PM,50,11,1,1,5,2,1,10,1.0,227,250,30.34090717,-97.96863564,RM,620.0,2.846,RM0620,Y,N,2,SAT,8.0,8.0,0.0,5.0,14.0,50317.0,2018.0,3.1,,,,0,1,0,2,0,1,0,2015
14508351,N,06/26/2015,04:14 PM,65,11,1,1,11,2,4,21,1.0,227,9999,30.35388668,-97.59528501,FM,734.0,18.235,FM0734,Y,Y,2,FRI,4.0,4.0,66.0,4.0,14.0,22111.0,2018.0,4.8,1.0,175.0,0.0,0,1,0,1,0,1,0,2015
14508880,N,06/17/2015,05:05 PM,65,2,1,2,5,2,2,22,1.0,227,1016,30.34928587,-97.53864529,US,290.0,135.425,US0290,Y,N,2,WED,12.0,20.0,68.0,4.0,14.0,51848.0,2018.0,6.4,,,,0,2,0,3,0,2,0,2015
14509425,N,06/21/2015,08:16 PM,60,2,1,2,20,7,4,1,2.0,227,22,30.29986337,-97.71652686,IH,35.0,236.383,IH0035,Y,N,2,SUN,8.0,20.0,24.0,8.0,11.0,202376.0,2018.0,9.3,,,,0,1,0,0,0,1,0,2015
14509476,N,06/23/2015,01:43 AM,45,11,4,1,20,7,4,1,2.0,227,22,30.35042039,-97.7097568,SL,275.0,5.73,SL0275,Y,N,2,TUE,2.0,20.0,12.0,4.0,14.0,37706.0,2018.0,1.2,,,,0,1,0,0,0,1,0,2015
14509510,N,06/23/2015,05:30 PM,45,12,1,1,20,1,4,1,1.0,227,22,30.37847716,-97.68831671,SL,275.0,3.373,SL0275,Y,N,2,TUE,0.0,2.0,0.0,4.0,14.0,29928.0,2018.0,1.4,,,,0,1,0,2,0,1,0,2015
14509583,N,06/26/2015,02:02 PM,70,11,1,1,1,2,4,20,1.0,227,22,30.19830235,-97.76421788,IH,35.0,228.661,IH0035,Y,N,2,FRI,24.0,24.0,42.0,6.0,11.0,148474.0,2018.0,11.3,,,,0,2,0,1,0,2,0,2015
14509769,N,06/23/2015,06:35 PM,50,12,8,1,1,2,3,14,1.0,227,9999,30.08873082,-97.72202956,FM,1327.0,5.473,FM1327,Y,Y,2,TUE,0.0,10.0,0.0,2.0,17.0,6069.0,2018.0,8.9,1.0,194.0,3.0,0,2,1,0,0,3,0,2015
14509789,N,06/26/2015,10:43 PM,-1,11,4,1,20,2,4,20,1.0,227,22,30.39918237,-97.74597929,US,183.0,313.329,US0183,Y,N,2,FRI,20.0,20.0,36.0,6.0,12.0,137676.0,2018.0,2.0,,,,0,1,0,2,1,1,0,2015
14509838,N,06/26/2015,11:30 PM,45,11,4,1,8,2,3,14,1.0,227,22,30.37239487,-97.69172106,SL,275.0,3.837,SL0275,Y,N,2,FRI,0.0,2.0,0.0,4.0,14.0,29928.0,2018.0,1.4,,,,0,1,0,5,0,1,0,2015
14510059,N,06/28/2015,12:03 PM,45,11,1,1,20,2,4,22,1.0,227,22,30.23685421,-97.82343842,SL,1.0,19.478,SL0001,Y,N,2,SUN,20.0,20.0,60.0,4.0,12.0,83195.0,2018.0,1.6,1.0,240.0,3.0,0,1,0,2,0,1,0,2015
14510071,N,06/28/2015,03:50 PM,45,12,1,1,20,2,3,13,1.0,227,22,30.16361814,-97.83072800000001,FM,2304.0,2.885,FM2304,Y,N,2,SUN,13.0,14.0,0.0,2.0,16.0,31291.0,2018.0,3.6,1.0,120.0,4.0,0,2,0,2,0,2,0,2015
14510163,N,06/25/2015,07:08 PM,50,11,1,1,11,2,2,22,1.0,227,895,30.50644104,-97.91294892,RM,1431.0,51.846,RM1431,Y,Y,1,THU,3.0,3.0,0.0,4.0,6.0,21401.0,2018.0,3.8,,,,1,2,0,0,0,3,0,2015
14511418,N,05/31/2015,07:33 PM,-1,11,1,1,21,2,2,20,1.0,227,22,30.17364773,-97.82384283,FM,2304.0,2.063,FM2304,Y,N,2,SUN,13.0,14.0,0.0,2.0,16.0,31291.0,2018.0,3.6,1.0,119.0,2.0,0,3,0,1,0,3,0,2015
14511431,N,06/08/2015,05:25 PM,60,11,1,1,20,2,3,10,1.0,227,22,30.40155911,-97.85207857,RM,2222.0,0.191,RM2222,Y,N,1,MON,0.0,0.0,0.0,4.0,14.0,42777.0,2018.0,3.2,,,,1,0,0,2,0,1,0,2015
14511477,N,06/25/2015,09:18 PM,-1,11,4,1,20,2,4,20,1.0,227,22,30.19665688,-97.76554399999999,IH,35.0,228.523,IH0035,Y,N,2,THU,24.0,24.0,42.0,6.0,11.0,170988.0,2018.0,10.7,,,,0,2,2,1,0,4,0,2015
14511562,N,06/27/2015,01:36 PM,-1,11,1,1,5,2,2,22,1.0,227,22,30.27468087,-97.73146403,IH,35.0,234.431,IH0035,Y,N,2,SAT,20.0,40.0,3.0,8.0,11.0,177389.0,2018.0,9.9,,,,0,1,0,2,0,1,0,2015
14511612,N,06/28/2015,08:19 PM,55,12,1,1,20,1,4,1,2.0,227,22,30.43695826,-97.66913856,IH,35.0,246.495,IH0035,Y,N,1,SUN,8.0,20.0,3.0,6.0,11.0,132719.0,2018.0,12.4,,,,1,0,0,1,0,1,0,2015
14511680,N,06/29/2015,07:27 AM,45,11,1,1,20,2,2,25,1.0,227,22,30.23326117,-97.79729462,US,290.0,114.138,US0290,Y,N,2,MON,20.0,20.0,10.0,7.0,12.0,127013.0,2018.0,2.7,1.0,119.0,1.0,0,1,0,2,0,1,0,2015
14511786,N,06/29/2015,08:56 AM,55,11,1,1,10,2,1,34,1.0,227,22,30.40662035,-97.85252161,RM,620.0,13.053,RM0620,Y,N,2,MON,8.0,8.0,0.0,4.0,14.0,50802.0,2018.0,3.1,,,,0,1,0,2,0,1,0,2015
14513824,N,06/30/2015,05:00 PM,80,2,1,2,1,10,4,1,4.0,227,9999,30.12597441,-97.66233832,SH,130.0,42.859,SH0130,Y,Y,2,TUE,12.0,20.0,135.0,4.0,12.0,26348.0,2018.0,22.1,,,,0,1,2,0,0,3,0,2015
14514013,N,07/01/2015,05:35 PM,55,11,1,1,11,2,4,22,1.0,227,9999,30.26393328,-97.90832461,SH,71.0,112.689,SH0071,Y,Y,2,WED,8.0,8.0,0.0,4.0,14.0,50310.0,2018.0,3.1,1.0,110.0,2.0,0,1,0,1,0,1,0,2015
14514014,N,06/28/2015,01:51 AM,55,12,3,1,20,2,4,30,1.0,227,22,30.28832637,-97.66464843,US,183.0,323.362,US0183,Y,N,4,SUN,16.0,20.0,36.0,4.0,14.0,57843.0,2018.0,3.2,,,,0,1,0,0,0,1,1,2015
14514113,N,06/30/2015,10:21 AM,35,11,1,1,21,2,1,10,1.0,227,22,30.32197079,-97.71855664,SS,69.0,0.562,SS0069,Y,N,2,TUE,0.0,0.0,10.0,4.0,14.0,19307.0,2018.0,2.3,,,,0,1,0,1,0,1,0,2015
14514210,N,07/01/2015,12:24 PM,50,11,1,1,20,5,3,3,1.0,227,22,30.42824354,-97.84286352,RM,620.0,14.65,RM0620,Y,N,2,WED,8.0,8.0,0.0,4.0,14.0,50802.0,2018.0,3.1,,,,0,1,0,1,0,1,0,2015
14514214,N,07/01/2015,12:42 PM,50,11,1,1,21,2,1,34,1.0,227,22,30.39531253,-97.72039591,FM,1325.0,6.585,FM1325,Y,N,2,WED,0.0,0.0,0.0,4.0,14.0,43120.0,2018.0,1.5,,,,0,2,0,0,2,2,0,2015
14515773,N,07/02/2015,06:23 AM,55,12,1,1,12,10,4,1,2.0,227,8389,30.22195705,-97.50737679,FM,969.0,14.441,FM0969,Y,Y,2,THU,0.0,0.0,0.0,2.0,7.0,3927.0,2018.0,10.3,1.0,253.0,7.0,0,1,0,2,0,1,0,2015
14516151,N,07/02/2015,08:25 AM,35,12,1,1,1,2,4,22,1.0,227,22,30.27693785,-97.70038832,SL,111.0,0.443,SL0111,Y,N,2,THU,1.0,2.0,0.0,4.0,14.0,31328.0,2018.0,1.8,1.0,98.0,2.0,0,1,0,0,1,1,0,2015
14518128,N,07/04/2015,10:45 PM,65,11,4,1,5,2,1,34,1.0,227,9999,30.35240007,-97.59225922,FM,734.0,18.443,FM0734,Y,Y,2,SAT,4.0,4.0,66.0,4.0,14.0,22111.0,2018.0,4.8,,,,0,4,0,0,0,4,0,2015
14519419,N,05/04/2015,09:23 PM,55,11,4,1,5,2,2,22,1.0,227,22,30.21838781,-97.69111489,SH,71.0,127.196,SH0071,Y,N,2,MON,4.0,5.0,44.0,6.0,12.0,70740.0,2018.0,4.0,,,,0,2,0,0,0,2,0,2015
14520641,N,07/01/2015,05:21 PM,45,11,1,1,20,2,4,20,1.0,227,22,30.25638207,-97.73703237,IH,35.0,233.12,IH0035,Y,N,1,WED,8.0,20.0,3.0,8.0,11.0,142856.0,2018.0,11.0,,,,1,2,0,3,0,3,0,2015
14520699,N,07/02/2015,05:10 PM,-1,11,1,1,8,2,1,14,1.0,227,22,30.43727954,-97.73587539,FM,734.0,7.61,FM0734,Y,N,2,THU,8.0,20.0,36.0,6.0,14.0,49788.0,2018.0,3.9,,,,0,1,0,2,0,1,0,2015
14520728,N,07/02/2015,06:13 PM,55,11,1,1,1,2,2,30,1.0,227,22,30.321599199999998,-97.70861071,SS,69.0,1.196,SS0069,Y,N,4,THU,4.0,10.0,22.0,4.0,12.0,19307.0,2018.0,2.3,,,,1,0,0,0,0,1,1,2015
14520757,N,07/03/2015,12:33 PM,35,11,1,1,5,5,2,1,1.0,227,22,30.3630463,-97.69702522,SL,275.0,4.5539999999999985,SL0275,Y,N,2,FRI,0.0,0.0,0.0,4.0,14.0,37689.0,2018.0,1.2,,,,0,1,0,1,0,1,0,2015
14520818,N,07/03/2015,03:41 PM,40,11,1,1,20,2,3,10,1.0,227,22,30.37437586,-97.69061268,SL,275.0,3.686,SL0275,Y,N,2,FRI,0.0,2.0,0.0,4.0,14.0,29928.0,2018.0,1.4,,,,0,1,1,0,0,2,0,2015
14520838,N,07/03/2015,07:15 PM,65,11,1,1,1,2,4,21,1.0,227,22,30.33929754,-97.70003643,IH,35.0,239.30900000000003,IH0035,Y,N,2,FRI,20.0,20.0,3.0,6.0,11.0,145168.0,2018.0,11.9,,,,0,6,0,0,0,6,0,2015
14520843,N,07/06/2015,06:43 PM,55,11,1,1,5,2,2,22,1.0,227,9999,30.39765399,-97.92886159999999,RM,620.0,7.607,RM0620,Y,Y,2,MON,8.0,8.0,0.0,4.0,14.0,37016.0,2018.0,3.4,1.0,303.0,4.0,0,1,0,2,0,1,0,2015
14520900,N,07/04/2015,05:07 AM,60,11,3,1,11,7,4,1,2.0,227,22,30.37431483,-97.80457809,RM,2222.0,3.817,RM2222,Y,N,2,SAT,8.0,8.0,0.0,4.0,14.0,42777.0,2018.0,3.2,,,,0,1,0,0,0,1,0,2015
14520908,N,07/04/2015,11:12 AM,45,11,1,1,5,2,1,10,1.0,227,22,30.27848213,-97.72994291,IH,35.0,234.708,IH0035,Y,N,2,SAT,20.0,40.0,3.0,8.0,11.0,202376.0,2018.0,9.3,,,,0,1,0,3,0,1,0,2015
14520911,N,07/04/2015,01:40 PM,60,12,1,1,20,2,4,21,1.0,227,22,30.22573567,-97.7459094,IH,35.0,230.846,IH0035,Y,N,2,SAT,4.0,20.0,3.0,6.0,11.0,157370.0,2018.0,10.5,,,,0,1,0,0,1,1,0,2015
14520946,N,07/05/2015,05:40 PM,45,11,1,1,5,2,4,20,1.0,227,22,30.21267793,-97.65825816,SH,71.0,129.422,SH0071,Y,N,2,SUN,10.0,8.0,2.0,4.0,12.0,66025.0,2018.0,4.1,,,,0,1,0,2,0,1,0,2015
14520971,N,07/05/2015,10:00 PM,65,11,4,1,11,7,2,1,4.0,227,22,30.33897813,-97.70024244,IH,35.0,239.284,IH0035,Y,N,2,SUN,20.0,20.0,3.0,6.0,11.0,145168.0,2018.0,11.9,,,,0,1,0,4,0,1,0,2015
14521200,N,06/01/2015,05:35 PM,55,11,1,1,8,2,1,10,1.0,227,9999,30.27580021,-97.60000564,FM,973.0,23.613000000000003,FM0973,Y,Y,2,MON,10.0,10.0,0.0,2.0,16.0,10385.0,2018.0,7.3,,,,0,1,0,1,0,1,0,2015
14521448,N,05/01/2015,03:48 PM,45,11,1,1,1,2,3,14,1.0,227,451,30.291200399999997,-97.82080576,RM,2244.0,8.117,RM2244,Y,Y,1,FRI,0.0,2.0,0.0,4.0,14.0,28681.0,2018.0,3.8,,,,1,0,0,1,0,1,0,2015
14522002,N,05/15/2015,11:25 AM,65,2,1,2,5,2,4,20,1.0,227,1016,30.35087937,-97.49214773,US,290.0,138.2,US0290,Y,N,2,FRI,12.0,20.0,68.0,4.0,2.0,44701.0,2018.0,6.9,,,,0,1,0,2,0,1,0,2015
14522003,N,03/20/2015,07:50 PM,65,2,4,2,5,2,2,20,1.0,227,1016,30.34928587,-97.53864529,US,290.0,135.425,US0290,Y,N,2,FRI,12.0,20.0,68.0,4.0,14.0,51848.0,2018.0,6.4,,,,0,2,0,0,0,2,0,2015
14522179,N,05/07/2015,11:00 AM,45,11,1,1,1,2,3,30,1.0,227,451,30.290653999999996,-97.82015537,RM,2244.0,8.171,RM2244,Y,Y,2,THU,0.0,2.0,0.0,4.0,14.0,28681.0,2018.0,3.8,,,,0,1,0,1,0,1,0,2015
14522227,N,07/06/2015,02:42 PM,50,11,1,1,21,2,1,10,1.0,227,22,30.24915123,-97.80529785,SL,1.0,18.057,SL0001,Y,N,2,MON,12.0,20.0,500.0,6.0,12.0,153269.0,2018.0,1.2,,,,0,1,3,2,0,4,0,2015
14524948,N,07/07/2015,08:41 PM,60,11,5,1,5,2,1,34,1.0,227,9999,30.38577461,-98.08612061,SH,71.0,97.902,SH0071,Y,Y,2,TUE,3.0,3.0,0.0,4.0,2.0,15560.0,2018.0,5.1,,,,0,1,0,2,0,1,0,2015
14526011,Y,06/26/2015,01:13 PM,60,12,1,1,1,2,4,22,1.0,227,22,30.250510300000002,-97.73588149,IH,35.0,232.711,IH0035,Y,N,2,FRI,4.0,10.0,3.0,6.0,11.0,142856.0,2018.0,11.0,1.0,238.0,3.0,0,1,0,1,0,1,0,2015
14526076,N,06/24/2015,07:00 PM,55,12,1,1,1,2,4,22,1.0,227,22,30.34301379,-97.69769159,IH,35.0,239.601,IH0035,Y,N,2,WED,20.0,20.0,3.0,6.0,11.0,145168.0,2018.0,11.9,,,,0,1,0,7,0,1,0,2015
14526148,N,06/20/2015,08:36 PM,-1,11,4,1,5,2,1,14,1.0,227,22,30.37263907,-97.69158443,SL,275.0,3.819,SL0275,Y,N,2,SAT,0.0,2.0,0.0,4.0,14.0,29928.0,2018.0,1.4,,,,0,1,0,3,0,1,0,2015
14526248,N,07/02/2015,06:05 AM,60,12,4,1,20,2,4,30,1.0,227,22,30.21666914,-97.75118577,IH,35.0,230.148,IH0035,Y,N,2,THU,4.0,20.0,3.0,6.0,11.0,157370.0,2018.0,10.5,,,,0,1,0,2,0,1,0,2015
14526345,N,07/02/2015,09:50 PM,55,11,4,1,20,2,4,20,1.0,227,22,30.33893801,-97.70026946,IH,35.0,239.281,IH0035,Y,N,2,THU,20.0,20.0,3.0,6.0,11.0,145168.0,2018.0,11.9,,,,0,1,0,0,1,1,0,2015
14526506,N,07/08/2015,09:09 PM,60,12,4,1,20,2,1,34,1.0,227,9999,30.39477815,-97.86691497,RM,620.0,11.762,RM0620,Y,Y,2,WED,8.0,8.0,0.0,4.0,14.0,46442.0,2018.0,3.2,,,,0,1,1,0,0,2,0,2015
14526885,N,07/08/2015,11:07 AM,70,11,1,1,20,1,4,1,1.0,227,22,30.20134879,-97.76171441,IH,35.0,228.918,IH0035,Y,N,1,WED,24.0,24.0,42.0,6.0,11.0,148474.0,2018.0,11.3,,,,1,0,0,1,0,1,0,2015
14526915,N,07/08/2015,03:11 PM,55,12,1,1,20,2,4,20,1.0,227,22,30.28595789,-97.76391905,SL,1.0,14.39,SL0001,Y,N,2,WED,12.0,20.0,60.0,6.0,12.0,145144.0,2018.0,1.2,,,,0,1,1,1,0,2,0,2015
14526963,N,07/08/2015,11:45 PM,-1,12,4,1,5,2,1,14,1.0,227,22,30.36477532,-97.69604529,SL,275.0,4.421,SL0275,Y,N,2,WED,0.0,0.0,0.0,4.0,14.0,37689.0,2018.0,1.2,,,,0,1,1,0,0,2,0,2015
14527884,Y,07/03/2015,02:06 PM,65,11,1,1,20,2,4,21,1.0,227,22,30.26274826,-97.78983079999999,SL,1.0,16.695999999999998,SL0001,Y,N,2,FRI,10.0,16.0,60.0,7.0,12.0,153269.0,2018.0,1.2,,,,0,2,0,1,0,2,0,2015
14528059,N,06/29/2015,10:10 PM,-1,11,3,1,1,2,4,20,1.0,227,22,30.24229115,-97.81210579,SL,1.0,18.704,SL0001,Y,N,2,MON,12.0,20.0,500.0,6.0,12.0,83195.0,2018.0,1.6,,,,0,1,0,0,0,1,0,2015
14528308,N,07/09/2015,09:38 AM,55,11,1,1,20,2,4,22,1.0,227,22,30.37546453,-97.73971479,SL,1.0,7.981,SL0001,Y,N,2,THU,20.0,20.0,36.0,5.0,12.0,149361.0,2018.0,1.2,1.0,171.0,0.0,0,1,1,3,1,2,0,2015
14528369,N,07/09/2015,01:27 PM,45,11,1,1,20,2,2,22,1.0,227,22,30.37527333,-97.72592149,FM,1325.0,8.003,FM1325,Y,N,2,THU,0.0,0.0,0.0,5.0,14.0,43120.0,2018.0,1.5,,,,0,1,0,1,0,1,0,2015
14528398,N,07/09/2015,05:07 PM,55,11,1,1,20,2,4,22,1.0,227,22,30.416034600000003,-97.74630848,US,183.0,312.163,US0183,Y,N,2,THU,20.0,20.0,36.0,6.0,12.0,137676.0,2018.0,2.0,1.0,323.0,3.0,0,1,0,3,0,1,0,2015
14528458,N,07/09/2015,06:07 PM,65,11,1,1,20,2,4,20,1.0,227,9999,30.41206088,-97.51104081,FM,973.0,11.585,FM0973,Y,Y,2,THU,10.0,10.0,0.0,2.0,6.0,7068.0,2018.0,8.1,,,,0,1,0,2,0,1,0,2015
14528546,N,07/06/2015,04:18 AM,55,11,3,1,11,6,4,1,1.0,227,9999,30.52407376,-98.0850861,RM,1431.0,37.294,RM1431,Y,Y,2,MON,1.0,1.0,0.0,2.0,7.0,2156.0,2018.0,4.1,1.0,132.0,1.0,0,1,0,1,0,1,0,2015
14528925,N,07/10/2015,02:42 PM,45,11,1,1,5,2,1,34,1.0,227,9999,30.29571342,-97.82814789,RM,2244.0,7.568,RM2244,Y,Y,2,FRI,0.0,0.0,8.0,6.0,14.0,28681.0,2018.0,3.8,1.0,58.0,5.0,0,1,1,1,0,2,0,2015
14530893,N,07/13/2015,08:01 AM,70,11,1,1,8,2,1,14,1.0,227,9999,30.18272322,-97.54116379,SH,71.0,137.088,SH0071,Y,Y,2,MON,6.0,10.0,40.0,4.0,2.0,40580.0,2018.0,9.6,1.0,384.0,1.0,0,1,0,2,0,1,0,2015
14531310,N,07/08/2015,02:27 PM,-1,11,1,1,5,2,1,10,1.0,227,22,30.21642867,-97.75132737,IH,35.0,230.129,IH0035,Y,N,2,WED,4.0,20.0,3.0,6.0,11.0,157370.0,2018.0,10.5,,,,0,1,0,1,0,1,0,2015
14531450,N,07/10/2015,03:27 PM,55,11,1,1,1,2,4,20,1.0,227,22,30.37625512,-97.78027687,SL,360.0,2.442,SL0360,Y,N,2,FRI,8.0,20.0,48.0,4.0,14.0,54706.0,2018.0,2.6,,,,0,1,0,2,0,1,0,2015
14531653,N,07/10/2015,09:09 PM,60,12,4,1,20,2,4,20,1.0,227,22,30.25764966,-97.73716481,IH,35.0,233.208,IH0035,Y,N,2,FRI,8.0,20.0,3.0,8.0,11.0,142856.0,2018.0,11.0,,,,0,1,1,2,0,2,0,2015
14531727,N,07/11/2015,02:23 AM,-1,11,4,1,10,2,1,10,1.0,227,22,30.20072693,-97.86615766,SL,1.0,23.259,SL0001,Y,N,1,SAT,12.0,20.0,325.0,4.0,12.0,45282.0,2018.0,1.7,,,,1,0,2,0,0,3,0,2015
14531730,N,07/11/2015,03:31 AM,45,11,4,1,5,2,2,21,1.0,227,22,30.27468087,-97.73146403,IH,35.0,234.431,IH0035,Y,N,2,SAT,20.0,40.0,3.0,8.0,11.0,177389.0,2018.0,9.9,,,,0,1,0,4,0,1,0,2015
14531880,N,07/13/2015,02:30 AM,40,11,4,1,5,2,1,20,1.0,227,22,30.19294524,-97.77890719,SL,275.0,19.331,SL0275,Y,N,1,MON,0.0,4.0,0.0,4.0,14.0,17455.0,2018.0,1.8,,,,1,0,0,0,1,1,0,2015
14531890,N,07/13/2015,09:00 AM,40,11,1,1,20,2,4,22,1.0,227,22,30.24852098,-97.69135051,SL,111.0,2.489,SL0111,Y,N,2,MON,0.0,0.0,12.0,4.0,14.0,31328.0,2018.0,1.8,1.0,52.0,4.0,0,1,2,0,0,3,0,2015
14531964,N,07/04/2015,11:26 PM,-1,11,3,1,1,2,3,34,1.0,227,9999,30.16113849,-97.68654336,FM,812.0,0.435,FM0812,Y,Y,1,SAT,0.0,0.0,0.0,4.0,16.0,14493.0,2018.0,6.9,,,,1,0,0,2,0,1,0,2015
14532924,N,07/10/2015,05:59 AM,-1,11,4,1,1,10,4,1,2.0,227,22,30.39088907,-97.67189705,IH,35.0,243.262,IH0035,Y,N,2,FRI,8.0,20.0,3.0,6.0,11.0,159315.0,2018.0,11.5,,,,0,1,0,0,0,1,0,2015
14532943,N,07/10/2015,04:58 PM,60,11,1,1,20,2,4,22,1.0,227,22,30.33809976,-97.70080112,IH,35.0,239.215,IH0035,Y,N,2,FRI,20.0,20.0,3.0,6.0,11.0,199837.0,2018.0,9.4,,,,0,1,0,4,0,1,0,2015
14532952,N,07/11/2015,11:35 PM,-1,11,4,1,1,2,3,21,1.0,227,22,30.34271744,-97.69787919,IH,35.0,239.578,IH0035,Y,N,2,SAT,20.0,20.0,3.0,6.0,11.0,145168.0,2018.0,11.9,,,,0,4,0,2,0,4,0,2015
14532980,N,07/12/2015,09:32 PM,55,11,4,1,20,2,4,22,1.0,227,22,30.20059049,-97.86624764,SL,1.0,23.27,SL0001,Y,N,2,SUN,12.0,20.0,325.0,4.0,14.0,24757.0,2018.0,1.5,,,,0,2,0,1,0,2,0,2015
14532996,Y,07/02/2015,12:55 PM,60,11,1,1,8,2,1,14,1.0,227,9999,30.38746526,-97.90609907,RM,620.0,9.255,RM0620,Y,Y,1,THU,14.0,13.0,5.0,4.0,14.0,32009.0,2018.0,3.5,1.0,315.0,4.0,2,0,0,1,0,2,0,2015
14533104,N,07/13/2015,11:18 AM,35,11,1,1,5,2,2,13,1.0,227,22,30.321393199999996,-97.68908316,US,290.0,126.164,US0290,Y,N,2,MON,12.0,20.0,24.0,5.0,12.0,47490.0,2018.0,6.7,1.0,251.0,0.0,0,1,0,1,0,1,0,2015
14533163,Y,07/13/2015,04:12 PM,30,11,1,1,5,2,1,23,1.0,227,22,30.32592441,-97.72634045,SS,69.0,0.0,SS0069,Y,N,2,MON,0.0,0.0,10.0,4.0,14.0,19307.0,2018.0,2.3,,,,0,1,0,4,0,1,0,2015
14533217,N,07/13/2015,09:16 PM,65,11,4,1,1,2,4,22,1.0,227,22,30.27441498,-97.73154416,IH,35.0,234.412,IH0035,Y,N,2,MON,20.0,40.0,3.0,8.0,11.0,177389.0,2018.0,9.9,,,,0,2,0,1,0,2,0,2015
14533241,N,07/13/2015,12:40 AM,35,11,4,1,5,2,1,10,1.0,227,22,30.23360864,-97.74126543,IH,35.0,231.455,IH0035,Y,N,2,MON,4.0,20.0,3.0,6.0,11.0,150700.0,2018.0,10.7,,,,0,1,0,3,0,1,0,2015
14533597,Y,07/10/2015,08:48 AM,60,11,1,1,5,2,2,22,1.0,227,9999,30.389770000000002,-97.88215911,RM,620.0,10.776,RM0620,Y,Y,2,FRI,8.0,8.0,0.0,4.0,14.0,31858.0,2018.0,3.6,1.0,239.0,5.0,0,1,0,2,0,1,0,2015