Crash_ID,Cmv_Involv_Fl,Crash_Date,Crash_Time,Crash_Speed_Limit,Wthr_Cond_ID,Light_Cond_ID,Surf_Cond_ID,Traffic_Cntl_ID,Harm_Evnt_ID,Intrsct_Relat_ID,FHE_Collsn_ID,Road_Relat_ID,Cnty_ID,City_ID,Latitude,Longitude,Hwy_Sys,Hwy_Nbr,Dfo,Street_Name,Onsys_Fl,Rural_Fl,Crash_Sev_ID,Day_of_Week,Shldr_Width_Left,Shldr_Width_Right,Median_Width,Nbr_Of_Lane,Func_Sys_ID,Adt_Curnt_Amt,Adt_Curnt_Year,Trk_Aadt_Pct,Curve_Type_ID,Curve_Lngth,Cd_Degr,Sus_Serious_Injry_Cnt,Nonincap_Injry_Cnt,Poss_Injry_Cnt,Non_Injry_Cnt,Unkn_Injry_Cnt,Tot_Injry_Cnt,Death_Cnt,Year
14585215,N,07/30/2015,03:40 PM,60,11,1,1,20,2,4,20,1.0,227,22,30.23105562,-97.74278398,IH,35.0,231.257,IH0035,Y,N,2,THU,4.0,20.0,3.0,6.0,11.0,157370.0,2018.0,10.5,,,,0,5,0,0,0,5,0,2015
14585261,Y,07/24/2015,01:13 AM,65,11,4,1,1,2,4,20,1.0,227,22,30.344037100000005,-97.69704376,IH,35.0,239.681,IH0035,Y,N,4,FRI,20.0,20.0,3.0,6.0,11.0,145168.0,2018.0,11.9,,,,1,1,2,0,0,4,3,2015
14585277,N,08/01/2015,08:42 PM,55,11,1,1,21,2,2,22,1.0,227,22,30.36477532,-97.69604529,SL,275.0,4.421,SL0275,Y,N,2,SAT,0.0,0.0,0.0,4.0,14.0,37689.0,2018.0,1.2,,,,0,3,0,2,0,3,0,2015
14585398,N,08/09/2015,06:51 PM,60,11,1,1,5,2,2,22,1.0,227,9999,30.16417115,-97.69286437,US,183.0,332.66,US0183,Y,Y,2,SUN,12.0,8.0,36.0,4.0,14.0,23967.0,2018.0,8.1,,,,0,1,0,3,0,1,0,2015
14585408,N,08/05/2015,07:14 PM,45,11,1,1,5,2,1,10,1.0,227,22,30.25744558,-97.73716683,IH,35.0,233.194,IH0035,Y,N,2,WED,8.0,20.0,3.0,8.0,11.0,142856.0,2018.0,11.0,,,,0,1,2,1,1,3,0,2015
14585727,N,08/09/2015,12:11 AM,65,11,3,1,20,10,4,1,2.0,227,9999,30.1128244,-97.78260654,FM,1327.0,1.401,FM1327,Y,Y,2,SUN,10.0,10.0,0.0,2.0,16.0,17645.0,2018.0,5.2,,,,0,1,0,0,0,1,0,2015
14586417,N,08/08/2015,08:55 AM,45,11,1,1,12,2,4,30,1.0,227,8862,30.43865826,-97.90310117,RM,2769.0,0.536,RM2769,Y,Y,4,SAT,3.0,3.0,0.0,2.0,17.0,975.0,2018.0,6.7,,,,0,1,0,0,0,1,1,2015
14586613,N,07/25/2015,05:27 PM,65,11,1,1,12,2,4,30,1.0,227,1088,30.09709159,-97.69402614,US,183.0,337.3040000000001,US0183,Y,Y,4,SAT,8.0,8.0,0.0,4.0,14.0,19049.0,2018.0,9.3,,,,0,0,0,0,0,0,2,2015
14586662,N,07/30/2015,07:43 AM,60,11,1,1,20,2,4,22,1.0,227,22,30.22573567,-97.7459094,IH,35.0,230.846,IH0035,Y,N,2,THU,4.0,20.0,3.0,6.0,11.0,157370.0,2018.0,10.5,,,,0,1,0,2,0,1,0,2015
14586698,N,07/30/2015,03:23 PM,55,11,1,1,20,10,4,1,2.0,227,22,30.39428553,-97.67162595,IH,35.0,243.497,IH0035,Y,N,2,THU,8.0,20.0,3.0,6.0,11.0,159315.0,2018.0,11.5,,,,0,1,0,0,0,1,0,2015
14586719,N,07/20/2015,07:41 PM,-1,11,1,1,5,2,1,24,1.0,227,22,30.23250023,-97.80063567,US,290.0,113.931,US0290,Y,N,2,MON,20.0,20.0,10.0,7.0,12.0,127013.0,2018.0,2.7,,,,0,1,0,6,0,1,0,2015
14586797,N,08/04/2015,12:03 AM,45,11,4,1,20,7,4,1,4.0,227,22,30.33029116,-97.63013393,US,290.0,129.762,US0290,Y,N,2,TUE,20.0,20.0,3.0,6.0,12.0,34434.0,2018.0,8.4,,,,0,1,0,2,0,1,0,2015
14587048,N,08/10/2015,04:53 PM,45,11,1,1,20,2,2,22,1.0,227,22,30.28555754,-97.68459586,FM,969.0,1.175,FM0969,Y,N,2,MON,0.0,0.0,0.0,4.0,14.0,16460.0,2018.0,6.7,,,,0,3,0,1,0,3,0,2015
14587139,N,08/11/2015,06:40 PM,70,11,1,1,20,2,4,21,1.0,227,22,30.21276014,-97.71520876,SH,71.0,125.68,SH0071,Y,N,2,TUE,20.0,20.0,44.0,8.0,12.0,85342.0,2018.0,3.6,1.0,224.0,0.0,0,2,0,1,0,2,0,2015
14587255,N,08/12/2015,12:46 PM,45,12,1,1,20,2,4,21,1.0,227,22,30.25393065,-97.69259247,SL,111.0,2.108,SL0111,Y,N,2,WED,8.0,8.0,0.0,4.0,14.0,31328.0,2018.0,1.8,,,,0,1,0,1,0,1,0,2015
14587279,N,08/12/2015,02:13 PM,55,11,1,1,1,2,4,22,1.0,227,22,30.27030553,-97.73293381,IH,35.0,234.118,IH0035,Y,N,2,WED,20.0,40.0,3.0,8.0,11.0,177389.0,2018.0,9.9,,,,0,3,0,1,0,3,0,2015
14587304,N,08/12/2015,06:56 PM,40,11,1,1,5,2,1,24,1.0,227,22,30.1984147,-97.76412733,IH,35.0,228.67,IH0035,Y,N,2,WED,24.0,24.0,42.0,6.0,11.0,148474.0,2018.0,11.3,,,,0,1,0,2,0,1,0,2015
14587364,N,08/13/2015,07:47 AM,55,11,1,1,9,2,2,28,1.0,227,22,30.37418316,-97.78274319,SL,360.0,2.647,SL0360,Y,N,2,THU,8.0,20.0,48.0,4.0,14.0,54706.0,2018.0,2.6,,,,0,1,0,1,0,1,0,2015
14587736,N,08/09/2015,02:48 PM,50,11,1,1,5,2,1,34,1.0,227,9999,30.26011402,-97.90724233,SH,71.0,112.961,SH0071,Y,Y,2,SUN,8.0,8.0,0.0,4.0,14.0,34138.0,2018.0,3.5,,,,0,8,0,0,0,8,0,2015
14588251,N,08/16/2015,08:48 AM,55,11,1,1,9,10,2,1,2.0,227,372,30.47221058,-97.67138489,IH,35.0,248.973,IH0035,Y,N,2,SUN,16.0,20.0,3.0,6.0,11.0,162734.0,2018.0,11.4,,,,0,1,0,0,0,1,0,2015
14589285,N,08/01/2015,02:40 PM,55,11,1,1,1,7,4,1,4.0,227,330,30.46924054,-97.5938365,SH,130.0,16.755,SH0130,Y,N,1,SAT,8.0,20.0,135.0,4.0,12.0,45033.0,2018.0,17.2,1.0,556.0,1.0,1,0,0,0,0,1,0,2015
14589453,Y,08/14/2015,02:05 PM,60,11,1,1,11,10,4,1,2.0,227,9999,30.10349544,-97.61492876,FM,812.0,6.709,FM0812,Y,Y,2,FRI,10.0,10.0,0.0,2.0,6.0,13167.0,2018.0,7.0,1.0,196.0,4.0,0,1,0,1,0,1,0,2015
14589798,N,08/14/2015,11:50 AM,55,11,1,1,20,2,3,14,1.0,227,250,30.36033743,-97.95374153,RM,620.0,4.5,RM0620,Y,N,2,FRI,8.0,8.0,0.0,4.0,14.0,43643.0,2018.0,3.2,1.0,169.0,5.0,0,2,0,0,0,2,0,2015
14590104,Y,08/10/2015,01:45 PM,55,11,1,1,20,10,4,1,1.0,227,9999,30.14305311,-97.81228846,FM,1626.0,1.071,FM1626,Y,Y,1,MON,1.0,1.0,0.0,2.0,16.0,17291.0,2018.0,4.2,,,,1,0,1,0,0,2,0,2015
14590173,N,08/03/2015,09:39 PM,70,11,4,1,1,2,4,21,1.0,227,22,30.20134879,-97.76171441,IH,35.0,228.918,IH0035,Y,N,2,MON,24.0,24.0,42.0,6.0,11.0,148474.0,2018.0,11.3,,,,0,1,0,1,0,1,0,2015
14590724,N,08/14/2015,10:03 PM,55,11,4,1,5,2,1,34,1.0,227,22,30.21621427,-97.7440169,SH,71.0,123.943,SH0071,Y,N,2,FRI,20.0,20.0,32.0,6.0,12.0,122565.0,2018.0,3.2,,,,0,3,0,4,0,3,0,2015
14590747,N,08/15/2015,06:15 AM,55,11,3,2,1,2,4,21,1.0,227,22,30.20460816,-97.64222745,SH,71.0,130.529,SH0071,Y,N,2,SAT,0.0,0.0,240.0,6.0,14.0,60929.0,2018.0,4.2,,,,0,2,0,0,0,2,0,2015
14590755,N,08/15/2015,07:57 AM,30,12,1,2,11,2,2,22,1.0,227,22,30.26085741,-97.75852177,SL,343.0,3.383,SL0343,Y,N,2,SAT,0.0,0.0,0.0,4.0,14.0,46479.0,2018.0,1.4,,,,0,2,0,3,0,2,0,2015
14590822,N,08/15/2015,02:40 PM,45,11,1,1,9,2,1,14,1.0,227,22,30.33235605,-97.70441051,IH,35.0,238.765,IH0035,Y,N,2,SAT,20.0,20.0,3.0,6.0,11.0,199837.0,2018.0,9.4,,,,0,1,0,2,0,1,0,2015
14590861,N,08/15/2015,08:40 PM,60,11,4,1,20,10,4,1,4.0,227,22,30.1262352,-97.80150505,IH,35.0,223.18400000000003,IH0035,Y,N,2,SAT,6.0,20.0,40.0,6.0,11.0,135389.0,2018.0,11.8,1.0,103.0,0.0,0,1,0,0,0,1,0,2015
14592172,N,08/16/2015,09:37 PM,70,11,3,2,11,9,4,1,4.0,227,22,30.16976218,-97.78430577,IH,35.0,226.358,IH0035,Y,N,2,SUN,6.0,20.0,30.0,6.0,11.0,156852.0,2018.0,11.1,1.0,586.0,0.0,0,1,0,0,0,1,0,2015
14593172,N,08/17/2015,07:48 AM,55,11,1,1,9,2,2,22,1.0,227,22,30.32556534,-97.67331696,US,183.0,320.512,US0183,Y,N,2,MON,16.0,20.0,70.0,4.0,12.0,55986.0,2018.0,7.2,,,,0,1,0,2,0,1,0,2015
14593237,N,08/17/2015,02:53 PM,35,11,1,1,5,2,1,34,1.0,227,22,30.37690526,-97.67617257,IH,35.0,242.262,IH0035,Y,N,2,MON,8.0,20.0,3.0,6.0,11.0,159315.0,2018.0,11.5,,,,0,1,0,3,0,1,0,2015
14593242,N,08/18/2015,07:47 AM,45,11,1,1,5,2,1,10,1.0,227,22,30.23557091,-97.82463074,US,290.0,112.426,US0290,Y,N,2,TUE,20.0,20.0,42.0,5.0,12.0,77933.0,2018.0,3.6,1.0,361.0,1.0,0,1,0,1,0,1,0,2015
14593254,N,08/18/2015,12:21 PM,45,11,1,1,5,2,1,10,1.0,227,22,30.34814141,-97.71281681,US,183.0,317.6620000000001,US0183,Y,N,2,TUE,20.0,20.0,8.0,6.0,12.0,138247.0,2018.0,3.6,,,,0,2,1,3,0,3,0,2015
14593684,N,07/26/2015,11:33 PM,30,11,4,1,5,2,2,22,1.0,227,22,30.27167173,-97.73245069,IH,35.0,234.216,IH0035,Y,N,2,SUN,20.0,40.0,3.0,8.0,11.0,177389.0,2018.0,9.9,,,,0,1,0,0,1,1,0,2015
14593903,N,08/17/2015,04:35 PM,65,11,1,1,5,2,1,34,1.0,227,9999,30.35240173,-97.59226227,SH,130.0,25.058000000000003,SH0130,Y,Y,2,MON,8.0,20.0,135.0,4.0,12.0,39424.0,2018.0,17.9,,,,0,3,0,0,0,3,0,2015
14594651,N,08/11/2015,04:27 PM,65,11,1,1,1,2,4,21,1.0,227,22,30.40598372,-97.72371892,SL,1.0,5.6179999999999986,SL0001,Y,N,2,TUE,24.0,20.0,36.0,6.0,12.0,112347.0,2018.0,1.6,1.0,773.0,0.0,0,1,1,3,0,2,0,2015
14594670,N,08/12/2015,11:01 PM,-1,11,4,1,1,7,4,1,2.0,227,22,,,IH,35.0,,IH0035,Y,N,2,WED,,,,,,,,,,,,0,1,0,0,0,1,0,2015
14594740,N,08/13/2015,05:22 PM,40,11,1,1,5,5,2,2,1.0,227,22,30.21621469,-97.74402355,SH,71.0,123.943,SH0071,Y,N,2,THU,20.0,20.0,32.0,6.0,12.0,122565.0,2018.0,3.2,,,,0,1,0,1,0,1,0,2015
14594952,Y,08/18/2015,02:23 PM,45,11,1,1,5,2,1,14,1.0,227,22,30.40497166,-97.71607718,FM,1325.0,5.87,FM1325,Y,N,2,TUE,0.0,0.0,0.0,4.0,14.0,33660.0,2018.0,1.7,,,,0,1,0,2,0,1,0,2015
14594978,N,08/14/2015,08:07 PM,60,11,1,1,1,10,4,1,2.0,227,9999,30.21632152,-97.63785618,FM,973.0,28.285,FM0973,Y,Y,2,FRI,10.0,10.0,30.0,4.0,16.0,16700.0,2018.0,6.1,,,,0,1,0,1,0,1,0,2015
14595010,N,08/18/2015,06:35 PM,60,11,1,1,5,2,1,10,1.0,227,22,30.34050179,-97.5911026,US,290.0,132.21,US0290,Y,N,2,TUE,20.0,20.0,3.0,5.0,12.0,34434.0,2018.0,8.4,,,,0,2,1,1,0,3,0,2015
14596375,N,08/18/2015,01:00 PM,-1,11,1,1,1,2,1,23,1.0,227,22,30.35083993,-97.70915299,SL,275.0,5.684,SL0275,Y,N,2,TUE,8.0,8.0,0.0,4.0,14.0,37706.0,2018.0,1.2,,,,0,3,0,0,0,3,0,2015
14596469,N,08/19/2015,04:16 PM,65,11,1,1,20,2,4,20,1.0,227,22,30.21631424,-97.74815281,SH,71.0,123.696,SH0071,Y,N,2,WED,20.0,20.0,32.0,6.0,12.0,122565.0,2018.0,3.2,,,,0,1,0,4,0,1,0,2015
14596506,N,08/19/2015,02:36 AM,55,11,4,1,1,2,4,30,1.0,227,22,30.30383122,-97.71400429,IH,35.0,236.695,IH0035,Y,N,4,WED,8.0,20.0,24.0,8.0,11.0,196302.0,2018.0,9.5,,,,2,0,0,0,0,2,1,2015
14597625,N,07/25/2015,05:21 PM,70,11,1,1,20,2,4,20,1.0,227,22,30.19885749,-97.76376423,IH,35.0,228.708,IH0035,Y,N,2,SAT,24.0,24.0,42.0,6.0,11.0,148474.0,2018.0,11.3,,,,0,1,0,1,0,1,0,2015
14597845,N,08/19/2015,05:33 PM,45,11,1,1,20,2,2,21,1.0,227,22,30.34789593,-97.71262725,US,183.0,317.683,US0183,Y,N,2,WED,20.0,20.0,8.0,6.0,12.0,138247.0,2018.0,3.6,,,,0,1,1,1,0,2,0,2015
14597957,N,08/19/2015,05:14 PM,65,11,1,1,1,2,4,20,1.0,227,22,30.29931127,-97.71684875,IH,35.0,236.341,IH0035,Y,N,2,WED,8.0,20.0,24.0,8.0,11.0,202376.0,2018.0,9.3,,,,0,1,0,2,0,1,0,2015
14598155,N,08/20/2015,06:45 PM,-1,11,1,1,20,2,4,21,1.0,227,22,30.35443084,-97.71487437,US,183.0,317.212,US0183,Y,N,2,THU,20.0,20.0,8.0,6.0,12.0,138247.0,2018.0,3.6,,,,0,1,1,1,0,2,0,2015
14598214,N,08/20/2015,09:10 PM,-1,11,3,1,20,2,4,22,1.0,227,9999,30.45270072,-97.82860511,RM,620.0,16.555999999999994,RM0620,Y,Y,2,THU,0.0,0.0,0.0,2.0,14.0,41321.0,2018.0,3.2,,,,0,1,0,6,0,1,0,2015
14598230,N,08/21/2015,07:43 AM,60,12,1,1,20,10,4,1,1.0,227,22,30.20609595,-97.64511133,SH,71.0,130.328,SH0071,Y,N,2,FRI,4.0,0.0,2.0,6.0,14.0,60929.0,2018.0,4.2,,,,0,1,0,0,0,1,0,2015
14598425,N,08/17/2015,12:59 PM,55,11,1,1,20,2,4,30,1.0,227,1288,30.14165343,-97.81961607,FM,1626.0,1.54,FM1626,Y,Y,1,MON,1.0,1.0,0.0,2.0,16.0,17291.0,2018.0,4.2,,,,1,0,2,0,0,3,0,2015
14598594,N,08/22/2015,11:17 AM,70,11,1,1,1,7,4,1,4.0,227,9999,30.45861685,-97.66709238,IH,35.0,248.004,IH0035,Y,Y,2,SAT,18.0,18.0,12.0,6.0,11.0,162734.0,2018.0,11.4,1.0,467.0,1.0,0,1,0,0,0,1,0,2015
14598619,N,08/22/2015,11:20 AM,55,11,1,1,20,2,2,20,1.0,227,9999,30.44675076,-97.66726752,IH,35.0,247.178,IH0035,Y,Y,2,SAT,8.0,20.0,3.0,6.0,11.0,129244.0,2018.0,12.7,,,,0,1,0,1,0,1,0,2015
14601410,Y,08/15/2015,01:19 PM,70,11,1,1,20,2,4,22,1.0,227,22,30.42715477,-97.67100647,IH,35.0,245.812,IH0035,Y,N,2,SAT,8.0,20.0,3.0,6.0,11.0,132719.0,2018.0,12.4,,,,0,6,1,11,0,7,0,2015
14601510,N,08/17/2015,04:40 PM,55,11,1,1,5,2,2,22,1.0,227,22,30.33990388,-97.69966035,IH,35.0,239.357,IH0035,Y,N,2,MON,20.0,20.0,3.0,6.0,11.0,145168.0,2018.0,11.9,,,,0,1,0,2,0,1,0,2015
14601530,N,08/17/2015,06:00 PM,70,11,1,1,20,2,4,22,1.0,227,22,30.37319462,-97.72638515,US,183.0,315.65,US0183,Y,N,2,MON,20.0,20.0,8.0,6.0,12.0,138365.0,2018.0,3.6,,,,0,1,0,2,0,1,0,2015
14603603,Y,08/25/2015,06:16 AM,70,11,2,1,8,2,1,10,1.0,227,9999,30.18665674,-97.60601162,SH,71.0,133.132,SH0071,Y,Y,2,TUE,4.0,6.0,40.0,4.0,14.0,53382.0,2018.0,8.3,1.0,133.0,0.0,0,1,0,1,0,1,0,2015
14603926,N,08/11/2015,06:11 AM,40,11,1,1,8,2,1,10,1.0,227,22,30.181676500000002,-97.89998346,SH,45.0,0.926,SH0045,Y,N,2,TUE,12.0,20.0,40.0,4.0,16.0,16410.0,2018.0,11.7,,,,0,3,0,0,0,3,0,2015
14604457,N,08/16/2015,02:36 PM,55,11,1,1,5,2,2,22,1.0,227,22,30.321393199999996,-97.68908316,US,290.0,126.164,US0290,Y,N,2,SUN,12.0,20.0,24.0,5.0,12.0,47490.0,2018.0,6.7,1.0,251.0,0.0,0,1,0,9,0,1,0,2015
14604606,N,08/20/2015,02:22 PM,45,2,1,2,9,2,2,17,1.0,227,22,30.15347267,-97.79145786,IH,35.0,225.152,IH0035,Y,N,2,THU,6.0,20.0,30.0,6.0,11.0,128785.0,2018.0,12.2,,,,0,1,0,2,0,1,0,2015
14604684,N,08/21/2015,11:47 AM,60,2,1,2,20,10,2,1,1.0,227,22,30.22573567,-97.7459094,IH,35.0,230.846,IH0035,Y,N,2,FRI,4.0,20.0,3.0,6.0,11.0,157370.0,2018.0,10.5,,,,0,1,1,1,0,2,0,2015
14604696,N,08/21/2015,10:59 AM,50,12,1,2,20,2,2,22,1.0,227,22,30.40783215,-97.67820764,FM,734.0,11.609000000000002,FM0734,Y,N,2,FRI,10.0,10.0,16.0,6.0,14.0,63366.0,2018.0,3.7,,,,0,1,0,3,0,1,0,2015
14604712,N,08/25/2015,08:26 PM,60,12,4,1,5,2,2,22,1.0,227,9999,30.16457849,-97.69274862,US,183.0,332.631,US0183,Y,Y,2,TUE,12.0,8.0,36.0,4.0,14.0,34458.0,2018.0,6.7,,,,0,1,0,1,0,1,0,2015
14604848,N,08/21/2015,11:30 PM,55,11,4,1,5,2,1,10,1.0,227,22,30.110023499999997,-97.80815887,IH,35.0,222.0,IH0035,Y,N,2,FRI,6.0,20.0,20.0,6.0,11.0,131087.0,2018.0,12.1,1.0,84.0,0.0,0,4,0,0,0,4,0,2015
14604978,N,08/22/2015,02:21 AM,70,11,3,1,20,2,4,20,1.0,227,22,30.16782158,-97.78558676,IH,35.0,226.205,IH0035,Y,N,2,SAT,6.0,20.0,30.0,6.0,11.0,156852.0,2018.0,11.1,1.0,586.0,0.0,0,3,0,2,0,3,0,2015
14605532,N,05/21/2015,07:11 AM,50,12,2,2,5,2,1,34,1.0,227,330,30.45078242,-97.60498691,FM,685.0,6.848,FM0685,Y,N,2,THU,4.0,4.0,14.0,4.0,16.0,29334.0,2018.0,4.3,,,,0,2,2,0,0,4,0,2015
14605938,N,07/09/2015,01:05 PM,70,11,1,1,20,2,4,20,1.0,227,22,30.11246122,-97.80703207,IH,35.0,222.181,IH0035,Y,N,2,THU,6.0,20.0,20.0,6.0,11.0,131087.0,2018.0,12.1,1.0,84.0,0.0,0,1,0,2,0,1,0,2015
14606082,N,08/22/2015,07:43 PM,50,11,1,1,20,7,2,1,4.0,227,22,30.24988867,-97.69183579,SL,111.0,2.391,SL0111,Y,N,1,SAT,0.0,0.0,12.0,4.0,14.0,31328.0,2018.0,1.8,1.0,69.0,5.0,1,0,0,0,0,1,0,2015
14606175,N,08/22/2015,09:52 PM,55,11,3,1,1,2,4,20,1.0,227,22,30.20184399,-97.63683127,SH,71.0,130.903,SH0071,Y,N,2,SAT,0.0,0.0,250.0,6.0,14.0,53382.0,2018.0,8.3,,,,0,1,1,2,0,2,0,2015
14606355,N,08/22/2015,05:58 AM,70,11,4,1,1,7,4,1,2.0,227,22,30.41511562,-97.67328728,IH,35.0,244.973,IH0035,Y,N,2,SAT,8.0,20.0,3.0,6.0,11.0,134367.0,2018.0,12.4,,,,0,1,0,0,0,1,0,2015
14606591,N,08/23/2015,12:43 PM,45,11,1,1,5,2,1,34,1.0,227,22,30.27832807,-97.73001626,IH,35.0,234.697,IH0035,Y,N,2,SUN,20.0,40.0,3.0,8.0,11.0,202376.0,2018.0,9.3,1.0,119.0,0.0,0,3,0,3,0,3,0,2015
14606715,N,08/23/2015,05:19 PM,55,11,1,1,20,10,2,1,1.0,227,22,30.39456357,-97.84552821,RM,2222.0,0.825,RM2222,Y,N,2,SUN,0.0,0.0,0.0,4.0,14.0,42777.0,2018.0,3.2,,,,0,1,0,0,0,1,0,2015
14606802,N,08/23/2015,06:20 PM,40,11,1,1,21,2,4,20,1.0,227,22,30.27043897,-97.73289554,IH,35.0,234.127,IH0035,Y,N,2,SUN,20.0,40.0,3.0,8.0,11.0,177389.0,2018.0,9.9,,,,0,1,0,2,0,1,0,2015
14606844,N,08/23/2015,03:23 PM,-1,11,1,1,1,2,4,20,5.0,227,22,,,,,,SH0001,Y,N,2,SUN,,,,,,,,,,,,0,1,0,0,1,1,0,2015
14606967,N,08/15/2015,04:15 PM,45,11,1,1,20,2,1,24,1.0,227,9999,30.4506456,-97.85336891,RM,2769.0,5.142,RM2769,Y,Y,2,SAT,3.0,3.0,0.0,2.0,16.0,7248.0,2018.0,8.0,,,,0,4,0,1,0,4,0,2015
14607018,Y,08/24/2015,05:07 PM,-1,11,1,1,1,10,2,3,1.0,227,22,30.38947058,-97.73444551,SL,1.0,6.966,SL0001,Y,N,2,MON,24.0,20.0,36.0,6.0,12.0,97149.0,2018.0,1.6,,,,0,1,0,0,0,1,0,2015
14607028,N,08/24/2015,05:00 PM,55,11,1,1,1,2,4,20,1.0,227,22,30.23239379,-97.74198803,IH,35.0,231.361,IH0035,Y,N,2,MON,4.0,20.0,3.0,6.0,11.0,157370.0,2018.0,10.5,,,,0,1,0,2,0,1,0,2015
14607056,N,08/24/2015,08:37 PM,-1,11,6,1,5,2,2,22,1.0,227,22,30.4023059,-97.65731919,FM,734.0,12.946,FM0734,Y,N,2,MON,8.0,20.0,55.0,6.0,14.0,46970.0,2018.0,3.9,1.0,305.0,3.0,0,1,2,0,0,3,0,2015
14607078,N,08/26/2015,08:59 AM,-1,11,1,1,5,2,2,22,1.0,227,22,30.39438276,-97.84528889,RM,2222.0,0.8440000000000001,RM2222,Y,N,2,WED,0.0,0.0,0.0,4.0,14.0,42777.0,2018.0,3.2,,,,0,1,0,8,0,1,0,2015
14607836,N,07/27/2015,07:49 AM,65,12,1,1,1,2,4,21,1.0,227,22,30.22276583,-97.76360595,US,290.0,116.338,US0290,Y,N,2,MON,20.0,20.0,42.0,6.0,12.0,140123.0,2018.0,2.6,,,,0,1,1,0,0,2,0,2015
14607975,N,08/11/2015,08:25 AM,45,11,1,1,8,5,2,1,1.0,227,22,30.37354517,-97.69107745,SL,275.0,3.75,SL0275,Y,N,1,TUE,0.0,2.0,0.0,4.0,14.0,29928.0,2018.0,1.4,,,,1,0,0,1,0,1,0,2015
14608004,N,08/13/2015,02:36 AM,-1,11,4,1,20,7,2,1,4.0,227,22,30.22760494,-97.77231153,US,290.0,115.715,US0290,Y,N,1,THU,20.0,20.0,42.0,8.0,12.0,148990.0,2018.0,2.4,,,,1,0,0,0,0,1,0,2015
14608178,N,08/21/2015,03:14 PM,55,11,1,1,20,2,4,20,1.0,227,22,30.32384031,-97.81353355,SL,360.0,6.621,SL0360,Y,N,2,FRI,8.0,20.0,60.0,4.0,14.0,53846.0,2018.0,2.7,,,,0,1,0,2,0,1,0,2015
14608292,N,08/15/2015,12:50 AM,30,11,4,1,5,5,1,1,1.0,227,22,30.26339563,-97.74449683,SL,343.0,4.54,SL0343,Y,N,2,SAT,10.0,10.0,0.0,4.0,14.0,27900.0,2018.0,1.9,,,,0,1,0,1,0,1,0,2015
14608493,N,08/21/2015,07:40 PM,55,11,1,1,5,2,1,14,1.0,227,22,30.24915123,-97.80529785,SL,1.0,18.057,SL0001,Y,N,2,FRI,12.0,20.0,500.0,6.0,12.0,153269.0,2018.0,1.2,,,,0,1,0,4,0,1,0,2015
14608588,N,08/23/2015,05:35 PM,50,11,1,1,9,2,2,20,1.0,227,22,30.2171613,-97.75089606,IH,35.0,230.186,IH0035,Y,N,2,SUN,4.0,20.0,3.0,6.0,11.0,157370.0,2018.0,10.5,,,,0,1,2,4,0,3,0,2015
14608833,N,08/22/2015,03:17 AM,55,11,3,1,1,10,4,1,1.0,227,9999,30.13041196,-97.64410203,FM,812.0,4.1530000000000005,FM0812,Y,Y,2,SAT,10.0,10.0,0.0,2.0,6.0,15228.0,2018.0,6.8,1.0,119.0,5.0,0,1,0,1,0,1,0,2015
14609407,N,08/26/2015,07:29 AM,55,11,1,1,9,2,1,34,1.0,227,22,30.43729854,-97.73590239,FM,734.0,7.608,FM0734,Y,N,2,WED,8.0,20.0,36.0,6.0,14.0,49788.0,2018.0,3.9,,,,0,1,0,3,0,1,0,2015
14609514,N,08/15/2015,04:28 AM,50,11,4,1,5,2,1,34,1.0,227,22,30.440112,-97.66855725,IH,35.0,246.715,IH0035,Y,N,2,SAT,8.0,20.0,3.0,6.0,11.0,132719.0,2018.0,12.4,,,,0,1,0,1,0,1,0,2015
14609552,N,08/19/2015,07:47 AM,45,11,1,1,8,2,1,10,1.0,227,22,30.34119313,-97.7769325,RM,2222.0,7.2010000000000005,RM2222,Y,N,2,WED,0.0,0.0,0.0,4.0,14.0,27256.0,2018.0,3.8,,,,0,1,0,1,0,1,0,2015
14609577,N,08/21/2015,10:55 PM,55,11,4,1,5,2,1,34,1.0,227,22,30.42039108,-97.70423126,FM,734.0,9.83,FM0734,Y,N,2,FRI,8.0,20.0,36.0,6.0,14.0,61367.0,2018.0,3.7,1.0,276.0,0.0,0,1,0,1,1,1,0,2015
14609753,N,08/16/2015,11:24 PM,65,11,3,1,20,10,4,1,4.0,227,9999,30.35147245,-97.4475715,US,290.0,140.858,US0290,Y,Y,4,SUN,8.0,20.0,68.0,4.0,2.0,30629.0,2018.0,8.5,,,,0,0,0,0,0,0,1,2015
14609801,N,08/26/2015,07:43 AM,50,11,1,1,1,2,4,21,1.0,227,22,30.32574737,-97.70627481,IH,35.0,238.295,IH0035,Y,N,2,WED,20.0,20.0,3.0,6.0,11.0,199837.0,2018.0,9.4,,,,0,1,0,1,0,1,0,2015
14609850,N,08/26/2015,10:34 AM,40,11,1,1,9,2,2,22,1.0,227,22,30.33922432,-97.70008059,IH,35.0,239.304,IH0035,Y,N,2,WED,20.0,20.0,3.0,6.0,11.0,145168.0,2018.0,11.9,,,,0,1,0,1,0,1,0,2015
14610176,N,08/15/2015,04:46 AM,75,11,6,1,1,2,4,20,1.0,227,22,30.405215999999996,-97.67508988,IH,35.0,244.284,IH0035,Y,N,2,SAT,8.0,20.0,3.0,6.0,11.0,159315.0,2018.0,11.5,,,,0,1,0,1,0,1,0,2015