Crash_ID,Cmv_Involv_Fl,Crash_Date,Crash_Time,Crash_Speed_Limit,Wthr_Cond_ID,Light_Cond_ID,Surf_Cond_ID,Traffic_Cntl_ID,Harm_Evnt_ID,Intrsct_Relat_ID,FHE_Collsn_ID,Road_Relat_ID,Cnty_ID,City_ID,Latitude,Longitude,Hwy_Sys,Hwy_Nbr,Dfo,Street_Name,Onsys_Fl,Rural_Fl,Crash_Sev_ID,Day_of_Week,Shldr_Width_Left,Shldr_Width_Right,Median_Width,Nbr_Of_Lane,Func_Sys_ID,Adt_Curnt_Amt,Adt_Curnt_Year,Trk_Aadt_Pct,Curve_Type_ID,Curve_Lngth,Cd_Degr,Sus_Serious_Injry_Cnt,Nonincap_Injry_Cnt,Poss_Injry_Cnt,Non_Injry_Cnt,Unkn_Injry_Cnt,Tot_Injry_Cnt,Death_Cnt,Year
14640700,N,09/08/2015,03:06 PM,55,11,1,1,9,2,2,22,1.0,227,22,30.32556534,-97.67331696,US,183.0,320.512,US0183,Y,N,2,TUE,16.0,20.0,70.0,4.0,12.0,55986.0,2018.0,7.2,,,,0,1,0,1,0,1,0,2015
14640712,N,09/08/2015,06:30 PM,60,11,1,1,20,2,4,20,1.0,227,22,30.23410002,-97.74097571,IH,35.0,231.493,IH0035,Y,N,2,TUE,4.0,20.0,3.0,6.0,11.0,150700.0,2018.0,10.7,,,,0,1,0,4,0,1,0,2015
14640777,N,09/13/2015,06:53 AM,45,11,1,1,1,7,4,1,2.0,227,22,30.19586678,-97.80999523,FM,2304.0,0.325,FM2304,Y,N,2,SUN,13.0,14.0,0.0,4.0,14.0,35199.0,2018.0,3.5,,,,0,1,0,0,0,1,0,2015
14640787,Y,09/13/2015,11:11 PM,65,11,4,1,11,2,4,21,1.0,227,22,30.22007017,-97.74919295,IH,35.0,230.41,IH0035,Y,N,2,SUN,4.0,20.0,3.0,6.0,11.0,157370.0,2018.0,10.5,,,,0,1,1,1,0,2,0,2015
14640902,N,09/14/2015,10:21 AM,40,11,1,1,5,2,1,10,1.0,227,22,30.28304065,-97.72725557,IH,35.0,235.061,IH0035,Y,N,2,MON,20.0,40.0,3.0,8.0,11.0,202376.0,2018.0,9.3,1.0,45.0,5.0,0,1,1,0,0,2,0,2015
14640963,N,09/14/2015,04:20 PM,65,11,1,1,20,2,4,20,1.0,227,22,30.21397898,-97.75285154,IH,35.0,229.938,IH0035,Y,N,1,MON,4.0,20.0,3.0,6.0,11.0,148474.0,2018.0,11.3,,,,1,0,3,0,0,4,0,2015
14641843,N,09/15/2015,02:27 PM,55,11,1,1,11,2,4,21,1.0,227,9999,30.14200027,-97.81402007,FM,1626.0,1.204,FM1626,Y,Y,2,TUE,1.0,1.0,0.0,2.0,16.0,17291.0,2018.0,4.2,1.0,100.0,10.0,0,2,0,0,0,2,0,2015
14641949,N,09/15/2015,02:21 PM,65,11,1,1,8,2,1,10,1.0,227,22,30.18170394,-97.90003845,SH,45.0,0.93,SH0045,Y,N,2,TUE,12.0,20.0,40.0,4.0,16.0,16410.0,2018.0,11.7,,,,0,2,0,0,0,2,0,2015
14641959,N,09/15/2015,11:53 AM,-1,12,1,1,20,2,4,20,1.0,227,22,30.25371953,-97.80890759,SL,360.0,12.22,SL0360,Y,N,2,TUE,8.0,20.0,60.0,4.0,14.0,55818.0,2018.0,2.6,,,,0,1,0,1,0,1,0,2015
14642058,N,09/03/2015,04:49 PM,35,11,1,1,20,2,3,10,1.0,227,22,30.42142708,-97.67353761,SL,275.0,0.258,SL0275,Y,N,2,THU,0.0,1.0,0.0,4.0,17.0,4708.0,2018.0,1.4,,,,0,3,1,2,0,4,0,2015
14642142,N,08/25/2015,05:44 PM,-1,11,1,1,20,2,4,22,1.0,227,22,30.33673539,-97.75538829,SL,1.0,10.815,SL0001,Y,N,2,TUE,12.0,20.0,100.0,6.0,12.0,148872.0,2018.0,1.2,1.0,218.0,2.0,0,1,4,0,0,5,0,2015
14642190,N,09/11/2015,01:50 AM,50,11,4,1,20,10,4,1,2.0,227,22,30.19331375,-97.7682383,IH,35.0,228.242,IH0035,Y,N,2,FRI,24.0,24.0,42.0,6.0,11.0,170988.0,2018.0,10.7,1.0,208.0,0.0,0,1,0,0,0,1,0,2015
14642311,N,09/13/2015,05:19 AM,70,11,4,1,1,2,4,20,1.0,227,22,,,IH,35.0,,IH0035,Y,N,2,SUN,,,,,,,,,,,,0,1,0,1,0,1,0,2015
14642389,N,09/05/2015,02:05 PM,45,11,1,1,5,2,1,24,1.0,227,22,30.26437847,-97.74801947,SL,343.0,4.32,SL0343,Y,N,2,SAT,0.0,7.0,0.0,4.0,14.0,43724.0,2018.0,1.4,,,,0,1,0,1,0,1,0,2015
14642636,N,08/31/2015,03:16 AM,55,11,3,1,1,4,4,1,3.0,227,22,30.427045899999996,-97.67102709,IH,35.0,245.805,IH0035,Y,N,1,MON,8.0,20.0,3.0,6.0,11.0,132719.0,2018.0,12.4,,,,1,0,0,0,0,1,0,2015
14644834,Y,09/02/2015,04:45 PM,60,11,1,1,5,2,1,34,1.0,227,9999,30.318202399999997,-97.99444279,SH,71.0,105.569,SH0071,Y,Y,2,WED,5.0,5.0,0.0,4.0,14.0,37755.0,2018.0,3.3,,,,0,2,0,1,0,2,0,2015
14644844,Y,09/14/2015,05:32 PM,55,11,1,1,12,10,4,1,2.0,227,9999,30.29216201,-98.03103741,RM,3238.0,2.31,RM3238,Y,Y,1,MON,1.0,1.0,0.0,2.0,6.0,8607.0,2018.0,5.1,,,,1,0,0,0,0,1,0,2015
14645095,N,09/01/2015,02:30 AM,-1,11,3,1,1,10,4,1,2.0,227,22,30.4070226,-97.6718821,FM,734.0,12.003,FM0734,Y,N,2,TUE,10.0,20.0,36.0,6.0,14.0,46970.0,2018.0,3.9,,,,0,1,0,0,0,1,0,2015
14645983,N,09/13/2015,11:35 AM,75,11,1,1,11,7,4,1,4.0,227,22,30.4150985,-97.67329052,IH,35.0,244.972,IH0035,Y,N,2,SUN,8.0,20.0,3.0,6.0,11.0,134367.0,2018.0,12.4,,,,0,1,0,2,0,1,0,2015
14647010,N,09/09/2015,08:19 PM,50,12,4,1,5,2,1,10,1.0,227,22,30.21621427,-97.7440169,SH,71.0,123.943,SH0071,Y,N,1,WED,20.0,20.0,32.0,6.0,12.0,122565.0,2018.0,3.2,,,,1,0,0,1,0,1,0,2015
14647359,Y,09/16/2015,08:32 AM,65,12,1,1,20,2,4,20,1.0,227,22,30.22217054,-97.76263741,US,290.0,116.409,US0290,Y,N,2,WED,20.0,20.0,42.0,6.0,12.0,140123.0,2018.0,2.6,,,,0,1,0,1,0,1,0,2015
14647449,N,09/16/2015,08:46 AM,50,11,1,2,1,2,4,22,1.0,227,22,30.2164048,-97.75116148,SH,71.0,123.516,SH0071,Y,N,2,WED,0.0,0.0,32.0,6.0,12.0,122565.0,2018.0,3.2,,,,0,1,0,1,0,1,0,2015
14647522,N,09/16/2015,04:28 PM,70,11,1,1,20,2,4,22,1.0,227,22,30.14108171,-97.79570356,IH,35.0,224.263,IH0035,Y,N,2,WED,6.0,20.0,30.0,6.0,11.0,128785.0,2018.0,12.2,,,,0,3,0,1,0,3,0,2015
14647547,N,09/17/2015,01:18 AM,65,11,4,1,20,7,4,1,4.0,227,22,30.29319143,-97.7207052,IH,35.0,235.861,IH0035,Y,N,2,THU,8.0,20.0,24.0,8.0,11.0,202376.0,2018.0,9.3,,,,0,1,0,1,0,1,0,2015
14647605,N,09/17/2015,02:17 PM,-1,11,1,1,1,2,3,10,1.0,227,22,30.27325885,-97.69781551,SL,111.0,0.742,SL0111,Y,N,1,THU,1.0,2.0,0.0,4.0,14.0,31328.0,2018.0,1.8,,,,2,0,0,2,0,2,0,2015
14647611,N,09/08/2015,03:31 PM,55,11,1,1,7,2,2,22,1.0,227,9999,30.25145313,-97.59566696,FM,969.0,7.2879999999999985,FM0969,Y,Y,2,TUE,0.0,0.0,0.0,2.0,17.0,22309.0,2018.0,6.4,1.0,70.0,5.0,0,2,1,1,0,3,0,2015
14647670,N,09/17/2015,10:56 PM,45,11,3,1,20,2,1,20,1.0,227,22,30.38709165,-97.67278147,IH,35.0,242.995,IH0035,Y,N,2,THU,8.0,20.0,3.0,6.0,11.0,159315.0,2018.0,11.5,,,,0,2,0,0,0,2,0,2015
14648553,N,09/20/2015,11:25 AM,60,11,1,1,5,2,2,22,1.0,227,22,30.3441703,-97.58034145,US,290.0,132.9,US0290,Y,N,2,SUN,20.0,20.0,3.0,4.0,12.0,34434.0,2018.0,8.4,,,,0,1,0,1,0,1,0,2015
14649717,N,09/19/2015,10:40 AM,50,11,1,1,1,2,4,34,1.0,227,250,30.34125381,-97.96837932,RM,620.0,2.874,RM0620,Y,N,2,SAT,8.0,8.0,0.0,5.0,14.0,50317.0,2018.0,3.1,,,,0,1,0,1,0,1,0,2015
14650736,N,09/10/2015,06:37 PM,60,11,1,1,11,10,4,1,1.0,227,9999,30.44633321,-97.74365962,FM,734.0,6.818,FM0734,Y,Y,2,THU,8.0,20.0,36.0,6.0,14.0,55456.0,2018.0,3.8,1.0,297.0,1.0,0,1,0,0,0,1,0,2015
14650932,N,09/18/2015,04:15 PM,35,11,1,1,11,2,4,22,1.0,227,22,30.26113576,-97.73646670000001,IH,35.0,233.452,IH0035,Y,N,2,FRI,8.0,20.0,3.0,8.0,11.0,158343.0,2018.0,10.4,,,,0,2,0,1,0,2,0,2015
14650948,N,09/18/2015,03:09 PM,-1,11,1,1,1,2,4,22,1.0,227,22,30.22292723,-97.74755134,IH,35.0,230.63,IH0035,Y,N,2,FRI,4.0,20.0,3.0,6.0,11.0,157370.0,2018.0,10.5,,,,0,1,0,2,1,1,0,2015
14650950,N,09/18/2015,05:34 PM,-1,11,1,1,9,2,1,34,1.0,227,22,30.43727954,-97.73587539,FM,734.0,7.61,FM0734,Y,N,2,FRI,8.0,20.0,36.0,6.0,14.0,49788.0,2018.0,3.9,,,,0,4,0,0,0,4,0,2015
14650951,N,09/18/2015,05:31 PM,-1,11,1,1,20,7,4,1,4.0,227,22,30.39123516,-97.73398573,SL,1.0,6.841,SL0001,Y,N,2,FRI,24.0,20.0,36.0,6.0,12.0,97149.0,2018.0,1.6,,,,0,1,0,0,0,1,0,2015
14650957,N,09/18/2015,06:21 PM,-1,11,1,1,20,2,4,22,1.0,227,22,30.2992901,-97.75820858,SL,1.0,13.401,SL0001,Y,N,2,FRI,12.0,20.0,60.0,6.0,12.0,150574.0,2018.0,1.2,1.0,171.0,2.0,0,1,0,5,0,1,0,2015
14651064,N,09/19/2015,03:07 PM,50,11,1,1,1,5,3,1,1.0,227,22,30.18811688,-97.77224121,IH,35.0,227.812,IH0035,Y,N,2,SAT,6.0,20.0,30.0,6.0,11.0,156852.0,2018.0,11.1,,,,0,1,0,1,0,1,0,2015
14651076,N,09/19/2015,06:23 PM,55,11,1,1,1,2,4,21,1.0,227,22,30.28480936,-97.66029511,FM,969.0,2.643,FM0969,Y,N,2,SAT,0.0,0.0,0.0,4.0,14.0,32176.0,2018.0,6.2,,,,0,2,0,1,0,2,0,2015
14651079,N,09/19/2015,10:24 PM,80,11,3,1,20,7,4,1,2.0,227,330,30.42760822,-97.58901207,SH,130.0,19.653,SH0130,Y,N,2,SAT,8.0,20.0,135.0,6.0,12.0,45033.0,2018.0,17.2,,,,0,1,0,1,0,1,0,2015
14651142,N,09/20/2015,06:21 PM,55,11,1,1,9,2,2,22,1.0,227,22,30.28563541,-97.66535937,US,183.0,323.551,US0183,Y,N,2,SUN,16.0,20.0,36.0,4.0,14.0,67460.0,2018.0,6.6,,,,0,2,0,4,0,2,0,2015
14651153,N,09/21/2015,06:16 AM,60,12,4,1,1,10,4,1,1.0,227,22,30.29469115,-97.71974417,IH,35.0,235.979,IH0035,Y,N,2,MON,8.0,20.0,24.0,8.0,11.0,202376.0,2018.0,9.3,,,,0,1,0,1,0,1,0,2015
14652265,N,09/17/2015,06:27 AM,70,11,4,1,20,2,4,20,1.0,227,372,30.47499695,-97.67226475,IH,35.0,249.172,IH0035,Y,N,2,THU,16.0,20.0,3.0,6.0,11.0,162734.0,2018.0,11.4,,,,0,1,1,2,0,2,0,2015
14652400,N,09/21/2015,04:20 PM,-1,11,1,1,1,7,4,1,5.0,227,22,,,US,183.0,,US0183,Y,N,2,MON,,,,,,,,,,,,0,1,0,0,0,1,0,2015
14652429,N,09/21/2015,06:11 PM,70,11,1,1,20,7,4,1,2.0,227,22,30.19657139,-97.76561290000001,IH,35.0,228.516,IH0035,Y,N,2,MON,24.0,24.0,42.0,6.0,11.0,170988.0,2018.0,10.7,,,,0,1,0,0,0,1,0,2015
14653945,N,09/12/2015,11:42 PM,55,12,4,1,8,2,1,10,1.0,227,330,30.424226899999997,-97.58812835,SH,130.0,19.892,SH0130,Y,N,2,SAT,8.0,20.0,135.0,6.0,12.0,45033.0,2018.0,17.2,,,,0,2,0,0,0,2,0,2015
14654173,N,08/03/2015,02:00 PM,55,11,1,1,20,2,4,30,1.0,227,538,30.30721148,-97.98229986,RM,3238.0,5.742000000000001,RM3238,Y,Y,2,MON,1.0,1.0,0.0,2.0,16.0,17316.0,2018.0,4.2,1.0,150.0,5.0,0,2,0,0,0,2,0,2015
14655390,N,08/30/2015,04:53 AM,45,11,4,1,11,7,2,1,2.0,227,22,30.38987462,-97.73434144,SL,1.0,6.937,SL0001,Y,N,4,SUN,24.0,20.0,36.0,6.0,12.0,97149.0,2018.0,1.6,,,,0,0,0,0,0,0,4,2015
14655578,N,09/16/2015,10:40 AM,-1,12,1,1,5,2,1,10,1.0,227,22,30.3346541,-97.60761567,US,290.0,131.145,US0290,Y,N,2,WED,20.0,20.0,3.0,6.0,12.0,34434.0,2018.0,8.4,,,,0,3,0,1,0,3,0,2015
14655582,N,09/17/2015,10:09 PM,35,11,4,1,1,5,4,1,1.0,227,22,30.24874884,-97.76894446,SL,343.0,2.313,SL0343,Y,N,1,THU,0.0,0.0,0.0,4.0,14.0,46479.0,2018.0,1.4,1.0,304.0,2.0,1,0,0,1,0,1,0,2015
14655585,N,09/17/2015,05:35 PM,65,11,1,1,20,2,4,21,1.0,227,22,30.23242262,-97.79331403,US,290.0,114.387,US0290,Y,N,1,THU,20.0,20.0,10.0,7.0,12.0,127013.0,2018.0,2.7,1.0,297.0,3.0,1,0,0,1,0,1,0,2015
14655996,N,09/22/2015,09:02 AM,50,11,1,1,10,2,4,22,1.0,227,9999,30.25344086,-97.60364994,FM,969.0,6.779,FM0969,Y,Y,2,TUE,0.0,0.0,0.0,2.0,17.0,22309.0,2018.0,6.4,,,,0,1,0,4,0,1,0,2015
14656257,N,09/08/2015,08:19 AM,50,11,1,1,11,10,4,1,2.0,227,895,30.50296553,-97.91930795,RM,1431.0,51.348,RM1431,Y,Y,2,TUE,3.0,3.0,0.0,4.0,6.0,20913.0,2018.0,3.8,1.0,154.0,0.0,0,1,0,0,0,1,0,2015
14657665,N,09/20/2015,07:59 PM,55,11,4,1,5,2,2,22,1.0,227,22,30.23603888,-97.68596343,US,183.0,327.616,US0183,Y,N,2,SUN,6.0,10.0,36.0,4.0,14.0,100483.0,2018.0,5.5,1.0,115.0,0.0,0,1,0,5,0,1,0,2015
14659365,Y,09/08/2015,08:40 AM,65,11,1,1,5,2,1,10,1.0,227,9999,30.18634344,-97.60949555,SH,71.0,132.923,SH0071,Y,Y,1,TUE,4.0,6.0,40.0,4.0,14.0,53382.0,2018.0,8.3,,,,1,0,0,4,0,1,0,2015
14659563,N,09/20/2015,12:58 PM,70,11,1,1,20,2,4,20,1.0,227,9999,30.45904692,-97.66722819,IH,35.0,248.035,IH0035,Y,Y,1,SUN,18.0,18.0,12.0,6.0,11.0,162734.0,2018.0,11.4,1.0,467.0,1.0,1,1,0,8,0,2,0,2015
14659619,N,09/25/2015,07:41 AM,55,11,1,1,5,2,4,30,1.0,227,9999,30.14978194,-97.69702799,FM,1625.0,0.009000000000000001,FM1625,Y,Y,2,FRI,4.0,4.0,0.0,2.0,17.0,6336.0,2018.0,8.6,1.0,40.0,17.0,0,1,0,4,0,1,0,2015
14659634,N,09/25/2015,11:54 AM,70,11,1,1,20,2,4,21,1.0,227,9999,30.460868199999997,-97.66780329,IH,35.0,248.165,IH0035,Y,Y,1,FRI,20.0,20.0,3.0,6.0,11.0,162734.0,2018.0,11.4,1.0,467.0,1.0,1,0,1,0,0,2,0,2015
14661283,N,09/27/2015,05:50 AM,80,11,3,1,20,7,2,1,4.0,227,9999,30.0928713,-97.67845357,SH,130.0,45.502,SH0130,Y,Y,1,SUN,12.0,20.0,160.0,4.0,12.0,26348.0,2018.0,22.1,,,,1,0,0,0,0,1,0,2015
14661293,N,09/25/2015,06:20 AM,65,11,3,1,20,1,4,1,1.0,227,1378,30.233256,-97.81590525,US,290.0,112.99,US0290,Y,Y,4,FRI,20.0,20.0,42.0,5.0,12.0,85803.0,2018.0,3.3,1.0,229.0,3.0,0,0,0,1,0,0,1,2015
14661516,N,09/25/2015,05:03 PM,60,2,1,2,1,2,4,20,1.0,227,9999,30.23400333,-97.90760637,US,290.0,107.298,US0290,Y,Y,1,FRI,0.0,4.0,0.0,4.0,14.0,44818.0,2018.0,2.8,1.0,290.0,2.0,1,0,0,2,0,1,0,2015
14662427,N,08/09/2015,07:36 PM,45,11,1,1,20,2,1,30,1.0,227,1016,30.33218217,-97.55988263,FM,973.0,18.374,FM0973,Y,N,2,SUN,6.0,6.0,0.0,2.0,16.0,10893.0,2018.0,7.1,,,,0,2,0,0,0,2,0,2015
14662428,N,08/08/2015,03:38 AM,50,11,4,1,1,7,2,1,2.0,227,1016,30.34881338,-97.55700329999999,US,290.0,134.33,US0290,Y,N,1,SAT,12.0,20.0,46.0,4.0,14.0,51848.0,2018.0,6.4,,,,1,0,0,0,0,1,0,2015
14663108,N,07/26/2015,12:35 PM,65,11,1,1,11,2,4,22,1.0,227,9999,30.18647968,-97.60783874,SH,71.0,133.02200000000002,SH0071,Y,Y,1,SUN,4.0,6.0,40.0,4.0,14.0,53382.0,2018.0,8.3,,,,2,0,0,5,0,2,0,2015
14663305,N,09/10/2015,11:25 PM,45,12,4,1,20,2,1,14,1.0,227,22,30.35448114,-97.70404981,SL,275.0,5.29,SL0275,Y,N,1,THU,0.0,0.0,0.0,4.0,14.0,37706.0,2018.0,1.2,,,,1,1,2,0,0,4,0,2015
14663307,Y,09/11/2015,02:28 AM,70,11,4,1,1,2,4,21,1.0,227,22,30.41511562,-97.67328728,IH,35.0,244.973,IH0035,Y,N,2,FRI,8.0,20.0,3.0,6.0,11.0,134367.0,2018.0,12.4,,,,0,1,0,2,0,1,0,2015
14663789,Y,09/14/2015,05:00 AM,55,11,4,1,1,2,4,20,1.0,227,22,30.34763547,-97.69476577,IH,35.0,239.963,IH0035,Y,N,4,MON,20.0,20.0,3.0,6.0,11.0,145168.0,2018.0,11.9,,,,0,1,0,2,0,1,1,2015
14663796,N,09/17/2015,06:47 AM,70,12,4,1,1,2,4,21,1.0,227,22,30.39829844,-97.67298743,IH,35.0,243.786,IH0035,Y,N,2,THU,8.0,20.0,3.0,6.0,11.0,159315.0,2018.0,11.5,1.0,438.0,1.0,0,1,0,7,1,1,0,2015
14663799,N,09/17/2015,02:38 PM,60,12,1,1,20,2,4,20,1.0,227,22,30.28843109,-97.72375263,IH,35.0,235.487,IH0035,Y,N,2,THU,8.0,20.0,24.0,8.0,11.0,202376.0,2018.0,9.3,,,,0,1,0,2,0,1,0,2015
14663800,N,09/17/2015,05:16 PM,60,12,1,1,20,2,3,20,1.0,227,22,30.31391691,-97.70818936,IH,35.0,237.473,IH0035,Y,N,2,THU,8.0,20.0,24.0,8.0,11.0,193850.0,2018.0,9.5,,,,0,1,1,4,0,2,0,2015
14663832,N,09/18/2015,07:20 AM,70,11,1,1,11,2,4,22,1.0,227,22,30.22577308,-97.76812249,US,290.0,115.999,US0290,Y,N,2,FRI,20.0,20.0,42.0,6.0,12.0,140123.0,2018.0,2.6,1.0,328.0,2.0,0,1,0,1,1,1,0,2015
14663845,N,09/19/2015,03:29 PM,-1,11,1,1,20,2,4,20,1.0,227,22,30.31131551,-97.6619533,US,183.0,321.75,US0183,Y,N,1,SAT,16.0,16.0,36.0,4.0,12.0,57843.0,2018.0,3.2,1.0,490.0,1.0,1,0,0,1,0,1,0,2015
14663846,N,09/19/2015,11:03 PM,70,11,3,1,20,7,4,1,4.0,227,22,30.19867415,-97.76391508,IH,35.0,228.692,IH0035,Y,N,2,SAT,24.0,24.0,42.0,6.0,11.0,148474.0,2018.0,11.3,,,,0,1,0,0,0,1,0,2015
14663863,N,09/21/2015,12:25 PM,65,11,1,1,20,2,4,22,1.0,227,22,30.22780806,-97.77902033,US,290.0,115.313,US0290,Y,N,2,MON,20.0,20.0,22.0,8.0,12.0,148990.0,2018.0,2.4,1.0,331.0,1.0,0,2,0,0,0,2,0,2015
14663869,Y,09/22/2015,08:27 AM,70,11,1,1,20,1,4,1,1.0,227,22,30.18927034,-97.77143114,IH,35.0,227.905,IH0035,Y,N,4,TUE,24.0,24.0,42.0,6.0,11.0,156852.0,2018.0,11.1,,,,0,0,0,1,0,0,1,2015
14663872,N,09/22/2015,11:10 AM,45,11,1,1,20,2,3,34,1.0,227,22,30.17402964,-97.82367876,FM,2304.0,2.035,FM2304,Y,N,2,TUE,13.0,14.0,0.0,4.0,14.0,34274.0,2018.0,3.5,1.0,119.0,2.0,0,1,0,3,0,1,0,2015
14663881,N,09/22/2015,03:56 PM,65,11,1,1,20,2,4,20,1.0,227,22,30.34420852,-97.70565668,US,183.0,318.1740000000001,US0183,Y,N,2,TUE,20.0,2.0,24.0,6.0,12.0,139965.0,2018.0,3.6,,,,0,1,0,2,0,1,0,2015
14663883,N,09/22/2015,05:26 PM,-1,11,1,1,1,2,3,10,1.0,227,22,30.44198864,-97.66590392,FM,1825.0,0.258,FM1825,Y,N,2,TUE,8.0,8.0,0.0,4.0,16.0,29814.0,2018.0,3.6,,,,0,1,0,1,0,1,0,2015
14663903,N,09/22/2015,09:36 PM,70,11,4,1,20,2,4,20,1.0,227,22,30.35055102,-97.69292005,IH,35.0,240.192,IH0035,Y,N,2,TUE,20.0,20.0,3.0,6.0,11.0,145168.0,2018.0,11.9,,,,0,2,0,0,0,2,0,2015
14663910,N,09/23/2015,10:56 AM,55,11,1,1,5,2,1,34,1.0,227,22,30.37164753,-97.78570892,SL,360.0,2.895,SL0360,Y,N,2,WED,8.0,20.0,48.0,4.0,14.0,54706.0,2018.0,2.6,,,,0,1,0,1,0,1,0,2015
14663917,N,09/23/2015,03:36 PM,50,11,1,1,1,2,2,22,1.0,227,22,30.34038667,-97.69935472,IH,35.0,239.395,IH0035,Y,N,2,WED,20.0,20.0,3.0,6.0,11.0,145168.0,2018.0,11.9,,,,0,1,0,5,0,1,0,2015
14663941,Y,09/23/2015,10:12 PM,70,11,4,1,20,2,4,20,1.0,227,22,30.11116771,-97.80760839,IH,35.0,222.086,IH0035,Y,N,2,WED,6.0,20.0,20.0,6.0,11.0,131087.0,2018.0,12.1,1.0,84.0,0.0,0,1,0,1,0,1,0,2015
14663946,N,09/24/2015,07:20 AM,45,11,1,1,5,1,2,1,1.0,227,22,30.32140479,-97.69587843,US,290.0,125.758,US0290,Y,N,1,THU,12.0,20.0,24.0,5.0,12.0,55306.0,2018.0,6.3,1.0,1034.0,0.0,1,1,0,0,0,2,0,2015
14663962,N,09/24/2015,03:35 PM,50,11,1,1,9,2,2,22,1.0,227,22,30.32545933,-97.67317436,US,183.0,320.523,US0183,Y,N,2,THU,16.0,20.0,70.0,4.0,12.0,55986.0,2018.0,7.2,,,,0,1,0,1,0,1,0,2015
14663966,N,09/24/2015,06:01 PM,55,11,1,1,1,2,3,14,1.0,227,22,30.247249100000005,-97.88883792,SH,71.0,114.391,SH0071,Y,N,2,THU,10.0,10.0,0.0,4.0,14.0,34138.0,2018.0,3.5,,,,0,2,0,0,0,2,0,2015
14663995,N,09/25/2015,07:27 AM,-1,11,1,1,11,2,3,34,1.0,227,22,30.17285775,-97.82411818,FM,2304.0,2.12,FM2304,Y,N,2,FRI,13.0,14.0,0.0,2.0,16.0,31291.0,2018.0,3.6,,,,0,1,0,1,0,1,0,2015
14664006,N,09/25/2015,03:32 PM,70,12,1,1,20,2,4,22,1.0,227,22,30.21773808,-97.69286744,SH,71.0,127.082,SH0071,Y,N,2,FRI,4.0,5.0,44.0,6.0,12.0,70740.0,2018.0,4.0,,,,0,1,0,2,0,1,0,2015
14664008,N,09/25/2015,04:31 PM,50,12,1,1,1,7,4,1,2.0,227,22,30.34895232,-97.69393212,IH,35.0,240.067,IH0035,Y,N,2,FRI,20.0,20.0,3.0,6.0,11.0,145168.0,2018.0,11.9,,,,0,1,0,0,0,1,0,2015
14664009,N,09/25/2015,05:55 PM,-1,12,1,1,1,2,1,12,1.0,227,22,30.38833229,-97.65082544,FM,734.0,14.01,FM0734,Y,N,2,FRI,11.0,0.0,55.0,4.0,14.0,39056.0,2018.0,4.1,,,,0,1,1,0,0,2,0,2015
14664014,N,09/25/2015,08:42 PM,70,11,4,2,20,2,4,20,1.0,227,22,30.17914377,-97.77815177,IH,35.0,227.101,IH0035,Y,N,2,FRI,6.0,20.0,30.0,6.0,11.0,156852.0,2018.0,11.1,,,,0,1,0,1,0,1,0,2015
14664035,N,09/26/2015,12:13 PM,65,11,1,1,20,2,4,21,1.0,227,22,30.34420714,-97.70565431,US,183.0,318.1740000000001,US0183,Y,N,1,SAT,20.0,2.0,24.0,6.0,12.0,139965.0,2018.0,3.6,,,,1,2,0,2,0,3,0,2015
14664036,N,09/26/2015,12:35 PM,50,11,1,10,5,7,2,3,2.0,227,22,30.28586249,-97.76398542,SL,1.0,14.398,SL0001,Y,N,1,SAT,12.0,20.0,60.0,6.0,12.0,145144.0,2018.0,1.2,,,,1,0,0,0,0,1,0,2015
14664049,N,09/26/2015,01:30 AM,55,11,4,1,20,7,4,1,2.0,227,22,30.32502371,-97.67260375,US,183.0,320.569,US0183,Y,N,2,SAT,16.0,20.0,70.0,4.0,12.0,55986.0,2018.0,7.2,,,,0,1,0,0,0,1,0,2015
14664050,N,09/27/2015,01:01 AM,-1,11,4,1,1,7,4,1,2.0,227,22,30.37675639,-97.72560255,FM,1325.0,7.899,FM1325,Y,N,2,SUN,0.0,0.0,0.0,5.0,14.0,43120.0,2018.0,1.5,,,,0,1,0,0,0,1,0,2015
14664051,N,09/27/2015,02:14 AM,55,11,4,1,5,2,1,10,1.0,227,22,30.38966905,-97.74511417,US,183.0,313.999,US0183,Y,N,2,SUN,20.0,20.0,36.0,6.0,12.0,137676.0,2018.0,2.0,,,,0,2,1,4,0,3,0,2015
14665232,N,09/24/2015,07:38 PM,50,11,4,1,5,2,1,34,1.0,227,250,30.34090717,-97.96863564,RM,620.0,2.846,RM0620,Y,N,2,THU,8.0,8.0,0.0,5.0,14.0,50317.0,2018.0,3.1,,,,0,2,1,0,0,3,0,2015
14665686,N,09/27/2015,03:31 AM,55,11,4,1,5,2,1,34,1.0,227,22,30.30262257,-97.66094239,US,183.0,322.3540000000001,US0183,Y,N,2,SUN,16.0,16.0,36.0,4.0,14.0,57843.0,2018.0,3.2,,,,0,1,0,0,1,1,0,2015
14665694,N,09/19/2015,09:50 PM,35,11,4,1,5,2,1,10,1.0,227,22,30.229991,-97.78824145,US,290.0,114.733,US0290,Y,N,2,SAT,20.0,20.0,22.0,8.0,12.0,148990.0,2018.0,2.4,,,,0,1,0,4,0,1,0,2015
14665788,N,09/28/2015,02:36 PM,50,11,1,1,5,7,2,1,2.0,227,22,30.28651097,-97.67044966,FM,969.0,2.027,FM0969,Y,N,2,MON,0.0,0.0,0.0,4.0,14.0,17992.0,2018.0,6.6,,,,0,1,0,1,0,1,0,2015