Crash_ID,Cmv_Involv_Fl,Crash_Date,Crash_Time,Crash_Speed_Limit,Wthr_Cond_ID,Light_Cond_ID,Surf_Cond_ID,Traffic_Cntl_ID,Harm_Evnt_ID,Intrsct_Relat_ID,FHE_Collsn_ID,Road_Relat_ID,Cnty_ID,City_ID,Latitude,Longitude,Hwy_Sys,Hwy_Nbr,Dfo,Street_Name,Onsys_Fl,Rural_Fl,Crash_Sev_ID,Day_of_Week,Shldr_Width_Left,Shldr_Width_Right,Median_Width,Nbr_Of_Lane,Func_Sys_ID,Adt_Curnt_Amt,Adt_Curnt_Year,Trk_Aadt_Pct,Curve_Type_ID,Curve_Lngth,Cd_Degr,Sus_Serious_Injry_Cnt,Nonincap_Injry_Cnt,Poss_Injry_Cnt,Non_Injry_Cnt,Unkn_Injry_Cnt,Tot_Injry_Cnt,Death_Cnt,Year
14719715,N,10/16/2015,11:10 PM,55,11,4,1,5,2,1,34,1.0,227,22,30.41673786,-97.84737853,RM,620.0,13.813,RM0620,Y,N,2,FRI,8.0,8.0,0.0,4.0,14.0,50802.0,2018.0,3.1,,,,0,1,0,1,0,1,0,2015
14719770,N,10/27/2015,12:48 PM,45,11,1,1,9,2,4,34,1.0,227,22,30.3714837,-97.7226943,US,183.0,315.899,US0183,Y,N,2,TUE,20.0,20.0,8.0,6.0,12.0,138365.0,2018.0,3.6,,,,0,1,0,1,1,1,0,2015
14719771,N,10/27/2015,12:49 PM,55,11,1,1,5,2,1,10,1.0,227,22,30.32556534,-97.67331696,US,183.0,320.512,US0183,Y,N,1,TUE,16.0,20.0,70.0,4.0,12.0,55986.0,2018.0,7.2,,,,1,0,0,1,0,1,0,2015
14719782,N,10/27/2015,08:42 AM,55,11,1,1,5,2,1,10,1.0,227,22,30.37690526,-97.67617257,IH,35.0,242.262,IH0035,Y,N,2,TUE,8.0,20.0,3.0,6.0,11.0,159315.0,2018.0,11.5,,,,0,3,0,0,0,3,0,2015
14719819,N,10/27/2015,07:53 PM,55,11,3,1,20,2,4,20,1.0,227,22,30.2916804,-97.66376219,US,183.0,323.125,US0183,Y,N,2,TUE,16.0,20.0,36.0,4.0,14.0,57843.0,2018.0,3.2,,,,0,1,0,2,0,1,0,2015
14719832,N,10/28/2015,07:31 AM,40,11,1,1,20,2,2,22,1.0,227,22,30.32104571,-97.71669185,SS,69.0,0.691,SS0069,Y,N,2,WED,0.0,0.0,10.0,4.0,14.0,19307.0,2018.0,2.3,,,,0,1,0,1,0,1,0,2015
14719833,N,10/28/2015,07:51 AM,55,11,1,1,5,2,2,22,1.0,227,22,30.29221474,-97.66362099,US,183.0,323.087,US0183,Y,N,2,WED,16.0,20.0,36.0,4.0,14.0,57843.0,2018.0,3.2,,,,0,1,1,2,0,2,0,2015
14719970,N,10/28/2015,08:06 AM,50,11,1,1,5,2,1,10,1.0,227,22,30.20087412,-97.86606184,SL,1.0,23.247,SL0001,Y,N,2,WED,12.0,20.0,325.0,4.0,12.0,45282.0,2018.0,1.7,,,,0,1,1,3,0,2,0,2015
14720107,N,10/18/2015,01:17 PM,55,11,1,1,5,10,2,1,1.0,227,9999,30.27540866,-97.91423374,SH,71.0,111.819,SH0071,Y,Y,1,SUN,5.0,5.0,0.0,4.0,14.0,50310.0,2018.0,3.1,,,,1,1,0,4,0,2,0,2015
14720115,N,10/22/2015,08:05 AM,55,2,1,2,20,2,4,30,1.0,227,9999,30.39050166,-97.88922646,RM,620.0,10.331,RM0620,Y,Y,1,THU,8.0,8.0,0.0,4.0,14.0,31858.0,2018.0,3.6,1.0,258.0,5.0,1,1,0,0,0,2,0,2015
14720129,N,09/28/2015,11:08 PM,70,11,4,1,5,2,1,34,1.0,227,9999,30.18634344,-97.60949555,SH,71.0,132.923,SH0071,Y,Y,2,MON,4.0,6.0,40.0,4.0,14.0,53382.0,2018.0,8.3,,,,0,2,0,0,1,2,0,2015
14720323,N,10/28/2015,07:21 AM,50,11,2,1,5,2,2,22,1.0,227,250,30.341989299999998,-97.96783545,RM,620.0,2.934,RM0620,Y,N,1,WED,8.0,8.0,0.0,5.0,14.0,50317.0,2018.0,3.1,,,,1,0,0,2,0,1,0,2015
14722251,Y,10/23/2015,04:52 PM,65,12,1,2,8,2,4,30,1.0,227,1016,30.35099149,-97.48851808,US,290.0,138.416,US0290,Y,N,4,FRI,12.0,20.0,68.0,4.0,2.0,44701.0,2018.0,6.9,,,,0,2,0,0,0,2,1,2015
14722423,N,10/10/2015,09:46 PM,60,12,4,1,20,10,2,1,1.0,227,22,30.23557547,-97.74010946,IH,35.0,231.607,IH0035,Y,N,4,SAT,4.0,20.0,3.0,6.0,11.0,150700.0,2018.0,10.7,,,,0,0,0,2,0,0,1,2015
14724977,N,10/30/2015,07:36 PM,-1,2,3,2,1,2,3,10,1.0,227,9999,30.25010873,-97.58883406,FM,969.0,7.706,FM0969,Y,Y,2,FRI,0.0,0.0,0.0,2.0,17.0,22309.0,2018.0,6.4,1.0,70.0,5.0,0,3,0,1,0,3,0,2015
14725080,N,10/12/2015,07:43 PM,55,11,4,1,5,2,1,34,1.0,227,9999,30.35240173,-97.59226227,SH,130.0,25.058000000000003,SH0130,Y,Y,2,MON,8.0,20.0,135.0,4.0,12.0,39424.0,2018.0,17.9,,,,0,2,0,3,0,2,0,2015
14725880,N,11/01/2015,12:39 AM,65,2,3,2,11,2,4,30,1.0,227,9999,30.43422501,-97.49557501,FM,973.0,9.799,FM0973,Y,Y,2,SUN,10.0,10.0,0.0,2.0,6.0,7068.0,2018.0,8.1,1.0,440.0,2.0,0,2,0,2,1,2,0,2015
14727055,N,08/16/2015,01:18 AM,75,11,4,1,20,2,4,20,1.0,227,330,30.48692459,-97.62290768,SH,45.0,13.77,SH0045,Y,N,2,SUN,14.0,16.0,100.0,6.0,12.0,23290.0,2018.0,6.4,1.0,1347.0,0.0,0,1,0,3,0,1,0,2015
14727173,N,09/18/2015,06:58 PM,50,11,1,1,5,2,1,10,1.0,227,330,30.44597243,-97.64824503,FM,1825.0,1.668,FM1825,Y,N,1,FRI,8.0,8.0,0.0,4.0,16.0,34141.0,2018.0,3.5,1.0,188.0,4.0,1,1,0,1,0,2,0,2015
14727286,N,06/28/2015,03:45 PM,45,11,1,1,5,2,1,34,1.0,227,330,30.45594504,-97.60209623,FM,685.0,6.454,FM0685,Y,N,2,SUN,4.0,4.0,14.0,4.0,16.0,29334.0,2018.0,4.3,1.0,54.0,1.0,0,1,0,6,0,1,0,2015
14727566,N,10/09/2015,07:49 AM,65,12,1,1,9,2,1,10,1.0,227,1016,30.34948798,-97.52998568,US,290.0,135.941,US0290,Y,N,2,FRI,12.0,20.0,68.0,4.0,14.0,44701.0,2018.0,6.9,,,,0,1,1,1,0,2,0,2015
14728133,N,05/11/2015,06:52 PM,45,12,1,1,11,1,4,1,1.0,227,22,30.27663588,-97.70019391,SL,111.0,0.466,SL0111,Y,N,1,MON,1.0,2.0,0.0,4.0,14.0,31328.0,2018.0,1.8,1.0,98.0,2.0,1,0,0,1,0,1,0,2015
14728155,N,08/30/2015,01:06 AM,30,11,4,1,1,7,4,1,2.0,227,22,30.37952616,-97.7379219,SL,1.0,7.682,SL0001,Y,N,2,SUN,20.0,20.0,36.0,5.0,12.0,97149.0,2018.0,1.6,,,,0,1,0,0,0,1,0,2015
14728156,N,09/10/2015,01:34 AM,35,12,4,2,1,7,2,1,2.0,227,22,30.25495724,-97.76217282,SL,343.0,2.912,SL0343,Y,N,2,THU,0.0,0.0,0.0,4.0,14.0,46479.0,2018.0,1.4,,,,0,1,0,1,0,1,0,2015
14728162,N,10/20/2015,10:29 PM,55,11,4,1,5,2,1,34,1.0,227,22,30.38708413,-97.64859242,FM,734.0,14.168,FM0734,Y,N,2,TUE,11.0,0.0,55.0,4.0,14.0,39056.0,2018.0,4.1,,,,0,1,0,5,0,1,0,2015
14728168,N,10/22/2015,02:37 PM,55,12,1,1,20,10,4,1,2.0,227,22,,,IH,35.0,,IH0035,Y,N,2,THU,,,,,,,,,,,,0,1,0,0,0,1,0,2015
14728230,N,10/26/2015,12:27 PM,60,12,1,1,20,2,4,20,1.0,227,22,30.27918343,-97.72959913,IH,35.0,234.761,IH0035,Y,N,2,MON,20.0,40.0,3.0,8.0,11.0,202376.0,2018.0,9.3,,,,0,1,0,1,0,1,0,2015
14728237,N,10/27/2015,03:01 PM,60,11,1,1,20,2,4,22,1.0,227,22,30.29384871,-97.72028401,IH,35.0,235.913,IH0035,Y,N,2,TUE,8.0,20.0,24.0,8.0,11.0,202376.0,2018.0,9.3,,,,0,1,1,2,0,2,0,2015
14728286,N,10/28/2015,12:55 PM,45,11,1,1,20,2,3,10,1.0,227,22,30.44173596,-97.66602457,FM,1825.0,0.239,FM1825,Y,N,2,WED,8.0,8.0,0.0,4.0,16.0,29814.0,2018.0,3.6,,,,0,1,0,4,0,1,0,2015
14728288,N,10/28/2015,02:06 PM,45,11,1,1,5,2,1,10,1.0,227,22,30.17364773,-97.82384283,FM,2304.0,2.063,FM2304,Y,N,2,WED,13.0,14.0,0.0,2.0,16.0,31291.0,2018.0,3.6,1.0,119.0,2.0,0,3,0,1,0,3,0,2015
14728292,N,10/28/2015,05:26 PM,60,11,1,1,20,2,4,20,1.0,227,22,30.22079465,-97.67336564,SH,71.0,128.361,SH0071,Y,N,2,WED,8.0,8.0,40.0,8.0,14.0,95090.0,2018.0,3.5,1.0,440.0,1.0,0,1,0,2,0,1,0,2015
14728298,N,10/28/2015,07:04 PM,-1,11,1,1,17,2,3,10,1.0,227,22,30.35334052,-97.7056094,SL,275.0,5.4110000000000005,SL0275,Y,N,2,WED,0.0,0.0,0.0,4.0,14.0,37706.0,2018.0,1.2,,,,0,1,0,1,0,1,0,2015
14728350,N,10/29/2015,06:39 AM,60,11,3,1,20,2,4,22,1.0,227,22,30.32859645,-97.81053336,SL,360.0,6.247999999999998,SL0360,Y,N,2,THU,8.0,20.0,60.0,4.0,14.0,53846.0,2018.0,2.7,,,,0,6,1,0,0,7,0,2015
14728373,N,10/29/2015,01:33 PM,40,11,1,1,5,2,1,10,1.0,227,22,30.27043897,-97.73289554,IH,35.0,234.127,IH0035,Y,N,2,THU,20.0,40.0,3.0,8.0,11.0,177389.0,2018.0,9.9,,,,0,1,0,2,0,1,0,2015
14728380,N,10/29/2015,05:15 PM,35,11,1,1,8,2,1,10,1.0,227,22,30.27898739,-97.70168344,SL,111.0,0.282,SL0111,Y,N,2,THU,1.0,2.0,0.0,4.0,14.0,31328.0,2018.0,1.8,,,,0,2,0,3,0,2,0,2015
14728442,N,10/30/2015,11:26 AM,70,2,1,2,20,7,4,1,4.0,227,22,30.20631926,-97.75762893,IH,35.0,229.33900000000003,IH0035,Y,N,2,FRI,24.0,24.0,42.0,6.0,11.0,148474.0,2018.0,11.3,,,,0,1,0,0,0,1,0,2015
14728481,N,10/30/2015,01:49 PM,70,2,1,2,20,7,4,1,4.0,227,22,30.19616642,-97.76593927,IH,35.0,228.482,IH0035,Y,N,2,FRI,24.0,24.0,42.0,6.0,11.0,170988.0,2018.0,10.7,,,,0,3,0,0,0,3,0,2015
14728482,N,10/30/2015,09:47 AM,65,2,1,3,20,7,4,1,4.0,227,22,30.34475371,-97.70659237,US,183.0,318.107,US0183,Y,N,2,FRI,13.0,13.0,8.0,5.0,12.0,139965.0,2018.0,3.6,,,,0,1,0,0,0,1,0,2015
14728542,N,11/01/2015,05:30 PM,50,11,1,1,20,5,2,1,1.0,227,22,30.38954926,-97.74504852,US,183.0,314.008,US0183,Y,N,1,SUN,20.0,20.0,36.0,6.0,12.0,137676.0,2018.0,2.0,,,,1,0,0,2,0,1,0,2015
14729189,N,10/23/2015,11:40 PM,55,2,3,2,12,7,4,1,2.0,227,9999,30.52278503,-98.05299333,RM,1431.0,39.345,RM1431,Y,Y,2,FRI,1.0,1.0,0.0,2.0,7.0,2156.0,2018.0,4.1,,,,0,1,0,0,0,1,0,2015
14729321,N,11/02/2015,04:54 PM,55,11,1,1,11,2,4,20,1.0,227,9999,30.26904595,-97.62709225,FM,969.0,4.965,FM0969,Y,Y,2,MON,0.0,0.0,0.0,4.0,14.0,20957.0,2018.0,6.4,1.0,71.0,8.0,0,2,0,0,0,2,0,2015
14730088,N,10/24/2015,12:38 PM,55,2,1,2,20,2,4,30,1.0,227,9999,30.28273185,-97.9167954,SH,71.0,111.285,SH0071,Y,Y,1,SAT,5.0,5.0,0.0,4.0,14.0,50310.0,2018.0,3.1,1.0,190.0,2.0,2,0,0,0,0,2,0,2015
14731246,N,11/03/2015,06:44 AM,60,5,3,2,1,2,4,22,1.0,227,9999,30.10774696,-97.62006563,FM,812.0,6.285,FM0812,Y,Y,2,TUE,10.0,10.0,0.0,2.0,6.0,13167.0,2018.0,7.0,,,,0,1,0,2,0,1,0,2015
14731333,Y,10/05/2015,11:03 PM,60,11,4,1,1,2,4,22,1.0,227,22,30.23434525,-97.74083173,IH,35.0,231.512,IH0035,Y,N,1,MON,4.0,20.0,3.0,6.0,11.0,150700.0,2018.0,10.7,,,,1,0,1,1,0,2,0,2015
14731334,N,10/10/2015,12:09 PM,50,11,1,1,20,7,2,1,4.0,227,22,30.40057351,-97.74584316,US,183.0,313.2340000000001,US0183,Y,N,1,SAT,20.0,20.0,36.0,6.0,12.0,137676.0,2018.0,2.0,1.0,270.0,1.0,1,0,0,0,1,1,0,2015
14731343,Y,10/23/2015,03:15 PM,55,2,1,2,1,2,4,22,1.0,227,22,30.41754665,-97.74657687,US,183.0,312.058,US0183,Y,N,2,FRI,20.0,20.0,36.0,6.0,12.0,137676.0,2018.0,2.0,1.0,323.0,3.0,0,1,0,1,0,1,0,2015
14731350,N,10/25/2015,12:44 PM,55,12,1,2,17,2,3,14,1.0,227,22,30.41828349,-97.84659997,RM,620.0,13.929,RM0620,Y,N,2,SUN,8.0,8.0,0.0,4.0,14.0,50802.0,2018.0,3.1,,,,0,1,1,0,0,2,0,2015
14731352,N,10/26/2015,01:50 PM,55,11,1,1,20,2,2,20,1.0,227,22,30.36457037,-97.7433171,SL,1.0,8.762,SL0001,Y,N,2,MON,12.0,20.0,36.0,6.0,12.0,149361.0,2018.0,1.2,1.0,207.0,1.0,0,1,0,1,0,1,0,2015
14731404,N,10/23/2015,08:19 PM,35,11,4,1,5,2,1,34,1.0,227,22,30.32592883,-97.72633812,RM,2222.0,10.772,RM2222,Y,N,2,FRI,0.0,0.0,14.0,4.0,14.0,34181.0,2018.0,3.5,1.0,120.0,0.0,0,1,0,1,0,1,0,2015
14731444,N,11/01/2015,10:32 AM,30,11,1,1,5,2,1,10,1.0,227,22,30.26122284,-97.73644257,IH,35.0,233.459,IH0035,Y,N,2,SUN,8.0,20.0,3.0,8.0,11.0,158343.0,2018.0,10.4,,,,0,1,1,1,0,2,0,2015
14731446,N,11/02/2015,06:14 AM,-1,5,3,1,11,2,2,13,1.0,227,22,30.36570012,-97.68334221,IH,35.0,241.38,IH0035,Y,N,1,MON,8.0,20.0,3.0,6.0,11.0,138459.0,2018.0,12.2,,,,1,0,0,2,0,1,0,2015
14735704,N,04/24/2015,01:24 PM,60,12,1,1,20,7,4,1,2.0,227,22,30.34394152,-97.58141083,US,290.0,132.835,US0290,Y,N,2,FRI,20.0,20.0,3.0,4.0,12.0,34434.0,2018.0,8.4,,,,0,1,0,0,0,1,0,2015
14735706,N,05/09/2015,06:15 PM,-1,12,1,1,5,2,1,10,1.0,227,22,30.31598605,-97.66311246,US,183.0,321.421,US0183,Y,N,2,SAT,16.0,16.0,70.0,4.0,12.0,57843.0,2018.0,3.2,,,,0,3,0,4,0,3,0,2015
14735708,N,05/19/2015,04:50 PM,-1,11,1,1,21,2,1,34,1.0,227,22,30.40045196,-97.74585505,US,183.0,313.242,US0183,Y,N,2,TUE,20.0,20.0,36.0,6.0,12.0,137676.0,2018.0,2.0,1.0,270.0,1.0,0,1,0,1,0,1,0,2015
14735717,N,08/06/2015,05:54 PM,-1,11,1,1,9,2,4,20,1.0,227,22,30.32973842,-97.68017128,US,183.0,320.011,US0183,Y,N,2,THU,12.0,20.0,70.0,4.0,12.0,65226.0,2018.0,6.6,1.0,308.0,0.0,0,1,0,1,0,1,0,2015
14735772,N,09/17/2015,05:20 PM,45,11,1,1,1,2,1,34,1.0,227,22,30.27356299,-97.69790834,SL,111.0,0.72,SL0111,Y,N,2,THU,1.0,2.0,0.0,4.0,14.0,31328.0,2018.0,1.8,,,,0,1,1,0,0,2,0,2015
14735790,N,10/14/2015,10:20 PM,55,11,3,1,21,2,1,10,1.0,227,22,30.18286075,-97.68758604,US,183.0,331.336,US0183,Y,N,2,WED,12.0,20.0,36.0,4.0,14.0,34458.0,2018.0,6.7,,,,0,1,0,1,0,1,0,2015
14735866,N,10/31/2015,03:46 AM,40,2,4,2,21,2,1,10,1.0,227,22,30.27043897,-97.73289554,IH,35.0,234.127,IH0035,Y,N,2,SAT,20.0,40.0,3.0,8.0,11.0,177389.0,2018.0,9.9,,,,0,1,0,2,0,1,0,2015
14735876,N,11/02/2015,03:03 PM,65,11,1,1,20,7,4,1,4.0,227,22,30.35743959,-97.70024646,SL,275.0,4.984,SL0275,Y,N,2,MON,0.0,0.0,0.0,4.0,14.0,37689.0,2018.0,1.2,1.0,112.0,0.0,0,1,0,0,1,1,0,2015
14735890,N,11/03/2015,12:04 AM,55,11,4,1,20,7,4,1,2.0,227,22,30.33303215,-97.61366608,US,290.0,130.768,US0290,Y,N,4,TUE,20.0,20.0,3.0,6.0,12.0,34434.0,2018.0,8.4,,,,0,3,0,0,0,3,1,2015
14735926,N,11/03/2015,04:00 PM,65,11,1,1,1,2,4,20,1.0,227,22,30.35169573,-97.71403475,US,183.0,317.407,US0183,Y,N,2,TUE,20.0,20.0,8.0,6.0,12.0,138247.0,2018.0,3.6,,,,0,1,1,0,0,2,0,2015
14735961,N,11/03/2015,02:48 PM,60,11,1,1,20,2,4,20,1.0,227,22,30.29571949,-97.71908359999999,IH,35.0,236.06,IH0035,Y,N,2,TUE,8.0,20.0,24.0,8.0,11.0,202376.0,2018.0,9.3,,,,0,4,0,5,0,4,0,2015
14736004,N,11/04/2015,04:35 PM,35,11,1,1,8,2,1,10,1.0,227,22,30.32921665,-97.72819096,RM,2222.0,10.511,RM2222,Y,N,2,WED,0.0,0.0,0.0,4.0,14.0,34181.0,2018.0,3.5,,,,0,1,0,1,0,1,0,2015
14737906,N,11/05/2015,07:55 AM,75,2,4,2,1,2,4,20,1.0,227,22,30.44113567,-97.69795522,SL,1.0,2.499,SL0001,Y,N,2,THU,20.0,20.0,36.0,6.0,12.0,64650.0,2018.0,2.0,,,,0,4,0,2,0,4,0,2015
14740631,N,11/06/2015,08:10 PM,50,2,4,2,5,2,1,34,1.0,227,250,30.34499797,-97.96567688,RM,620.0,3.178,RM0620,Y,N,2,FRI,8.0,8.0,0.0,4.0,14.0,50317.0,2018.0,3.1,,,,0,2,0,3,0,2,0,2015
14740826,N,11/05/2015,06:33 PM,50,11,3,1,5,2,4,20,1.0,227,250,30.35373794,-97.96176588,RM,620.0,3.827,RM0620,Y,N,2,THU,8.0,8.0,0.0,4.0,14.0,50317.0,2018.0,3.1,1.0,110.0,2.0,0,2,0,3,0,2,0,2015
14741291,N,10/21/2015,04:30 PM,50,11,1,1,8,2,1,10,1.0,227,538,30.30560678,-97.93276345,RM,2244.0,0.203,RM2244,Y,Y,2,WED,5.0,10.0,0.0,4.0,14.0,19573.0,2018.0,4.4,1.0,112.0,6.0,0,1,0,2,0,1,0,2015
14741709,N,11/08/2015,07:04 PM,60,11,4,1,5,2,2,22,1.0,227,22,30.23970524,-97.68812823,US,183.0,327.332,US0183,Y,N,2,SUN,6.0,10.0,36.0,4.0,14.0,97049.0,2018.0,5.6,1.0,408.0,4.0,0,2,0,10,0,2,0,2015
14742588,N,05/21/2015,08:51 PM,50,11,4,1,5,2,2,22,1.0,227,22,30.40795135,-97.67464447,IH,35.0,244.474,IH0035,Y,N,2,THU,8.0,20.0,3.0,6.0,11.0,134367.0,2018.0,12.4,1.0,411.0,1.0,0,2,0,2,0,2,0,2015
14742598,N,09/23/2015,01:09 AM,50,11,3,1,1,2,4,20,1.0,227,22,30.20350798,-97.64006726,SH,71.0,130.678,SH0071,Y,N,4,WED,0.0,0.0,180.0,6.0,14.0,60929.0,2018.0,4.2,,,,0,0,2,0,0,2,1,2015
14742604,N,10/09/2015,09:03 AM,-1,11,1,1,1,2,4,20,1.0,227,22,30.33933855,-97.7003678,US,183.0,318.637,US0183,Y,N,2,FRI,20.0,20.0,24.0,6.0,12.0,116357.0,2018.0,3.9,,,,0,2,0,1,0,2,0,2015
14742646,N,10/24/2015,11:23 PM,45,2,4,3,5,2,1,10,1.0,227,22,30.18593481,-97.81631823,FM,2304.0,1.106,FM2304,Y,N,2,SAT,13.0,14.0,0.0,4.0,14.0,35199.0,2018.0,3.5,,,,0,2,0,1,0,2,0,2015
14742647,N,10/26/2015,05:48 AM,55,11,4,1,5,2,2,22,1.0,227,22,30.38708413,-97.64859242,FM,734.0,14.168,FM0734,Y,N,2,MON,11.0,0.0,55.0,4.0,14.0,39056.0,2018.0,4.1,,,,0,1,0,0,1,1,0,2015
14742651,N,10/29/2015,01:27 AM,-1,11,4,1,6,2,2,22,1.0,227,22,30.22782144,-97.77928989,US,290.0,115.297,US0290,Y,N,2,THU,20.0,20.0,22.0,8.0,12.0,148990.0,2018.0,2.4,1.0,331.0,1.0,0,1,0,1,0,1,0,2015
14742666,N,11/02/2015,09:30 PM,55,11,3,1,20,2,4,22,1.0,227,22,30.39110681,-97.73401928,SL,1.0,6.85,SL0001,Y,N,2,MON,24.0,20.0,36.0,6.0,12.0,97149.0,2018.0,1.6,,,,0,2,0,1,0,2,0,2015
14742701,N,11/04/2015,02:00 PM,55,12,1,1,20,10,4,1,1.0,227,22,30.27106984,-97.66920281,US,183.0,324.578,US0183,Y,N,2,WED,18.0,16.0,36.0,4.0,14.0,67460.0,2018.0,6.6,,,,0,1,1,0,0,2,0,2015
14742709,N,11/05/2015,11:11 AM,65,12,1,1,20,2,4,21,1.0,227,22,30.38396771,-97.74231255,US,183.0,314.425,US0183,Y,N,2,THU,20.0,20.0,36.0,6.0,12.0,146786.0,2018.0,1.9,,,,0,1,0,5,0,1,0,2015
14742716,N,11/05/2015,06:35 PM,55,11,4,1,5,2,1,34,1.0,227,22,30.286331,-97.66940232,FM,969.0,2.091,FM0969,Y,N,2,THU,0.0,0.0,0.0,4.0,14.0,17992.0,2018.0,6.6,,,,0,3,0,0,0,3,0,2015
14742787,N,11/07/2015,04:45 AM,50,2,4,2,20,7,4,1,4.0,227,22,30.22666223,-97.68273396,US,183.0,328.2990000000001,US0183,Y,N,2,SAT,5.0,11.0,36.0,5.0,14.0,100483.0,2018.0,5.5,,,,0,3,0,0,0,3,0,2015
14742806,N,11/07/2015,08:44 AM,55,2,1,2,1,7,4,1,4.0,227,22,30.29540585,-97.71928418,IH,35.0,236.035,IH0035,Y,N,2,SAT,8.0,20.0,24.0,8.0,11.0,202376.0,2018.0,9.3,,,,0,1,0,0,0,1,0,2015
14742828,N,11/08/2015,03:37 AM,60,11,4,1,5,2,1,10,1.0,227,22,30.27598427,-97.66790917,US,183.0,324.232,US0183,Y,N,2,SUN,18.0,16.0,36.0,4.0,14.0,67460.0,2018.0,6.6,,,,0,2,0,4,0,2,0,2015
14742834,N,11/08/2015,11:10 AM,30,11,1,1,5,2,4,20,1.0,227,22,30.33929754,-97.70003643,IH,35.0,239.30900000000003,IH0035,Y,N,2,SUN,20.0,20.0,3.0,6.0,11.0,145168.0,2018.0,11.9,,,,0,1,0,0,1,1,0,2015
14742836,N,11/08/2015,01:05 PM,30,11,1,1,20,10,4,1,1.0,227,22,30.27668923,-97.76955606,SL,1.0,15.113,SL0001,Y,N,2,SUN,12.0,20.0,60.0,6.0,12.0,145144.0,2018.0,1.2,,,,0,1,0,0,0,1,0,2015
14742844,N,11/08/2015,04:34 PM,-1,11,1,1,5,2,1,10,1.0,227,22,30.26287642,-97.78960094,SL,1.0,16.68,SL0001,Y,N,2,SUN,10.0,16.0,60.0,7.0,12.0,153269.0,2018.0,1.2,,,,0,2,1,0,0,3,0,2015
14742846,N,11/08/2015,08:40 PM,-1,11,3,1,5,2,2,22,1.0,227,22,30.35246832,-97.79531786,SL,360.0,4.373,SL0360,Y,N,2,SUN,8.0,20.0,60.0,4.0,14.0,53846.0,2018.0,2.7,,,,0,1,0,1,0,1,0,2015
14742847,Y,11/08/2015,09:10 PM,55,12,4,1,20,2,4,20,1.0,227,22,30.28326505,-97.72711089,IH,35.0,235.079,IH0035,Y,N,2,SUN,20.0,40.0,3.0,8.0,11.0,202376.0,2018.0,9.3,,,,0,1,0,1,0,1,0,2015
14742858,N,11/09/2015,06:29 AM,60,11,1,1,20,2,4,22,1.0,227,22,30.19473792,-97.68466204,US,183.0,330.5,US0183,Y,N,2,MON,16.0,16.0,36.0,4.0,14.0,30598.0,2018.0,9.5,,,,0,2,0,4,0,2,0,2015
14742864,N,11/09/2015,08:48 AM,45,11,1,1,20,2,2,21,1.0,227,22,30.32213932,-97.70681369,IH,35.0,238.045,IH0035,Y,N,2,MON,8.0,20.0,24.0,8.0,11.0,199837.0,2018.0,9.4,,,,0,1,0,3,0,1,0,2015
14744767,N,10/11/2015,03:13 PM,65,11,1,1,20,2,4,22,1.0,227,22,30.12630456,-97.80147792,IH,35.0,223.189,IH0035,Y,N,2,SUN,6.0,20.0,40.0,6.0,11.0,135389.0,2018.0,11.8,1.0,103.0,0.0,0,1,0,4,0,1,0,2015
14744768,N,10/28/2015,09:27 PM,55,11,4,1,20,4,3,1,2.0,227,22,30.23895834,-97.73810826,IH,35.0,231.868,IH0035,Y,N,2,WED,4.0,20.0,3.0,6.0,11.0,150700.0,2018.0,10.7,,,,0,1,0,0,0,1,0,2015
14744777,N,11/08/2015,02:36 AM,-1,11,4,1,5,2,2,10,1.0,227,22,30.35806933,-97.68814856,IH,35.0,240.782,IH0035,Y,N,2,SUN,20.0,20.0,3.0,6.0,11.0,138459.0,2018.0,12.2,,,,0,2,0,1,0,2,0,2015
14744827,N,11/09/2015,08:53 PM,60,11,3,1,5,2,2,13,1.0,227,22,30.20222749,-97.63759283,SH,71.0,130.85,SH0071,Y,N,2,MON,0.0,0.0,250.0,6.0,14.0,53382.0,2018.0,8.3,,,,0,1,0,1,0,1,0,2015
14744830,Y,11/09/2015,09:39 AM,-1,11,1,1,20,2,2,22,1.0,227,22,30.3894342,-97.74499475,US,183.0,314.016,US0183,Y,N,2,MON,20.0,20.0,36.0,6.0,12.0,137676.0,2018.0,2.0,,,,0,1,0,1,0,1,0,2015
14744831,N,11/10/2015,06:25 AM,50,11,4,1,5,2,1,10,1.0,227,22,30.32212067,-97.70681763,IH,35.0,238.044,IH0035,Y,N,2,TUE,8.0,20.0,24.0,8.0,11.0,199837.0,2018.0,9.4,,,,0,2,1,2,0,3,0,2015
14746787,N,11/11/2015,01:06 PM,55,11,1,1,1,2,2,20,1.0,227,22,30.26294008,-97.73570188,IH,35.0,233.585,IH0035,Y,N,1,WED,8.0,20.0,3.0,8.0,11.0,158343.0,2018.0,10.4,1.0,248.0,2.0,1,0,0,1,0,1,0,2015
14747079,N,11/11/2015,01:43 PM,60,11,1,1,20,7,4,1,2.0,227,9999,30.08366683,-97.73524137,FM,1625.0,5.13,FM1625,Y,Y,2,WED,8.0,8.0,0.0,2.0,17.0,3819.0,2018.0,8.5,,,,0,1,0,0,0,1,0,2015
14747144,N,11/11/2015,06:07 PM,65,11,3,1,5,2,4,20,1.0,227,9999,30.35227431,-97.59198794,FM,734.0,18.461,FM0734,Y,Y,2,WED,4.0,4.0,66.0,4.0,14.0,22111.0,2018.0,4.8,,,,0,1,0,4,0,1,0,2015