Crash_ID,Cmv_Involv_Fl,Crash_Date,Crash_Time,Crash_Speed_Limit,Wthr_Cond_ID,Light_Cond_ID,Surf_Cond_ID,Traffic_Cntl_ID,Harm_Evnt_ID,Intrsct_Relat_ID,FHE_Collsn_ID,Road_Relat_ID,Cnty_ID,City_ID,Latitude,Longitude,Hwy_Sys,Hwy_Nbr,Dfo,Street_Name,Onsys_Fl,Rural_Fl,Crash_Sev_ID,Day_of_Week,Shldr_Width_Left,Shldr_Width_Right,Median_Width,Nbr_Of_Lane,Func_Sys_ID,Adt_Curnt_Amt,Adt_Curnt_Year,Trk_Aadt_Pct,Curve_Type_ID,Curve_Lngth,Cd_Degr,Sus_Serious_Injry_Cnt,Nonincap_Injry_Cnt,Poss_Injry_Cnt,Non_Injry_Cnt,Unkn_Injry_Cnt,Tot_Injry_Cnt,Death_Cnt,Year
14747769,N,11/08/2015,11:13 PM,45,11,4,1,20,2,2,20,1.0,227,22,30.37902993,-97.68800371,SL,275.0,3.33,SL0275,Y,N,4,SUN,0.0,2.0,0.0,4.0,14.0,30447.0,2018.0,1.8,,,,0,2,0,2,2,2,1,2015
14748198,N,11/11/2015,11:29 AM,55,11,1,1,11,7,4,1,2.0,227,9999,30.32633727,-97.60542767,FM,3177.0,0.782,FM3177,Y,Y,2,WED,1.0,1.0,0.0,4.0,17.0,11798.0,2018.0,6.1,,,,0,1,0,0,0,1,0,2015
14748430,N,11/05/2015,06:05 PM,55,12,5,1,20,2,4,20,1.0,227,22,30.42231267,-97.67193316,IH,35.0,245.475,IH0035,Y,N,2,THU,8.0,20.0,3.0,6.0,11.0,134367.0,2018.0,12.4,,,,0,1,1,0,0,2,0,2015
14748446,N,11/10/2015,10:31 AM,60,12,1,1,20,2,2,12,1.0,227,22,30.20651767,-97.64592878,SH,71.0,130.27200000000002,SH0071,Y,N,2,TUE,4.0,10.0,2.0,6.0,14.0,60929.0,2018.0,4.2,,,,0,2,0,2,0,2,0,2015
14748449,N,11/10/2015,11:53 AM,65,12,1,1,20,2,4,20,1.0,227,22,30.35818974,-97.71601292,US,183.0,316.945,US0183,Y,N,2,TUE,20.0,20.0,8.0,6.0,12.0,138247.0,2018.0,3.6,1.0,119.0,0.0,0,1,0,1,0,1,0,2015
14748453,N,11/10/2015,01:08 PM,40,12,1,1,20,2,3,13,1.0,227,22,30.24326776,-97.78280259,SL,343.0,1.382,SL0343,Y,N,2,TUE,0.0,0.0,0.0,4.0,14.0,36688.0,2018.0,1.5,,,,0,1,0,1,0,1,0,2015
14748471,N,11/10/2015,02:58 PM,55,12,1,1,20,2,1,34,1.0,227,22,30.26892976,-97.66975939,US,183.0,324.7290000000001,US0183,Y,N,1,TUE,18.0,16.0,36.0,4.0,14.0,67460.0,2018.0,6.6,,,,1,0,0,1,0,1,0,2015
14748478,N,11/10/2015,12:46 PM,70,12,1,1,1,2,4,21,1.0,227,22,30.39701411,-97.67236961,IH,35.0,243.69,IH0035,Y,N,2,TUE,8.0,20.0,3.0,6.0,11.0,159315.0,2018.0,11.5,1.0,438.0,1.0,0,2,1,4,0,3,0,2015
14748479,N,11/11/2015,12:58 AM,55,11,4,1,20,7,4,1,2.0,227,22,30.21245824,-97.70951506,SH,71.0,126.023,SH0071,Y,N,1,WED,20.0,20.0,44.0,8.0,12.0,70740.0,2018.0,4.0,1.0,284.0,2.0,1,1,0,0,0,2,0,2015
14748900,N,11/06/2015,02:17 PM,45,2,1,2,20,2,1,34,1.0,227,451,30.28969495,-97.81896706,RM,2244.0,8.267999999999999,RM2244,Y,Y,1,FRI,0.0,2.0,0.0,4.0,14.0,29306.0,2018.0,3.7,1.0,71.0,2.0,1,1,0,1,0,2,0,2015
14750969,N,11/10/2015,09:58 PM,60,11,4,1,5,2,2,22,1.0,227,22,30.23360864,-97.74126543,IH,35.0,231.455,IH0035,Y,N,2,TUE,4.0,20.0,3.0,6.0,11.0,150700.0,2018.0,10.7,,,,0,2,1,0,0,3,0,2015
14750974,N,11/11/2015,10:05 AM,35,11,1,1,5,2,2,22,1.0,227,22,30.23633685,-97.79261065,SL,343.0,0.627,SL0343,Y,N,2,WED,0.0,0.0,12.0,6.0,14.0,36688.0,2018.0,1.5,1.0,107.0,10.0,0,1,0,1,0,1,0,2015
14750975,N,11/12/2015,12:43 AM,45,11,4,1,21,2,1,10,1.0,227,22,30.16713221,-97.788529,SL,275.0,21.222,SL0275,Y,N,2,THU,0.0,0.0,0.0,4.0,14.0,17455.0,2018.0,1.8,,,,0,4,0,0,0,4,0,2015
14750981,N,11/12/2015,01:42 PM,50,11,1,1,1,2,4,22,1.0,227,22,30.23778868,-97.87877471,SH,71.0,115.289,SH0071,Y,N,2,THU,10.0,10.0,0.0,4.0,14.0,34138.0,2018.0,3.5,1.0,210.0,10.0,0,1,1,0,0,2,0,2015
14750986,N,11/12/2015,03:34 PM,-1,11,1,1,5,2,2,22,1.0,227,22,30.40663271,-97.85251540000002,RM,620.0,13.054,RM0620,Y,N,2,THU,8.0,8.0,0.0,4.0,14.0,50802.0,2018.0,3.1,,,,0,1,0,1,0,1,0,2015
14751007,N,11/12/2015,06:35 PM,45,12,4,1,20,2,1,34,1.0,227,22,30.17767515,-97.82157489,FM,2304.0,1.754,FM2304,Y,N,2,THU,13.0,14.0,0.0,4.0,14.0,34274.0,2018.0,3.5,,,,0,2,0,0,0,2,0,2015
14751016,N,11/13/2015,06:35 AM,-1,12,1,1,5,2,1,10,1.0,227,22,30.38348513,-97.72409409,FM,1325.0,7.428,FM1325,Y,N,2,FRI,0.0,0.0,0.0,4.0,14.0,43120.0,2018.0,1.5,,,,0,1,0,2,0,1,0,2015
14752291,N,11/11/2015,07:53 PM,50,11,3,1,8,2,1,14,1.0,227,330,30.44715755,-97.65255629,FM,1825.0,1.392,FM1825,Y,N,2,WED,8.0,8.0,0.0,4.0,16.0,34141.0,2018.0,3.5,,,,0,1,0,2,0,1,0,2015
14753437,N,11/15/2015,05:31 PM,-1,11,3,1,20,2,2,24,1.0,227,9999,30.10281598,-97.61176188,FM,812.0,6.907,FM0812,Y,Y,2,SUN,10.0,10.0,0.0,2.0,6.0,13167.0,2018.0,7.0,,,,0,2,1,1,0,3,0,2015
14753929,N,11/13/2015,07:00 PM,65,11,3,1,8,2,1,10,1.0,227,9999,30.41059061,-97.3753427,SH,95.0,47.15600000000001,SH0095,Y,Y,2,FRI,10.0,10.0,0.0,2.0,6.0,5112.0,2018.0,16.4,,,,0,1,0,2,0,1,0,2015
14754217,N,11/08/2015,09:46 AM,60,11,0,1,20,1,4,5,1.0,227,9999,30.16299598,-97.69038242,FM,812.0,0.172,FM0812,Y,Y,4,SUN,0.0,0.0,0.0,4.0,16.0,18286.0,2018.0,6.6,,,,0,0,0,0,1,0,2,2015
14754357,N,11/16/2015,06:55 AM,55,12,1,1,20,2,4,22,1.0,227,22,30.21007119,-97.68326864,US,183.0,329.441,US0183,Y,N,2,MON,16.0,16.0,36.0,4.0,14.0,43585.0,2018.0,7.8,,,,0,1,0,1,0,1,0,2015
14754447,N,11/14/2015,12:48 PM,45,12,1,1,5,2,2,22,1.0,227,9999,30.29553653,-97.82754993,RM,2244.0,7.606,RM2244,Y,Y,2,SAT,0.0,0.0,8.0,6.0,14.0,28681.0,2018.0,3.8,1.0,36.0,5.0,0,1,0,2,0,1,0,2015
14754941,N,11/04/2015,01:04 PM,35,11,1,1,5,1,2,3,1.0,227,22,30.26467601,-97.74906992,SL,343.0,4.254,SL0343,Y,N,1,WED,0.0,7.0,0.0,4.0,14.0,43724.0,2018.0,1.4,,,,1,0,0,1,0,1,0,2015
14754946,N,11/10/2015,06:51 PM,45,12,4,1,8,2,1,14,1.0,227,22,30.34119214,-97.77690077,RM,2222.0,7.2029999999999985,RM2222,Y,N,2,TUE,0.0,0.0,0.0,4.0,14.0,27256.0,2018.0,3.8,,,,0,1,1,1,0,2,0,2015
14755111,N,11/08/2015,02:19 AM,55,11,4,1,1,7,4,1,2.0,227,22,30.25375088,-97.73656373,IH,35.0,232.937,IH0035,Y,N,1,SUN,4.0,10.0,3.0,6.0,11.0,142856.0,2018.0,11.0,,,,1,0,0,0,0,1,0,2015
14755514,N,11/04/2015,02:00 PM,50,12,1,1,12,10,4,1,1.0,227,9999,30.142810200000003,-97.84292584,FM,1626.0,2.985,FM1626,Y,Y,4,WED,4.0,4.0,0.0,2.0,16.0,17762.0,2018.0,4.2,1.0,148.0,0.0,0,0,0,5,0,0,1,2015
14755687,N,11/16/2015,11:35 PM,70,2,3,2,1,2,2,22,1.0,227,9999,30.18524374,-97.54736287,SH,71.0,136.67700000000002,SH0071,Y,Y,2,MON,6.0,10.0,40.0,4.0,2.0,40580.0,2018.0,9.6,,,,0,1,0,0,3,1,0,2015
14757158,N,10/28/2015,05:15 PM,55,11,1,1,5,2,1,10,1.0,227,22,30.32556534,-97.67331696,US,183.0,320.512,US0183,Y,N,2,WED,16.0,20.0,70.0,4.0,12.0,55986.0,2018.0,7.2,,,,0,1,1,2,0,2,0,2015
14757172,N,11/08/2015,02:50 PM,60,11,1,1,1,2,4,22,1.0,227,22,30.30910526,-97.71060429,IH,35.0,237.111,IH0035,Y,N,2,SUN,8.0,20.0,24.0,8.0,11.0,193850.0,2018.0,9.5,,,,0,1,0,1,0,1,0,2015
14757212,N,11/09/2015,11:45 AM,55,11,1,1,5,2,2,23,1.0,227,22,30.4078358,-97.67824546,FM,734.0,11.607,FM0734,Y,N,2,MON,10.0,10.0,16.0,6.0,14.0,63366.0,2018.0,3.7,,,,0,2,0,1,1,2,0,2015
14757221,N,11/12/2015,07:18 AM,45,11,1,1,1,2,4,22,1.0,227,22,30.393284899999998,-97.72108402,FM,1325.0,6.73,FM1325,Y,N,2,THU,0.0,0.0,0.0,4.0,14.0,43120.0,2018.0,1.5,,,,0,2,1,0,0,3,0,2015
14757279,N,11/13/2015,09:50 PM,60,11,4,1,9,2,2,23,1.0,227,22,30.23360864,-97.74126543,IH,35.0,231.455,IH0035,Y,N,2,FRI,4.0,20.0,3.0,6.0,11.0,150700.0,2018.0,10.7,,,,0,1,0,0,1,1,0,2015
14757362,N,11/15/2015,08:47 PM,-1,12,4,1,15,1,2,3,1.0,227,22,30.37109931,-97.6924512,SL,275.0,3.937,SL0275,Y,N,2,SUN,0.0,2.0,0.0,4.0,14.0,37689.0,2018.0,1.2,,,,0,1,0,0,1,1,0,2015
14757364,N,11/15/2015,11:58 PM,-1,2,4,2,11,2,1,21,1.0,227,22,30.33655739,-97.75543213,RM,2222.0,8.722999999999999,RM2222,Y,N,2,SUN,0.0,0.0,14.0,4.0,14.0,32997.0,2018.0,3.5,,,,0,1,0,1,0,1,0,2015
14757370,N,11/16/2015,11:15 AM,-1,2,1,2,20,2,4,22,1.0,227,22,30.43763713,-97.83805099,RM,620.0,15.367,RM0620,Y,N,2,MON,8.0,8.0,0.0,4.0,14.0,50802.0,2018.0,3.1,,,,0,3,0,0,0,3,0,2015
14757415,N,11/16/2015,08:52 PM,45,2,3,2,1,2,4,21,1.0,227,22,30.23525472,-97.85682392,US,290.0,110.488,US0290,Y,N,2,MON,20.0,20.0,42.0,5.0,12.0,60621.0,2018.0,2.7,1.0,174.0,2.0,0,1,0,2,0,1,0,2015
14757423,N,11/17/2015,06:46 AM,55,2,4,3,5,2,1,10,1.0,227,22,30.407951300000004,-97.67464577,IH,35.0,244.474,IH0035,Y,N,2,TUE,8.0,20.0,3.0,6.0,11.0,134367.0,2018.0,12.4,1.0,411.0,1.0,0,2,0,2,0,2,0,2015
14757614,N,11/09/2015,12:21 AM,65,11,4,1,1,2,4,30,1.0,227,22,30.37350039,-97.72702255,US,183.0,315.607,US0183,Y,N,4,MON,20.0,20.0,8.0,6.0,12.0,138365.0,2018.0,3.6,,,,1,0,0,0,0,1,1,2015
14759282,N,11/06/2015,02:09 AM,55,11,4,1,20,7,4,1,2.0,227,22,30.21800744,-97.66792779,SH,71.0,128.738,SH0071,Y,N,4,FRI,10.0,14.0,40.0,7.0,12.0,95090.0,2018.0,3.5,,,,0,0,0,0,0,0,1,2015
14759300,N,11/07/2015,07:32 PM,40,11,4,1,8,2,1,10,1.0,227,22,30.17624415,-97.63681534,SH,130.0,38.777,SH0130,Y,N,2,SAT,12.0,20.0,135.0,4.0,12.0,31038.0,2018.0,20.5,,,,0,2,0,2,0,2,0,2015
14759307,N,11/12/2015,02:28 AM,45,11,4,1,5,2,1,20,1.0,227,22,30.32827237,-97.65942159999999,US,290.0,128.01,US0290,Y,N,1,THU,20.0,20.0,3.0,5.0,12.0,24503.0,2018.0,2.7,1.0,655.0,0.0,1,0,0,1,0,1,0,2015
14759341,N,11/14/2015,01:45 AM,45,11,4,1,5,2,1,10,1.0,227,22,30.20086639,-97.86606685,SL,1.0,23.248,SL0001,Y,N,4,SAT,12.0,20.0,325.0,4.0,12.0,45282.0,2018.0,1.7,,,,0,0,2,0,0,2,1,2015
14759343,N,11/14/2015,06:22 PM,-1,2,4,2,5,2,2,22,1.0,227,22,30.32140479,-97.69587843,US,290.0,125.758,US0290,Y,N,2,SAT,12.0,20.0,24.0,5.0,12.0,55306.0,2018.0,6.3,1.0,1034.0,0.0,0,1,0,6,0,1,0,2015
14759344,N,11/15/2015,07:14 PM,-1,11,4,1,1,1,4,1,1.0,227,22,30.30274481,-97.66092101,US,183.0,322.345,US0183,Y,N,2,SUN,16.0,16.0,36.0,4.0,14.0,57843.0,2018.0,3.2,1.0,293.0,0.0,0,1,0,1,0,1,0,2015
14759364,Y,11/17/2015,01:12 PM,60,12,1,1,5,2,1,10,1.0,227,22,30.34050179,-97.5911026,US,290.0,132.21,US0290,Y,N,1,TUE,20.0,20.0,3.0,5.0,12.0,34434.0,2018.0,8.4,,,,1,2,0,0,0,3,0,2015
14759365,N,11/17/2015,03:53 PM,70,11,1,1,20,2,4,20,1.0,227,22,30.18130203,-97.77673894,IH,35.0,227.272,IH0035,Y,N,2,TUE,6.0,20.0,30.0,6.0,11.0,156852.0,2018.0,11.1,,,,0,1,0,2,0,1,0,2015
14761942,N,11/18/2015,09:17 AM,-1,11,1,1,20,2,4,20,1.0,227,9999,30.26028266,-97.81407804,SL,360.0,11.673,SL0360,Y,Y,2,WED,8.0,20.0,60.0,4.0,14.0,55818.0,2018.0,2.6,,,,0,1,0,1,0,1,0,2015
14761946,N,11/18/2015,06:31 PM,60,11,4,1,20,2,2,22,1.0,227,22,30.21273908,-97.71505204,SH,71.0,125.69,SH0071,Y,N,2,WED,20.0,20.0,44.0,8.0,12.0,85342.0,2018.0,3.6,,,,0,3,0,3,0,3,0,2015
14761949,N,11/18/2015,09:26 PM,-1,11,6,1,1,2,4,21,1.0,227,22,30.30287995,-97.66089819,US,183.0,322.336,US0183,Y,N,2,WED,16.0,16.0,36.0,4.0,14.0,57843.0,2018.0,3.2,1.0,293.0,0.0,0,1,0,1,1,1,0,2015
14763464,N,11/19/2015,01:04 PM,80,11,1,1,20,7,4,1,2.0,227,9999,30.34459226,-97.57848100000001,US,290.0,133.015,US0290,Y,Y,2,THU,20.0,20.0,3.0,4.0,12.0,18975.0,2018.0,10.0,,,,0,1,0,0,0,1,0,2015
14763757,N,03/28/2015,03:27 PM,70,11,1,1,20,2,4,20,1.0,227,22,30.16976218,-97.78430577,IH,35.0,226.358,IH0035,Y,N,2,SAT,6.0,20.0,30.0,6.0,11.0,156852.0,2018.0,11.1,1.0,586.0,0.0,0,1,0,1,1,1,0,2015
14763792,N,11/04/2015,06:54 PM,-1,11,4,1,20,2,3,20,1.0,227,22,30.2794272,-97.64419068,FM,969.0,3.677,FM0969,Y,N,2,WED,0.0,0.0,0.0,4.0,14.0,32176.0,2018.0,6.2,,,,0,2,0,0,0,2,0,2015
14763863,N,11/14/2015,02:20 AM,65,11,4,1,5,2,1,10,1.0,227,22,30.42193227,-97.8450244,RM,620.0,14.197,RM0620,Y,N,2,SAT,8.0,8.0,0.0,4.0,14.0,50802.0,2018.0,3.1,,,,0,1,0,2,0,1,0,2015
14763864,N,11/15/2015,02:37 AM,-1,11,4,1,20,1,4,1,1.0,227,22,30.41777287,-97.70514849,SL,1.0,4.165,SL0001,Y,N,2,SUN,20.0,20.0,36.0,6.0,12.0,112974.0,2018.0,1.6,,,,0,1,0,1,0,1,0,2015
14763944,N,11/20/2015,08:27 AM,80,11,1,1,20,7,4,1,2.0,227,9999,30.08093446,-97.7250981,SH,45.0,48.021,SH0045,Y,Y,2,FRI,12.0,20.0,50.0,4.0,12.0,15510.0,2018.0,6.8,,,,0,1,0,2,0,1,0,2015
14764095,N,11/13/2015,11:50 AM,-1,11,1,1,20,2,4,20,1.0,227,22,30.33244111,-97.75565992,SL,1.0,11.111,SL0001,Y,N,2,FRI,12.0,20.0,100.0,6.0,12.0,157489.0,2018.0,1.1,,,,0,1,0,1,0,1,0,2015
14766170,N,11/22/2015,07:02 PM,55,11,3,1,1,2,4,22,1.0,227,9999,30.13014139,-97.64382871,FM,812.0,4.178,FM0812,Y,Y,2,SUN,10.0,10.0,0.0,2.0,6.0,15228.0,2018.0,6.8,1.0,119.0,5.0,0,1,0,3,0,1,0,2015
14766327,N,11/15/2015,07:26 PM,50,11,3,1,1,10,4,1,2.0,227,9999,30.25341458,-97.6035821,FM,969.0,6.783,FM0969,Y,Y,2,SUN,0.0,0.0,0.0,2.0,17.0,22309.0,2018.0,6.4,,,,0,1,0,0,0,1,0,2015
14766593,N,09/04/2015,09:52 PM,65,11,3,1,1,2,4,20,1.0,227,1016,30.35092616,-97.49072325,US,290.0,138.285,US0290,Y,N,2,FRI,12.0,20.0,68.0,4.0,2.0,44701.0,2018.0,6.9,,,,0,2,0,1,0,2,0,2015
14767642,N,11/02/2015,09:57 AM,45,11,1,1,5,2,1,10,1.0,227,22,30.21621427,-97.7440169,SH,71.0,123.943,SH0071,Y,N,1,MON,20.0,20.0,32.0,6.0,12.0,122565.0,2018.0,3.2,,,,1,2,0,1,0,3,0,2015
14767643,N,11/09/2015,02:06 AM,35,11,4,1,5,10,2,2,1.0,227,22,30.26670353,-97.73431686,IH,35.0,233.856,IH0035,Y,N,2,MON,20.0,40.0,3.0,8.0,11.0,177389.0,2018.0,9.9,,,,0,1,0,0,0,1,0,2015
14767655,N,11/15/2015,04:20 PM,-1,11,1,1,20,2,4,20,1.0,227,22,30.29975615,-97.71658868,IH,35.0,236.375,IH0035,Y,N,2,SUN,8.0,20.0,24.0,8.0,11.0,202376.0,2018.0,9.3,,,,0,1,1,4,0,2,0,2015
14767739,N,11/19/2015,07:57 PM,60,11,3,1,20,2,4,22,1.0,227,22,30.31612997,-97.8255577,SL,360.0,7.523,SL0360,Y,N,2,THU,8.0,20.0,60.0,4.0,14.0,54423.0,2018.0,2.6,1.0,467.0,3.0,0,1,0,2,0,1,0,2015
14767760,N,11/20/2015,11:32 AM,55,11,1,1,8,2,1,13,1.0,227,22,30.36551375,-97.7181475,US,183.0,316.426,US0183,Y,N,2,FRI,20.0,20.0,8.0,6.0,12.0,138365.0,2018.0,3.6,,,,0,1,0,2,0,1,0,2015
14767835,N,11/21/2015,11:11 AM,35,11,1,1,2,2,1,34,1.0,227,22,30.37952805,-97.73792267,US,183.0,314.834,US0183,Y,N,2,SAT,20.0,20.0,36.0,6.0,12.0,146786.0,2018.0,1.9,,,,0,2,0,1,0,2,0,2015
14767870,N,11/21/2015,01:47 PM,70,11,1,1,20,2,4,22,1.0,227,22,30.20640205,-97.75757443,IH,35.0,229.345,IH0035,Y,N,2,SAT,24.0,24.0,42.0,6.0,11.0,148474.0,2018.0,11.3,,,,0,1,1,0,0,2,0,2015
14767875,N,11/21/2015,06:07 PM,70,11,4,1,20,2,4,22,1.0,227,22,30.20667696,-97.75739346,IH,35.0,229.367,IH0035,Y,N,2,SAT,24.0,24.0,42.0,6.0,11.0,148474.0,2018.0,11.3,,,,0,2,0,2,2,2,0,2015
14767892,N,11/22/2015,02:02 PM,55,11,1,1,11,7,4,1,4.0,227,22,30.28595797,-97.763919,SL,1.0,14.39,SL0001,Y,N,2,SUN,12.0,20.0,60.0,6.0,12.0,145144.0,2018.0,1.2,,,,0,1,1,0,0,2,0,2015
14767940,N,11/22/2015,10:10 PM,55,11,3,1,11,7,4,1,2.0,227,22,,,SH,71.0,,SH0071,Y,N,2,SUN,,,,,,,,,,,,0,1,0,1,0,1,0,2015
14769011,N,11/24/2015,12:21 AM,55,11,4,1,20,7,4,1,2.0,227,9999,30.28842321,-97.57320568,FM,973.0,21.548,FM0973,Y,Y,2,TUE,6.0,6.0,0.0,2.0,16.0,10893.0,2018.0,7.1,1.0,287.0,4.0,0,1,0,1,0,1,0,2015
14770613,N,11/12/2015,10:25 AM,30,11,1,1,9,2,2,35,1.0,227,22,30.26663604,-97.75621998,SL,343.0,3.805,SL0343,Y,N,2,THU,0.0,7.0,0.0,4.0,14.0,43724.0,2018.0,1.4,,,,0,1,0,2,0,1,0,2015
14771355,N,11/22/2015,02:06 AM,60,11,4,1,20,2,4,20,1.0,227,22,30.30852007,-97.71098155,IH,35.0,237.064,IH0035,Y,N,2,SUN,8.0,20.0,24.0,8.0,11.0,196302.0,2018.0,9.5,,,,0,1,0,3,0,1,0,2015
14771356,N,11/22/2015,10:19 PM,-1,11,4,1,5,2,2,22,1.0,227,22,30.36732613,-97.69458574,SL,275.0,4.225,SL0275,Y,N,2,SUN,0.0,0.0,0.0,4.0,14.0,37689.0,2018.0,1.2,,,,0,1,0,2,0,1,0,2015
14771400,N,11/23/2015,05:03 PM,45,12,1,1,20,2,3,22,1.0,227,22,30.35910177,-97.69925909,SL,275.0,4.856,SL0275,Y,N,2,MON,0.0,0.0,0.0,4.0,14.0,37689.0,2018.0,1.2,,,,0,2,0,3,0,2,0,2015
14771410,N,11/23/2015,11:35 AM,60,11,1,1,20,2,4,20,1.0,227,22,30.23557547,-97.74010946,IH,35.0,231.607,IH0035,Y,N,2,MON,4.0,20.0,3.0,6.0,11.0,150700.0,2018.0,10.7,,,,0,2,0,1,0,2,0,2015
14771617,N,11/18/2015,06:12 PM,70,11,3,1,11,2,4,21,1.0,227,9999,30.18348013,-97.54258297,SH,71.0,136.989,SH0071,Y,Y,2,WED,6.0,10.0,40.0,4.0,2.0,40580.0,2018.0,9.6,1.0,384.0,1.0,0,2,0,0,0,2,0,2015
14772568,N,11/24/2015,09:23 PM,50,11,3,1,9,2,2,22,1.0,227,22,30.1986358,-97.76394664,IH,35.0,228.689,IH0035,Y,N,2,TUE,24.0,24.0,42.0,6.0,11.0,148474.0,2018.0,11.3,,,,0,1,0,4,0,1,0,2015
14772570,N,11/25/2015,07:12 AM,70,11,1,1,20,2,4,22,1.0,227,22,30.17663703,-97.77979273,IH,35.0,226.903,IH0035,Y,N,2,WED,6.0,20.0,30.0,6.0,11.0,156852.0,2018.0,11.1,,,,0,1,1,2,0,2,0,2015
14773482,N,11/18/2015,10:38 PM,55,11,3,1,20,7,4,1,2.0,227,9999,30.38204142,-97.94349823,RM,620.0,6.126,RM0620,Y,Y,2,WED,8.0,8.0,0.0,4.0,14.0,37016.0,2018.0,3.4,1.0,105.0,5.0,0,1,0,0,0,1,0,2015
14773812,N,11/26/2015,10:47 AM,65,2,1,2,11,10,4,1,2.0,227,9999,,,FM,973.0,,FM0973,Y,Y,2,THU,,,,,,,,,,,,0,1,0,0,0,1,0,2015
14774356,N,11/26/2015,11:05 PM,45,2,4,2,5,2,2,39,1.0,227,22,30.440112,-97.66855725,IH,35.0,246.715,IH0035,Y,N,1,THU,8.0,20.0,3.0,6.0,11.0,132719.0,2018.0,12.4,,,,1,0,0,7,0,1,0,2015
14774841,N,11/20/2015,04:59 PM,80,11,1,1,20,8,4,1,1.0,227,330,30.48201466,-97.58632426,SH,130.0,15.767,SH0130,Y,N,2,FRI,8.0,20.0,135.0,4.0,12.0,38706.0,2018.0,17.5,1.0,371.0,1.0,0,1,0,0,0,1,0,2015
14774850,N,11/20/2015,04:29 PM,45,11,1,1,5,2,1,34,1.0,227,330,30.43660355,-97.61391449,FM,685.0,7.957999999999998,FM0685,Y,N,2,FRI,1.0,1.0,0.0,4.0,16.0,29334.0,2018.0,4.3,,,,0,1,0,1,0,1,0,2015
14777848,N,11/25/2015,06:41 PM,50,11,3,1,20,1,4,1,1.0,227,538,30.30592869,-97.93818711,SH,71.0,109.125,SH0071,Y,Y,4,WED,2.0,10.0,0.0,4.0,14.0,50310.0,2018.0,3.1,,,,0,0,0,1,0,0,1,2015
14778697,N,11/18/2015,09:00 AM,65,11,1,1,20,2,4,20,1.0,227,22,30.34595596,-97.70888983,US,183.0,317.946,US0183,Y,N,2,WED,13.0,13.0,8.0,5.0,12.0,139965.0,2018.0,3.6,,,,0,3,0,0,0,3,0,2015
14778852,N,11/26/2015,03:03 PM,-1,12,1,2,5,1,4,1,1.0,227,22,30.29420905,-97.7200531,IH,35.0,235.941,IH0035,Y,N,1,THU,8.0,20.0,24.0,8.0,11.0,202376.0,2018.0,9.3,,,,1,0,0,2,0,1,0,2015
14778924,N,11/27/2015,02:54 AM,-1,12,4,2,21,2,2,22,1.0,227,22,30.23648023,-97.68621477,US,183.0,327.582,US0183,Y,N,2,FRI,6.0,10.0,36.0,4.0,14.0,100483.0,2018.0,5.5,1.0,115.0,0.0,0,2,1,4,0,3,0,2015
14778965,N,11/27/2015,01:44 PM,55,12,1,2,9,2,1,23,1.0,227,22,30.2201978,-97.83652978,SL,1.0,20.87,SL0001,Y,N,2,FRI,20.0,20.0,3.0,6.0,12.0,84322.0,2018.0,1.6,,,,0,1,0,1,0,1,0,2015
14779106,N,11/30/2015,07:43 AM,60,12,1,2,20,2,1,34,1.0,227,22,30.43729854,-97.73590239,FM,734.0,7.608,FM0734,Y,N,2,MON,8.0,20.0,36.0,6.0,14.0,49788.0,2018.0,3.9,,,,0,3,0,3,0,3,0,2015
14779108,N,11/30/2015,08:43 AM,45,12,1,1,20,2,3,10,1.0,227,22,30.26953008,-97.69668839,SL,111.0,1.007,SL0111,Y,N,2,MON,1.0,2.0,0.0,4.0,14.0,31328.0,2018.0,1.8,,,,0,1,0,1,0,1,0,2015
14782670,Y,11/20/2015,08:28 AM,50,11,1,1,1,2,3,22,1.0,227,22,30.28302536,-97.65379618,FM,969.0,3.052,FM0969,Y,N,2,FRI,0.0,0.0,0.0,4.0,14.0,32176.0,2018.0,6.2,,,,0,1,0,4,0,1,0,2015
14782671,N,11/21/2015,06:11 AM,30,12,6,2,20,1,4,1,1.0,227,22,30.26187361,-97.73897438,SL,343.0,4.886,SL0343,Y,N,1,SAT,10.0,10.0,0.0,4.0,14.0,30614.0,2018.0,1.8,,,,1,0,0,1,0,1,0,2015
14782726,N,11/17/2015,06:20 AM,45,12,4,2,5,1,2,3,1.0,227,22,30.371129999999997,-97.69243359,SL,275.0,3.934,SL0275,Y,N,2,TUE,0.0,2.0,0.0,4.0,14.0,37689.0,2018.0,1.2,,,,0,1,0,1,0,1,0,2015
14784193,N,11/25/2015,11:22 AM,50,12,1,1,5,2,1,34,1.0,227,1016,30.34886212,-97.55593759,US,290.0,134.393,US0290,Y,N,2,WED,12.0,20.0,46.0,4.0,14.0,51848.0,2018.0,6.4,1.0,250.0,1.0,0,2,0,0,0,2,0,2015
14784632,N,12/01/2015,06:39 AM,55,12,4,1,5,2,1,34,1.0,227,9999,30.257085800000002,-97.61183167,FM,969.0,6.225,FM0969,Y,Y,2,TUE,6.0,6.0,15.0,3.0,14.0,22309.0,2018.0,6.4,,,,0,1,0,2,0,1,0,2015
14784645,N,11/18/2015,03:16 PM,65,11,1,1,1,7,4,1,4.0,227,22,,,IH,35.0,,IH0035,Y,N,2,WED,,,,,,,,,,,,0,1,0,0,0,1,0,2015