Crash_ID,Cmv_Involv_Fl,Crash_Date,Crash_Time,Crash_Speed_Limit,Wthr_Cond_ID,Light_Cond_ID,Surf_Cond_ID,Traffic_Cntl_ID,Harm_Evnt_ID,Intrsct_Relat_ID,FHE_Collsn_ID,Road_Relat_ID,Cnty_ID,City_ID,Latitude,Longitude,Hwy_Sys,Hwy_Nbr,Dfo,Street_Name,Onsys_Fl,Rural_Fl,Crash_Sev_ID,Day_of_Week,Shldr_Width_Left,Shldr_Width_Right,Median_Width,Nbr_Of_Lane,Func_Sys_ID,Adt_Curnt_Amt,Adt_Curnt_Year,Trk_Aadt_Pct,Curve_Type_ID,Curve_Lngth,Cd_Degr,Sus_Serious_Injry_Cnt,Nonincap_Injry_Cnt,Poss_Injry_Cnt,Non_Injry_Cnt,Unkn_Injry_Cnt,Tot_Injry_Cnt,Death_Cnt,Year
14816423,N,12/17/2015,01:16 AM,-1,11,4,1,20,7,4,1,2.0,227,22,30.34427798,-97.69689127,IH,35.0,239.7,IH0035,Y,N,2,THU,20.0,20.0,3.0,6.0,11.0,145168.0,2018.0,11.9,,,,0,1,0,1,0,1,0,2015
14816435,N,12/17/2015,10:02 AM,45,11,1,1,5,2,1,10,1.0,227,22,30.36319328,-97.71752846,US,183.0,316.589,US0183,Y,N,2,THU,20.0,20.0,8.0,6.0,12.0,138247.0,2018.0,3.6,1.0,131.0,3.0,0,1,0,1,0,1,0,2015
14816458,N,12/17/2015,02:06 PM,55,11,1,1,5,2,2,22,1.0,227,22,30.33653059,-97.75543355,SL,1.0,10.829,SL0001,Y,N,2,THU,12.0,20.0,100.0,6.0,12.0,148872.0,2018.0,1.2,1.0,218.0,2.0,0,1,0,1,0,1,0,2015
14816478,N,12/17/2015,03:46 PM,50,11,1,1,20,2,4,22,1.0,227,22,30.27186318,-97.63307898,FM,969.0,4.556,FM0969,Y,N,2,THU,0.0,0.0,0.0,4.0,14.0,20957.0,2018.0,6.4,1.0,71.0,8.0,0,1,0,2,0,1,0,2015
14816520,N,12/18/2015,12:56 PM,45,11,1,1,11,7,2,1,4.0,227,22,30.32094777,-97.7107223,SS,69.0,1.062,SS0069,Y,N,2,FRI,4.0,10.0,22.0,3.0,12.0,19307.0,2018.0,2.3,,,,0,1,0,0,0,1,0,2015
14817046,N,12/18/2015,12:10 PM,65,11,1,1,5,2,1,34,1.0,227,9999,30.35240173,-97.59226227,SH,130.0,25.058000000000003,SH0130,Y,Y,1,FRI,8.0,20.0,135.0,4.0,12.0,39424.0,2018.0,17.9,,,,1,1,0,3,0,2,0,2015
14819294,N,12/05/2015,10:58 AM,45,11,1,1,8,2,1,14,1.0,227,1016,,,FM,973.0,,FM0973,Y,N,2,SAT,,,,,,,,,,,,0,1,0,2,0,1,0,2015
14819844,N,12/07/2015,10:56 AM,40,11,1,1,15,1,2,1,1.0,227,22,30.2469369,-97.77717456,SL,343.0,1.804,SL0343,Y,N,2,MON,0.0,0.0,0.0,4.0,14.0,36688.0,2018.0,1.5,1.0,199.0,3.0,0,1,0,1,0,1,0,2015
14819908,N,12/18/2015,03:00 PM,-1,11,1,1,1,2,4,20,1.0,227,22,30.24678711,-97.73507686,IH,35.0,232.45,IH0035,Y,N,2,FRI,4.0,10.0,3.0,6.0,11.0,150700.0,2018.0,10.7,,,,0,3,0,0,1,3,0,2015
14819909,N,12/18/2015,04:19 PM,-1,11,1,1,20,2,1,10,1.0,227,22,30.26212588,-97.75806953,SL,343.0,3.474,SL0343,Y,N,2,FRI,0.0,0.0,22.0,6.0,14.0,46479.0,2018.0,1.4,,,,0,3,0,2,0,3,0,2015
14819947,N,12/19/2015,01:17 PM,60,11,1,1,11,2,4,21,1.0,227,22,30.20973392,-97.65226044,SH,71.0,129.834,SH0071,Y,N,2,SAT,4.0,10.0,2.0,6.0,14.0,66025.0,2018.0,4.1,,,,0,1,0,5,0,1,0,2015
14820005,N,12/20/2015,01:09 AM,45,11,4,1,20,7,4,1,2.0,227,22,30.27177183,-97.69736537,SL,111.0,0.847,SL0111,Y,N,2,SUN,1.0,2.0,0.0,4.0,14.0,31328.0,2018.0,1.8,,,,0,1,1,0,0,2,0,2015
14820024,N,12/20/2015,04:41 PM,55,11,1,1,20,2,1,24,1.0,227,22,30.20507466,-97.68326459,US,183.0,329.784,US0183,Y,N,2,SUN,16.0,16.0,36.0,4.0,14.0,43585.0,2018.0,7.8,,,,0,2,0,4,0,2,0,2015
14820805,N,12/21/2015,12:56 PM,55,11,1,1,5,5,2,1,1.0,227,9999,30.448686600000002,-97.66159821,FM,1825.0,0.785,FM1825,Y,Y,2,MON,8.0,8.0,0.0,4.0,16.0,34141.0,2018.0,3.5,1.0,102.0,4.0,0,1,0,1,0,1,0,2015
14823233,N,12/20/2015,03:34 AM,-1,11,4,1,5,7,4,1,2.0,227,22,30.35765768,-97.70008012,SL,275.0,4.966,SL0275,Y,N,1,SUN,0.0,0.0,0.0,4.0,14.0,37689.0,2018.0,1.2,,,,2,0,0,0,0,2,0,2015
14823236,N,12/21/2015,07:02 AM,55,12,1,2,20,2,1,15,1.0,227,22,30.20321274,-97.63948059,SH,71.0,130.719,SH0071,Y,N,1,MON,0.0,0.0,180.0,6.0,14.0,53382.0,2018.0,8.3,,,,2,0,0,0,0,2,0,2015
14823248,N,12/21/2015,12:07 PM,60,12,1,1,20,2,4,22,1.0,227,22,30.28299107,-97.72728712,IH,35.0,235.057,IH0035,Y,N,2,MON,20.0,40.0,3.0,8.0,11.0,202376.0,2018.0,9.3,1.0,45.0,5.0,0,2,0,4,0,2,0,2015
14823259,N,12/21/2015,02:58 PM,50,11,1,1,20,2,4,22,1.0,227,22,30.18910723,-97.77155609,IH,35.0,227.891,IH0035,Y,N,1,MON,24.0,24.0,42.0,6.0,11.0,156852.0,2018.0,11.1,,,,1,0,0,1,0,1,0,2015
14823261,N,12/21/2015,05:20 PM,50,11,1,1,20,2,4,20,1.0,227,22,30.2209284,-97.76020998,US,290.0,116.577,US0290,Y,N,2,MON,20.0,20.0,42.0,6.0,12.0,140123.0,2018.0,2.6,1.0,171.0,1.0,0,1,0,1,0,1,0,2015
14823316,N,12/21/2015,09:27 PM,55,11,4,1,5,2,1,34,1.0,227,22,30.30260724,-97.66094526,US,183.0,322.355,US0183,Y,N,1,MON,16.0,16.0,36.0,4.0,14.0,57843.0,2018.0,3.2,,,,1,0,2,0,0,3,0,2015
14823322,N,12/22/2015,02:20 AM,60,11,3,1,20,7,4,1,2.0,227,22,30.22270561,-97.67820145,SH,71.0,128.043,SH0071,Y,N,1,TUE,8.0,8.0,40.0,8.0,12.0,95090.0,2018.0,3.5,,,,2,0,1,0,0,3,0,2015
14823357,N,12/07/2015,12:35 AM,75,11,4,1,20,4,4,1,3.0,227,9999,30.46196428,-97.6681494,IH,35.0,248.243,IH0035,Y,Y,4,MON,20.0,20.0,3.0,6.0,11.0,162734.0,2018.0,11.4,1.0,467.0,1.0,0,0,0,0,0,0,1,2015
14824047,N,12/22/2015,06:27 PM,45,11,3,1,1,2,1,34,1.0,227,22,30.17624415,-97.63681534,SH,130.0,38.777,SH0130,Y,N,2,TUE,12.0,20.0,135.0,4.0,12.0,31038.0,2018.0,20.5,,,,0,2,0,0,0,2,0,2015
14825497,N,11/18/2015,03:33 PM,45,11,1,1,20,2,3,17,2.0,227,22,30.17436232,-97.82353339,FM,2304.0,2.011,FM2304,Y,N,2,WED,13.0,14.0,0.0,4.0,14.0,34274.0,2018.0,3.5,1.0,119.0,2.0,0,1,0,1,0,1,0,2015
14825727,N,12/21/2015,04:43 PM,55,11,1,1,5,2,2,22,1.0,227,22,,,SH,290.0,,SH0290,Y,N,2,MON,,,,,,,,,,,,0,2,0,1,0,2,0,2015
14825729,N,12/21/2015,12:52 PM,45,11,1,1,5,2,1,10,1.0,227,22,30.32556534,-97.67331696,US,183.0,320.512,US0183,Y,N,2,MON,16.0,20.0,70.0,4.0,12.0,55986.0,2018.0,7.2,,,,0,1,0,1,0,1,0,2015
14825730,N,12/21/2015,01:55 PM,65,11,1,1,20,2,4,22,1.0,227,22,30.24336515,-97.80995943,SL,1.0,18.556,SL0001,Y,N,2,MON,12.0,20.0,500.0,6.0,12.0,83195.0,2018.0,1.6,1.0,308.0,3.0,0,1,0,1,0,1,0,2015
14825736,N,12/22/2015,02:07 PM,55,11,1,1,11,2,4,20,1.0,227,22,30.34330311,-97.75233157,SL,1.0,10.327,SL0001,Y,N,2,TUE,12.0,20.0,100.0,6.0,12.0,148872.0,2018.0,1.2,,,,0,2,0,1,0,2,0,2015
14825777,N,12/22/2015,06:29 PM,-1,11,3,1,20,2,4,22,1.0,227,22,30.37400183,-97.72806786,US,183.0,315.535,US0183,Y,N,2,TUE,20.0,20.0,8.0,6.0,12.0,138365.0,2018.0,3.6,,,,0,1,0,0,1,1,0,2015
14826601,N,12/15/2015,04:18 PM,40,11,1,1,5,2,2,20,1.0,227,9999,30.14059976,-97.82776189,FM,1626.0,2.037,FM1626,Y,Y,2,TUE,1.0,1.0,0.0,2.0,16.0,20414.0,2018.0,3.9,,,,0,2,0,0,0,2,0,2015
14827800,N,12/22/2015,05:20 PM,45,11,1,1,11,2,3,10,1.0,227,22,30.44789825,-97.66220890000001,FM,1825.0,0.72,FM1825,Y,N,2,TUE,8.0,8.0,0.0,4.0,16.0,34141.0,2018.0,3.5,1.0,102.0,4.0,0,1,4,0,0,5,0,2015
14828003,N,12/23/2015,01:37 PM,55,11,1,1,9,2,2,13,1.0,227,9999,30.19339974,-97.92433422,RM,1826.0,3.574,RM1826,Y,Y,2,WED,3.0,3.0,0.0,2.0,16.0,15562.0,2018.0,4.5,,,,0,2,1,1,0,3,0,2015
14828532,N,12/26/2015,09:03 AM,65,12,1,1,20,10,2,1,2.0,227,138,30.35192463,-97.43379689,US,290.0,141.68,US0290,Y,N,2,SAT,8.0,20.0,68.0,4.0,14.0,30629.0,2018.0,8.5,,,,0,3,0,0,0,3,0,2015
14828555,N,12/22/2015,03:48 PM,65,11,1,1,1,10,4,1,4.0,227,1378,,,US,290.0,,US0290,Y,Y,2,TUE,,,,,,,,,,,,0,1,0,0,0,1,0,2015
14828669,N,12/23/2015,03:10 PM,50,11,1,1,5,2,4,20,1.0,227,330,30.45909828,-97.60009175,FM,685.0,6.206,FM0685,Y,N,2,WED,4.0,4.0,14.0,4.0,16.0,29334.0,2018.0,4.3,,,,0,2,0,4,0,2,0,2015
14828748,N,12/23/2015,12:06 PM,50,11,1,1,5,2,4,20,1.0,227,330,30.446295399999997,-97.64622745,FM,1825.0,1.79,FM1825,Y,N,2,WED,8.0,8.0,0.0,4.0,16.0,34141.0,2018.0,3.5,,,,0,1,0,1,0,1,0,2015
14828759,N,12/15/2015,06:44 PM,50,11,4,1,20,2,2,22,1.0,227,330,30.46237446,-97.59797784,FM,685.0,5.948,FM0685,Y,N,2,TUE,4.0,4.0,14.0,4.0,16.0,29334.0,2018.0,4.3,,,,0,1,0,1,0,1,0,2015
14828902,N,12/20/2015,10:01 PM,-1,11,3,1,5,2,1,34,1.0,227,9999,30.35240173,-97.59226227,SH,130.0,25.058000000000003,SH0130,Y,Y,2,SUN,8.0,20.0,135.0,4.0,12.0,39424.0,2018.0,17.9,,,,0,2,0,6,0,2,0,2015
14829885,N,12/24/2015,08:26 PM,55,11,3,1,20,10,4,1,4.0,227,330,30.43054297,-97.58977392,SH,130.0,19.447,SH0130,Y,N,2,THU,8.0,20.0,135.0,6.0,12.0,45033.0,2018.0,17.2,,,,0,1,0,0,0,1,0,2015
14831289,Y,12/23/2015,10:46 AM,50,11,1,1,5,2,1,10,1.0,227,22,30.21524705,-97.73492728,SH,71.0,124.49,SH0071,Y,N,2,WED,20.0,20.0,44.0,8.0,12.0,85342.0,2018.0,3.6,,,,0,1,0,1,0,1,0,2015
14831359,N,12/24/2015,04:14 PM,40,11,1,1,20,2,4,22,1.0,227,22,30.35539669,-97.70280442,SL,275.0,5.192,SL0275,Y,N,2,THU,0.0,0.0,0.0,4.0,14.0,37706.0,2018.0,1.2,,,,0,1,0,2,0,1,0,2015
14831399,N,12/24/2015,05:41 PM,-1,11,5,1,5,2,1,21,1.0,227,22,30.37604828,-97.63177585,FM,734.0,15.431,FM0734,Y,N,2,THU,10.0,6.0,59.0,4.0,14.0,31624.0,2018.0,4.3,,,,0,4,0,1,0,4,0,2015
14831418,N,12/25/2015,08:43 PM,65,11,4,1,21,2,1,10,1.0,227,22,30.34050179,-97.5911026,US,290.0,132.21,US0290,Y,N,2,FRI,20.0,20.0,3.0,5.0,12.0,34434.0,2018.0,8.4,,,,0,1,2,3,0,3,0,2015
14831453,N,12/26/2015,10:28 AM,-1,12,1,1,9,2,1,34,1.0,227,22,30.20807037,-97.86106271,SL,1.0,22.669,SL0001,Y,N,2,SAT,12.0,20.0,36.0,4.0,12.0,69394.0,2018.0,1.9,1.0,569.0,0.0,0,4,2,1,0,6,0,2015
14831455,N,12/26/2015,06:28 PM,-1,2,4,2,17,2,1,14,1.0,227,22,30.36856269,-97.61329002,FM,734.0,16.66,FM0734,Y,N,1,SAT,10.0,6.0,66.0,4.0,14.0,22111.0,2018.0,4.8,,,,1,0,1,2,0,2,0,2015
14831474,N,12/27/2015,10:37 AM,40,2,1,2,20,2,3,20,1.0,227,22,30.23633685,-97.79261066,SL,343.0,0.627,SL0343,Y,N,2,SUN,0.0,0.0,12.0,6.0,14.0,36688.0,2018.0,1.5,1.0,107.0,10.0,0,1,1,0,0,2,0,2015
14831475,N,12/27/2015,11:45 AM,55,2,1,2,6,2,1,10,1.0,227,22,30.33081719,-97.62329565,US,290.0,130.172,US0290,Y,N,2,SUN,20.0,20.0,3.0,6.0,12.0,34434.0,2018.0,8.4,,,,0,1,1,3,0,2,0,2015
14831510,N,12/27/2015,08:32 PM,45,3,4,2,5,2,1,10,1.0,227,22,30.23326117,-97.79729462,US,290.0,114.138,US0290,Y,N,1,SUN,20.0,20.0,10.0,7.0,12.0,127013.0,2018.0,2.7,1.0,119.0,1.0,1,2,0,2,0,3,0,2015
14832982,N,10/04/2015,07:36 PM,65,11,4,1,5,2,4,20,1.0,227,1016,30.3493115,-97.53705831,US,290.0,135.52,US0290,Y,N,2,SUN,12.0,20.0,68.0,4.0,14.0,44701.0,2018.0,6.9,,,,0,4,2,2,0,6,0,2015
14834887,N,06/19/2015,12:55 AM,65,11,4,1,1,2,4,30,1.0,227,22,30.229962100000005,-97.78818117,US,290.0,114.737,US0290,Y,N,4,FRI,20.0,20.0,22.0,8.0,12.0,148990.0,2018.0,2.4,,,,1,0,1,0,0,2,1,2015
14834897,N,12/26/2015,10:26 PM,50,11,4,2,20,7,4,1,4.0,227,22,30.15958173,-97.78966882,IH,35.0,225.585,IH0035,Y,N,4,SAT,6.0,20.0,30.0,6.0,11.0,128785.0,2018.0,12.2,,,,1,0,0,0,0,1,1,2015
14834900,N,12/27/2015,09:08 AM,65,2,1,2,20,7,4,1,4.0,227,22,30.34820255,-97.71286219,US,183.0,317.658,US0183,Y,N,2,SUN,20.0,20.0,8.0,6.0,12.0,138247.0,2018.0,3.6,,,,0,1,0,0,0,1,0,2015
14834904,N,12/28/2015,10:36 AM,40,11,1,1,20,2,2,21,1.0,227,22,30.25049496,-97.69204359,SL,111.0,2.347,SL0111,Y,N,2,MON,0.0,0.0,12.0,4.0,14.0,31328.0,2018.0,1.8,1.0,69.0,5.0,0,1,0,5,0,1,0,2015
14834906,N,12/28/2015,09:16 AM,55,11,1,1,5,2,1,34,1.0,227,22,30.43062041,-97.70081138,SL,1.0,3.244,SL0001,Y,N,1,MON,20.0,20.0,36.0,6.0,12.0,64650.0,2018.0,2.0,1.0,192.0,0.0,3,1,1,1,0,5,0,2015
14835496,N,12/16/2015,10:29 AM,-1,11,1,1,4,2,4,22,1.0,227,9999,30.14689002,-97.67315819,FM,812.0,2.007,FM0812,Y,Y,2,WED,10.0,10.0,0.0,2.0,16.0,17216.0,2018.0,6.7,,,,0,2,0,1,0,2,0,2015
14836514,N,12/15/2015,06:50 AM,70,12,3,1,20,2,4,22,1.0,227,22,30.40049381,-97.67407644,IH,35.0,243.95,IH0035,Y,N,2,TUE,8.0,20.0,3.0,6.0,11.0,159315.0,2018.0,11.5,1.0,438.0,1.0,0,1,2,0,0,3,0,2015
14836519,N,12/23/2015,12:09 PM,40,11,1,1,20,5,4,1,5.0,227,22,,,US,183.0,,US0183,Y,N,2,WED,,,,,,,,,,,,0,1,0,1,0,1,0,2015
14836563,N,12/29/2015,01:24 PM,55,12,1,1,1,2,4,22,1.0,227,22,30.42789065,-97.67086709,IH,35.0,245.863,IH0035,Y,N,2,TUE,8.0,20.0,3.0,6.0,11.0,132719.0,2018.0,12.4,,,,0,1,0,3,0,1,0,2015
14836565,N,12/30/2015,05:50 AM,55,11,3,2,11,10,4,1,2.0,227,22,30.38536165,-97.67318436,IH,35.0,242.874,IH0035,Y,N,4,WED,8.0,20.0,3.0,6.0,11.0,159315.0,2018.0,11.5,1.0,328.0,1.0,0,0,0,0,0,0,1,2015
14836571,N,12/30/2015,10:32 AM,55,12,1,1,5,2,1,34,1.0,227,22,30.41673786,-97.84737853,RM,620.0,13.813,RM0620,Y,N,1,WED,8.0,8.0,0.0,4.0,14.0,50802.0,2018.0,3.1,,,,1,2,0,0,0,3,0,2015
14837164,N,12/27/2015,04:21 AM,55,2,3,2,20,7,2,1,4.0,227,372,30.47960329,-97.67371388,IH,35.0,249.5,IH0035,Y,N,2,SUN,16.0,20.0,3.0,6.0,11.0,162734.0,2018.0,11.4,,,,0,1,0,0,0,1,0,2015
14837193,N,12/23/2015,05:00 PM,55,11,1,1,5,2,2,22,1.0,227,330,30.47479629,-97.59094499999999,SH,130.0,16.335,SH0130,Y,N,2,WED,8.0,20.0,135.0,4.0,12.0,38706.0,2018.0,17.5,,,,0,1,0,2,0,1,0,2015
14840264,N,12/31/2015,05:01 PM,65,11,1,1,11,2,1,34,1.0,227,9999,30.35240173,-97.59226227,SH,130.0,25.058000000000003,SH0130,Y,Y,2,THU,8.0,20.0,135.0,4.0,12.0,39424.0,2018.0,17.9,,,,0,3,0,4,0,3,0,2015
14840290,N,12/29/2015,09:30 PM,65,2,3,2,11,7,4,1,2.0,227,22,30.11276385,-97.78738483,FM,1327.0,1.115,FM1327,Y,N,1,TUE,10.0,10.0,0.0,2.0,16.0,17645.0,2018.0,5.2,,,,1,3,0,0,0,4,0,2015
14840884,N,12/31/2015,10:00 PM,60,11,3,1,20,1,4,1,1.0,227,9999,30.14744095,-97.67285498,FM,812.0,1.965,FM0812,Y,Y,1,THU,10.0,10.0,0.0,2.0,16.0,17216.0,2018.0,6.7,,,,1,0,0,1,0,1,0,2015
14841510,N,12/31/2015,06:45 AM,60,12,2,1,11,2,3,22,1.0,227,9999,30.28910722,-97.62935681,FM,3177.0,3.713,FM3177,Y,Y,2,THU,1.0,1.0,0.0,4.0,17.0,11798.0,2018.0,6.1,,,,0,1,0,1,0,1,0,2015
14841950,N,12/20/2015,04:48 PM,45,12,1,1,1,2,3,10,1.0,227,22,30.44796133,-97.66216763,FM,1825.0,0.725,FM1825,Y,N,2,SUN,8.0,8.0,0.0,4.0,16.0,34141.0,2018.0,3.5,1.0,102.0,4.0,0,2,1,0,0,3,0,2015
14841961,N,12/28/2015,05:11 PM,45,11,1,1,21,2,1,10,1.0,227,22,30.23237835,-97.80126197,US,290.0,113.893,US0290,Y,N,2,MON,20.0,20.0,10.0,7.0,12.0,85803.0,2018.0,3.3,1.0,227.0,3.0,0,1,0,1,0,1,0,2015
14842001,Y,12/30/2015,10:30 PM,45,11,4,1,20,2,3,23,1.0,227,22,30.22772511,-97.77342624,US,290.0,115.647,US0290,Y,N,2,WED,20.0,20.0,42.0,8.0,12.0,148990.0,2018.0,2.4,1.0,75.0,1.0,0,1,0,2,0,1,0,2015
14842007,N,12/30/2015,04:58 PM,65,12,1,1,20,7,4,1,2.0,227,22,30.17734615,-97.89331193,SH,45.0,0.4270000000000001,SH0045,Y,N,2,WED,12.0,20.0,40.0,4.0,16.0,16410.0,2018.0,11.7,,,,0,1,0,1,0,1,0,2015
14842010,N,12/31/2015,12:39 AM,65,11,4,1,20,2,2,21,1.0,227,22,30.37388706,-97.74030607,SL,1.0,8.095,SL0001,Y,N,2,THU,20.0,20.0,36.0,5.0,12.0,149361.0,2018.0,1.2,,,,0,1,0,0,0,1,0,2015
14842063,N,12/31/2015,01:54 PM,-1,11,1,1,20,2,4,20,1.0,227,22,30.41577734,-97.69575004,FM,734.0,10.428,FM0734,Y,N,2,THU,10.0,20.0,36.0,6.0,14.0,56464.0,2018.0,3.8,,,,0,1,0,2,1,1,0,2015
14844403,N,12/23/2015,04:16 PM,35,11,1,1,5,2,2,22,1.0,227,22,30.26449154,-97.75711524,SL,343.0,3.646,SL0343,Y,N,2,WED,0.0,0.0,22.0,6.0,14.0,46479.0,2018.0,1.4,,,,0,1,0,1,0,1,0,2015
14844764,N,12/07/2015,06:05 PM,55,11,3,1,1,2,4,22,1.0,227,22,30.4188849,-97.67257488,IH,35.0,245.236,IH0035,Y,N,2,MON,8.0,20.0,3.0,6.0,11.0,134367.0,2018.0,12.4,,,,0,1,0,5,0,1,0,2015
14844934,N,12/14/2015,11:12 PM,55,11,4,1,20,2,4,20,1.0,227,22,30.25370085,-97.73655306,IH,35.0,232.93400000000003,IH0035,Y,N,2,MON,4.0,10.0,3.0,6.0,11.0,142856.0,2018.0,11.0,,,,0,1,0,1,1,1,0,2015
14845077,N,12/11/2015,07:18 PM,65,11,4,1,1,2,4,20,1.0,227,22,30.42587622,-97.75252961,US,183.0,311.335,US0183,Y,N,2,FRI,20.0,20.0,36.0,6.0,12.0,149347.0,2018.0,1.9,,,,0,1,0,1,0,1,0,2015
14845726,N,01/05/2015,06:32 PM,50,12,3,1,8,2,1,14,1.0,227,1288,30.14098211,-97.82205995,FM,1626.0,1.694,FM1626,Y,Y,2,MON,1.0,1.0,0.0,2.0,16.0,17291.0,2018.0,4.2,,,,0,1,0,2,0,1,0,2015
14847345,N,12/20/2015,03:56 PM,60,11,1,1,20,2,2,12,1.0,227,9999,30.33145525,-98.02453193,SH,71.0,103.451,SH0071,Y,Y,2,SUN,5.0,5.0,0.0,4.0,2.0,37755.0,2018.0,3.3,,,,0,3,0,1,0,3,0,2015
14847613,N,12/21/2015,05:01 PM,60,11,1,1,11,2,3,10,1.0,227,9999,30.14966432,-97.67161067,FM,812.0,1.795,FM0812,Y,Y,2,MON,10.0,10.0,0.0,2.0,16.0,17216.0,2018.0,6.7,,,,0,2,0,0,0,2,0,2015
14848750,N,12/14/2015,08:15 PM,-1,11,1,1,20,1,4,1,1.0,227,22,30.20573749,-97.6444165,SH,71.0,130.377,SH0071,Y,N,4,MON,0.0,0.0,240.0,6.0,14.0,60929.0,2018.0,4.2,,,,0,0,0,1,0,0,1,2015
14848754,N,12/27/2015,02:40 AM,60,12,4,2,20,2,4,20,1.0,227,22,30.30027596,-97.71627794,IH,35.0,236.415,IH0035,Y,N,1,SUN,8.0,20.0,24.0,8.0,11.0,202376.0,2018.0,9.3,,,,1,0,1,1,0,2,0,2015
14848756,N,12/30/2015,05:16 PM,60,12,1,1,11,2,4,22,1.0,227,22,30.23582803,-97.73996118,IH,35.0,231.626,IH0035,Y,N,2,WED,4.0,20.0,3.0,6.0,11.0,150700.0,2018.0,10.7,,,,0,1,0,2,0,1,0,2015
14849023,N,12/17/2015,05:06 PM,-1,11,1,1,9,2,2,22,1.0,227,22,30.28562629,-97.66536178,US,183.0,323.552,US0183,Y,N,2,THU,16.0,20.0,36.0,4.0,14.0,67460.0,2018.0,6.6,,,,0,1,0,2,0,1,0,2015
14849024,N,12/18/2015,07:03 PM,55,11,4,1,8,2,1,14,1.0,227,22,30.27344454,-97.66858016,US,183.0,324.411,US0183,Y,N,2,FRI,18.0,16.0,36.0,4.0,14.0,67460.0,2018.0,6.6,,,,0,1,0,1,0,1,0,2015
14849026,N,12/27/2015,07:07 AM,-1,2,3,2,20,7,4,1,2.0,227,22,30.18512543,-97.68694852,US,183.0,331.176,US0183,Y,N,2,SUN,12.0,20.0,36.0,4.0,14.0,30598.0,2018.0,9.5,,,,0,1,3,0,0,4,0,2015
14849050,N,12/22/2015,09:24 PM,60,11,3,1,1,2,4,20,1.0,227,9999,30.44818422,-97.83086449,RM,620.0,16.218,RM0620,Y,Y,2,TUE,0.0,0.0,0.0,2.0,14.0,41321.0,2018.0,3.2,,,,0,2,0,5,0,2,0,2015
14850130,N,12/21/2015,07:30 PM,55,11,4,1,1,2,4,21,1.0,227,22,30.34324514,-97.69754512,IH,35.0,239.61900000000003,IH0035,Y,N,2,MON,20.0,20.0,3.0,6.0,11.0,145168.0,2018.0,11.9,,,,0,2,0,4,0,2,0,2015
14850769,N,12/31/2015,12:24 AM,-1,11,4,1,5,7,2,1,4.0,227,22,30.30160998,-97.71544145,IH,35.0,236.52,IH0035,Y,N,2,THU,8.0,20.0,24.0,8.0,11.0,196302.0,2018.0,9.5,,,,0,1,0,0,0,1,0,2015
14851531,N,12/22/2015,02:32 PM,60,11,1,1,8,2,1,14,1.0,227,9999,30.14562988,-97.67339325,FM,812.0,2.096,FM0812,Y,Y,1,TUE,10.0,10.0,0.0,2.0,16.0,17216.0,2018.0,6.7,1.0,236.0,7.0,1,2,0,3,0,3,0,2015
14853271,N,11/04/2015,08:13 AM,60,12,1,1,1,2,3,14,1.0,227,538,30.3091302,-97.91865447,RM,2244.0,1.108,RM2244,Y,Y,2,WED,5.0,10.0,0.0,4.0,14.0,19573.0,2018.0,4.4,,,,0,1,0,2,0,1,0,2015
14853273,N,11/09/2015,04:55 PM,55,11,1,1,20,2,3,14,1.0,227,538,30.31521383,-97.9492552,RM,620.0,0.525,RM0620,Y,Y,1,MON,8.0,8.0,0.0,4.0,14.0,26975.0,2018.0,3.8,1.0,200.0,2.0,1,0,0,1,0,1,0,2015
14857129,N,12/31/2015,09:51 AM,55,11,1,1,5,2,1,10,1.0,227,22,30.21642876,-97.75132751,IH,35.0,230.129,IH0035,Y,N,2,THU,4.0,20.0,3.0,6.0,11.0,157370.0,2018.0,10.5,,,,0,1,0,3,0,1,0,2015
14859455,N,12/11/2015,06:48 AM,60,5,2,2,11,2,4,20,1.0,227,1016,30.37383186,-97.53038813,FM,973.0,14.503,FM0973,Y,N,2,FRI,10.0,10.0,0.0,2.0,16.0,15148.0,2018.0,5.5,,,,0,1,1,2,0,2,0,2015
14860121,N,11/27/2015,07:36 PM,-1,2,4,2,5,2,3,13,1.0,227,22,30.40212374,-97.65704116,FM,734.0,12.967,FM0734,Y,N,2,FRI,8.0,20.0,55.0,6.0,14.0,46970.0,2018.0,3.9,1.0,305.0,3.0,0,1,0,1,0,1,0,2015
14860944,N,12/31/2015,06:49 PM,55,11,4,1,5,2,1,34,1.0,227,538,30.30652846,-97.93121529999999,RM,2244.0,0.315,RM2244,Y,Y,2,THU,5.0,10.0,0.0,4.0,14.0,19573.0,2018.0,4.4,,,,0,1,0,2,0,1,0,2015
14865647,N,12/17/2015,07:23 AM,-1,11,1,1,20,2,4,30,1.0,227,9999,30.22234243,-97.63384040000001,FM,973.0,27.806,FM0973,Y,Y,2,THU,5.0,5.0,0.0,2.0,16.0,16700.0,2018.0,6.1,,,,0,3,1,1,0,4,0,2015
14867001,N,12/19/2015,07:35 PM,65,11,3,1,20,2,4,30,1.0,227,9999,30.25811262,-97.61303334,FM,969.0,6.125,FM0969,Y,Y,1,SAT,6.0,6.0,15.0,3.0,14.0,22033.0,2018.0,6.4,,,,1,1,0,0,0,2,0,2015