Crash_ID,Cmv_Involv_Fl,Crash_Date,Crash_Time,Crash_Speed_Limit,Wthr_Cond_ID,Light_Cond_ID,Surf_Cond_ID,Traffic_Cntl_ID,Harm_Evnt_ID,Intrsct_Relat_ID,FHE_Collsn_ID,Road_Relat_ID,Cnty_ID,City_ID,Latitude,Longitude,Hwy_Sys,Hwy_Nbr,Dfo,Street_Name,Onsys_Fl,Rural_Fl,Crash_Sev_ID,Day_of_Week,Shldr_Width_Left,Shldr_Width_Right,Median_Width,Nbr_Of_Lane,Func_Sys_ID,Adt_Curnt_Amt,Adt_Curnt_Year,Trk_Aadt_Pct,Curve_Type_ID,Curve_Lngth,Cd_Degr,Sus_Serious_Injry_Cnt,Nonincap_Injry_Cnt,Poss_Injry_Cnt,Non_Injry_Cnt,Unkn_Injry_Cnt,Tot_Injry_Cnt,Death_Cnt,Year
16233306,N,02/03/2018,11:38 PM,-1,11,4,1,5,2,1,34,1.0,227,22,30.31598051,-97.66311087,US,183.0,321.421,US0183,Y,N,2,SAT,16.0,16.0,70.0,4.0,12.0,57843.0,2018.0,3.2,,,,0,1,0,5,0,1,0,2018
16233361,N,02/04/2018,02:39 AM,60,12,4,1,1,7,4,1,4.0,227,22,30.278008399999997,-97.73016844,IH,35.0,234.673,IH0035,Y,N,1,SUN,20.0,40.0,3.0,8.0,11.0,202376.0,2018.0,9.3,1.0,119.0,0.0,1,0,0,4,0,1,0,2018
16233372,N,02/04/2018,02:59 PM,55,11,1,1,12,2,1,10,1.0,227,22,30.29221474,-97.66362099,US,183.0,323.087,US0183,Y,N,2,SUN,16.0,20.0,36.0,4.0,14.0,57843.0,2018.0,3.2,,,,0,1,1,0,0,2,0,2018
16233374,N,02/04/2018,03:58 PM,50,11,1,1,5,7,4,1,2.0,227,22,30.32827237,-97.65942166,US,290.0,128.01,US0290,Y,N,2,SUN,20.0,20.0,3.0,5.0,12.0,24503.0,2018.0,2.7,1.0,655.0,0.0,0,1,0,0,0,1,0,2018
16233376,N,02/04/2018,04:32 PM,55,11,1,1,20,2,4,20,1.0,227,22,,,IH,35.0,,IH0035,Y,N,2,SUN,,,,,,,,,,,,0,1,0,2,0,1,0,2018
16233379,N,02/04/2018,04:45 PM,-1,11,1,1,20,2,4,30,1.0,227,22,30.3199725,-97.70710007,IH,35.0,237.895,IH0035,Y,N,2,SUN,8.0,20.0,24.0,8.0,11.0,193850.0,2018.0,9.5,1.0,274.0,0.0,0,1,0,9,1,1,0,2018
16233414,N,02/04/2018,10:46 PM,65,11,4,1,20,2,4,20,1.0,227,22,,,SH,35.0,,SH0035,Y,N,2,SUN,,,,,,,,,,,,0,2,0,2,0,2,0,2018
16233415,N,02/04/2018,10:45 PM,55,11,4,1,20,2,4,20,1.0,227,22,30.27832807,-97.73001626,IH,35.0,234.697,IH0035,Y,N,2,SUN,20.0,40.0,3.0,8.0,11.0,202376.0,2018.0,9.3,1.0,119.0,0.0,0,2,0,3,0,2,0,2018
16233425,N,02/05/2018,06:42 AM,70,11,4,1,1,2,4,22,1.0,227,22,30.43754753,-97.66902944,IH,35.0,246.537,IH0035,Y,N,2,MON,8.0,20.0,3.0,6.0,11.0,132719.0,2018.0,12.4,,,,0,1,0,1,0,1,0,2018
16234551,N,02/05/2018,07:09 PM,80,11,4,1,20,2,4,20,1.0,227,9999,30.40331515,-97.5826561,SH,130.0,21.366,SH0130,Y,Y,2,MON,8.0,20.0,135.0,4.0,12.0,45033.0,2018.0,17.2,1.0,577.0,0.0,0,1,0,3,0,1,0,2018
16235441,N,02/01/2018,07:52 PM,65,11,1,1,20,2,4,20,1.0,227,22,,,SH,35.0,,SH0035,Y,N,2,THU,,,,,,,,,,,,0,1,0,1,0,1,0,2018
16235445,N,02/02/2018,01:11 AM,-1,11,4,1,1,2,4,20,1.0,227,22,30.40844996,-97.71596522,SL,1.0,5.119,SL0001,Y,N,2,FRI,28.0,28.0,36.0,9.0,12.0,112974.0,2018.0,1.6,,,,0,1,0,1,0,1,0,2018
16235463,N,02/05/2018,02:43 PM,55,12,1,1,5,2,4,20,1.0,227,22,30.27596689,-97.66791376,US,183.0,324.233,US0183,Y,N,2,MON,18.0,16.0,36.0,4.0,14.0,67460.0,2018.0,6.6,,,,0,3,1,1,0,4,0,2018
16235650,N,02/06/2018,07:59 AM,65,2,1,2,20,2,4,20,1.0,227,22,30.33507799,-97.7555854,SL,1.0,10.929,SL0001,Y,N,2,TUE,12.0,20.0,100.0,6.0,12.0,148872.0,2018.0,1.2,1.0,218.0,2.0,0,1,0,2,0,1,0,2018
16235657,N,02/06/2018,10:59 AM,50,2,1,2,20,7,4,1,4.0,227,22,30.42549644,-97.75175391,US,183.0,311.388,US0183,Y,N,2,TUE,20.0,20.0,36.0,6.0,12.0,149347.0,2018.0,1.9,,,,0,1,0,0,0,1,0,2018
16237213,N,01/15/2018,01:00 AM,50,11,4,1,1,2,4,22,1.0,227,22,30.37099718,-97.72159231,US,183.0,315.973,US0183,Y,N,2,MON,20.0,20.0,8.0,6.0,12.0,138365.0,2018.0,3.6,,,,0,8,0,0,0,8,0,2018
16237225,N,02/04/2018,02:46 PM,45,11,1,1,5,2,1,34,1.0,227,22,30.253114399999998,-97.69247624,SL,111.0,2.164,SL0111,Y,N,2,SUN,0.0,0.0,12.0,4.0,14.0,31328.0,2018.0,1.8,1.0,55.0,2.0,0,1,1,0,0,2,0,2018
16237230,N,02/05/2018,06:10 PM,-1,0,0,0,1,2,2,22,1.0,227,22,30.14281031,-97.8015638,FM,1626.0,0.354,FM1626,Y,N,2,MON,1.0,1.0,0.0,2.0,16.0,14556.0,2018.0,4.7,1.0,80.0,3.0,0,1,0,1,1,1,0,2018
16237606,N,02/07/2018,12:40 PM,40,11,1,1,20,2,4,22,1.0,227,22,30.37287715,-97.72647774,FM,1325.0,8.171,FM1325,Y,N,2,WED,0.0,0.0,40.0,4.0,14.0,43120.0,2018.0,1.5,,,,0,1,0,2,0,1,0,2018
16239184,N,01/19/2018,06:07 PM,-1,11,4,1,8,5,2,1,1.0,227,22,30.34440724,-97.69680944,IH,35.0,239.71,IH0035,Y,N,2,FRI,20.0,20.0,3.0,6.0,11.0,145168.0,2018.0,11.9,,,,0,1,0,1,0,1,0,2018
16240827,N,02/01/2018,09:38 AM,60,12,1,1,20,2,4,22,1.0,227,22,30.31068138,-97.70960239,IH,35.0,237.234,IH0035,Y,N,2,THU,8.0,20.0,24.0,8.0,11.0,193850.0,2018.0,9.5,,,,0,1,0,2,0,1,0,2018
16240830,N,02/03/2018,06:51 PM,60,11,3,1,20,7,4,1,2.0,227,22,30.23705789,-97.73923563,IH,35.0,231.721,IH0035,Y,N,2,SAT,4.0,20.0,3.0,6.0,11.0,150700.0,2018.0,10.7,,,,0,1,0,0,1,1,0,2018
16240832,N,02/04/2018,02:40 AM,45,11,4,1,11,2,4,22,1.0,227,22,30.26134345,-97.73638964,IH,35.0,233.467,IH0035,Y,N,2,SUN,8.0,20.0,3.0,8.0,11.0,158343.0,2018.0,10.4,1.0,248.0,2.0,0,1,0,4,0,1,0,2018
16240834,N,02/05/2018,02:51 AM,45,11,4,1,20,10,4,1,2.0,227,22,30.19006557,-97.77082192,IH,35.0,227.971,IH0035,Y,N,1,MON,24.0,24.0,42.0,6.0,11.0,156852.0,2018.0,11.1,,,,1,0,0,0,0,1,0,2018
16240864,N,02/06/2018,02:37 PM,50,2,1,2,20,2,4,20,1.0,227,22,30.33941958,-97.69996283,IH,35.0,239.319,IH0035,Y,N,2,TUE,20.0,20.0,3.0,6.0,11.0,145168.0,2018.0,11.9,,,,0,1,0,1,0,1,0,2018
16240886,N,02/08/2018,07:38 AM,35,11,1,1,1,2,3,14,1.0,227,22,30.44443819,-97.66438668,FM,1825.0,0.449,FM1825,Y,N,2,THU,8.0,8.0,0.0,4.0,16.0,29814.0,2018.0,3.6,,,,0,3,0,2,0,3,0,2018
16240917,N,02/08/2018,04:45 PM,65,11,1,1,20,2,4,20,1.0,227,22,30.38029571,-97.67445466,IH,35.0,242.517,IH0035,Y,N,2,THU,8.0,20.0,3.0,6.0,11.0,159315.0,2018.0,11.5,,,,0,1,0,1,0,1,0,2018
16240929,N,02/08/2018,07:12 PM,65,11,4,1,20,2,4,20,1.0,227,22,,,IH,35.0,,IH0035,Y,N,2,THU,,,,,,,,,,,,0,1,0,1,0,1,0,2018
16240936,N,02/09/2018,03:16 AM,70,11,4,1,1,7,4,1,2.0,227,22,30.14000413,-97.79610233,IH,35.0,224.185,IH0035,Y,N,1,FRI,6.0,20.0,30.0,6.0,11.0,128785.0,2018.0,12.2,,,,1,0,0,0,0,1,0,2018
16240980,N,02/09/2018,08:56 AM,-1,12,1,1,1,2,4,20,1.0,227,22,30.373202799999998,-97.7264022,US,183.0,315.649,US0183,Y,N,2,FRI,20.0,20.0,8.0,6.0,12.0,138365.0,2018.0,3.6,,,,0,1,0,1,0,1,0,2018
16241104,N,02/08/2018,03:10 PM,55,11,1,1,1,5,3,3,1.0,227,22,30.45332094,-97.82808124,RM,620.0,16.609,RM0620,Y,N,2,THU,0.0,0.0,0.0,2.0,14.0,41321.0,2018.0,3.2,1.0,96.0,4.0,0,1,0,1,0,1,0,2018
16241109,N,02/07/2018,08:28 AM,45,11,1,1,20,2,3,34,1.0,227,9999,30.14051436,-97.83334438,FM,1626.0,2.371,FM1626,Y,Y,2,WED,1.0,1.0,0.0,2.0,16.0,17762.0,2018.0,4.2,,,,0,1,1,2,0,2,0,2018
16243224,N,02/06/2018,08:11 AM,60,2,1,2,11,2,4,20,1.0,227,1016,30.35557119,-97.53492485,FM,973.0,15.809,FM0973,Y,N,2,TUE,10.0,10.0,0.0,2.0,16.0,15148.0,2018.0,5.5,,,,0,1,0,1,0,1,0,2018
16243227,N,02/06/2018,06:04 AM,60,2,3,2,5,2,4,20,1.0,227,1016,30.34864402,-97.55959432,US,290.0,134.175,US0290,Y,N,2,TUE,12.0,20.0,56.0,4.0,14.0,54210.0,2018.0,6.4,1.0,87.0,0.0,0,1,0,1,0,1,0,2018
16243354,N,02/02/2018,05:19 AM,80,11,4,1,1,2,4,20,1.0,227,9999,30.18630488,-97.62808764,SH,130.0,37.899,SH0130,Y,Y,2,FRI,12.0,20.0,135.0,4.0,12.0,31038.0,2018.0,20.5,,,,0,1,0,1,0,1,0,2018
16243478,N,02/09/2018,07:32 PM,65,11,3,1,8,2,1,14,1.0,227,9999,30.36907293,-97.53179357,FM,973.0,14.845999999999998,FM0973,Y,Y,2,FRI,10.0,10.0,0.0,2.0,16.0,15148.0,2018.0,5.5,,,,0,1,2,1,0,3,0,2018
16244119,N,01/17/2018,06:37 AM,50,12,4,1,5,2,1,10,1.0,227,22,30.33655739,-97.75543213,RM,2222.0,8.722999999999999,RM2222,Y,N,2,WED,0.0,0.0,14.0,4.0,14.0,32997.0,2018.0,3.5,,,,0,1,1,1,0,2,0,2018
16244120,N,01/19/2018,11:41 AM,35,11,1,1,1,2,3,13,1.0,227,22,30.25579432,-97.76166007,SL,343.0,2.977,SL0343,Y,N,2,FRI,0.0,0.0,0.0,4.0,14.0,46479.0,2018.0,1.4,,,,0,1,0,2,0,1,0,2018
16244125,N,01/29/2018,06:06 PM,55,11,1,1,17,2,1,10,1.0,227,22,30.26670353,-97.73431686,IH,35.0,233.856,IH0035,Y,N,2,MON,20.0,40.0,3.0,8.0,11.0,177389.0,2018.0,9.9,,,,0,1,0,2,0,1,0,2018
16244446,N,02/04/2018,04:34 AM,55,5,4,2,20,10,4,1,1.0,227,22,30.25504216,-97.80994975,SL,360.0,12.11,SL0360,Y,N,2,SUN,8.0,20.0,60.0,4.0,14.0,55818.0,2018.0,2.6,,,,0,1,0,0,0,1,0,2018
16244458,N,02/09/2018,07:08 AM,-1,12,2,1,20,2,4,20,1.0,227,22,30.42353109,-97.67170766,IH,35.0,245.55900000000003,IH0035,Y,N,2,FRI,8.0,20.0,3.0,6.0,11.0,134367.0,2018.0,12.4,,,,0,2,0,4,1,2,0,2018
16244459,N,02/09/2018,12:23 PM,70,12,1,1,20,2,4,22,1.0,227,22,30.40080128,-97.67421309999999,IH,35.0,243.973,IH0035,Y,N,1,FRI,8.0,20.0,3.0,6.0,11.0,159315.0,2018.0,11.5,1.0,438.0,1.0,1,0,0,6,0,1,0,2018
16245097,N,02/10/2018,09:29 AM,50,12,1,2,11,7,4,1,2.0,227,22,30.24646489,-97.80652799,SL,1.0,18.256,SL0001,Y,N,2,SAT,12.0,20.0,500.0,6.0,12.0,83195.0,2018.0,1.6,,,,0,1,0,0,0,1,0,2018
16245138,N,01/26/2018,05:54 PM,60,11,5,1,5,2,2,22,1.0,227,9999,30.39396605,-97.87076685,RM,620.0,11.526,RM0620,Y,Y,1,FRI,8.0,8.0,0.0,4.0,14.0,31858.0,2018.0,3.6,1.0,161.0,0.0,1,1,1,2,0,3,0,2018
16245205,N,02/10/2018,10:28 PM,45,12,4,1,20,2,2,22,1.0,227,22,30.33923652,-97.70007323,IH,35.0,239.305,IH0035,Y,N,2,SAT,20.0,20.0,3.0,6.0,11.0,145168.0,2018.0,11.9,,,,0,1,0,4,0,1,0,2018
16245219,N,02/11/2018,01:38 AM,45,11,4,1,5,2,1,34,1.0,227,22,30.19308718,-97.77885393,SL,275.0,19.321,SL0275,Y,N,2,SUN,0.0,4.0,0.0,4.0,14.0,17455.0,2018.0,1.8,,,,0,1,0,3,0,1,0,2018
16245854,N,02/09/2018,08:18 PM,55,11,4,2,5,2,1,34,1.0,227,250,30.32748224,-97.96429041,RM,620.0,1.819,RM0620,Y,N,2,FRI,8.0,8.0,0.0,4.0,14.0,26975.0,2018.0,3.8,,,,0,1,0,5,0,1,0,2018
16247229,N,02/12/2018,09:48 AM,45,11,1,1,5,2,1,10,1.0,227,22,30.32212067,-97.70681763,IH,35.0,238.044,IH0035,Y,N,2,MON,8.0,20.0,24.0,8.0,11.0,199837.0,2018.0,9.4,,,,0,1,0,0,1,1,0,2018
16247234,N,02/12/2018,04:08 PM,45,11,1,1,20,2,4,22,1.0,227,22,30.27468087,-97.73146403,IH,35.0,234.431,IH0035,Y,N,1,MON,20.0,40.0,3.0,8.0,11.0,177389.0,2018.0,9.9,,,,1,0,0,1,0,1,0,2018
16247235,N,02/12/2018,04:06 PM,-1,11,1,1,11,2,4,21,1.0,227,9999,30.189107300000003,-97.61835985,SH,71.0,132.322,SH0071,Y,Y,2,MON,4.0,6.0,25.0,4.0,14.0,53382.0,2018.0,8.3,,,,0,2,0,1,0,2,0,2018
16247240,N,02/12/2018,09:36 PM,-1,11,4,1,20,2,4,20,1.0,227,22,30.28646418,-97.72504159,IH,35.0,235.331,IH0035,Y,N,1,MON,20.0,40.0,3.0,8.0,11.0,202376.0,2018.0,9.3,,,,1,0,0,2,0,1,0,2018
16247923,N,02/09/2018,09:30 AM,60,12,1,1,20,2,3,13,1.0,227,372,,,IH,35.0,,IH0035,Y,N,2,FRI,,,,,,,,,,,,0,2,0,0,0,2,0,2018
16249507,N,02/04/2018,07:58 AM,55,5,1,1,20,10,4,1,2.0,227,538,30.30621554,-97.93890573,SH,71.0,109.078,SH0071,Y,Y,1,SUN,0.0,0.0,26.0,6.0,14.0,51884.0,2018.0,3.0,,,,1,0,0,0,0,1,0,2018
16249987,N,02/04/2018,02:35 AM,55,5,3,1,20,7,4,1,2.0,227,9999,30.10304389,-97.61382979,FM,812.0,6.782,FM0812,Y,Y,1,SUN,10.0,10.0,0.0,2.0,6.0,13167.0,2018.0,7.0,1.0,196.0,4.0,1,0,0,0,0,1,0,2018
16250113,N,02/15/2018,07:08 AM,60,12,1,2,21,2,1,10,1.0,227,22,30.20321274,-97.63948059,SH,71.0,130.719,SH0071,Y,N,2,THU,0.0,0.0,180.0,6.0,14.0,53382.0,2018.0,8.3,,,,0,2,0,0,0,2,0,2018
16251742,N,01/28/2018,04:21 PM,45,11,1,1,20,2,3,18,1.0,227,22,30.394917699999997,-97.72052990000002,FM,1325.0,6.613,FM1325,Y,N,2,SUN,0.0,0.0,0.0,4.0,14.0,43120.0,2018.0,1.5,,,,0,1,0,1,0,1,0,2018
16251743,N,01/28/2018,06:50 PM,-1,11,3,1,20,2,4,22,1.0,227,22,30.237290500000004,-97.68667298,US,183.0,327.52,US0183,Y,N,2,SUN,6.0,10.0,36.0,4.0,14.0,97049.0,2018.0,5.6,1.0,115.0,0.0,0,1,1,1,2,2,0,2018
16251754,N,02/08/2018,06:43 PM,55,11,4,1,20,2,4,21,1.0,227,22,,,,,,SH0001,Y,N,2,THU,,,,,,,,,,,,0,1,1,0,2,2,0,2018
16252322,N,02/09/2018,06:51 PM,65,12,4,1,20,2,4,20,1.0,227,22,30.40716945,-97.72141375,SL,1.0,5.457999999999998,SL0001,Y,N,2,FRI,24.0,20.0,36.0,6.0,12.0,112347.0,2018.0,1.6,1.0,773.0,0.0,0,1,1,0,0,2,0,2018
16252330,N,02/09/2018,04:17 PM,50,12,1,1,20,2,1,21,1.0,227,22,30.29303992,-97.72080228,IH,35.0,235.849,IH0035,Y,N,2,FRI,8.0,20.0,24.0,8.0,11.0,202376.0,2018.0,9.3,,,,0,1,0,2,0,1,0,2018
16252529,N,02/14/2018,11:08 PM,55,2,4,2,1,2,3,23,1.0,227,22,30.30287995,-97.66089819,US,183.0,322.336,US0183,Y,N,2,WED,16.0,16.0,36.0,4.0,14.0,57843.0,2018.0,3.2,1.0,293.0,0.0,0,1,0,1,0,1,0,2018
16252530,N,02/14/2018,02:09 AM,-1,2,4,2,5,2,2,22,1.0,227,22,,,IH,35.0,,IH0035,Y,N,2,WED,,,,,,,,,,,,0,1,0,3,1,1,0,2018
16252577,N,02/14/2018,08:55 AM,55,5,1,2,20,2,2,22,1.0,227,22,30.36856269,-97.61329002,FM,734.0,16.66,FM0734,Y,N,2,WED,10.0,6.0,66.0,4.0,14.0,22111.0,2018.0,4.8,,,,0,1,0,2,0,1,0,2018
16252583,N,02/14/2018,10:25 AM,-1,12,1,2,5,2,1,34,1.0,227,22,30.40049157,-97.74585118,US,183.0,313.2390000000001,US0183,Y,N,2,WED,20.0,20.0,36.0,6.0,12.0,137676.0,2018.0,2.0,1.0,270.0,1.0,0,1,0,1,0,1,0,2018
16252586,N,02/14/2018,11:53 AM,50,12,1,2,20,7,2,1,2.0,227,22,30.40665374,-97.72249399,SL,1.0,5.5310000000000015,SL0001,Y,N,2,WED,24.0,20.0,36.0,6.0,12.0,112347.0,2018.0,1.6,1.0,773.0,0.0,0,1,0,0,0,1,0,2018
16252598,N,02/14/2018,04:20 PM,55,11,1,1,1,2,4,22,1.0,227,9999,30.28079697,-97.82202125,SL,360.0,10.119,SL0360,Y,Y,2,WED,8.0,20.0,60.0,4.0,14.0,50299.0,2018.0,2.7,,,,0,1,0,1,0,1,0,2018
16252626,N,02/14/2018,06:48 PM,70,11,3,1,1,2,4,22,1.0,227,22,30.12331385,-97.80265216,IH,35.0,222.972,IH0035,Y,N,2,WED,6.0,20.0,40.0,6.0,11.0,135389.0,2018.0,11.8,1.0,103.0,0.0,0,2,0,1,0,2,0,2018
16252630,N,02/15/2018,12:40 AM,-1,12,3,2,20,7,3,2,4.0,227,22,30.22968545,-97.74359508,IH,35.0,231.151,IH0035,Y,N,2,THU,4.0,20.0,3.0,6.0,11.0,157370.0,2018.0,10.5,,,,0,1,0,0,0,1,0,2018
16252631,N,02/15/2018,12:53 AM,-1,2,4,2,5,2,2,22,1.0,227,22,30.40783501,-97.67824554,FM,734.0,11.607,FM0734,Y,N,1,THU,10.0,10.0,16.0,6.0,14.0,63366.0,2018.0,3.7,,,,1,1,0,0,0,2,0,2018
16252632,N,02/15/2018,01:49 AM,60,11,4,1,1,2,4,20,1.0,227,22,30.28871399,-97.72357027,IH,35.0,235.509,IH0035,Y,N,2,THU,8.0,20.0,24.0,8.0,11.0,202376.0,2018.0,9.3,,,,0,2,0,1,0,2,0,2018
16252637,N,02/15/2018,09:20 AM,55,12,1,2,20,2,1,10,1.0,227,22,30.22023031,-97.83650439,SL,1.0,20.868,SL0001,Y,N,2,THU,20.0,20.0,3.0,6.0,12.0,84322.0,2018.0,1.6,,,,0,1,0,0,1,1,0,2018
16252638,N,02/15/2018,09:00 AM,45,12,1,2,1,7,4,1,2.0,227,22,30.24434386,-97.78130904,SL,343.0,1.4980000000000002,SL0343,Y,N,2,THU,0.0,0.0,0.0,4.0,14.0,36688.0,2018.0,1.5,,,,0,1,0,3,0,1,0,2018
16252643,N,02/15/2018,04:12 PM,55,12,1,1,5,2,1,10,1.0,227,22,30.32556534,-97.67331696,US,183.0,320.512,US0183,Y,N,2,THU,16.0,20.0,70.0,4.0,12.0,55986.0,2018.0,7.2,,,,0,2,0,0,0,2,0,2018
16255167,Y,02/12/2018,04:40 PM,50,11,1,1,5,2,2,22,1.0,227,22,30.28594887,-97.68192692,FM,969.0,1.337,FM0969,Y,N,2,MON,0.0,0.0,0.0,4.0,14.0,17992.0,2018.0,6.6,1.0,81.0,1.0,0,2,0,43,0,2,0,2018
16256284,N,02/19/2018,07:05 PM,45,12,4,1,5,2,4,20,1.0,227,22,30.28383043,-97.69580125,FM,969.0,0.496,FM0969,Y,N,2,MON,0.0,0.0,0.0,4.0,14.0,16460.0,2018.0,6.7,,,,0,1,0,1,1,1,0,2018
16256638,N,02/16/2018,06:30 AM,40,12,4,1,5,2,4,20,1.0,227,9999,30.25368881,-97.60427094,FM,969.0,6.738,FM0969,Y,Y,2,FRI,0.0,0.0,0.0,2.0,17.0,22309.0,2018.0,6.4,1.0,400.0,2.0,0,3,0,1,0,3,0,2018
16256639,N,02/16/2018,06:30 AM,40,12,4,1,5,2,1,34,1.0,227,9999,30.25368881,-97.60427094,SH,130.0,32.918,SH0130,Y,Y,2,FRI,12.0,20.0,135.0,4.0,12.0,39424.0,2018.0,17.9,,,,0,2,0,0,0,2,0,2018
16256645,N,02/14/2018,06:14 AM,55,5,3,2,8,2,1,10,1.0,227,9999,30.12958303,-97.6842759,FM,973.0,35.204,FM0973,Y,Y,1,WED,5.0,5.0,0.0,2.0,16.0,5519.0,2018.0,10.2,,,,2,0,0,0,0,2,0,2018
16256652,N,02/13/2018,12:20 PM,45,12,1,2,11,2,4,30,1.0,227,22,30.44724767,-97.66261837,FM,1825.0,0.669,FM1825,Y,N,2,TUE,8.0,8.0,0.0,4.0,16.0,29814.0,2018.0,3.6,,,,0,2,0,4,0,2,0,2018
16256663,N,02/08/2018,05:00 PM,60,11,1,1,11,2,4,20,1.0,227,9999,30.25545099,-97.61287654,FM,973.0,25.208,FM0973,Y,Y,1,THU,5.0,5.0,0.0,2.0,16.0,22301.0,2018.0,5.5,,,,1,0,0,1,0,1,0,2018
16256670,N,01/29/2018,12:25 PM,-1,11,1,1,11,7,4,1,2.0,227,9999,30.38768145,-97.89422461,RM,620.0,9.97,RM0620,Y,Y,1,MON,8.0,8.0,0.0,4.0,14.0,32009.0,2018.0,3.5,1.0,151.0,3.0,1,0,0,0,0,1,0,2018
16257874,N,01/07/2018,02:29 PM,35,12,1,1,5,2,2,22,1.0,227,22,,,SL,1.0,,SL0001,Y,N,2,SUN,,,,,,,,,,,,0,1,1,0,0,2,0,2018
16257887,N,02/10/2018,03:52 PM,-1,11,1,1,1,2,4,22,1.0,227,22,30.41663717,-97.74641707,US,183.0,312.121,US0183,Y,N,2,SAT,20.0,20.0,36.0,6.0,12.0,137676.0,2018.0,2.0,1.0,323.0,3.0,0,1,0,0,1,1,0,2018
16257895,N,02/14/2018,12:11 PM,35,12,1,2,20,2,1,10,1.0,227,22,30.24825247,-97.77063757,SL,343.0,2.206,SL0343,Y,N,2,WED,0.0,0.0,0.0,4.0,14.0,36688.0,2018.0,1.5,,,,0,3,0,0,0,3,0,2018
16257981,N,02/16/2018,11:22 PM,55,11,4,1,5,2,2,23,1.0,227,9999,30.19433975,-97.62417603,SH,71.0,131.822,SH0071,Y,Y,2,FRI,6.0,10.0,400.0,6.0,14.0,53382.0,2018.0,8.3,,,,0,1,0,2,0,1,0,2018
16258154,N,02/20/2018,10:44 AM,55,2,1,2,5,2,2,22,1.0,227,330,30.48374704,-97.61359238,SH,45.0,14.367,SH0045,Y,N,2,TUE,14.0,16.0,100.0,6.0,12.0,23290.0,2018.0,6.4,1.0,1347.0,0.0,0,1,1,0,0,2,0,2018
16258161,N,02/17/2018,10:45 AM,60,11,1,1,20,2,4,20,1.0,227,22,30.22766658,-97.74477801,IH,35.0,230.996,IH0035,Y,N,2,SAT,4.0,20.0,3.0,6.0,11.0,157370.0,2018.0,10.5,,,,0,1,3,1,0,4,0,2018
16258170,N,02/17/2018,05:04 PM,45,12,1,1,8,2,1,34,1.0,227,22,30.14280965,-97.80156215,FM,1626.0,0.354,FM1626,Y,N,2,SAT,1.0,1.0,0.0,2.0,16.0,14556.0,2018.0,4.7,1.0,80.0,3.0,0,3,0,2,0,3,0,2018
16258179,N,02/17/2018,03:57 PM,70,12,1,1,20,2,4,20,1.0,227,22,30.19626582,-97.76585917,IH,35.0,228.49,IH0035,Y,N,2,SAT,24.0,24.0,42.0,6.0,11.0,170988.0,2018.0,10.7,,,,0,1,0,4,0,1,0,2018
16258252,N,02/18/2018,01:43 AM,60,11,4,1,1,7,4,1,2.0,227,22,30.22785436,-97.77995305,US,290.0,115.257,US0290,Y,N,1,SUN,20.0,20.0,22.0,8.0,12.0,148990.0,2018.0,2.4,1.0,331.0,1.0,1,0,0,0,0,1,0,2018
16258253,N,02/18/2018,03:40 AM,50,2,3,2,20,7,4,1,2.0,227,22,30.42406858,-97.67160466,IH,35.0,245.597,IH0035,Y,N,2,SUN,8.0,20.0,3.0,6.0,11.0,134367.0,2018.0,12.4,,,,0,1,0,0,0,1,0,2018
16259585,Y,02/14/2018,10:47 PM,70,11,4,2,20,2,4,21,1.0,227,22,30.37465634,-97.67765324,IH,35.0,242.084,IH0035,Y,N,2,WED,8.0,20.0,3.0,6.0,11.0,138459.0,2018.0,12.2,,,,0,1,0,1,0,1,0,2018
16259589,N,02/19/2018,04:53 PM,65,12,1,1,20,7,4,1,2.0,227,22,30.29186765,-97.76016614,SL,1.0,13.925999999999998,SL0001,Y,N,2,MON,12.0,20.0,60.0,6.0,12.0,150574.0,2018.0,1.2,1.0,338.0,1.0,0,1,0,1,0,1,0,2018
16259665,N,02/21/2018,12:02 AM,70,11,3,1,1,2,4,21,1.0,227,22,30.34535281,-97.69621084,IH,35.0,239.784,IH0035,Y,N,2,WED,20.0,20.0,3.0,6.0,11.0,145168.0,2018.0,11.9,,,,0,1,0,1,0,1,0,2018
16261789,N,02/02/2018,06:05 PM,70,11,1,1,1,7,4,1,1.0,227,22,30.35496468,-97.69012592,IH,35.0,240.538,IH0035,Y,N,2,FRI,20.0,20.0,3.0,6.0,11.0,145168.0,2018.0,11.9,,,,0,3,0,0,0,3,0,2018
16261799,N,02/09/2018,06:41 PM,-1,0,0,1,20,2,4,20,1.0,227,22,30.39343352,-97.67157299,IH,35.0,243.438,IH0035,Y,N,2,FRI,8.0,20.0,3.0,6.0,11.0,159315.0,2018.0,11.5,,,,0,1,0,7,0,1,0,2018
16261801,N,02/10/2018,01:35 AM,50,11,4,1,5,2,1,10,1.0,227,22,30.40795135,-97.67464447,IH,35.0,244.474,IH0035,Y,N,2,SAT,8.0,20.0,3.0,6.0,11.0,134367.0,2018.0,12.4,1.0,411.0,1.0,0,2,0,3,0,2,0,2018
16261802,N,02/10/2018,09:11 AM,50,11,1,1,5,2,2,31,1.0,227,22,30.40783907,-97.67827934,FM,734.0,11.605,FM0734,Y,N,2,SAT,10.0,10.0,16.0,6.0,14.0,63366.0,2018.0,3.7,,,,0,1,0,0,1,1,0,2018
16261804,N,02/14/2018,03:00 PM,70,12,1,1,20,4,4,1,2.0,227,22,30.21261116,-97.71410899,SH,71.0,125.747,SH0071,Y,N,2,WED,20.0,20.0,44.0,8.0,12.0,85342.0,2018.0,3.6,,,,0,1,0,0,1,1,0,2018