Crash_ID,Cmv_Involv_Fl,Crash_Date,Crash_Time,Crash_Speed_Limit,Wthr_Cond_ID,Light_Cond_ID,Surf_Cond_ID,Traffic_Cntl_ID,Harm_Evnt_ID,Intrsct_Relat_ID,FHE_Collsn_ID,Road_Relat_ID,Cnty_ID,City_ID,Latitude,Longitude,Hwy_Sys,Hwy_Nbr,Dfo,Street_Name,Onsys_Fl,Rural_Fl,Crash_Sev_ID,Day_of_Week,Shldr_Width_Left,Shldr_Width_Right,Median_Width,Nbr_Of_Lane,Func_Sys_ID,Adt_Curnt_Amt,Adt_Curnt_Year,Trk_Aadt_Pct,Curve_Type_ID,Curve_Lngth,Cd_Degr,Sus_Serious_Injry_Cnt,Nonincap_Injry_Cnt,Poss_Injry_Cnt,Non_Injry_Cnt,Unkn_Injry_Cnt,Tot_Injry_Cnt,Death_Cnt,Year
16321047,N,03/20/2018,09:27 AM,55,11,1,1,1,2,4,22,1.0,227,22,30.36463523,-97.79660483,RM,2222.0,4.655,RM2222,Y,N,2,TUE,8.0,8.0,0.0,4.0,14.0,51893.0,2018.0,3.1,1.0,131.0,10.0,0,1,0,4,0,1,0,2018
16321667,N,03/25/2018,08:25 PM,65,11,4,1,10,2,2,22,1.0,227,1378,30.2335599,-97.81126974,US,290.0,113.269,US0290,Y,Y,2,SUN,20.0,20.0,10.0,5.0,12.0,85803.0,2018.0,3.3,,,,0,1,0,1,0,1,0,2018
16323436,N,03/28/2018,10:25 AM,55,2,1,2,20,2,3,14,1.0,227,250,30.35869888,-97.95567746,RM,620.0,4.335,RM0620,Y,N,2,WED,8.0,8.0,0.0,4.0,14.0,43643.0,2018.0,3.2,,,,0,1,0,3,0,1,0,2018
16323694,N,03/21/2018,08:00 PM,50,11,4,1,5,2,1,34,1.0,227,330,30.43660355,-97.61391449,FM,685.0,7.957999999999998,FM0685,Y,N,2,WED,1.0,1.0,0.0,4.0,16.0,29334.0,2018.0,4.3,,,,0,1,0,2,0,1,0,2018
16325805,Y,03/24/2018,07:51 AM,-1,12,2,1,20,2,4,21,1.0,227,22,30.207286,-97.75698270000001,IH,35.0,229.415,IH0035,Y,N,2,SAT,24.0,24.0,42.0,6.0,11.0,148474.0,2018.0,11.3,,,,0,1,0,1,0,1,0,2018
16325830,N,03/27/2018,09:12 PM,45,12,4,1,20,2,1,24,1.0,227,22,30.1984147,-97.76412733,IH,35.0,228.67,IH0035,Y,N,2,TUE,24.0,24.0,42.0,6.0,11.0,148474.0,2018.0,11.3,,,,0,2,0,1,0,2,0,2018
16325857,N,03/28/2018,07:30 AM,35,2,3,3,1,7,4,1,2.0,227,22,30.24618306,-97.77875554,SL,343.0,1.696,SL0343,Y,N,1,WED,0.0,0.0,0.0,4.0,14.0,36688.0,2018.0,1.5,,,,1,0,1,2,0,2,0,2018
16325876,N,03/28/2018,07:21 PM,-1,11,1,2,20,5,3,1,2.0,227,22,30.34757071,-97.71230870000001,US,183.0,317.712,US0183,Y,N,2,WED,20.0,20.0,8.0,6.0,12.0,138247.0,2018.0,3.6,,,,0,1,0,1,0,1,0,2018
16325913,N,03/29/2018,07:47 AM,65,12,1,1,20,2,4,21,1.0,227,22,30.40878371,-97.71441293,SL,1.0,5.024,SL0001,Y,N,2,THU,28.0,28.0,36.0,9.0,12.0,112974.0,2018.0,1.6,1.0,425.0,1.0,0,1,0,1,0,1,0,2018
16326526,N,03/24/2018,07:47 PM,55,11,5,1,20,2,4,20,1.0,227,22,30.23669233,-97.68633472,US,183.0,327.566,US0183,Y,N,1,SAT,6.0,10.0,36.0,4.0,14.0,97049.0,2018.0,5.6,1.0,115.0,0.0,1,0,2,3,0,3,0,2018
16327204,N,03/18/2018,11:52 PM,-1,12,4,2,5,2,1,23,1.0,227,22,30.38002144,-97.72485896,FM,1325.0,7.67,FM1325,Y,N,2,SUN,0.0,0.0,0.0,4.0,14.0,43120.0,2018.0,1.5,,,,0,1,0,1,0,1,0,2018
16327415,N,03/18/2018,04:35 PM,-1,11,1,1,20,2,4,22,1.0,227,22,30.24546482,-97.73494832,IH,35.0,232.359,IH0035,Y,N,2,SUN,4.0,16.0,40.0,6.0,11.0,150700.0,2018.0,10.7,,,,0,1,0,1,0,1,0,2018
16327418,N,03/21/2018,06:08 PM,40,11,1,1,5,2,1,10,1.0,227,22,30.34792185,-97.71264889,US,183.0,317.68,US0183,Y,N,2,WED,20.0,20.0,8.0,6.0,12.0,138247.0,2018.0,3.6,,,,0,2,0,3,0,2,0,2018
16327425,N,03/24/2018,04:44 PM,-1,11,1,1,5,2,1,10,1.0,227,22,30.27043897,-97.73289554,IH,35.0,234.127,IH0035,Y,N,2,SAT,20.0,40.0,3.0,8.0,11.0,177389.0,2018.0,9.9,,,,0,1,1,1,0,2,0,2018
16327428,N,03/25/2018,07:25 PM,50,11,1,1,5,2,4,31,1.0,227,22,30.32858919,-97.65528576,US,290.0,128.25799999999998,US0290,Y,N,2,SUN,20.0,20.0,3.0,5.0,12.0,24503.0,2018.0,2.7,,,,0,1,0,1,0,1,0,2018
16327492,N,03/27/2018,08:01 AM,40,11,4,1,20,1,4,1,1.0,227,22,30.29814567,-97.71759266,IH,35.0,236.249,IH0035,Y,N,2,TUE,8.0,20.0,24.0,8.0,11.0,202376.0,2018.0,9.3,,,,0,1,0,1,0,1,0,2018
16327533,Y,03/28/2018,05:17 AM,65,2,4,2,1,2,4,21,1.0,227,22,30.26380975,-97.73538578,IH,35.0,233.647,IH0035,Y,N,2,WED,8.0,20.0,3.0,8.0,11.0,158343.0,2018.0,10.4,1.0,248.0,2.0,0,1,0,2,0,1,0,2018
16327542,N,03/29/2018,04:45 PM,55,11,1,1,9,2,2,22,1.0,227,22,30.23360864,-97.74126543,IH,35.0,231.455,IH0035,Y,N,2,THU,4.0,20.0,3.0,6.0,11.0,150700.0,2018.0,10.7,,,,0,1,0,4,0,1,0,2018
16327546,N,03/29/2018,04:33 PM,-1,11,1,1,20,2,4,20,1.0,227,22,30.3761518,-97.73944095,SL,1.0,7.931,SL0001,Y,N,2,THU,20.0,20.0,36.0,5.0,12.0,149361.0,2018.0,1.2,1.0,171.0,0.0,0,1,1,1,0,2,0,2018
16327553,N,03/29/2018,06:05 PM,-1,12,1,1,1,2,4,22,1.0,227,9999,30.22954541,-97.89171982,US,290.0,108.296,US0290,Y,Y,2,THU,0.0,4.0,0.0,4.0,14.0,44818.0,2018.0,2.8,1.0,260.0,1.0,0,3,0,2,0,3,0,2018
16327595,N,03/30/2018,02:31 AM,70,11,3,1,11,2,4,22,1.0,227,22,30.18807349,-97.77227076,IH,35.0,227.80900000000003,IH0035,Y,N,2,FRI,6.0,20.0,30.0,6.0,11.0,156852.0,2018.0,11.1,,,,0,1,0,3,0,1,0,2018
16327598,N,03/30/2018,08:47 AM,55,11,1,1,20,10,4,1,1.0,227,22,30.31594604,-97.70766108,IH,35.0,237.616,IH0035,Y,N,2,FRI,8.0,20.0,24.0,8.0,11.0,193850.0,2018.0,9.5,1.0,157.0,0.0,0,1,0,0,0,1,0,2018
16327605,N,03/30/2018,11:55 AM,60,11,1,1,20,2,4,20,1.0,227,22,30.38033423,-97.73922992,US,183.0,314.7390000000001,US0183,Y,N,2,FRI,20.0,20.0,36.0,6.0,12.0,146786.0,2018.0,1.9,,,,0,1,0,7,0,1,0,2018
16328245,N,03/09/2018,02:55 PM,65,11,1,1,3,7,4,1,4.0,227,9999,30.45048977,-97.6665507,IH,35.0,247.439,IH0035,Y,Y,2,FRI,8.0,20.0,3.0,6.0,11.0,129244.0,2018.0,12.7,,,,0,1,0,0,0,1,0,2018
16328281,N,03/20/2018,11:40 AM,55,11,1,1,20,7,4,1,4.0,227,22,30.41723812,-97.67288613,IH,35.0,245.121,IH0035,Y,N,2,TUE,8.0,20.0,3.0,6.0,11.0,134367.0,2018.0,12.4,,,,0,1,0,1,0,1,0,2018
16328322,N,03/31/2018,11:29 AM,45,11,1,1,20,2,1,34,1.0,227,1016,,,FM,973.0,,FM0973,Y,N,2,SAT,,,,,,,,,,,,0,1,1,3,0,2,0,2018
16328754,N,03/25/2018,10:01 AM,60,12,1,2,8,2,1,13,1.0,227,9999,,,US,183.0,,US0183,Y,Y,2,SUN,,,,,,,,,,,,0,2,0,0,0,2,0,2018
16330373,N,03/24/2018,10:27 PM,70,11,3,1,20,2,4,20,1.0,227,9999,30.4664275,-97.66955876,IH,35.0,248.561,IH0035,Y,Y,2,SAT,20.0,20.0,3.0,6.0,11.0,162734.0,2018.0,11.4,,,,0,1,0,4,0,1,0,2018
16330428,N,03/30/2018,03:40 PM,45,11,1,1,20,2,4,22,1.0,227,22,30.22022683,-97.75872431,US,290.0,116.678,US0290,Y,N,1,FRI,20.0,20.0,20.0,6.0,12.0,140123.0,2018.0,2.6,,,,1,1,0,2,0,2,0,2018
16330441,N,03/30/2018,06:51 PM,-1,11,1,1,5,2,1,10,1.0,227,22,30.21642876,-97.75132751,IH,35.0,230.129,IH0035,Y,N,1,FRI,4.0,20.0,3.0,6.0,11.0,157370.0,2018.0,10.5,,,,1,3,0,0,0,4,0,2018
16330458,N,03/30/2018,07:26 PM,-1,11,1,1,20,2,2,22,1.0,227,22,30.4080354,-97.67515517,FM,734.0,11.793,FM0734,Y,N,1,FRI,10.0,10.0,16.0,6.0,14.0,63989.0,2018.0,3.7,,,,1,0,0,1,0,1,0,2018
16330519,N,03/31/2018,01:08 PM,45,12,1,1,20,2,3,14,1.0,227,22,30.38065207,-97.68708522,SL,275.0,3.2060000000000004,SL0275,Y,N,2,SAT,0.0,2.0,0.0,4.0,14.0,30447.0,2018.0,1.8,,,,0,1,0,6,0,1,0,2018
16330528,N,03/31/2018,03:51 PM,70,11,1,1,20,2,4,20,1.0,227,22,30.19251031,-97.76888604,IH,35.0,228.175,IH0035,Y,N,2,SAT,24.0,24.0,42.0,6.0,11.0,170988.0,2018.0,10.7,1.0,208.0,0.0,0,1,0,2,0,1,0,2018
16330533,N,03/31/2018,08:37 PM,45,11,4,1,5,2,2,20,1.0,227,22,30.21642876,-97.75132751,IH,35.0,230.129,IH0035,Y,N,1,SAT,4.0,20.0,3.0,6.0,11.0,157370.0,2018.0,10.5,,,,1,0,0,3,0,1,0,2018
16332408,N,03/27/2018,02:52 PM,45,12,1,1,5,2,2,20,1.0,227,22,30.44849293,-97.66178279,FM,1825.0,0.768,FM1825,Y,N,1,TUE,8.0,8.0,0.0,4.0,16.0,34141.0,2018.0,3.5,1.0,102.0,4.0,1,1,0,0,0,2,0,2018
16332426,N,03/27/2018,06:53 AM,45,12,2,1,8,2,2,17,1.0,227,8389,30.23262035,-97.49251777,FM,969.0,15.711,FM0969,Y,Y,2,TUE,0.0,0.0,0.0,2.0,7.0,4809.0,2018.0,9.5,1.0,386.0,13.0,0,1,1,0,0,2,0,2018
16335125,N,04/03/2018,06:54 PM,45,12,1,1,5,2,1,34,1.0,227,330,30.44307568,-97.62766727,FM,1825.0,2.9810000000000003,FM1825,Y,N,2,TUE,9.0,9.0,0.0,2.0,16.0,20268.0,2018.0,4.4,,,,0,1,1,0,0,2,0,2018
16335409,N,03/24/2018,05:50 PM,65,11,1,1,20,2,4,20,1.0,227,22,30.25606089,-97.73697932,IH,35.0,233.098,IH0035,Y,N,2,SAT,8.0,20.0,3.0,8.0,11.0,142856.0,2018.0,11.0,,,,0,1,1,3,0,2,0,2018
16336683,N,04/02/2018,05:45 PM,-1,12,1,1,20,2,4,20,1.0,227,22,,,SH,360.0,,SH0360,Y,N,2,MON,,,,,,,,,,,,0,1,0,1,0,1,0,2018
16336771,Y,04/02/2018,10:16 AM,-1,12,1,1,5,2,1,21,1.0,227,22,30.33248724,-97.68631106,US,183.0,319.598,US0183,Y,N,2,MON,4.0,10.0,24.0,5.0,12.0,65226.0,2018.0,6.6,,,,0,1,0,2,0,1,0,2018
16336846,N,04/03/2018,02:33 PM,50,12,1,1,1,2,3,34,1.0,227,22,30.40066588,-97.8515304,RM,2222.0,0.261,RM2222,Y,N,2,TUE,0.0,0.0,0.0,4.0,14.0,42777.0,2018.0,3.2,,,,0,1,0,1,0,1,0,2018
16336850,N,04/04/2018,01:21 AM,-1,11,4,1,5,2,2,17,1.0,227,22,30.34026625,-97.5917228,US,290.0,132.17,US0290,Y,N,2,WED,20.0,20.0,3.0,5.0,12.0,34434.0,2018.0,8.4,,,,0,1,1,0,0,2,0,2018
16338598,N,03/07/2018,10:33 PM,60,11,3,1,20,7,4,1,2.0,227,9999,30.34705391,-98.05187999,SH,71.0,101.46,SH0071,Y,Y,4,WED,2.0,2.0,0.0,4.0,2.0,37755.0,2018.0,3.3,,,,0,0,0,0,0,0,1,2018
16340422,N,04/03/2018,09:37 PM,55,11,3,1,8,2,1,10,1.0,227,330,30.45139069,-97.59422941,SH,130.0,17.985,SH0130,Y,N,2,TUE,8.0,20.0,135.0,6.0,12.0,45033.0,2018.0,17.2,,,,0,2,2,0,0,4,0,2018
16342332,N,04/06/2018,04:06 PM,45,12,1,1,20,2,1,34,1.0,227,9999,30.3064606,-97.84281227,RM,2244.0,6.312,RM2244,Y,Y,2,FRI,10.0,10.0,0.0,4.0,14.0,47314.0,2018.0,3.1,1.0,133.0,5.0,0,2,0,0,0,2,0,2018
16342881,N,04/04/2018,04:24 PM,60,11,1,1,12,2,4,30,1.0,227,9999,30.21583149,-97.96456912,US,290.0,103.58,US0290,Y,Y,4,WED,1.0,1.0,0.0,4.0,14.0,37680.0,2018.0,2.9,,,,0,0,0,0,0,0,2,2018
16343577,N,04/05/2018,06:50 PM,65,11,1,1,20,2,4,20,1.0,227,22,30.30348333,-97.71422856,IH,35.0,236.668,IH0035,Y,N,2,THU,8.0,20.0,24.0,8.0,11.0,196302.0,2018.0,9.5,,,,0,1,0,3,0,1,0,2018
16343578,N,04/05/2018,07:23 PM,-1,12,1,1,20,2,2,22,1.0,227,22,30.37320137,-97.72640228,US,183.0,315.649,US0183,Y,N,2,THU,20.0,20.0,8.0,6.0,12.0,138365.0,2018.0,3.6,,,,0,1,0,1,0,1,0,2018
16343608,N,04/07/2018,01:39 AM,35,11,4,2,20,2,1,10,1.0,227,22,30.23660535,-97.83985156,US,290.0,111.508,US0290,Y,N,2,SAT,20.0,20.0,42.0,5.0,12.0,68372.0,2018.0,2.7,1.0,465.0,0.0,0,1,0,1,0,1,0,2018
16343609,N,04/07/2018,09:06 AM,70,2,1,2,20,7,4,1,4.0,227,22,30.39088907,-97.67189705,IH,35.0,243.262,IH0035,Y,N,2,SAT,8.0,20.0,3.0,6.0,11.0,159315.0,2018.0,11.5,,,,0,1,0,0,0,1,0,2018
16344546,N,04/04/2018,03:56 PM,45,11,1,1,20,2,1,14,1.0,227,22,30.172950300000004,-97.78529629,SL,275.0,20.758000000000006,SL0275,Y,N,2,WED,0.0,0.0,0.0,4.0,14.0,17455.0,2018.0,1.8,,,,0,2,3,1,0,5,0,2018
16344676,N,04/04/2018,04:08 PM,60,11,1,1,1,2,4,20,1.0,227,22,30.18750542,-97.6466804,FM,973.0,30.471,FM0973,Y,N,2,WED,4.0,4.0,0.0,2.0,16.0,18337.0,2018.0,5.9,,,,0,1,0,1,0,1,0,2018
16344687,N,04/04/2018,10:06 PM,-1,11,4,1,20,2,4,21,1.0,227,22,30.26892976,-97.66975939,US,183.0,324.7290000000001,US0183,Y,N,1,WED,18.0,16.0,36.0,4.0,14.0,67460.0,2018.0,6.6,,,,1,1,0,1,0,2,0,2018
16344740,N,04/05/2018,08:04 AM,75,12,1,1,20,2,4,22,1.0,227,22,30.44318894,-97.69717777,SL,1.0,2.351,SL0001,Y,N,2,THU,20.0,20.0,36.0,6.0,12.0,64650.0,2018.0,2.0,1.0,934.0,0.0,0,1,0,2,0,1,0,2018
16344742,N,04/05/2018,11:50 AM,45,11,1,1,5,2,1,10,1.0,227,22,30.32556534,-97.67331696,US,183.0,320.512,US0183,Y,N,2,THU,16.0,20.0,70.0,4.0,12.0,55986.0,2018.0,7.2,,,,0,1,0,1,0,1,0,2018
16344746,N,04/05/2018,03:50 PM,65,11,1,1,1,2,4,22,1.0,227,22,30.22749627,-97.7448778,IH,35.0,230.982,IH0035,Y,N,2,THU,4.0,20.0,3.0,6.0,11.0,157370.0,2018.0,10.5,,,,0,1,0,1,0,1,0,2018
16344775,N,04/06/2018,03:50 PM,-1,11,1,1,20,2,4,22,1.0,227,22,30.28627943,-97.7251611,IH,35.0,235.316,IH0035,Y,N,2,FRI,20.0,40.0,3.0,8.0,11.0,202376.0,2018.0,9.3,,,,0,1,0,1,0,1,0,2018
16344809,N,04/07/2018,08:41 PM,-1,12,4,1,5,2,2,21,1.0,227,22,30.25370571,-97.8088967,SL,360.0,12.220999999999998,SL0360,Y,N,2,SAT,8.0,20.0,60.0,4.0,14.0,55818.0,2018.0,2.6,,,,0,1,0,1,0,1,0,2018
16344822,N,04/08/2018,09:07 AM,45,12,1,1,5,2,1,10,1.0,227,22,30.3346541,-97.60761567,US,290.0,131.145,US0290,Y,N,2,SUN,20.0,20.0,3.0,6.0,12.0,34434.0,2018.0,8.4,,,,0,1,1,1,0,2,0,2018
16344843,N,04/08/2018,06:06 PM,70,11,1,1,1,7,4,1,4.0,227,22,30.40030973,-97.67398513,IH,35.0,243.937,IH0035,Y,N,2,SUN,8.0,20.0,3.0,6.0,11.0,159315.0,2018.0,11.5,1.0,438.0,1.0,0,1,1,1,0,2,0,2018
16344844,N,04/08/2018,07:10 PM,55,11,1,1,20,7,4,1,2.0,227,22,30.40747561,-97.85209194,RM,620.0,13.117,RM0620,Y,N,2,SUN,8.0,8.0,0.0,4.0,14.0,50802.0,2018.0,3.1,,,,0,1,0,0,0,1,0,2018
16344848,N,04/08/2018,11:59 PM,50,11,4,1,2,2,2,22,1.0,227,22,30.42475916,-97.71353478,FM,734.0,9.199,FM0734,Y,N,2,SUN,8.0,20.0,36.0,6.0,14.0,49788.0,2018.0,3.9,1.0,52.0,2.0,0,1,0,2,0,1,0,2018
16344851,N,04/09/2018,08:24 AM,60,12,1,1,5,2,2,22,1.0,227,22,30.39414795,-97.74647931,US,183.0,313.677,US0183,Y,N,2,MON,20.0,20.0,36.0,6.0,12.0,137676.0,2018.0,2.0,,,,0,1,1,2,0,2,0,2018
16344855,N,04/09/2018,12:54 PM,45,12,1,1,1,4,4,4,5.0,227,22,,,IH,35.0,,IH0035,Y,N,2,MON,,,,,,,,,,,,0,1,0,1,0,1,0,2018
16346805,N,03/30/2018,09:31 PM,-1,11,3,1,1,1,1,1,1.0,227,22,30.35654902,-97.70122856,SL,275.0,5.07,SL0275,Y,N,1,FRI,0.0,0.0,0.0,4.0,14.0,37706.0,2018.0,1.2,1.0,112.0,0.0,1,0,0,2,0,1,0,2018
16346815,N,04/03/2018,08:13 AM,70,12,1,1,1,2,4,22,1.0,227,22,30.44145345,-97.66829056,IH,35.0,246.80900000000003,IH0035,Y,N,2,TUE,8.0,20.0,3.0,6.0,11.0,129244.0,2018.0,12.7,,,,0,1,0,1,0,1,0,2018
16346817,N,04/05/2018,07:16 PM,45,11,1,1,10,2,4,22,1.0,227,22,30.37320137,-97.72640228,US,183.0,315.649,US0183,Y,N,2,THU,20.0,20.0,8.0,6.0,12.0,138365.0,2018.0,3.6,,,,0,1,0,2,0,1,0,2018
16347211,N,04/09/2018,01:03 PM,25,11,1,1,5,2,2,22,1.0,227,451,30.28150997,-97.80870454,RM,2244.0,9.121,RM2244,Y,Y,1,MON,0.0,0.0,0.0,4.0,14.0,27537.0,2018.0,3.8,1.0,97.0,3.0,1,0,0,2,0,1,0,2018
16347298,N,04/10/2018,08:39 AM,50,12,1,1,20,2,4,21,1.0,227,22,30.391242100000003,-97.74589101,US,183.0,313.881,US0183,Y,N,1,TUE,20.0,20.0,36.0,6.0,12.0,137676.0,2018.0,2.0,,,,1,0,1,0,1,2,0,2018
16347303,N,04/10/2018,06:36 AM,40,11,4,1,10,2,4,20,1.0,227,22,30.34774163,-97.71247936,SL,275.0,5.977,SL0275,Y,N,2,TUE,2.0,20.0,12.0,4.0,14.0,37706.0,2018.0,1.2,,,,0,1,0,0,1,1,0,2018
16347304,N,04/10/2018,08:13 AM,65,11,1,1,20,2,4,20,1.0,227,22,30.30025284,-97.75825386,SL,1.0,13.335,SL0001,Y,N,1,TUE,12.0,20.0,60.0,6.0,12.0,150574.0,2018.0,1.2,,,,1,0,1,1,0,2,0,2018
16347322,N,04/10/2018,09:47 AM,45,11,1,1,20,2,1,34,1.0,227,22,,,US,183.0,,US0183,Y,N,2,TUE,,,,,,,,,,,,0,1,0,2,0,1,0,2018
16348147,N,04/09/2018,01:09 AM,45,11,4,1,20,7,4,1,2.0,227,22,30.19399001,-97.77847048,SL,275.0,19.255,SL0275,Y,N,4,MON,5.0,5.0,0.0,4.0,14.0,32519.0,2018.0,1.3,,,,1,0,0,0,0,1,1,2018
16348345,Y,04/10/2018,11:36 AM,45,11,1,1,20,2,4,22,1.0,227,22,30.34898386,-97.69391215,IH,35.0,240.069,IH0035,Y,N,2,TUE,20.0,20.0,3.0,6.0,11.0,145168.0,2018.0,11.9,,,,0,1,0,3,0,1,0,2018
16349153,N,03/31/2018,01:44 PM,60,11,1,1,20,2,4,20,1.0,227,22,30.24846714,-97.73544709,IH,35.0,232.568,IH0035,Y,N,1,SAT,4.0,10.0,3.0,6.0,11.0,142856.0,2018.0,11.0,1.0,238.0,3.0,1,0,0,4,0,1,0,2018
16349161,N,04/07/2018,01:47 PM,70,11,1,1,20,2,4,21,1.0,227,22,30.37960671,-97.674717,IH,35.0,242.467,IH0035,Y,N,2,SAT,8.0,20.0,3.0,6.0,11.0,159315.0,2018.0,11.5,,,,0,2,0,3,0,2,0,2018
16351284,N,02/04/2018,10:40 PM,55,11,4,1,20,2,4,34,1.0,227,22,30.41299251,-97.69008417,FM,734.0,10.816,FM0734,Y,N,2,SUN,10.0,20.0,36.0,6.0,14.0,56464.0,2018.0,3.8,,,,0,1,0,2,0,1,0,2018
16351286,N,02/18/2018,05:30 AM,50,2,3,2,20,10,4,1,2.0,227,22,30.33845599,-97.70057628,IH,35.0,239.243,IH0035,Y,N,2,SUN,20.0,20.0,3.0,6.0,11.0,199837.0,2018.0,9.4,,,,0,1,0,0,0,1,0,2018
16351289,N,03/08/2018,07:00 AM,65,12,1,1,20,2,4,20,1.0,227,22,30.35430563,-97.74743629,SL,1.0,9.511,SL0001,Y,N,2,THU,12.0,20.0,36.0,6.0,12.0,148872.0,2018.0,1.2,1.0,157.0,2.0,0,1,1,0,0,2,0,2018
16351290,N,03/08/2018,09:21 PM,65,11,4,1,20,2,4,20,1.0,227,22,30.42171476,-97.70376834,SL,1.0,3.881,SL0001,Y,N,2,THU,20.0,20.0,36.0,6.0,12.0,97934.0,2018.0,8.4,,,,0,2,0,1,0,2,0,2018
16351291,N,03/27/2018,09:59 AM,40,12,1,1,20,2,3,23,1.0,227,22,30.33873597,-97.75464017,SL,1.0,10.67,SL0001,Y,N,2,TUE,12.0,20.0,100.0,6.0,12.0,148872.0,2018.0,1.2,,,,0,2,0,0,0,2,0,2018
16351303,N,04/11/2018,02:27 PM,45,11,1,1,5,2,1,10,1.0,227,22,30.32556534,-97.67331696,US,183.0,320.512,US0183,Y,N,2,WED,16.0,20.0,70.0,4.0,12.0,55986.0,2018.0,7.2,,,,0,3,2,0,0,5,0,2018
16351308,N,04/11/2018,04:58 PM,-1,11,1,1,1,2,4,20,1.0,227,22,30.36710041,-97.71838717,US,183.0,316.315,US0183,Y,N,1,WED,20.0,20.0,8.0,6.0,12.0,138365.0,2018.0,3.6,1.0,117.0,0.0,1,0,0,1,0,1,0,2018
16351379,N,04/11/2018,04:30 PM,-1,11,1,1,1,2,4,20,1.0,227,22,30.37189403,-97.67940786,IH,35.0,241.867,IH0035,Y,N,2,WED,8.0,20.0,3.0,6.0,11.0,138459.0,2018.0,12.2,,,,0,1,3,0,1,4,0,2018
16351564,N,04/11/2018,08:55 PM,60,11,3,1,20,1,4,1,1.0,227,9999,30.39674086,-97.91894681,RM,620.0,8.203,RM0620,Y,Y,1,WED,8.0,8.0,0.0,4.0,14.0,31078.0,2018.0,3.6,,,,1,0,0,1,0,1,0,2018
16352484,N,04/11/2018,11:13 PM,65,11,4,1,11,2,4,20,1.0,227,22,,,IH,35.0,,IH0035,Y,N,2,WED,,,,,,,,,,,,0,1,0,1,0,1,0,2018
16352511,N,04/12/2018,05:40 AM,55,11,2,1,10,10,2,1,1.0,227,22,30.27544977,-97.66805038,US,183.0,324.269,US0183,Y,N,2,THU,18.0,16.0,36.0,4.0,14.0,67460.0,2018.0,6.6,,,,0,1,0,0,0,1,0,2018
16352528,N,04/13/2018,08:16 AM,55,12,1,1,11,7,4,1,2.0,227,22,30.13017047,-97.7999657,IH,35.0,223.47,IH0035,Y,N,2,FRI,6.0,20.0,40.0,6.0,11.0,135389.0,2018.0,11.8,1.0,103.0,0.0,0,1,0,0,0,1,0,2018
16352672,N,03/17/2018,03:38 PM,-1,11,1,1,20,2,4,20,1.0,227,22,30.29737102,-97.7180765,IH,35.0,236.189,IH0035,Y,N,2,SAT,8.0,20.0,24.0,8.0,11.0,202376.0,2018.0,9.3,,,,0,1,0,0,3,1,0,2018
16353400,N,04/13/2018,07:54 PM,45,11,1,1,1,10,4,1,2.0,227,22,30.17365031,-97.82384173,FM,2304.0,2.063,FM2304,Y,N,2,FRI,13.0,14.0,0.0,2.0,16.0,31291.0,2018.0,3.6,1.0,119.0,2.0,0,2,0,0,0,2,0,2018
16356638,N,03/26/2018,05:30 PM,70,11,1,1,20,2,4,20,1.0,227,22,30.40631803,-97.6749442,IH,35.0,244.36,IH0035,Y,N,2,MON,8.0,20.0,3.0,6.0,11.0,159315.0,2018.0,11.5,1.0,411.0,1.0,0,1,0,1,0,1,0,2018
16356732,N,04/15/2018,02:05 AM,40,11,4,1,5,2,1,14,1.0,227,22,30.26670353,-97.73431686,IH,35.0,233.856,IH0035,Y,N,2,SUN,20.0,40.0,3.0,8.0,11.0,177389.0,2018.0,9.9,,,,0,1,0,0,1,1,0,2018
16357099,N,03/09/2018,07:07 PM,-1,11,3,1,5,2,1,34,1.0,227,9999,30.16733584,-97.65936787,FM,973.0,32.167,FM0973,Y,Y,2,FRI,5.0,5.0,0.0,2.0,16.0,12543.0,2018.0,6.7,,,,0,1,1,0,0,2,0,2018
16357104,N,03/24/2018,03:53 PM,-1,11,1,1,20,2,3,13,1.0,227,22,30.40777799,-97.6737205,FM,734.0,11.880999999999998,FM0734,Y,N,2,SAT,10.0,20.0,36.0,6.0,14.0,63989.0,2018.0,3.7,1.0,94.0,4.0,0,1,0,1,0,1,0,2018
16357360,N,04/13/2018,10:59 PM,55,2,4,2,5,2,1,10,1.0,227,22,30.33716403,-97.59992118,US,290.0,131.636,US0290,Y,N,2,FRI,20.0,20.0,3.0,5.0,12.0,34434.0,2018.0,8.4,1.0,121.0,1.0,0,1,1,6,0,2,0,2018
16357370,N,04/14/2018,02:19 AM,60,12,4,1,1,2,4,21,1.0,227,22,,,IH,35.0,,IH0035,Y,N,2,SAT,,,,,,,,,,,,0,1,0,1,0,1,0,2018
16357373,N,04/14/2018,02:45 AM,-1,11,4,1,20,2,4,20,1.0,227,22,30.28636913,-97.72510308,IH,35.0,235.323,IH0035,Y,N,2,SAT,20.0,40.0,3.0,8.0,11.0,202376.0,2018.0,9.3,,,,0,1,0,1,0,1,0,2018
16357380,N,04/14/2018,03:00 PM,-1,11,1,1,17,2,1,14,1.0,227,22,30.34130259,-97.76960577,RM,2222.0,7.638,RM2222,Y,N,2,SAT,0.0,0.0,0.0,4.0,14.0,27256.0,2018.0,3.8,,,,0,1,1,0,0,2,0,2018
16357658,N,04/14/2018,04:32 PM,-1,11,1,1,11,7,4,1,2.0,227,22,,,SL,1.0,,SL0001,Y,N,1,SAT,,,,,,,,,,,,1,0,0,5,0,1,0,2018