Crash_ID,Cmv_Involv_Fl,Crash_Date,Crash_Time,Crash_Speed_Limit,Wthr_Cond_ID,Light_Cond_ID,Surf_Cond_ID,Traffic_Cntl_ID,Harm_Evnt_ID,Intrsct_Relat_ID,FHE_Collsn_ID,Road_Relat_ID,Cnty_ID,City_ID,Latitude,Longitude,Hwy_Sys,Hwy_Nbr,Dfo,Street_Name,Onsys_Fl,Rural_Fl,Crash_Sev_ID,Day_of_Week,Shldr_Width_Left,Shldr_Width_Right,Median_Width,Nbr_Of_Lane,Func_Sys_ID,Adt_Curnt_Amt,Adt_Curnt_Year,Trk_Aadt_Pct,Curve_Type_ID,Curve_Lngth,Cd_Degr,Sus_Serious_Injry_Cnt,Nonincap_Injry_Cnt,Poss_Injry_Cnt,Non_Injry_Cnt,Unkn_Injry_Cnt,Tot_Injry_Cnt,Death_Cnt,Year
16414068,N,05/14/2018,10:42 AM,45,11,1,1,5,2,1,10,1.0,227,22,30.32212067,-97.70681763,IH,35.0,238.044,IH0035,Y,N,1,MON,8.0,20.0,24.0,8.0,11.0,199837.0,2018.0,9.4,,,,2,0,0,0,0,2,0,2018
16414081,N,05/16/2018,10:59 AM,60,11,1,1,8,2,1,10,1.0,227,22,30.38833229,-97.65082544,FM,734.0,14.01,FM0734,Y,N,1,WED,11.0,0.0,55.0,4.0,14.0,39056.0,2018.0,4.1,,,,1,0,1,0,1,2,0,2018
16414133,N,05/16/2018,05:19 PM,-1,11,1,1,20,2,4,20,1.0,227,22,30.30407859,-97.75842127,SL,1.0,13.071,SL0001,Y,N,2,WED,12.0,20.0,100.0,6.0,12.0,150574.0,2018.0,1.2,,,,0,1,0,3,0,1,0,2018
16414146,N,05/16/2018,06:36 PM,35,11,1,1,5,2,2,22,1.0,227,22,30.26086189,-97.75852018,SL,343.0,3.383,SL0343,Y,N,2,WED,0.0,0.0,0.0,4.0,14.0,46479.0,2018.0,1.4,,,,0,1,0,1,0,1,0,2018
16414238,N,05/16/2018,08:28 PM,-1,11,4,1,20,2,2,22,1.0,227,22,30.2201978,-97.83652978,SL,1.0,20.87,SL0001,Y,N,2,WED,20.0,20.0,3.0,6.0,12.0,84322.0,2018.0,1.6,,,,0,1,0,1,0,1,0,2018
16414260,N,05/17/2018,10:33 PM,55,11,4,1,20,2,4,20,1.0,227,22,30.22083498,-97.74875351,IH,35.0,230.469,IH0035,Y,N,2,THU,4.0,20.0,3.0,6.0,11.0,157370.0,2018.0,10.5,,,,0,1,0,1,0,1,0,2018
16414426,N,05/17/2018,11:15 AM,60,11,1,1,5,2,1,10,1.0,227,22,30.33658563,-97.59979866,FM,3177.0,0.0,FM3177,Y,N,2,THU,1.0,1.0,0.0,4.0,17.0,1276.0,2018.0,7.1,1.0,64.0,4.0,0,2,0,0,0,2,0,2018
16414680,N,05/10/2018,04:12 PM,60,11,1,1,8,2,1,10,1.0,227,9999,30.12069603,-97.63524326,FM,812.0,5.013,FM0812,Y,Y,2,THU,10.0,10.0,0.0,2.0,6.0,13167.0,2018.0,7.0,1.0,70.0,1.0,0,1,0,3,0,1,0,2018
16416363,N,05/11/2018,06:57 PM,-1,11,1,1,20,2,4,21,1.0,227,22,30.22220804,-97.6830832,SH,71.0,127.743,SH0071,Y,N,2,FRI,10.0,10.0,52.0,5.0,12.0,95090.0,2018.0,3.5,1.0,99.0,2.0,0,1,0,0,1,1,0,2018
16416370,N,05/15/2018,02:00 AM,50,11,4,1,11,2,2,22,1.0,227,22,30.38194561,-97.68635278,SL,275.0,3.107,SL0275,Y,N,2,TUE,0.0,2.0,0.0,4.0,14.0,28204.0,2018.0,1.4,,,,0,1,2,0,0,3,0,2018
16416414,N,05/17/2018,07:53 PM,-1,11,1,2,17,9,4,4,2.0,227,22,30.37772122,-97.77850519,SL,360.0,2.296,SL0360,Y,N,2,THU,8.0,20.0,48.0,4.0,14.0,54706.0,2018.0,2.6,,,,0,1,0,0,1,1,0,2018
16416415,N,05/17/2018,09:30 PM,70,11,3,1,20,2,4,22,1.0,227,22,30.16863126,-97.7850522,IH,35.0,226.269,IH0035,Y,N,2,THU,6.0,20.0,30.0,6.0,11.0,156852.0,2018.0,11.1,1.0,586.0,0.0,0,1,0,5,0,1,0,2018
16416457,N,05/18/2018,11:10 AM,-1,11,1,1,5,1,2,1,1.0,227,22,30.33480273,-97.73981902,RM,2222.0,9.718,RM2222,Y,N,2,FRI,0.0,0.0,0.0,4.0,14.0,34181.0,2018.0,3.5,1.0,59.0,0.0,0,1,0,1,0,1,0,2018
16417003,Y,05/13/2018,01:42 PM,80,11,1,1,20,7,4,1,4.0,227,330,30.45166478,-97.59423407,SH,130.0,17.967,SH0130,Y,N,2,SUN,8.0,20.0,135.0,6.0,12.0,45033.0,2018.0,17.2,,,,0,1,0,3,0,1,0,2018
16418662,N,05/18/2018,05:32 PM,60,11,1,1,8,2,2,10,2.0,227,9999,30.37174635,-97.47226064,FM,1100.0,1.599,FM1100,Y,Y,1,FRI,1.0,1.0,0.0,2.0,8.0,1139.0,2018.0,8.1,,,,1,0,0,1,0,1,0,2018
16418752,N,05/20/2018,07:30 AM,60,2,1,2,20,2,4,30,1.0,227,9999,30.396669199999998,-97.85940141,RM,620.0,12.229,RM0620,Y,Y,2,SUN,8.0,8.0,0.0,4.0,14.0,46442.0,2018.0,3.2,,,,0,1,0,2,0,1,0,2018
16420226,N,05/11/2018,04:26 AM,-1,11,4,1,5,7,2,1,4.0,227,22,30.44389256,-97.74235428,FM,734.0,7.002999999999999,FM0734,Y,N,1,FRI,8.0,20.0,36.0,6.0,14.0,55456.0,2018.0,3.8,,,,1,0,0,0,0,1,0,2018
16423469,N,05/22/2018,09:52 AM,65,11,1,1,1,2,2,23,1.0,227,9999,30.40287111,-98.09491478,SH,71.0,96.548,SH0071,Y,Y,2,TUE,6.0,6.0,0.0,4.0,2.0,15560.0,2018.0,5.1,,,,0,1,1,0,0,2,0,2018
16423470,N,05/04/2018,03:00 PM,60,12,1,2,20,2,4,30,1.0,227,9999,30.39483709,-97.86660464,RM,620.0,11.781,RM0620,Y,Y,2,FRI,8.0,8.0,0.0,4.0,14.0,46442.0,2018.0,3.2,,,,0,1,0,3,0,1,0,2018
16423666,N,05/18/2018,01:52 PM,60,11,1,1,20,2,4,22,1.0,227,22,30.28147315,-97.7282527,IH,35.0,234.938,IH0035,Y,N,1,FRI,20.0,40.0,3.0,8.0,11.0,202376.0,2018.0,9.3,1.0,118.0,0.0,2,0,1,5,0,3,0,2018
16423786,N,05/20/2018,03:35 PM,10,11,1,1,8,1,4,3,5.0,227,250,,,,,,RR0620,Y,N,2,SUN,,,,,,,,,,,,0,1,0,1,0,1,0,2018
16423907,N,05/08/2018,10:21 PM,-1,11,4,1,5,1,2,1,1.0,227,22,30.37290169,-97.72647196,FM,1325.0,8.169,FM1325,Y,N,2,TUE,0.0,0.0,40.0,4.0,14.0,43120.0,2018.0,1.5,,,,0,1,0,1,0,1,0,2018
16423916,N,05/12/2018,02:57 AM,35,11,4,1,5,2,1,10,1.0,227,22,30.22999181,-97.78824314,US,290.0,114.733,US0290,Y,N,2,SAT,20.0,20.0,22.0,8.0,12.0,148990.0,2018.0,2.4,,,,0,3,0,0,0,3,0,2018
16423963,N,05/17/2018,10:06 AM,65,11,1,1,20,2,4,20,1.0,227,22,30.42986162,-97.76066971,US,183.0,310.778,US0183,Y,N,2,THU,16.0,20.0,36.0,6.0,12.0,130260.0,2018.0,2.1,,,,0,1,1,3,0,2,0,2018
16423991,N,05/17/2018,05:28 AM,45,11,4,1,1,2,2,22,1.0,227,22,30.27468087,-97.73146403,IH,35.0,234.431,IH0035,Y,N,2,THU,20.0,40.0,3.0,8.0,11.0,177389.0,2018.0,9.9,,,,0,1,0,5,0,1,0,2018
16423997,N,05/18/2018,03:54 PM,-1,12,1,1,5,2,1,34,1.0,227,22,30.40795163,-97.67464762,FM,734.0,11.824000000000002,FM0734,Y,N,2,FRI,10.0,20.0,36.0,6.0,14.0,63989.0,2018.0,3.7,,,,0,1,1,3,2,2,0,2018
16424003,N,05/18/2018,06:12 PM,-1,11,1,1,20,2,3,14,1.0,227,22,30.42035905,-97.84558484,RM,620.0,14.084,RM0620,Y,N,2,FRI,8.0,8.0,0.0,4.0,14.0,50802.0,2018.0,3.1,1.0,93.0,1.0,0,1,0,1,0,1,0,2018
16424056,N,05/19/2018,11:28 AM,60,11,1,1,20,2,4,20,1.0,227,22,30.24112096,-97.73680692,IH,35.0,232.036,IH0035,Y,N,2,SAT,4.0,16.0,40.0,6.0,11.0,150700.0,2018.0,10.7,,,,0,1,0,2,0,1,0,2018
16424089,N,05/19/2018,08:01 PM,-1,11,1,1,8,2,1,10,1.0,227,22,30.2685749,-97.77734485,SL,1.0,15.845999999999998,SL0001,Y,N,2,SAT,8.0,12.0,36.0,8.0,12.0,139370.0,2018.0,1.2,,,,0,1,0,2,0,1,0,2018
16424094,N,05/19/2018,08:31 PM,55,11,5,1,20,2,3,23,1.0,227,22,30.15695792,-97.7904372,IH,35.0,225.399,IH0035,Y,N,1,SAT,6.0,20.0,30.0,6.0,11.0,128785.0,2018.0,12.2,,,,1,1,0,1,0,2,0,2018
16424095,N,05/19/2018,06:34 PM,35,11,1,1,8,2,1,34,1.0,227,22,30.14280985,-97.80156265,FM,1626.0,0.354,FM1626,Y,N,2,SAT,1.0,1.0,0.0,2.0,16.0,14556.0,2018.0,4.7,1.0,80.0,3.0,0,1,0,2,0,1,0,2018
16424140,N,05/20/2018,09:39 PM,-1,11,4,1,11,2,4,22,1.0,227,22,30.30263952,-97.75847303,SL,1.0,13.17,SL0001,Y,N,1,SUN,12.0,20.0,100.0,6.0,12.0,150574.0,2018.0,1.2,1.0,142.0,2.0,1,0,0,2,0,1,0,2018
16424150,N,05/21/2018,08:33 AM,60,12,1,1,20,2,4,20,1.0,227,22,30.20691211,-97.64670174,SH,71.0,130.218,SH0071,Y,N,2,MON,4.0,10.0,2.0,6.0,14.0,66025.0,2018.0,4.1,,,,0,1,0,1,0,1,0,2018
16424151,N,05/21/2018,08:24 AM,55,12,1,1,1,2,4,22,1.0,227,22,30.21190167,-97.75409300000001,IH,35.0,229.777,IH0035,Y,N,2,MON,4.0,20.0,3.0,6.0,11.0,148474.0,2018.0,11.3,1.0,301.0,0.0,0,1,1,2,0,2,0,2018
16424192,N,05/21/2018,05:08 PM,35,11,1,1,8,2,1,10,1.0,227,22,30.14281027,-97.80156369,FM,1626.0,0.354,FM1626,Y,N,2,MON,1.0,1.0,0.0,2.0,16.0,14556.0,2018.0,4.7,1.0,80.0,3.0,0,2,1,0,0,3,0,2018
16424202,N,05/22/2018,12:53 PM,-1,11,1,1,20,2,4,22,1.0,227,22,30.23671464,-97.68634733,US,183.0,327.564,US0183,Y,N,2,TUE,6.0,10.0,36.0,4.0,14.0,97049.0,2018.0,5.6,1.0,115.0,0.0,0,1,0,1,0,1,0,2018
16424209,N,05/22/2018,03:23 PM,70,11,1,1,20,2,4,21,1.0,227,22,30.15310869,-97.79156445,IH,35.0,225.126,IH0035,Y,N,2,TUE,6.0,20.0,30.0,6.0,11.0,128785.0,2018.0,12.2,,,,0,1,0,0,1,1,0,2018
16424210,N,05/22/2018,04:10 PM,-1,11,1,1,8,2,2,17,1.0,227,22,30.1779495,-97.77893356,IH,35.0,227.007,IH0035,Y,N,2,TUE,6.0,20.0,30.0,6.0,11.0,156852.0,2018.0,11.1,,,,0,1,0,2,0,1,0,2018
16424242,N,05/22/2018,08:02 PM,-1,11,1,1,11,2,3,34,1.0,227,22,30.29373888,-97.62638399,FM,3177.0,3.3480000000000003,FM3177,Y,N,2,TUE,10.0,10.0,0.0,4.0,17.0,11798.0,2018.0,6.1,,,,0,4,0,0,0,4,0,2018
16424247,N,05/22/2018,10:04 PM,-1,11,4,1,8,2,1,10,1.0,227,22,30.41800508,-97.67274117,IH,35.0,245.174,IH0035,Y,N,2,TUE,8.0,20.0,3.0,6.0,11.0,134367.0,2018.0,12.4,,,,0,1,1,0,0,2,0,2018
16424854,N,05/21/2018,05:33 PM,55,11,1,1,11,10,4,1,1.0,227,9999,30.50633286,-97.99905686,RM,1431.0,43.407,RM1431,Y,Y,2,MON,0.0,0.0,0.0,2.0,7.0,2793.0,2018.0,4.1,1.0,110.0,10.0,0,1,0,0,0,1,0,2018
16424860,N,05/15/2018,04:52 PM,-1,11,1,1,20,7,4,1,2.0,227,22,30.32326981,-97.67995949,US,290.0,126.729,US0290,Y,N,2,TUE,12.0,20.0,24.0,4.0,12.0,47490.0,2018.0,6.7,1.0,217.0,1.0,0,1,0,0,0,1,0,2018
16424862,N,05/16/2018,04:24 PM,60,11,1,1,8,2,1,14,1.0,227,9999,30.3100892,-97.84562753,RM,2244.0,5.9860000000000015,RM2244,Y,Y,1,WED,10.0,10.0,0.0,4.0,14.0,47314.0,2018.0,3.1,1.0,297.0,5.0,2,0,0,2,0,2,0,2018
16424865,N,05/15/2018,06:17 PM,60,11,1,1,1,2,3,10,1.0,227,9999,30.302279300000002,-97.82685856,SL,360.0,8.526,SL0360,Y,Y,2,TUE,8.0,20.0,60.0,4.0,14.0,54423.0,2018.0,2.6,,,,0,1,0,1,0,1,0,2018
16424913,N,05/14/2018,05:55 PM,55,11,1,1,20,2,4,21,1.0,227,9999,30.21441996,-97.96575342,US,290.0,103.46,US0290,Y,Y,2,MON,1.0,1.0,0.0,4.0,14.0,37680.0,2018.0,2.9,1.0,227.0,2.0,0,1,0,6,0,1,0,2018
16425762,N,05/23/2018,09:25 AM,55,12,1,1,1,2,2,22,1.0,227,9999,30.397605100000003,-97.92977090000001,RM,620.0,7.552,RM0620,Y,Y,2,WED,8.0,8.0,0.0,4.0,14.0,37016.0,2018.0,3.4,1.0,303.0,4.0,0,1,0,1,0,1,0,2018
16426446,N,05/16/2018,01:52 PM,50,11,1,1,5,2,1,34,1.0,227,250,30.34090717,-97.96863564,RM,620.0,2.846,RM0620,Y,N,2,WED,8.0,8.0,0.0,5.0,14.0,50317.0,2018.0,3.1,,,,0,1,0,1,0,1,0,2018
16426645,N,04/25/2018,12:35 AM,-1,11,4,1,20,2,4,21,1.0,227,22,30.22199486,-97.68356178,SH,71.0,127.711,SH0071,Y,N,2,WED,10.0,10.0,52.0,5.0,12.0,70740.0,2018.0,4.0,1.0,99.0,2.0,0,1,0,2,0,1,0,2018
16426698,N,05/07/2018,06:37 PM,-1,11,1,1,5,2,2,22,1.0,227,22,30.33522753,-97.80625057,SL,360.0,5.726,SL0360,Y,N,2,MON,8.0,20.0,60.0,4.0,14.0,53846.0,2018.0,2.7,,,,0,1,0,1,0,1,0,2018
16426948,N,05/10/2018,01:23 PM,50,11,1,1,5,2,1,10,1.0,227,22,30.42916149,-97.7592397,US,183.0,310.876,US0183,Y,N,2,THU,16.0,20.0,36.0,6.0,12.0,149347.0,2018.0,1.9,,,,0,1,0,2,1,1,0,2018
16426953,N,05/15/2018,01:15 PM,35,12,1,1,5,2,1,34,1.0,227,22,30.27167173,-97.73245069,IH,35.0,234.216,IH0035,Y,N,2,TUE,20.0,40.0,3.0,8.0,11.0,177389.0,2018.0,9.9,,,,0,2,0,1,0,2,0,2018
16426956,N,05/17/2018,10:01 AM,40,11,1,1,9,2,1,10,1.0,227,22,30.34736921,-97.75043327,SL,1.0,10.025,SL0001,Y,N,2,THU,12.0,20.0,36.0,6.0,12.0,148872.0,2018.0,1.2,,,,0,2,0,0,0,2,0,2018
16426957,N,05/17/2018,10:52 AM,65,11,1,1,20,2,4,20,1.0,227,22,30.38719369,-97.74391112,US,183.0,314.184,US0183,Y,N,2,THU,20.0,20.0,36.0,6.0,12.0,146786.0,2018.0,1.9,,,,0,2,1,2,0,3,0,2018
16426958,N,05/17/2018,07:01 PM,-1,11,1,1,15,5,2,2,1.0,227,22,30.26124643,-97.73677627,SL,343.0,5.024,SL0343,Y,N,2,THU,10.0,10.0,0.0,4.0,14.0,30614.0,2018.0,1.8,,,,0,1,0,1,0,1,0,2018
16427183,N,05/22/2018,08:35 PM,55,11,1,1,15,5,1,1,1.0,227,22,30.26390097,-97.73535224,IH,35.0,233.654,IH0035,Y,N,1,TUE,8.0,20.0,3.0,8.0,11.0,158343.0,2018.0,10.4,1.0,248.0,2.0,1,0,0,1,0,1,0,2018
16427185,N,05/23/2018,09:17 AM,65,11,1,1,11,2,4,22,1.0,227,22,30.35855506,-97.74556619,SL,1.0,9.197,SL0001,Y,N,2,WED,12.0,20.0,36.0,6.0,12.0,148872.0,2018.0,1.2,,,,0,1,0,2,0,1,0,2018
16427188,N,05/23/2018,10:09 AM,55,11,1,1,5,2,1,10,1.0,227,22,30.34050179,-97.5911026,US,290.0,132.21,US0290,Y,N,2,WED,20.0,20.0,3.0,5.0,12.0,34434.0,2018.0,8.4,,,,0,2,0,0,0,2,0,2018
16427198,N,05/23/2018,06:09 PM,70,11,1,1,20,2,4,20,1.0,227,22,30.173591700000003,-97.78178625,IH,35.0,226.662,IH0035,Y,N,2,WED,6.0,20.0,30.0,6.0,11.0,156852.0,2018.0,11.1,,,,0,1,0,1,0,1,0,2018
16427205,N,05/23/2018,10:39 PM,60,11,4,1,20,2,4,20,1.0,227,22,30.30927101,-97.75737969,SL,1.0,12.709,SL0001,Y,N,2,WED,12.0,20.0,100.0,6.0,12.0,157489.0,2018.0,1.1,1.0,75.0,1.0,0,1,0,1,0,1,0,2018
16427304,N,05/24/2018,09:46 AM,65,11,1,1,20,7,4,1,2.0,227,22,30.36724273,-97.74272887,SL,1.0,8.575,SL0001,Y,N,1,THU,12.0,20.0,36.0,6.0,12.0,149361.0,2018.0,1.2,1.0,210.0,1.0,1,0,0,0,0,1,0,2018
16428461,N,05/24/2018,04:24 PM,-1,11,1,1,1,2,4,21,1.0,227,22,30.28071821,-97.72873251,IH,35.0,234.878,IH0035,Y,N,2,THU,20.0,40.0,3.0,8.0,11.0,202376.0,2018.0,9.3,1.0,118.0,0.0,0,1,0,1,0,1,0,2018
16428470,N,05/24/2018,09:20 PM,-1,12,4,1,1,7,4,1,2.0,227,22,30.21654365,-97.84482814,SL,1.0,21.465,SL0001,Y,N,2,THU,20.0,20.0,36.0,6.0,12.0,69394.0,2018.0,1.9,,,,0,1,0,0,0,1,0,2018
16428785,N,05/20/2018,09:33 PM,45,11,3,1,20,10,4,1,2.0,227,895,30.49431975,-97.92452281,RM,1431.0,50.662,RM1431,Y,Y,2,SUN,3.0,3.0,0.0,4.0,6.0,20913.0,2018.0,3.8,1.0,83.0,0.0,0,1,0,0,0,1,0,2018
16428906,N,05/20/2018,02:46 AM,55,11,4,1,5,2,1,10,1.0,227,22,30.11118734,-97.80759964,IH,35.0,222.087,IH0035,Y,N,2,SUN,6.0,20.0,20.0,6.0,11.0,131087.0,2018.0,12.1,1.0,84.0,0.0,0,1,0,3,0,1,0,2018
16428907,N,05/20/2018,03:47 AM,65,11,4,1,10,2,4,20,1.0,227,22,30.22718768,-97.77066174,US,290.0,115.818,US0290,Y,N,2,SUN,20.0,20.0,42.0,8.0,12.0,148990.0,2018.0,2.4,1.0,328.0,2.0,0,3,0,0,0,3,0,2018
16428910,N,05/23/2018,09:41 AM,40,12,1,1,1,2,3,10,1.0,227,22,,,,,,SL0314,Y,N,2,WED,,,,,,,,,,,,0,1,0,2,0,1,0,2018
16428912,N,05/24/2018,05:30 PM,-1,11,1,1,1,2,4,20,1.0,227,22,30.28118374,-97.64898501,FM,969.0,3.366,FM0969,Y,N,2,THU,0.0,0.0,0.0,4.0,14.0,32176.0,2018.0,6.2,,,,0,1,0,2,0,1,0,2018
16428915,N,05/24/2018,01:27 PM,65,11,1,1,20,2,4,20,1.0,227,22,,,,,,SH0001,Y,N,2,THU,,,,,,,,,,,,0,1,0,5,0,1,0,2018
16428919,N,05/25/2018,10:03 AM,65,11,1,1,1,2,4,22,1.0,227,22,30.42800495,-97.7568775,US,183.0,311.038,US0183,Y,N,2,FRI,20.0,20.0,36.0,6.0,12.0,149347.0,2018.0,1.9,,,,0,1,0,0,1,1,0,2018
16428961,N,05/10/2018,08:56 AM,35,12,1,1,20,2,3,34,1.0,227,22,30.35764657,-97.7000886,SL,275.0,4.967,SL0275,Y,N,2,THU,0.0,0.0,0.0,4.0,14.0,37689.0,2018.0,1.2,,,,0,1,0,2,0,1,0,2018
16428965,N,05/19/2018,12:51 PM,55,11,1,1,1,2,4,20,1.0,227,22,30.32866191,-97.65433653,US,290.0,128.314,US0290,Y,N,2,SAT,20.0,20.0,3.0,6.0,12.0,34434.0,2018.0,8.4,,,,0,1,0,1,1,1,0,2018
16428977,N,05/24/2018,06:48 PM,-1,11,1,1,5,1,1,2,1.0,227,22,30.21840121,-97.69108715,SH,71.0,127.198,SH0071,Y,N,2,THU,4.0,5.0,44.0,6.0,12.0,70740.0,2018.0,4.0,,,,0,1,0,1,0,1,0,2018
16429042,Y,05/16/2018,01:40 PM,60,11,1,1,20,2,4,21,1.0,227,9999,30.39452886,-97.86822761,RM,620.0,11.682,RM0620,Y,Y,1,WED,8.0,8.0,0.0,4.0,14.0,46442.0,2018.0,3.2,1.0,161.0,0.0,3,2,3,5,0,8,0,2018
16430757,N,05/25/2018,04:58 PM,45,11,1,1,8,2,1,14,1.0,227,895,30.487471000000003,-97.92921975,RM,1431.0,50.011,RM1431,Y,Y,1,FRI,2.0,2.0,0.0,4.0,6.0,19578.0,2018.0,3.9,1.0,175.0,0.0,1,0,0,1,0,1,0,2018
16432396,N,05/23/2018,06:45 PM,50,11,1,1,1,2,3,34,1.0,227,9999,30.45197341,-97.82901773,RM,620.0,16.500999999999998,RM0620,Y,Y,1,WED,0.0,0.0,0.0,2.0,14.0,41321.0,2018.0,3.2,,,,1,0,1,4,0,2,0,2018
16432716,N,05/24/2018,10:58 AM,65,11,1,1,17,2,1,34,1.0,227,9999,30.18634344,-97.60949555,SH,71.0,132.923,SH0071,Y,Y,2,THU,4.0,6.0,40.0,4.0,14.0,53382.0,2018.0,8.3,,,,0,1,0,3,0,1,0,2018
16434367,Y,05/17/2018,09:30 PM,60,11,4,1,20,2,4,20,1.0,227,9999,30.23113775,-97.93083315,US,290.0,105.884,US0290,Y,Y,2,THU,0.0,6.0,0.0,4.0,14.0,37680.0,2018.0,2.9,,,,0,1,0,1,0,1,0,2018
16434620,N,03/01/2018,10:03 AM,70,11,1,1,10,7,4,1,2.0,227,22,30.44145345,-97.66829056,IH,35.0,246.80900000000003,IH0035,Y,N,2,THU,8.0,20.0,3.0,6.0,11.0,129244.0,2018.0,12.7,,,,0,1,0,0,0,1,0,2018
16434665,N,04/22/2018,09:30 PM,-1,11,4,1,20,2,1,23,1.0,227,22,30.3566124,-97.68908281,IH,35.0,240.668,IH0035,Y,N,2,SUN,20.0,20.0,3.0,6.0,11.0,145168.0,2018.0,11.9,,,,0,1,0,2,0,1,0,2018
16434683,N,05/16/2018,05:06 PM,-1,11,1,1,20,2,4,20,1.0,227,22,30.37714801,-97.67601385,IH,35.0,242.281,IH0035,Y,N,1,WED,8.0,20.0,3.0,6.0,11.0,159315.0,2018.0,11.5,,,,1,0,0,2,0,1,0,2018
16434693,N,05/19/2018,12:30 PM,35,11,1,1,5,2,1,10,1.0,227,22,30.32140479,-97.69587843,US,290.0,125.758,US0290,Y,N,2,SAT,12.0,20.0,24.0,5.0,12.0,55306.0,2018.0,6.3,1.0,1034.0,0.0,0,1,2,0,0,3,0,2018
16434807,N,05/14/2018,02:47 PM,50,11,1,1,1,2,2,13,1.0,227,22,,,IH,35.0,,IH0035,Y,N,1,MON,,,,,,,,,,,,2,0,1,1,0,3,0,2018
16434832,N,05/21/2018,07:46 AM,45,11,1,1,17,2,1,10,1.0,227,22,30.18593481,-97.81631823,FM,2304.0,1.106,FM2304,Y,N,1,MON,13.0,14.0,0.0,4.0,14.0,35199.0,2018.0,3.5,,,,1,0,1,2,0,2,0,2018
16434835,N,05/23/2018,02:19 PM,30,11,1,1,20,2,1,10,1.0,227,22,30.33442116,-97.73894978,RM,2222.0,9.776,RM2222,Y,N,2,WED,0.0,0.0,0.0,4.0,14.0,34181.0,2018.0,3.5,,,,0,1,0,1,0,1,0,2018
16434917,N,05/24/2018,11:50 PM,-1,11,3,1,11,2,4,30,1.0,227,22,30.34846655,-97.78548526,RM,2222.0,6.322,RM2222,Y,N,2,THU,0.0,0.0,0.0,4.0,14.0,27402.0,2018.0,3.8,,,,0,1,0,1,0,1,0,2018
16434930,N,05/25/2018,04:12 PM,45,11,1,1,20,2,1,34,1.0,227,22,30.40843007,-97.68020026,FM,734.0,11.483,FM0734,Y,N,2,FRI,10.0,10.0,16.0,6.0,14.0,63366.0,2018.0,3.7,,,,0,1,1,1,0,2,0,2018
16434958,N,05/25/2018,04:41 PM,45,11,1,1,20,2,3,34,1.0,227,22,30.15766242,-97.83339657,FM,2304.0,3.341,FM2304,Y,N,2,FRI,13.0,14.0,0.0,2.0,16.0,31291.0,2018.0,3.6,,,,0,3,0,0,0,3,0,2018
16434959,N,05/25/2018,04:58 PM,-1,11,1,1,5,2,2,22,1.0,227,22,30.25801555,-97.81229263,SL,360.0,11.862,SL0360,Y,N,2,FRI,8.0,20.0,60.0,4.0,14.0,55818.0,2018.0,2.6,,,,0,1,0,2,0,1,0,2018
16434976,N,05/25/2018,09:39 PM,45,11,4,1,8,2,1,14,1.0,227,22,30.25511147,-97.69277439,SL,111.0,2.026,SL0111,Y,N,2,FRI,8.0,2.0,0.0,4.0,14.0,31328.0,2018.0,1.8,,,,0,1,0,3,0,1,0,2018
16435019,N,05/26/2018,01:58 PM,60,11,1,1,20,2,4,20,1.0,227,22,30.29090524,-97.72217013,IH,35.0,235.681,IH0035,Y,N,2,SAT,8.0,20.0,24.0,8.0,11.0,202376.0,2018.0,9.3,,,,0,1,0,11,0,1,0,2018
16435021,N,05/26/2018,12:54 PM,65,11,1,1,11,2,4,20,1.0,227,22,30.22003752,-97.75832342,US,290.0,116.706,US0290,Y,N,2,SAT,20.0,20.0,20.0,6.0,12.0,140123.0,2018.0,2.6,,,,0,2,0,3,0,2,0,2018
16435284,N,05/26/2018,05:39 PM,50,11,1,1,9,2,4,22,1.0,227,1378,30.23306498,-97.81834745,US,290.0,112.844,US0290,Y,Y,2,SAT,20.0,20.0,42.0,5.0,12.0,85803.0,2018.0,3.3,,,,0,2,0,1,1,2,0,2018
16435287,N,05/26/2018,06:40 PM,70,11,1,1,20,7,4,1,2.0,227,22,30.16857108,-97.78509193,IH,35.0,226.264,IH0035,Y,N,2,SAT,6.0,20.0,30.0,6.0,11.0,156852.0,2018.0,11.1,1.0,586.0,0.0,0,1,0,0,0,1,0,2018
16435290,N,05/26/2018,07:01 PM,65,11,1,1,20,2,4,20,1.0,227,22,30.37928321,-97.73803422,SL,1.0,7.7,SL0001,Y,N,2,SAT,20.0,20.0,36.0,5.0,12.0,97149.0,2018.0,1.6,,,,0,2,1,1,0,3,0,2018
16435300,N,05/26/2018,09:20 PM,55,11,3,1,5,2,2,22,1.0,227,22,30.42876862,-97.84268374,RM,620.0,14.687,RM0620,Y,N,2,SAT,8.0,8.0,0.0,4.0,14.0,50802.0,2018.0,3.1,,,,0,1,0,2,0,1,0,2018
16435317,N,05/27/2018,09:13 AM,55,11,1,1,20,2,4,30,1.0,227,22,30.35812857,-97.68810788,IH,35.0,240.787,IH0035,Y,N,2,SUN,8.0,20.0,3.0,6.0,11.0,138459.0,2018.0,12.2,,,,0,1,0,1,0,1,0,2018
16435318,N,05/27/2018,10:22 AM,35,11,1,1,1,2,3,14,1.0,227,22,30.2343311,-97.86335047,US,290.0,110.083,US0290,Y,N,2,SUN,6.0,4.0,0.0,4.0,14.0,72290.0,2018.0,2.7,1.0,126.0,4.0,0,1,0,1,0,1,0,2018
16435330,N,05/28/2018,12:29 AM,35,11,4,1,20,7,4,1,4.0,227,22,30.26449153,-97.75711525,SL,343.0,3.646,SL0343,Y,N,2,MON,0.0,0.0,22.0,6.0,14.0,46479.0,2018.0,1.4,,,,0,1,0,0,0,1,0,2018