Crash_ID,Cmv_Involv_Fl,Crash_Date,Crash_Time,Crash_Speed_Limit,Wthr_Cond_ID,Light_Cond_ID,Surf_Cond_ID,Traffic_Cntl_ID,Harm_Evnt_ID,Intrsct_Relat_ID,FHE_Collsn_ID,Road_Relat_ID,Cnty_ID,City_ID,Latitude,Longitude,Hwy_Sys,Hwy_Nbr,Dfo,Street_Name,Onsys_Fl,Rural_Fl,Crash_Sev_ID,Day_of_Week,Shldr_Width_Left,Shldr_Width_Right,Median_Width,Nbr_Of_Lane,Func_Sys_ID,Adt_Curnt_Amt,Adt_Curnt_Year,Trk_Aadt_Pct,Curve_Type_ID,Curve_Lngth,Cd_Degr,Sus_Serious_Injry_Cnt,Nonincap_Injry_Cnt,Poss_Injry_Cnt,Non_Injry_Cnt,Unkn_Injry_Cnt,Tot_Injry_Cnt,Death_Cnt,Year
16435374,N,05/28/2018,10:07 PM,-1,11,4,1,20,7,4,1,2.0,227,22,30.41753155,-97.67283067,IH,35.0,245.141,IH0035,Y,N,2,MON,8.0,20.0,3.0,6.0,11.0,134367.0,2018.0,12.4,,,,0,1,0,0,0,1,0,2018
16435382,N,05/29/2018,07:52 AM,55,11,1,1,9,2,1,10,1.0,227,22,30.21765083,-97.68325172,US,183.0,328.92,US0183,Y,N,1,TUE,12.0,16.0,36.0,4.0,14.0,43585.0,2018.0,7.8,,,,1,0,1,0,0,2,0,2018
16435406,N,05/29/2018,09:44 AM,50,11,1,1,8,2,1,10,1.0,227,22,30.34814141,-97.71281681,US,183.0,317.6620000000001,US0183,Y,N,2,TUE,20.0,20.0,8.0,6.0,12.0,138247.0,2018.0,3.6,,,,0,1,2,7,0,3,0,2018
16435609,N,05/20/2018,02:30 AM,65,12,3,1,20,10,4,1,2.0,227,9999,30.11845756,-97.69521568,US,183.0,335.833,US0183,Y,Y,4,SUN,8.0,8.0,0.0,4.0,14.0,17419.0,2018.0,9.9,,,,0,0,1,0,0,1,1,2018
16436792,N,05/30/2018,07:50 AM,55,11,1,1,20,2,1,34,1.0,227,9999,30.19246377,-97.92512062,RM,1826.0,3.654,RM1826,Y,Y,2,WED,3.0,3.0,0.0,2.0,17.0,12378.0,2018.0,5.2,1.0,65.0,2.0,0,1,1,0,0,2,0,2018
16437653,N,05/29/2018,12:23 PM,-1,11,1,1,1,2,3,34,1.0,227,22,30.389796,-97.72226805,FM,1325.0,6.98,FM1325,Y,N,2,TUE,0.0,0.0,0.0,4.0,14.0,43120.0,2018.0,1.5,,,,0,3,0,0,0,3,0,2018
16439127,N,05/13/2018,01:12 AM,-1,11,4,1,5,2,2,22,1.0,227,22,30.22296385,-97.76390702,US,290.0,116.316,US0290,Y,N,2,SUN,20.0,20.0,42.0,6.0,12.0,140123.0,2018.0,2.6,,,,0,1,0,3,0,1,0,2018
16439922,N,05/28/2018,12:29 AM,65,11,3,1,1,2,4,30,1.0,227,9999,30.43660316,-97.48260083,FM,973.0,8.995,FM0973,Y,Y,1,MON,10.0,10.0,0.0,2.0,6.0,7068.0,2018.0,8.1,1.0,491.0,2.0,1,0,3,3,0,4,0,2018
16440236,N,05/30/2018,11:41 PM,45,11,4,1,5,2,2,22,1.0,227,9999,30.456045500000002,-97.66642528,IH,35.0,247.823,IH0035,Y,Y,2,WED,18.0,18.0,12.0,6.0,11.0,129244.0,2018.0,12.7,,,,0,1,0,3,0,1,0,2018
16440778,N,05/31/2018,02:20 PM,35,11,1,1,11,2,4,22,1.0,227,22,30.3229532,-97.72196816,SS,69.0,0.34600000000000003,SS0069,Y,N,2,THU,0.0,0.0,10.0,4.0,14.0,19307.0,2018.0,2.3,,,,0,2,0,1,0,2,0,2018
16441068,N,05/26/2018,06:23 AM,55,11,2,1,20,2,4,20,1.0,227,22,30.34868859,-97.69409908,IH,35.0,240.046,IH0035,Y,N,2,SAT,20.0,20.0,3.0,6.0,11.0,145168.0,2018.0,11.9,,,,0,1,0,0,1,1,0,2018
16441138,N,05/29/2018,03:54 PM,70,11,1,1,20,2,4,20,1.0,227,22,30.33240725,-97.70438012,IH,35.0,238.769,IH0035,Y,N,2,TUE,20.0,20.0,3.0,6.0,11.0,199837.0,2018.0,9.4,1.0,409.0,1.0,0,1,0,1,0,1,0,2018
16441140,N,05/30/2018,07:58 AM,70,11,1,1,1,2,4,22,1.0,227,22,30.34236612,-97.6981016,IH,35.0,239.55,IH0035,Y,N,2,WED,20.0,20.0,3.0,6.0,11.0,145168.0,2018.0,11.9,,,,0,1,1,1,0,2,0,2018
16441153,N,05/30/2018,03:15 PM,-1,11,1,1,15,1,4,1,5.0,227,22,,,IH,35.0,,IH0035,Y,N,2,WED,,,,,,,,,,,,0,1,0,2,0,1,0,2018
16441156,N,05/30/2018,06:16 PM,70,11,1,1,20,2,4,20,1.0,227,22,30.19546375,-97.76650557,IH,35.0,228.423,IH0035,Y,N,2,WED,24.0,24.0,42.0,6.0,11.0,170988.0,2018.0,10.7,,,,0,1,0,5,1,1,0,2018
16441288,N,05/31/2018,12:45 PM,45,11,1,1,5,2,4,21,1.0,227,22,30.26562982,-97.69552869,SL,111.0,1.284,SL0111,Y,N,2,THU,1.0,2.0,0.0,4.0,14.0,31328.0,2018.0,1.8,,,,0,1,0,2,0,1,0,2018
16441298,N,05/31/2018,06:11 PM,45,11,1,1,1,2,3,34,1.0,227,22,30.24889575,-97.76856134,SL,343.0,2.338,SL0343,Y,N,2,THU,0.0,0.0,0.0,4.0,14.0,46479.0,2018.0,1.4,1.0,304.0,2.0,0,1,0,1,0,1,0,2018
16441344,N,05/31/2018,03:51 PM,70,11,1,1,20,2,4,20,1.0,227,22,30.16603993,-97.78673417,IH,35.0,226.064,IH0035,Y,N,2,THU,6.0,20.0,30.0,6.0,11.0,128785.0,2018.0,12.2,1.0,586.0,0.0,0,1,0,1,0,1,0,2018
16441761,N,05/26/2018,09:42 AM,-1,11,1,1,1,2,4,30,1.0,227,22,30.28081317,-97.64800961,FM,969.0,3.43,FM0969,Y,N,4,SAT,0.0,0.0,0.0,4.0,14.0,32176.0,2018.0,6.2,1.0,63.0,0.0,0,0,3,1,0,3,1,2018
16441763,N,05/28/2018,12:29 PM,55,11,1,1,5,2,1,14,1.0,227,22,30.42434539,-97.67155315,IH,35.0,245.616,IH0035,Y,N,2,MON,8.0,20.0,3.0,6.0,11.0,132719.0,2018.0,12.4,,,,0,1,0,3,0,1,0,2018
16441772,N,06/01/2018,03:01 PM,60,11,1,1,20,2,4,22,1.0,227,22,30.241554100000002,-97.73655759,IH,35.0,232.069,IH0035,Y,N,2,FRI,4.0,16.0,40.0,6.0,11.0,150700.0,2018.0,10.7,,,,0,1,0,2,0,1,0,2018
16442832,N,05/01/2018,04:28 PM,-1,2,1,2,5,2,2,20,1.0,227,9999,30.21844254,-97.89431145,RM,1826.0,0.8290000000000001,RM1826,Y,Y,2,TUE,1.0,1.0,0.0,2.0,16.0,15562.0,2018.0,4.5,,,,0,1,0,1,0,1,0,2018
16443489,N,05/26/2018,07:22 AM,55,11,1,1,5,2,1,10,1.0,227,22,30.33716403,-97.59992118,US,290.0,131.636,US0290,Y,N,2,SAT,20.0,20.0,3.0,5.0,12.0,34434.0,2018.0,8.4,1.0,121.0,1.0,0,1,1,2,0,2,0,2018
16447172,N,05/11/2018,05:16 AM,65,11,2,1,5,2,4,30,1.0,227,9999,30.11675116,-97.69512469,US,183.0,335.951,US0183,Y,Y,2,FRI,8.0,8.0,0.0,4.0,14.0,17419.0,2018.0,9.9,,,,0,1,1,0,0,2,0,2018
16448103,N,02/23/2018,12:55 AM,-1,12,3,2,20,7,4,1,4.0,227,22,30.22865426,-97.68281167,US,183.0,328.162,US0183,Y,N,2,FRI,5.0,11.0,36.0,5.0,14.0,100483.0,2018.0,5.5,,,,0,1,0,0,0,1,0,2018
16448105,N,05/21/2018,04:23 AM,60,11,3,1,20,1,4,1,1.0,227,22,30.32517292,-97.70635974,IH,35.0,238.255,IH0035,Y,N,4,MON,20.0,20.0,3.0,6.0,11.0,199837.0,2018.0,9.4,,,,0,0,0,1,0,0,1,2018
16448134,N,06/01/2018,04:23 PM,65,11,1,1,1,2,4,21,1.0,227,22,30.22077023,-97.74879071,IH,35.0,230.46400000000003,IH0035,Y,N,1,FRI,4.0,20.0,3.0,6.0,11.0,157370.0,2018.0,10.5,,,,2,2,0,3,0,4,0,2018
16448141,N,06/01/2018,06:36 PM,-1,11,1,1,20,2,4,21,1.0,227,22,30.33997035,-97.75400844,SL,1.0,10.577,SL0001,Y,N,2,FRI,12.0,20.0,100.0,6.0,12.0,148872.0,2018.0,1.2,,,,0,1,0,5,0,1,0,2018
16448525,N,05/26/2018,02:22 AM,-1,11,4,1,5,2,2,22,1.0,227,22,30.39933603,-97.67350213,IH,35.0,243.864,IH0035,Y,N,2,SAT,8.0,20.0,3.0,6.0,11.0,159315.0,2018.0,11.5,1.0,438.0,1.0,0,1,0,4,0,1,0,2018
16448572,N,05/29/2018,09:47 PM,-1,11,4,1,1,2,4,20,1.0,227,22,30.24654458,-97.73502435,IH,35.0,232.433,IH0035,Y,N,2,TUE,4.0,10.0,3.0,6.0,11.0,150700.0,2018.0,10.7,,,,0,3,0,3,2,3,0,2018
16448580,N,06/01/2018,04:16 PM,-1,11,1,1,20,7,4,1,2.0,227,22,30.32303211,-97.68064725,US,290.0,126.685,US0290,Y,N,2,FRI,12.0,20.0,24.0,4.0,12.0,47490.0,2018.0,6.7,1.0,217.0,1.0,0,2,0,3,0,2,0,2018
16448589,N,06/01/2018,09:26 PM,-1,11,4,1,11,1,4,1,1.0,227,22,30.25781081,-97.7987722,SL,1.0,17.329,SL0001,Y,N,2,FRI,12.0,20.0,60.0,6.0,12.0,153269.0,2018.0,1.2,,,,0,1,0,1,0,1,0,2018
16448660,N,06/02/2018,01:00 AM,45,11,4,1,5,2,2,22,1.0,227,22,30.276806899999997,-97.63726466,FM,3177.0,4.681,FM3177,Y,N,1,SAT,1.0,1.0,0.0,4.0,17.0,11798.0,2018.0,6.1,,,,1,1,0,1,0,2,0,2018
16448723,N,06/02/2018,09:05 PM,55,11,6,1,1,2,4,20,1.0,227,22,,,SH,71.0,,SH0071,Y,N,2,SAT,,,,,,,,,,,,0,2,0,0,1,2,0,2018
16448730,N,06/03/2018,01:30 AM,60,11,4,1,1,2,4,22,1.0,227,22,,,IH,35.0,,IH0035,Y,N,2,SUN,,,,,,,,,,,,0,1,0,1,1,1,0,2018
16448731,N,06/03/2018,01:36 AM,65,11,4,1,20,2,4,21,1.0,227,22,,,,,,US0001,Y,N,2,SUN,,,,,,,,,,,,0,1,0,1,0,1,0,2018
16448749,N,06/03/2018,03:12 PM,45,11,1,1,21,2,1,10,1.0,227,22,30.32858919,-97.65528576,US,290.0,128.25799999999998,US0290,Y,N,2,SUN,20.0,20.0,3.0,5.0,12.0,24503.0,2018.0,2.7,,,,0,2,0,1,0,2,0,2018
16448784,N,06/04/2018,12:44 PM,-1,12,1,1,5,2,2,22,1.0,227,22,30.19809107,-97.68411566,US,183.0,330.2680000000001,US0183,Y,N,2,MON,16.0,16.0,36.0,4.0,14.0,30598.0,2018.0,9.5,1.0,92.0,1.0,0,1,2,0,0,3,0,2018
16448788,N,06/04/2018,11:19 AM,65,11,1,1,20,7,4,1,2.0,227,22,30.22293527,-97.76386366,US,290.0,116.319,US0290,Y,N,2,MON,20.0,20.0,42.0,6.0,12.0,140123.0,2018.0,2.6,,,,0,1,0,0,0,1,0,2018
16448808,N,06/04/2018,06:00 PM,55,11,1,1,5,2,4,20,1.0,227,22,30.24915123,-97.80529785,SL,360.0,12.601,SL0360,Y,N,2,MON,8.0,20.0,48.0,4.0,14.0,99537.0,2018.0,2.0,,,,0,1,0,4,0,1,0,2018
16450641,N,06/01/2018,05:07 PM,-1,11,1,1,5,7,2,1,4.0,227,22,30.32827237,-97.65942166,US,290.0,128.01,US0290,Y,N,2,FRI,20.0,20.0,3.0,5.0,12.0,24503.0,2018.0,2.7,1.0,655.0,0.0,0,1,0,1,0,1,0,2018
16450644,N,06/05/2018,07:45 AM,-1,11,1,1,11,7,4,1,2.0,227,22,30.430275199999997,-97.76151444,US,183.0,310.72,US0183,Y,N,2,TUE,16.0,20.0,36.0,6.0,12.0,130260.0,2018.0,2.1,,,,0,1,0,0,0,1,0,2018
16450660,N,06/05/2018,09:14 PM,65,11,4,1,20,2,4,20,1.0,227,22,30.17898025,-97.88327592,SL,1.0,25.077,SL0001,Y,N,2,TUE,12.0,20.0,325.0,4.0,14.0,24757.0,2018.0,1.5,,,,0,1,0,2,0,1,0,2018
16450661,N,06/05/2018,09:56 PM,45,11,1,1,1,2,4,22,1.0,227,22,30.27073133,-97.73279405,IH,35.0,234.148,IH0035,Y,N,2,TUE,20.0,40.0,3.0,8.0,11.0,177389.0,2018.0,9.9,,,,0,1,0,3,0,1,0,2018
16450663,N,06/06/2018,02:05 AM,-1,11,4,1,11,7,4,1,2.0,227,22,30.25495724,-97.76217282,SL,343.0,2.912,SL0343,Y,N,2,WED,0.0,0.0,0.0,4.0,14.0,46479.0,2018.0,1.4,,,,0,1,0,0,0,1,0,2018
16452123,N,05/30/2018,01:05 AM,70,11,4,1,11,2,4,20,1.0,227,9999,30.46640476,-97.66955158,IH,35.0,248.55900000000003,IH0035,Y,Y,2,WED,20.0,20.0,3.0,6.0,11.0,162734.0,2018.0,11.4,,,,0,2,0,3,0,2,0,2018
16453194,N,06/04/2018,01:34 PM,40,12,1,1,11,2,1,34,1.0,227,451,30.28150997,-97.80870454,RM,2244.0,9.121,RM2244,Y,Y,2,MON,0.0,0.0,0.0,4.0,14.0,27537.0,2018.0,3.8,1.0,97.0,3.0,0,1,0,3,0,1,0,2018
16453926,N,05/31/2018,04:24 PM,65,11,1,1,20,2,4,22,1.0,227,22,30.37560028,-97.73133021,US,183.0,315.312,US0183,Y,N,2,THU,20.0,20.0,8.0,6.0,12.0,138365.0,2018.0,3.6,,,,0,1,1,0,0,2,0,2018
16453966,N,06/06/2018,08:47 AM,40,11,1,1,20,2,1,34,1.0,227,22,30.35547274,-97.70270098,SL,275.0,5.184,SL0275,Y,N,2,WED,0.0,0.0,0.0,4.0,14.0,37706.0,2018.0,1.2,,,,0,1,1,4,0,2,0,2018
16453972,N,06/06/2018,01:13 PM,55,11,1,1,20,2,2,22,1.0,227,22,30.32826025,-97.65957983,US,290.0,128.0,US0290,Y,N,2,WED,20.0,20.0,3.0,5.0,12.0,24503.0,2018.0,2.7,1.0,655.0,0.0,0,1,6,0,0,7,0,2018
16453996,N,06/06/2018,04:42 PM,-1,11,1,1,20,2,3,20,1.0,227,22,30.35501307,-97.74694479,SL,1.0,9.454,SL0001,Y,N,2,WED,12.0,20.0,36.0,6.0,12.0,148872.0,2018.0,1.2,1.0,157.0,2.0,0,1,0,1,0,1,0,2018
16454000,N,06/07/2018,01:00 AM,-1,11,4,1,1,7,4,1,4.0,227,22,,,IH,35.0,,IH0035,Y,N,2,THU,,,,,,,,,,,,0,1,0,0,0,1,0,2018
16456310,N,05/13/2018,02:04 AM,70,11,4,1,1,7,4,1,2.0,227,9999,30.44521623,-97.66756387,IH,35.0,247.071,IH0035,Y,Y,2,SUN,8.0,20.0,3.0,6.0,11.0,129244.0,2018.0,12.7,,,,0,2,0,1,0,2,0,2018
16457670,N,06/04/2018,06:30 PM,45,11,1,1,5,2,4,20,1.0,227,1378,30.23306499,-97.81834807,US,290.0,112.844,US0290,Y,Y,2,MON,20.0,20.0,42.0,5.0,12.0,85803.0,2018.0,3.3,,,,0,1,0,2,0,1,0,2018
16458060,N,05/20/2018,12:04 AM,-1,11,3,1,1,10,4,1,2.0,227,9999,30.202749100000005,-97.9181057,RM,1826.0,2.8310000000000004,RM1826,Y,Y,2,SUN,1.0,1.0,0.0,2.0,16.0,15562.0,2018.0,4.5,,,,0,1,0,0,0,1,0,2018
16459550,N,06/08/2018,06:44 AM,55,12,1,1,9,7,2,2,2.0,227,22,30.44013865,-97.66855235,IH,35.0,246.717,IH0035,Y,N,2,FRI,8.0,20.0,3.0,6.0,11.0,132719.0,2018.0,12.4,,,,0,1,0,0,0,1,0,2018
16459553,N,06/08/2018,01:17 PM,45,11,1,1,11,2,1,10,1.0,227,22,30.20002214,-97.80744779,FM,2304.0,0.001,FM2304,Y,N,2,FRI,13.0,14.0,0.0,4.0,14.0,35199.0,2018.0,3.5,1.0,71.0,3.0,0,1,0,3,0,1,0,2018
16459597,N,06/09/2018,02:34 AM,50,11,4,1,7,2,1,34,1.0,227,22,30.33716403,-97.59992118,US,290.0,131.636,US0290,Y,N,2,SAT,20.0,20.0,3.0,5.0,12.0,34434.0,2018.0,8.4,1.0,121.0,1.0,0,1,0,4,0,1,0,2018
16459655,N,06/10/2018,02:14 AM,55,11,4,1,20,10,4,1,1.0,227,22,30.26584779,-97.78238747,SL,1.0,16.202,SL0001,Y,N,2,SUN,8.0,12.0,36.0,8.0,12.0,139370.0,2018.0,1.2,1.0,442.0,0.0,0,1,0,0,0,1,0,2018
16459656,N,06/10/2018,09:27 AM,45,11,1,1,5,2,1,34,1.0,227,22,30.19308652,-97.77885421,SL,275.0,19.321,SL0275,Y,N,1,SUN,0.0,4.0,0.0,4.0,14.0,17455.0,2018.0,1.8,,,,1,0,2,6,0,3,0,2018
16459666,N,06/10/2018,06:48 PM,55,11,1,1,20,2,4,21,1.0,227,22,30.347775,-97.69467744,IH,35.0,239.974,IH0035,Y,N,2,SUN,20.0,20.0,3.0,6.0,11.0,145168.0,2018.0,11.9,,,,0,1,2,1,0,3,0,2018
16459672,N,06/10/2018,10:12 PM,45,11,3,1,8,2,1,10,1.0,227,22,30.28290569,-97.70174527,FM,969.0,0.135,FM0969,Y,N,2,SUN,0.0,0.0,0.0,4.0,14.0,16460.0,2018.0,6.7,,,,0,1,0,7,0,1,0,2018
16462184,N,05/31/2018,02:44 PM,70,11,1,1,20,2,4,20,1.0,227,22,30.19729124,-97.76503276,IH,35.0,228.576,IH0035,Y,N,2,THU,24.0,24.0,42.0,6.0,11.0,170988.0,2018.0,10.7,,,,0,1,1,1,0,2,0,2018
16462253,N,06/05/2018,12:52 PM,65,11,1,1,20,2,4,20,1.0,227,22,30.33128487,-97.75569259,SL,1.0,11.19,SL0001,Y,N,2,TUE,12.0,20.0,100.0,6.0,12.0,157489.0,2018.0,1.1,,,,0,1,1,0,0,2,0,2018
16462273,N,06/07/2018,05:28 PM,65,11,1,1,20,2,4,20,1.0,227,22,30.42164405,-97.74737934,US,183.0,311.773,US0183,Y,N,1,THU,20.0,20.0,36.0,6.0,12.0,149347.0,2018.0,1.9,,,,1,0,1,0,0,2,0,2018
16465052,N,06/13/2018,10:42 AM,50,11,1,1,5,2,1,34,1.0,227,330,30.45078181,-97.60498725,FM,685.0,6.848,FM0685,Y,N,2,WED,4.0,4.0,14.0,4.0,16.0,29334.0,2018.0,4.3,,,,0,1,1,0,0,2,0,2018
16465356,N,06/02/2018,12:48 PM,65,11,1,1,1,7,4,1,2.0,227,1016,30.34608773,-97.57188734,US,290.0,133.421,US0290,Y,N,2,SAT,12.0,20.0,56.0,4.0,12.0,54210.0,2018.0,6.4,,,,0,1,0,2,0,1,0,2018
16465489,N,06/07/2018,09:19 PM,45,11,4,1,5,1,4,1,1.0,227,22,30.26562982,-97.69552869,SL,111.0,1.284,SL0111,Y,N,4,THU,1.0,2.0,0.0,4.0,14.0,31328.0,2018.0,1.8,,,,0,0,0,3,0,0,1,2018
16465521,N,06/08/2018,05:43 PM,55,11,1,1,5,2,2,22,1.0,227,22,30.35298507,-97.71443173,US,183.0,317.315,US0183,Y,N,2,FRI,20.0,20.0,8.0,6.0,12.0,138247.0,2018.0,3.6,,,,0,2,0,1,0,2,0,2018
16465523,N,06/08/2018,10:21 PM,50,11,4,1,1,2,4,20,1.0,227,22,30.29766629,-97.62385109,FM,3177.0,3.039,FM3177,Y,N,4,FRI,10.0,10.0,0.0,4.0,17.0,11798.0,2018.0,6.1,,,,1,2,0,0,0,3,1,2018
16465524,N,06/09/2018,11:54 PM,60,11,4,1,1,10,4,1,1.0,227,22,30.243810800000002,-97.73527319,IH,35.0,232.243,IH0035,Y,N,1,SAT,4.0,16.0,40.0,6.0,11.0,150700.0,2018.0,10.7,,,,2,0,0,0,0,2,0,2018
16465543,Y,06/11/2018,03:29 PM,-1,11,1,1,17,10,2,3,1.0,227,9999,30.14974174,-97.83319055,FM,2304.0,3.886,FM2304,Y,Y,2,MON,4.0,4.0,0.0,2.0,16.0,18987.0,2018.0,4.5,,,,0,2,0,0,0,2,0,2018
16465570,N,06/11/2018,03:53 PM,70,11,1,1,20,2,4,20,1.0,227,22,30.21805511,-97.69199093,SH,71.0,127.139,SH0071,Y,N,2,MON,4.0,5.0,44.0,6.0,12.0,70740.0,2018.0,4.0,,,,0,1,0,1,0,1,0,2018
16465572,N,06/11/2018,05:31 PM,-1,11,1,1,5,2,1,34,1.0,227,22,30.34130324,-97.76961149,RM,2222.0,7.638,RM2222,Y,N,2,MON,0.0,0.0,0.0,4.0,14.0,27256.0,2018.0,3.8,,,,0,1,0,1,0,1,0,2018
16465573,N,06/11/2018,08:11 PM,55,11,1,1,1,1,3,1,1.0,227,22,30.35754834,-97.6884903,IH,35.0,240.741,IH0035,Y,N,2,MON,20.0,20.0,3.0,6.0,11.0,138459.0,2018.0,12.2,,,,0,2,0,0,0,2,0,2018
16465578,N,06/12/2018,08:47 AM,-1,11,1,1,5,2,1,10,1.0,227,22,30.24915123,-97.80529785,SL,1.0,18.057,SL0001,Y,N,2,TUE,12.0,20.0,500.0,6.0,12.0,153269.0,2018.0,1.2,,,,0,1,0,2,0,1,0,2018
16465595,N,06/12/2018,04:25 PM,65,11,1,1,20,2,4,20,1.0,227,22,30.30650391,-97.75794031,SL,1.0,12.902,SL0001,Y,N,2,TUE,12.0,20.0,100.0,6.0,12.0,157489.0,2018.0,1.1,,,,0,2,0,2,0,2,0,2018
16465612,N,06/12/2018,04:25 PM,70,11,1,1,20,2,4,21,1.0,227,22,,,IH,35.0,,IH0035,Y,N,2,TUE,,,,,,,,,,,,0,1,0,1,0,1,0,2018
16465617,N,06/12/2018,09:47 PM,55,11,4,1,5,5,2,2,1.0,227,22,30.26121826,-97.73644162,IH,35.0,233.458,IH0035,Y,N,2,TUE,8.0,20.0,3.0,8.0,11.0,158343.0,2018.0,10.4,,,,0,1,0,1,0,1,0,2018
16465622,N,06/12/2018,01:01 PM,65,11,1,1,20,2,4,20,1.0,227,22,30.38033423,-97.73922992,US,183.0,314.7390000000001,US0183,Y,N,1,TUE,20.0,20.0,36.0,6.0,12.0,146786.0,2018.0,1.9,,,,1,1,1,3,0,3,0,2018
16465628,N,06/13/2018,08:05 AM,45,11,1,1,5,2,2,20,1.0,227,22,30.36856269,-97.61329002,FM,734.0,16.66,FM0734,Y,N,2,WED,10.0,6.0,66.0,4.0,14.0,22111.0,2018.0,4.8,,,,0,1,0,1,0,1,0,2018
16465639,N,06/13/2018,11:01 AM,60,11,1,1,20,2,3,14,1.0,227,22,,,,,,RR0620,Y,N,2,WED,,,,,,,,,,,,0,2,1,0,0,3,0,2018
16465652,N,06/13/2018,02:13 PM,55,11,1,1,20,2,3,10,1.0,227,9999,30.27162523,-97.81773563,SL,360.0,10.821,SL0360,Y,Y,2,WED,8.0,20.0,60.0,4.0,14.0,55818.0,2018.0,2.6,,,,0,3,0,0,0,3,0,2018
16465654,N,06/13/2018,03:52 PM,-1,11,1,1,11,2,4,20,1.0,227,22,30.19292624,-97.76855061,IH,35.0,228.21,IH0035,Y,N,2,WED,24.0,24.0,42.0,6.0,11.0,170988.0,2018.0,10.7,1.0,208.0,0.0,0,1,0,0,2,1,0,2018
16465966,N,05/30/2018,08:36 AM,55,11,1,1,20,2,3,34,1.0,227,538,30.31115595,-97.94614349,RM,620.0,0.187,RM0620,Y,Y,2,WED,8.0,8.0,0.0,4.0,14.0,26975.0,2018.0,3.8,1.0,101.0,4.0,0,1,1,1,0,2,0,2018
16467050,N,06/11/2018,10:41 PM,-1,11,4,1,20,10,4,1,1.0,227,22,30.41766421,-97.6728056,IH,35.0,245.151,IH0035,Y,N,2,MON,8.0,20.0,3.0,6.0,11.0,134367.0,2018.0,12.4,,,,0,1,0,0,0,1,0,2018
16467864,Y,06/12/2018,04:13 PM,70,11,1,1,20,2,4,21,1.0,227,9999,30.18655334,-97.61488639,SH,71.0,132.596,SH0071,Y,Y,4,TUE,4.0,6.0,40.0,4.0,14.0,53382.0,2018.0,8.3,1.0,305.0,3.0,0,0,0,5,0,0,1,2018
16469696,N,06/11/2018,05:28 PM,60,11,1,1,1,2,3,10,1.0,227,9999,30.14722647,-97.67297392,FM,812.0,1.981,FM0812,Y,Y,2,MON,10.0,10.0,0.0,2.0,16.0,17216.0,2018.0,6.7,,,,0,1,1,0,0,2,0,2018
16469699,N,06/10/2018,04:24 PM,60,11,1,1,1,5,4,1,1.0,227,9999,30.25138389,-97.61546866,FM,973.0,25.528,FM0973,Y,Y,2,SUN,5.0,5.0,0.0,2.0,16.0,22301.0,2018.0,5.5,,,,0,1,0,1,0,1,0,2018
16469980,Y,06/03/2018,07:19 AM,50,11,1,1,5,2,1,10,1.0,227,1016,30.34886212,-97.55593759,US,290.0,134.393,US0290,Y,N,2,SUN,12.0,20.0,46.0,4.0,14.0,51848.0,2018.0,6.4,1.0,250.0,1.0,0,1,0,3,0,1,0,2018
16469990,N,06/15/2018,09:52 AM,60,11,1,1,1,2,4,21,1.0,227,1016,,,US,290.0,,US0290,Y,N,2,FRI,,,,,,,,,,,,0,1,0,1,0,1,0,2018
16471757,N,06/14/2018,06:30 PM,65,11,1,1,20,5,4,1,1.0,227,9999,30.14362907,-97.69664872,US,183.0,334.1,US0183,Y,Y,1,THU,8.0,8.0,0.0,4.0,14.0,17419.0,2018.0,9.9,1.0,316.0,1.0,1,0,0,1,0,1,0,2018
16472786,N,06/04/2018,06:03 PM,-1,11,1,1,20,2,4,20,1.0,227,22,30.18657512,-97.81591309,FM,2304.0,1.055,FM2304,Y,N,2,MON,13.0,14.0,0.0,4.0,14.0,35199.0,2018.0,3.5,,,,0,1,0,2,0,1,0,2018
16472788,N,06/07/2018,07:57 PM,-1,11,5,1,21,2,1,10,1.0,227,22,30.23326111,-97.79729462,US,290.0,114.138,US0290,Y,N,2,THU,20.0,20.0,10.0,7.0,12.0,127013.0,2018.0,2.7,1.0,119.0,1.0,0,1,1,0,1,2,0,2018
16472793,N,06/10/2018,01:29 AM,50,12,4,1,5,2,1,13,1.0,227,22,30.41327488,-97.69063138,FM,734.0,10.778,FM0734,Y,N,1,SUN,10.0,20.0,36.0,6.0,14.0,56464.0,2018.0,3.8,,,,1,1,0,1,0,2,0,2018
16472804,N,06/14/2018,03:35 PM,65,11,1,1,20,2,4,21,1.0,227,22,30.37513025,-97.73984008,SL,1.0,8.005,SL0001,Y,N,1,THU,20.0,20.0,36.0,5.0,12.0,149361.0,2018.0,1.2,1.0,171.0,0.0,1,0,1,0,0,2,0,2018
16472877,N,06/04/2018,06:03 PM,-1,11,1,1,20,2,2,21,1.0,227,22,30.20002214,-97.80744779,FM,2304.0,0.001,FM2304,Y,N,2,MON,13.0,14.0,0.0,4.0,14.0,35199.0,2018.0,3.5,1.0,71.0,3.0,0,1,0,2,0,1,0,2018
16472883,N,06/06/2018,10:23 PM,35,11,4,1,8,5,3,3,1.0,227,22,30.24672662,-97.77773305,SL,343.0,1.768,SL0343,Y,N,2,WED,0.0,0.0,0.0,4.0,14.0,36688.0,2018.0,1.5,1.0,199.0,3.0,0,1,0,1,0,1,0,2018