Crash_ID,Cmv_Involv_Fl,Crash_Date,Crash_Time,Crash_Speed_Limit,Wthr_Cond_ID,Light_Cond_ID,Surf_Cond_ID,Traffic_Cntl_ID,Harm_Evnt_ID,Intrsct_Relat_ID,FHE_Collsn_ID,Road_Relat_ID,Cnty_ID,City_ID,Latitude,Longitude,Hwy_Sys,Hwy_Nbr,Dfo,Street_Name,Onsys_Fl,Rural_Fl,Crash_Sev_ID,Day_of_Week,Shldr_Width_Left,Shldr_Width_Right,Median_Width,Nbr_Of_Lane,Func_Sys_ID,Adt_Curnt_Amt,Adt_Curnt_Year,Trk_Aadt_Pct,Curve_Type_ID,Curve_Lngth,Cd_Degr,Sus_Serious_Injry_Cnt,Nonincap_Injry_Cnt,Poss_Injry_Cnt,Non_Injry_Cnt,Unkn_Injry_Cnt,Tot_Injry_Cnt,Death_Cnt,Year
16472884,N,06/06/2018,05:01 PM,-1,11,1,1,20,2,4,21,1.0,227,22,30.34290386,-97.69776118,IH,35.0,239.592,IH0035,Y,N,2,WED,20.0,20.0,3.0,6.0,11.0,145168.0,2018.0,11.9,,,,0,1,0,1,0,1,0,2018
16472889,N,06/07/2018,05:29 PM,45,11,1,1,5,2,1,10,1.0,227,22,30.23557091,-97.82463074,US,290.0,112.426,US0290,Y,N,1,THU,20.0,20.0,42.0,5.0,12.0,77933.0,2018.0,3.6,1.0,361.0,1.0,2,2,0,0,0,4,0,2018
16472936,N,06/10/2018,10:56 PM,40,11,4,1,5,2,1,10,1.0,227,22,30.234167100000004,-97.79634857,SL,343.0,0.359,SL0343,Y,N,2,SUN,6.0,16.0,10.0,2.0,14.0,36688.0,2018.0,1.5,,,,0,2,0,0,0,2,0,2018
16472949,N,06/12/2018,08:03 AM,60,12,1,1,1,7,4,1,4.0,227,22,30.32238376,-97.70677308,IH,35.0,238.062,IH0035,Y,N,2,TUE,8.0,20.0,24.0,8.0,11.0,199837.0,2018.0,9.4,,,,0,1,0,0,0,1,0,2018
16473029,N,06/14/2018,11:46 AM,40,11,1,1,20,2,4,21,1.0,227,22,30.37602301,-97.68968226,SL,275.0,3.56,SL0275,Y,N,1,THU,0.0,2.0,0.0,4.0,14.0,29928.0,2018.0,1.4,,,,1,0,0,1,1,1,0,2018
16473035,N,06/14/2018,10:34 PM,-1,11,3,1,11,7,4,1,2.0,227,22,30.34124594,-97.77862233,RM,2222.0,7.1,RM2222,Y,N,2,THU,0.0,0.0,0.0,4.0,14.0,27256.0,2018.0,3.8,1.0,45.0,5.0,0,1,0,0,0,1,0,2018
16473123,N,06/15/2018,08:50 AM,-1,11,1,1,5,2,1,10,1.0,227,22,30.40049157,-97.74585118,US,183.0,313.2390000000001,US0183,Y,N,2,FRI,20.0,20.0,36.0,6.0,12.0,137676.0,2018.0,2.0,1.0,270.0,1.0,0,1,2,2,0,3,0,2018
16473128,N,06/15/2018,01:33 PM,-1,11,1,1,20,2,4,22,1.0,227,22,30.23117723,-97.74271165,IH,35.0,231.267,IH0035,Y,N,2,FRI,4.0,20.0,3.0,6.0,11.0,157370.0,2018.0,10.5,,,,0,1,3,1,0,4,0,2018
16473133,N,06/15/2018,04:15 PM,70,11,1,1,20,2,4,20,1.0,227,22,30.18324483,-97.77546715,IH,35.0,227.425,IH0035,Y,N,2,FRI,6.0,20.0,30.0,6.0,11.0,156852.0,2018.0,11.1,,,,0,1,0,2,0,1,0,2018
16473136,N,06/15/2018,06:21 PM,55,11,1,1,10,2,4,20,1.0,227,22,30.16857108,-97.78509193,IH,35.0,226.264,IH0035,Y,N,2,FRI,6.0,20.0,30.0,6.0,11.0,156852.0,2018.0,11.1,1.0,586.0,0.0,0,1,0,6,0,1,0,2018
16473138,N,06/15/2018,07:53 PM,-1,11,1,1,21,2,1,34,1.0,227,22,30.289206099999998,-97.72325871,IH,35.0,235.547,IH0035,Y,N,2,FRI,8.0,20.0,24.0,8.0,11.0,202376.0,2018.0,9.3,,,,0,1,0,5,0,1,0,2018
16473214,N,06/16/2018,11:45 AM,55,11,1,1,20,2,4,20,1.0,227,22,30.24509274,-97.73496826,IH,35.0,232.333,IH0035,Y,N,2,SAT,4.0,16.0,40.0,6.0,11.0,150700.0,2018.0,10.7,,,,0,3,0,1,0,3,0,2018
16473288,N,06/16/2018,06:50 PM,70,11,1,1,1,2,4,20,1.0,227,22,30.16072503,-97.78928455,IH,35.0,225.667,IH0035,Y,N,2,SAT,6.0,20.0,30.0,6.0,11.0,128785.0,2018.0,12.2,,,,0,2,0,4,0,2,0,2018
16473294,N,06/16/2018,06:47 PM,70,11,1,1,20,7,4,1,2.0,227,22,30.210463899999997,-97.75495225,IH,35.0,229.665,IH0035,Y,N,2,SAT,4.0,20.0,3.0,6.0,11.0,148474.0,2018.0,11.3,1.0,301.0,0.0,0,1,0,0,0,1,0,2018
16473332,N,06/17/2018,06:36 AM,65,12,1,1,3,2,4,22,1.0,227,22,30.33464402,-97.75559767,SL,1.0,10.959,SL0001,Y,N,2,SUN,12.0,20.0,100.0,6.0,12.0,148872.0,2018.0,1.2,,,,0,1,0,1,0,1,0,2018
16473342,N,06/17/2018,12:11 PM,35,11,1,1,5,2,1,34,1.0,227,22,30.2768416,-97.7003275,SL,111.0,0.45,SL0111,Y,N,2,SUN,1.0,2.0,0.0,4.0,14.0,31328.0,2018.0,1.8,1.0,98.0,2.0,0,1,0,2,0,1,0,2018
16473349,N,06/17/2018,05:30 PM,65,11,1,1,20,7,4,1,2.0,227,22,30.40810213,-97.71838882,SL,1.0,5.266,SL0001,Y,N,2,SUN,24.0,20.0,36.0,6.0,12.0,112347.0,2018.0,1.6,,,,0,2,0,0,0,2,0,2018
16473420,N,06/18/2018,09:20 AM,55,12,1,1,11,2,4,20,1.0,227,22,,,SH,71.0,,SH0071,Y,N,2,MON,,,,,,,,,,,,0,1,1,1,0,2,0,2018
16473422,N,06/18/2018,09:03 AM,35,12,1,1,20,2,4,20,1.0,227,22,30.26550268,-97.75190402,SL,343.0,4.075,SL0343,Y,N,1,MON,0.0,7.0,0.0,4.0,14.0,43724.0,2018.0,1.4,,,,1,0,0,1,0,1,0,2018
16474605,N,06/14/2018,01:28 AM,55,11,3,1,10,7,4,1,2.0,227,9999,30.14299805,-97.81233134,FM,1626.0,1.0759999999999998,FM1626,Y,Y,2,THU,1.0,1.0,0.0,2.0,16.0,17291.0,2018.0,4.2,,,,0,1,0,0,0,1,0,2018
16474639,N,06/16/2018,01:39 PM,55,12,1,1,11,2,2,22,1.0,227,9999,30.28739464,-98.05283898,RM,3238.0,0.937,RM3238,Y,Y,2,SAT,8.0,8.0,0.0,2.0,6.0,3601.0,2018.0,4.2,1.0,132.0,4.0,0,1,1,0,0,2,0,2018
16475648,N,06/02/2018,09:33 PM,60,11,3,1,5,7,4,1,2.0,227,9999,30.22363208,-97.95258573,US,290.0,104.479,US0290,Y,Y,1,SAT,0.0,6.0,0.0,4.0,14.0,37680.0,2018.0,2.9,1.0,210.0,1.0,1,0,0,0,0,1,0,2018
16478331,N,06/14/2018,05:50 PM,55,11,1,1,5,2,1,10,1.0,227,250,30.376894399999998,-97.94652099,RM,620.0,5.725,RM0620,Y,N,1,THU,8.0,8.0,0.0,4.0,14.0,43643.0,2018.0,3.2,,,,2,0,0,1,0,2,0,2018
16478414,N,06/03/2018,02:43 AM,35,11,4,1,20,2,1,10,1.0,227,22,30.37406974,-97.69078395,SL,275.0,3.709,SL0275,Y,N,2,SUN,0.0,2.0,0.0,4.0,14.0,29928.0,2018.0,1.4,,,,0,1,0,0,1,1,0,2018
16478416,N,06/08/2018,11:15 PM,50,11,4,1,20,10,3,1,1.0,227,22,30.16688113,-97.78620676,IH,35.0,226.13,IH0035,Y,N,2,FRI,6.0,20.0,30.0,6.0,11.0,128785.0,2018.0,12.2,1.0,586.0,0.0,0,1,0,0,0,1,0,2018
16478420,N,06/13/2018,08:44 AM,40,11,1,1,20,7,4,1,4.0,227,22,30.34789782,-97.71236088,SL,275.0,5.964,SL0275,Y,N,2,WED,2.0,20.0,12.0,4.0,14.0,37706.0,2018.0,1.2,,,,0,1,0,0,0,1,0,2018
16478422,N,06/14/2018,01:51 PM,-1,11,1,1,1,2,4,20,1.0,227,22,30.346169800000002,-97.79931629,SL,360.0,4.867,SL0360,Y,N,2,THU,8.0,20.0,60.0,4.0,14.0,53846.0,2018.0,2.7,,,,0,1,3,1,0,4,0,2018
16478424,N,06/14/2018,10:27 PM,-1,11,4,1,5,2,1,10,1.0,227,22,30.21621427,-97.7440169,SH,71.0,123.943,SH0071,Y,N,2,THU,20.0,20.0,32.0,6.0,12.0,122565.0,2018.0,3.2,,,,0,2,0,1,0,2,0,2018
16478438,N,06/19/2018,12:38 AM,35,12,4,1,1,7,4,1,2.0,227,22,30.24361873,-97.78231532,SL,343.0,1.42,SL0343,Y,N,1,TUE,0.0,0.0,0.0,4.0,14.0,36688.0,2018.0,1.5,,,,1,1,0,0,0,2,0,2018
16478498,N,06/05/2018,11:50 AM,30,11,1,1,15,5,2,1,1.0,227,22,30.414563399999995,-97.69326909,FM,734.0,10.597,FM0734,Y,N,2,TUE,10.0,20.0,36.0,6.0,14.0,56464.0,2018.0,3.8,,,,0,1,0,1,0,1,0,2018
16478508,N,06/13/2018,11:09 PM,45,11,4,1,20,2,3,10,1.0,227,22,,,FM,1325.0,,FM1325,Y,N,2,WED,,,,,,,,,,,,0,1,0,1,0,1,0,2018
16478510,N,06/13/2018,12:43 PM,55,12,1,1,9,2,2,22,1.0,227,22,30.21650013,-97.7516332,US,290.0,117.177,US0290,Y,N,2,WED,20.0,20.0,20.0,6.0,12.0,140123.0,2018.0,2.6,,,,0,1,0,2,0,1,0,2018
16478516,N,06/15/2018,07:13 PM,-1,11,1,1,5,2,1,34,1.0,227,22,30.38707877,-97.64858376,FM,734.0,14.169,FM0734,Y,N,1,FRI,11.0,0.0,55.0,4.0,14.0,39056.0,2018.0,4.1,,,,1,0,0,1,0,1,0,2018
16478540,N,06/18/2018,04:21 PM,35,11,1,1,5,2,1,10,1.0,227,22,30.32351789,-97.72380683,SS,69.0,0.229,SS0069,Y,N,2,MON,0.0,0.0,10.0,4.0,14.0,19307.0,2018.0,2.3,,,,0,1,1,1,0,2,0,2018
16478548,Y,06/18/2018,03:30 PM,70,2,1,2,1,7,4,1,2.0,227,22,30.19251031,-97.76888604,IH,35.0,228.175,IH0035,Y,N,2,MON,24.0,24.0,42.0,6.0,11.0,170988.0,2018.0,10.7,1.0,208.0,0.0,0,1,0,0,0,1,0,2018
16478574,N,06/19/2018,08:14 AM,-1,2,1,2,20,7,4,1,2.0,227,22,30.249293800000004,-97.80523981,SL,1.0,18.047,SL0001,Y,N,2,TUE,12.0,20.0,500.0,6.0,12.0,153269.0,2018.0,1.2,,,,0,1,0,0,0,1,0,2018
16478579,N,06/19/2018,08:30 AM,40,2,1,2,5,2,1,10,1.0,227,22,30.26808217,-97.69625113,SL,111.0,1.11,SL0111,Y,N,2,TUE,1.0,2.0,0.0,4.0,14.0,31328.0,2018.0,1.8,,,,0,1,0,1,0,1,0,2018
16478581,Y,06/19/2018,06:47 AM,-1,2,2,2,5,2,1,25,1.0,227,9999,30.16418134,-97.692861,US,183.0,332.659,US0183,Y,Y,2,TUE,12.0,8.0,36.0,4.0,14.0,23967.0,2018.0,8.1,,,,0,1,0,3,0,1,0,2018
16478590,N,06/19/2018,11:18 AM,-1,2,1,2,20,2,4,20,1.0,227,22,30.32212291,-97.70254672,US,290.0,125.357,US0290,Y,N,2,TUE,12.0,20.0,24.0,5.0,12.0,55306.0,2018.0,6.3,,,,0,1,0,0,1,1,0,2018
16478593,N,06/19/2018,09:53 AM,65,2,1,2,20,2,4,20,1.0,227,22,30.42983633,-97.76061806,US,183.0,310.782,US0183,Y,N,2,TUE,16.0,20.0,36.0,6.0,12.0,130260.0,2018.0,2.1,,,,0,1,0,3,0,1,0,2018
16478634,N,06/19/2018,03:26 PM,45,2,1,2,5,2,2,22,1.0,227,22,30.23557091,-97.82463074,US,290.0,112.426,US0290,Y,N,2,TUE,20.0,20.0,42.0,5.0,12.0,77933.0,2018.0,3.6,1.0,361.0,1.0,0,1,0,3,0,1,0,2018
16478635,N,06/19/2018,04:42 PM,50,2,1,2,20,2,4,21,1.0,227,22,,,US,290.0,,US0290,Y,N,2,TUE,,,,,,,,,,,,0,1,0,9,0,1,0,2018
16478658,N,06/19/2018,02:04 PM,45,2,1,2,1,2,4,20,1.0,227,22,30.257987899999996,-97.69327177,SL,111.0,1.826,SL0111,Y,N,2,TUE,1.0,2.0,0.0,4.0,14.0,31328.0,2018.0,1.8,1.0,135.0,1.0,0,1,0,1,0,1,0,2018
16478667,N,06/20/2018,01:06 PM,60,11,1,1,1,2,4,20,1.0,227,22,30.23871721,-97.73825131,IH,35.0,231.85,IH0035,Y,N,2,WED,4.0,20.0,3.0,6.0,11.0,150700.0,2018.0,10.7,,,,0,2,0,1,0,2,0,2018
16478668,N,06/20/2018,12:56 PM,55,12,1,2,20,2,4,22,1.0,227,22,30.24833344,-97.73541821,IH,35.0,232.558,IH0035,Y,N,1,WED,4.0,10.0,3.0,6.0,11.0,142856.0,2018.0,11.0,1.0,238.0,3.0,1,0,0,1,0,1,0,2018
16478926,N,06/13/2018,10:45 PM,80,11,4,1,20,10,4,1,2.0,227,9999,30.356702399999996,-97.58941566,SH,130.0,24.717,SH0130,Y,Y,2,WED,8.0,20.0,135.0,4.0,12.0,39424.0,2018.0,17.9,,,,0,1,0,0,0,1,0,2018
16480159,N,06/14/2018,01:28 PM,-1,11,1,1,20,2,2,23,1.0,227,22,30.26479309,-97.73498849,IH,35.0,233.719,IH0035,Y,N,2,THU,8.0,20.0,3.0,8.0,11.0,158343.0,2018.0,10.4,,,,0,1,0,1,0,1,0,2018
16480161,N,06/19/2018,09:13 AM,55,2,1,2,11,2,2,20,1.0,227,22,,,FM,973.0,,FM0973,Y,N,2,TUE,,,,,,,,,,,,0,1,0,1,0,1,0,2018
16480295,N,06/20/2018,07:42 AM,55,12,1,1,20,2,4,20,1.0,227,22,30.38848588,-97.75084991,SL,360.0,0.404,SL0360,Y,N,2,WED,8.0,20.0,48.0,4.0,14.0,53584.0,2018.0,2.7,,,,0,1,1,3,0,2,0,2018
16480780,N,06/17/2018,09:29 PM,60,11,3,1,20,2,4,22,1.0,227,9999,30.23277404,-97.62724015,FM,973.0,26.988000000000003,FM0973,Y,Y,2,SUN,5.0,5.0,0.0,2.0,16.0,16700.0,2018.0,6.1,,,,0,1,0,8,0,1,0,2018
16480830,N,06/16/2018,06:08 PM,65,11,1,1,20,2,1,22,1.0,227,9999,30.35970778,-97.53264078,FM,973.0,15.493,FM0973,Y,Y,2,SAT,10.0,10.0,0.0,2.0,16.0,15148.0,2018.0,5.5,1.0,333.0,1.0,0,1,0,2,0,1,0,2018
16482857,N,05/26/2018,08:50 PM,50,11,5,1,20,7,4,1,2.0,227,895,30.50308362,-97.9187657,RM,1431.0,51.382,RM1431,Y,Y,1,SAT,3.0,3.0,0.0,4.0,6.0,20913.0,2018.0,3.8,1.0,154.0,0.0,1,0,0,2,0,1,0,2018
16483013,N,06/04/2018,02:00 PM,50,11,1,1,20,2,2,22,1.0,227,895,30.50284545,-97.91959323,RM,1431.0,51.32899999999999,RM1431,Y,Y,2,MON,3.0,3.0,0.0,4.0,6.0,20913.0,2018.0,3.8,1.0,154.0,0.0,0,5,0,0,0,5,0,2018
16483016,N,06/19/2018,12:36 AM,55,2,3,2,20,7,4,1,2.0,227,895,30.51102004,-97.91173786,RM,1431.0,52.17,RM1431,Y,Y,2,TUE,3.0,3.0,0.0,4.0,6.0,21401.0,2018.0,3.8,1.0,70.0,0.0,0,1,0,0,0,1,0,2018
16483828,N,06/20/2018,11:50 PM,60,11,4,1,17,2,3,34,1.0,227,9999,30.13202983,-97.64710531,FM,812.0,3.941,FM0812,Y,Y,2,WED,10.0,10.0,0.0,2.0,6.0,15228.0,2018.0,6.8,,,,0,3,0,0,0,3,0,2018
16483837,N,06/20/2018,04:59 PM,60,12,1,1,1,2,4,20,1.0,227,9999,30.16809335,-97.69175407,US,183.0,332.38199999999995,US0183,Y,Y,2,WED,12.0,20.0,36.0,4.0,14.0,34458.0,2018.0,6.7,,,,0,1,0,3,0,1,0,2018
16484581,N,06/16/2018,12:38 PM,45,12,1,1,5,2,3,34,1.0,227,22,30.21633696,-97.75006463,SH,71.0,123.582,SH0071,Y,N,1,SAT,0.0,0.0,32.0,6.0,12.0,122565.0,2018.0,3.2,,,,1,0,0,2,0,1,0,2018
16484638,N,06/21/2018,10:00 PM,70,11,3,1,20,2,4,22,1.0,227,22,30.17580211,-97.78033928,IH,35.0,226.837,IH0035,Y,N,2,THU,6.0,20.0,30.0,6.0,11.0,156852.0,2018.0,11.1,,,,0,1,0,2,0,1,0,2018
16484874,N,06/09/2018,10:00 PM,-1,11,1,1,20,2,4,24,1.0,227,22,30.30017171,-97.62223526,FM,3177.0,2.841,FM3177,Y,N,1,SAT,10.0,10.0,0.0,4.0,17.0,11798.0,2018.0,6.1,,,,2,0,0,0,0,2,0,2018
16484920,N,06/19/2018,05:58 PM,65,2,1,2,1,2,4,21,1.0,227,1378,30.23306518,-97.81835907,US,290.0,112.843,US0290,Y,Y,2,TUE,20.0,20.0,42.0,5.0,12.0,85803.0,2018.0,3.3,,,,0,1,0,1,0,1,0,2018
16485800,N,06/17/2018,01:04 PM,55,12,1,1,8,2,1,10,1.0,227,9999,30.26362032,-97.81670652,SL,360.0,11.395,SL0360,Y,Y,2,SUN,8.0,20.0,60.0,4.0,14.0,55818.0,2018.0,2.6,,,,0,3,0,0,0,3,0,2018
16485801,N,06/17/2018,01:45 PM,55,12,1,1,5,2,4,20,1.0,227,9999,30.27749583,-97.81955032,SL,360.0,10.389,SL0360,Y,Y,2,SUN,8.0,20.0,60.0,4.0,14.0,55818.0,2018.0,2.6,,,,0,1,0,0,1,1,0,2018
16485804,N,06/18/2018,06:39 AM,55,2,1,2,20,10,4,1,2.0,227,22,,,,,,SH0001,Y,N,2,MON,,,,,,,,,,,,0,1,0,0,0,1,0,2018
16485806,N,06/18/2018,01:41 PM,45,11,1,1,5,2,4,22,1.0,227,22,30.25061013,-97.80647843,SL,360.0,12.478,SL0360,Y,N,2,MON,8.0,20.0,60.0,4.0,14.0,55818.0,2018.0,2.6,,,,0,1,0,3,0,1,0,2018
16486002,N,06/23/2018,09:41 AM,65,11,1,1,20,7,4,1,4.0,227,22,30.33930659,-97.75435152,SL,1.0,10.627,SL0001,Y,N,2,SAT,12.0,20.0,100.0,6.0,12.0,148872.0,2018.0,1.2,,,,0,1,0,0,0,1,0,2018
16486125,N,06/23/2018,05:14 PM,50,11,1,1,20,10,4,1,1.0,227,22,30.33269354,-97.68678878,US,183.0,319.567,US0183,Y,N,2,SAT,4.0,10.0,24.0,5.0,12.0,65226.0,2018.0,6.6,,,,0,1,0,0,0,1,0,2018
16486163,N,06/24/2018,01:35 AM,55,11,3,1,5,2,2,22,1.0,227,22,30.18286075,-97.68758604,US,183.0,331.336,US0183,Y,N,2,SUN,12.0,20.0,36.0,4.0,14.0,34458.0,2018.0,6.7,,,,0,10,0,0,0,10,0,2018
16486167,N,06/24/2018,06:44 AM,65,11,1,1,20,7,4,1,4.0,227,22,30.34814374,-97.71281853,US,183.0,317.6620000000001,US0183,Y,N,1,SUN,20.0,20.0,8.0,6.0,12.0,138247.0,2018.0,3.6,,,,1,0,0,1,0,1,0,2018
16486170,N,06/24/2018,10:59 AM,65,11,1,1,1,2,4,22,1.0,227,22,30.38985507,-97.74521121,US,183.0,313.985,US0183,Y,N,2,SUN,20.0,20.0,36.0,6.0,12.0,137676.0,2018.0,2.0,,,,0,3,0,5,0,3,0,2018
16486180,N,06/24/2018,04:00 PM,-1,11,1,1,5,2,1,10,1.0,227,22,30.24710461,-97.88854252,SH,71.0,114.411,SH0071,Y,N,2,SUN,10.0,10.0,0.0,4.0,14.0,34138.0,2018.0,3.5,,,,0,2,0,3,0,2,0,2018
16486731,N,06/23/2018,10:56 PM,40,11,3,1,8,10,2,1,2.0,227,9999,30.12958303,-97.6842759,FM,973.0,35.204,FM0973,Y,Y,2,SAT,5.0,5.0,0.0,2.0,16.0,5519.0,2018.0,10.2,,,,0,1,2,1,0,3,0,2018
16486735,N,06/17/2018,03:44 AM,70,11,4,1,20,7,4,1,2.0,227,9999,30.11180917,-97.80049065,SH,45.0,53.054,SH0045,Y,Y,2,SUN,12.0,20.0,50.0,4.0,12.0,18476.0,2018.0,6.6,1.0,328.0,4.0,0,1,0,0,0,1,0,2018
16487014,N,06/09/2018,04:47 PM,65,2,1,2,20,2,4,30,1.0,227,9999,30.41378414,-98.11589981,SH,71.0,95.085,SH0071,Y,Y,4,SAT,6.0,6.0,0.0,4.0,2.0,13122.0,2018.0,5.6,,,,3,0,0,0,0,3,3,2018
16487908,N,06/23/2018,11:15 PM,50,11,4,1,17,7,4,1,4.0,227,250,30.34102272,-97.96855019,RM,620.0,2.855,RM0620,Y,N,1,SAT,8.0,8.0,0.0,5.0,14.0,50317.0,2018.0,3.1,,,,1,0,0,0,0,1,0,2018
16488974,N,06/23/2018,11:39 PM,60,11,3,1,1,2,4,30,1.0,227,9999,30.23072871,-97.62854773,FM,973.0,27.148000000000003,FM0973,Y,Y,2,SAT,5.0,5.0,0.0,2.0,16.0,16700.0,2018.0,6.1,,,,0,1,0,4,0,1,0,2018
16488988,N,06/23/2018,02:37 PM,45,11,1,1,1,2,2,22,1.0,227,9999,30.43985647,-97.87371795,RM,2769.0,3.663,RM2769,Y,Y,2,SAT,3.0,3.0,0.0,2.0,17.0,7248.0,2018.0,8.0,,,,0,1,2,10,0,3,0,2018
16492617,N,05/08/2018,10:53 PM,55,11,4,1,21,2,1,14,1.0,227,22,30.23326111,-97.79729462,US,290.0,114.138,US0290,Y,N,2,TUE,20.0,20.0,10.0,7.0,12.0,127013.0,2018.0,2.7,1.0,119.0,1.0,0,1,1,2,0,2,0,2018
16492626,N,06/10/2018,03:03 AM,45,11,3,1,20,2,4,20,1.0,227,22,30.29947418,-97.62268512,FM,3177.0,2.8960000000000004,FM3177,Y,N,4,SUN,10.0,10.0,0.0,4.0,17.0,11798.0,2018.0,6.1,,,,0,1,0,0,0,1,1,2018
16492640,N,06/16/2018,05:29 PM,70,12,1,1,1,2,4,22,1.0,227,22,30.18467433,-97.77452609999999,IH,35.0,227.539,IH0035,Y,N,2,SAT,6.0,20.0,30.0,6.0,11.0,156852.0,2018.0,11.1,,,,0,1,0,0,1,1,0,2018
16492675,N,06/07/2018,05:46 PM,45,11,1,1,9,2,2,22,1.0,227,22,30.4066255,-97.85251903,RM,620.0,13.053,RM0620,Y,N,2,THU,8.0,8.0,0.0,4.0,14.0,50802.0,2018.0,3.1,,,,0,1,0,1,0,1,0,2018
16492677,Y,06/10/2018,04:48 PM,60,11,1,1,21,2,1,10,1.0,227,22,30.33470754,-97.6074166,US,290.0,131.157,US0290,Y,N,4,SUN,20.0,20.0,3.0,6.0,12.0,34434.0,2018.0,8.4,,,,0,0,1,0,0,1,1,2018
16492700,N,06/20/2018,01:09 PM,55,11,1,1,20,2,4,34,1.0,227,22,30.444299199999996,-97.83275269,RM,620.0,15.928,RM0620,Y,N,2,WED,0.0,0.0,0.0,2.0,14.0,41321.0,2018.0,3.2,,,,0,2,0,2,0,2,0,2018
16492727,N,06/21/2018,10:41 AM,60,11,1,1,1,2,4,22,1.0,227,22,30.28168338,-97.72811905,IH,35.0,234.954,IH0035,Y,N,2,THU,20.0,40.0,3.0,8.0,11.0,202376.0,2018.0,9.3,,,,0,2,0,3,0,2,0,2018
16492737,N,06/22/2018,12:13 PM,55,11,1,1,20,7,4,1,2.0,227,22,30.22219086,-97.68313599,SH,71.0,127.739,SH0071,Y,N,2,FRI,10.0,10.0,52.0,5.0,12.0,95090.0,2018.0,3.5,1.0,99.0,2.0,0,1,0,0,0,1,0,2018
16492741,N,06/24/2018,01:14 PM,70,11,1,1,11,2,4,22,1.0,227,22,30.15373886,-97.79137990000001,IH,35.0,225.171,IH0035,Y,N,2,SUN,6.0,20.0,30.0,6.0,11.0,128785.0,2018.0,12.2,,,,0,2,0,1,0,2,0,2018
16492776,N,06/25/2018,06:51 PM,-1,11,1,1,21,2,4,21,1.0,227,22,30.24276343,-97.8013892,SL,360.0,13.1,SL0360,Y,N,2,MON,10.0,20.0,48.0,6.0,14.0,99537.0,2018.0,2.0,,,,0,1,0,2,0,1,0,2018
16492779,N,06/25/2018,08:02 PM,50,11,1,1,5,2,1,14,1.0,227,22,30.39298407,-97.84190637,RM,2222.0,1.07,RM2222,Y,N,1,MON,0.0,0.0,0.0,4.0,14.0,42777.0,2018.0,3.2,,,,1,1,0,1,0,2,0,2018
16492783,N,06/25/2018,11:06 AM,50,11,1,1,20,10,4,1,1.0,227,22,30.24325293,-97.73555158,IH,35.0,232.201,IH0035,Y,N,2,MON,4.0,16.0,40.0,6.0,11.0,150700.0,2018.0,10.7,,,,0,1,0,0,0,1,0,2018
16492819,N,06/26/2018,07:01 PM,-1,11,1,1,1,7,4,1,2.0,227,22,30.23660428,-97.84042539,US,290.0,111.474,US0290,Y,N,2,TUE,20.0,20.0,42.0,5.0,12.0,60621.0,2018.0,2.7,1.0,465.0,0.0,0,1,0,0,0,1,0,2018
16492825,N,06/26/2018,11:12 PM,40,11,4,1,5,2,2,22,1.0,227,22,30.33269603,-97.70420872,IH,35.0,238.792,IH0035,Y,N,1,TUE,20.0,20.0,3.0,6.0,11.0,199837.0,2018.0,9.4,1.0,409.0,1.0,1,0,0,1,0,1,0,2018
16492838,N,06/27/2018,10:11 AM,55,11,1,1,5,2,1,10,1.0,227,22,30.21529646,-97.73525205,SH,71.0,124.471,SH0071,Y,N,2,WED,20.0,20.0,44.0,8.0,12.0,122565.0,2018.0,3.2,,,,0,1,3,1,0,4,0,2018
16492870,N,06/27/2018,08:56 PM,60,11,4,1,5,2,1,10,1.0,227,22,30.20321274,-97.63948059,SH,71.0,130.719,SH0071,Y,N,2,WED,0.0,0.0,180.0,6.0,14.0,53382.0,2018.0,8.3,,,,0,1,0,1,0,1,0,2018
16492901,N,06/28/2018,01:00 PM,45,11,1,1,8,2,1,10,1.0,227,22,30.14280954,-97.80156187,FM,1626.0,0.354,FM1626,Y,N,2,THU,1.0,1.0,0.0,2.0,16.0,14556.0,2018.0,4.7,1.0,80.0,3.0,0,2,0,0,0,2,0,2018
16494111,N,06/16/2018,07:27 AM,55,12,1,1,20,7,4,1,2.0,227,22,30.4197381,-97.70446175,SL,1.0,4.023,SL0001,Y,N,2,SAT,20.0,20.0,36.0,6.0,12.0,97934.0,2018.0,8.4,,,,0,2,0,0,0,2,0,2018
16494117,N,06/27/2018,08:23 AM,55,11,1,1,1,2,4,20,1.0,227,22,30.36596167,-97.68317608,IH,35.0,241.401,IH0035,Y,N,2,WED,8.0,20.0,3.0,6.0,11.0,138459.0,2018.0,12.2,,,,0,1,1,1,0,2,0,2018
16494135,N,06/29/2018,06:08 AM,50,12,2,1,17,7,4,1,2.0,227,22,30.25047917,-97.69203818,SL,111.0,2.3480000000000003,SL0111,Y,N,2,FRI,0.0,0.0,12.0,4.0,14.0,31328.0,2018.0,1.8,1.0,69.0,5.0,0,1,0,0,0,1,0,2018
16494567,N,06/21/2018,08:03 PM,45,11,1,1,11,7,4,1,2.0,227,9999,30.43601319,-97.87621325,RM,2769.0,3.346,RM2769,Y,Y,2,THU,3.0,3.0,0.0,2.0,17.0,2326.0,2018.0,7.7,,,,0,2,0,0,0,2,0,2018
16495570,N,06/29/2018,11:26 PM,60,11,4,1,20,2,1,34,1.0,227,9999,30.14033699,-97.66446686,SH,130.0,41.801,SH0130,Y,Y,2,FRI,12.0,20.0,135.0,4.0,12.0,29269.0,2018.0,21.3,,,,0,4,0,0,0,4,0,2018