Crash_ID,Cmv_Involv_Fl,Crash_Date,Crash_Time,Crash_Speed_Limit,Wthr_Cond_ID,Light_Cond_ID,Surf_Cond_ID,Traffic_Cntl_ID,Harm_Evnt_ID,Intrsct_Relat_ID,FHE_Collsn_ID,Road_Relat_ID,Cnty_ID,City_ID,Latitude,Longitude,Hwy_Sys,Hwy_Nbr,Dfo,Street_Name,Onsys_Fl,Rural_Fl,Crash_Sev_ID,Day_of_Week,Shldr_Width_Left,Shldr_Width_Right,Median_Width,Nbr_Of_Lane,Func_Sys_ID,Adt_Curnt_Amt,Adt_Curnt_Year,Trk_Aadt_Pct,Curve_Type_ID,Curve_Lngth,Cd_Degr,Sus_Serious_Injry_Cnt,Nonincap_Injry_Cnt,Poss_Injry_Cnt,Non_Injry_Cnt,Unkn_Injry_Cnt,Tot_Injry_Cnt,Death_Cnt,Year
16523784,N,07/01/2018,05:11 PM,70,11,1,1,20,10,4,1,2.0,227,9999,30.45583991,-97.66640225,IH,35.0,247.80900000000003,IH0035,Y,Y,1,SUN,18.0,18.0,12.0,6.0,11.0,129244.0,2018.0,12.7,,,,1,0,0,0,0,1,0,2018
16524050,N,07/16/2018,11:08 AM,55,11,1,1,1,7,4,1,2.0,227,9999,30.39134714,-97.93784539,RM,620.0,6.892,RM0620,Y,Y,1,MON,8.0,8.0,0.0,4.0,14.0,37016.0,2018.0,3.4,,,,1,0,0,0,0,1,0,2018
16525025,N,07/17/2018,01:24 PM,40,11,1,1,1,2,4,20,1.0,227,22,30.25853847,-97.75924824,SL,343.0,3.217,SL0343,Y,N,1,TUE,0.0,0.0,0.0,4.0,14.0,46479.0,2018.0,1.4,1.0,93.0,7.0,1,0,0,2,0,1,0,2018
16525032,N,07/17/2018,05:55 PM,35,11,1,1,1,5,4,1,1.0,227,22,30.26480555,-97.72574022,SH,165.0,0.06,SH0165,Y,N,2,TUE,8.0,8.0,0.0,2.0,17.0,2488.0,2018.0,1.5,,,,0,1,0,1,0,1,0,2018
16525037,N,07/17/2018,09:53 PM,55,11,4,1,20,7,4,1,2.0,227,22,30.2173864,-97.69390403,SH,71.0,127.015,SH0071,Y,N,2,TUE,4.0,5.0,44.0,6.0,12.0,70740.0,2018.0,4.0,,,,0,1,0,2,0,1,0,2018
16525052,N,07/07/2018,03:33 PM,55,11,1,1,5,2,1,34,1.0,227,538,30.30812149,-97.95227157,SH,71.0,108.247,SH0071,Y,Y,4,SAT,5.0,5.0,0.0,4.0,14.0,38587.0,2018.0,3.3,3.0,225.0,2.0,1,0,0,1,0,1,1,2018
16526283,N,07/17/2018,05:48 PM,50,11,1,1,5,2,1,34,1.0,227,330,30.45078181,-97.60498725,FM,685.0,6.848,FM0685,Y,N,2,TUE,4.0,4.0,14.0,4.0,16.0,29334.0,2018.0,4.3,,,,0,2,1,0,0,3,0,2018
16526850,N,07/12/2018,01:21 AM,65,11,4,1,11,2,4,20,1.0,227,22,,,IH,35.0,,IH0035,Y,N,2,THU,,,,,,,,,,,,0,2,0,1,0,2,0,2018
16526932,N,07/18/2018,09:42 AM,65,11,1,1,20,2,4,20,1.0,227,22,30.43266326,-97.76639197,US,183.0,310.386,US0183,Y,N,1,WED,16.0,20.0,36.0,6.0,12.0,130260.0,2018.0,2.1,,,,1,0,0,2,0,1,0,2018
16526935,N,07/18/2018,11:37 AM,-1,11,1,1,1,2,4,20,1.0,227,22,30.23839792,-97.73844072,IH,35.0,231.825,IH0035,Y,N,1,WED,4.0,20.0,3.0,6.0,11.0,150700.0,2018.0,10.7,,,,1,0,0,2,0,1,0,2018
16526948,N,07/18/2018,07:02 PM,-1,11,1,1,1,2,4,21,1.0,227,22,,,US,290.0,,US0290,Y,N,2,WED,,,,,,,,,,,,0,3,0,0,0,3,0,2018
16526952,N,07/19/2018,08:07 AM,35,11,1,1,20,2,4,22,1.0,227,22,30.27428198,-97.73158424,IH,35.0,234.403,IH0035,Y,N,2,THU,20.0,40.0,3.0,8.0,11.0,177389.0,2018.0,9.9,,,,0,2,0,4,0,2,0,2018
16529891,N,07/20/2018,12:13 PM,65,11,1,1,20,2,4,20,1.0,227,9999,30.37474033,-98.07925231,SH,71.0,98.766,SH0071,Y,Y,2,FRI,2.0,2.0,0.0,4.0,2.0,37755.0,2018.0,3.3,,,,0,1,0,1,0,1,0,2018
16530831,N,07/21/2018,04:06 PM,55,11,1,1,11,2,3,22,1.0,227,671,30.10592139,-97.72454132,FM,1625.0,3.444,FM1625,Y,Y,1,SAT,4.0,4.0,0.0,2.0,17.0,6758.0,2018.0,8.3,,,,1,0,0,3,0,1,0,2018
16531801,N,07/19/2018,10:19 AM,-1,11,1,1,1,2,4,22,1.0,227,22,30.34050383,-97.59109485,US,290.0,132.21,US0290,Y,N,2,THU,20.0,20.0,3.0,5.0,12.0,34434.0,2018.0,8.4,,,,0,3,0,1,0,3,0,2018
16531833,N,07/19/2018,03:30 PM,-1,11,1,1,20,2,2,22,1.0,227,22,30.26304624,-97.7577226,SL,343.0,3.5410000000000004,SL0343,Y,N,2,THU,0.0,0.0,22.0,6.0,14.0,46479.0,2018.0,1.4,,,,0,1,0,2,0,1,0,2018
16531841,N,07/19/2018,05:31 PM,-1,11,1,1,20,2,1,24,1.0,227,22,30.389841999999998,-97.73434996,SL,1.0,6.939,SL0001,Y,N,2,THU,24.0,20.0,36.0,6.0,12.0,97149.0,2018.0,1.6,,,,0,1,0,1,0,1,0,2018
16531966,N,07/13/2018,02:39 PM,-1,11,1,1,1,2,1,10,1.0,227,22,30.34394689,-97.70522454,US,183.0,318.205,US0183,Y,N,2,FRI,20.0,20.0,24.0,6.0,12.0,139965.0,2018.0,3.6,,,,0,1,0,4,0,1,0,2018
16531996,N,07/15/2018,11:21 PM,60,11,4,1,20,7,4,1,2.0,227,22,30.34236612,-97.6981016,IH,35.0,239.55,IH0035,Y,N,2,SUN,20.0,20.0,3.0,6.0,11.0,145168.0,2018.0,11.9,,,,0,1,0,0,0,1,0,2018
16532005,N,07/19/2018,09:40 PM,60,11,4,1,20,2,4,22,1.0,227,22,,,SL,1.0,,SL0001,Y,N,2,THU,,,,,,,,,,,,0,1,1,0,0,2,0,2018
16532049,N,07/20/2018,09:23 AM,45,11,1,1,20,2,3,10,1.0,227,22,30.44253779,-97.66557583,FM,1825.0,0.301,FM1825,Y,N,2,FRI,8.0,8.0,0.0,4.0,16.0,29814.0,2018.0,3.6,,,,0,3,0,0,0,3,0,2018
16532051,N,07/20/2018,10:20 AM,70,11,1,1,20,2,4,20,1.0,227,22,30.17914256,-97.77815256,IH,35.0,227.101,IH0035,Y,N,2,FRI,6.0,20.0,30.0,6.0,11.0,156852.0,2018.0,11.1,,,,0,1,0,2,0,1,0,2018
16532057,N,07/20/2018,01:59 PM,65,11,1,1,20,2,4,20,1.0,227,22,30.21644366,-97.75138807,US,290.0,117.192,US0290,Y,N,2,FRI,20.0,20.0,20.0,6.0,12.0,140123.0,2018.0,2.6,,,,0,1,0,4,0,1,0,2018
16532066,N,07/20/2018,05:52 PM,50,11,1,1,20,2,4,21,1.0,227,22,30.3256309,-97.67313209,US,290.0,127.167,US0290,Y,N,2,FRI,12.0,20.0,36.0,4.0,12.0,24503.0,2018.0,2.7,,,,0,1,0,2,0,1,0,2018
16532087,N,07/20/2018,06:26 PM,60,11,1,1,11,2,4,20,1.0,227,22,30.2400079,-97.73748566,IH,35.0,231.949,IH0035,Y,N,1,FRI,4.0,20.0,3.0,6.0,11.0,150700.0,2018.0,10.7,,,,1,1,0,2,0,2,0,2018
16532096,N,07/20/2018,11:26 PM,60,11,4,1,20,2,4,22,1.0,227,22,30.27950358,-97.72943088,IH,35.0,234.785,IH0035,Y,N,2,FRI,20.0,40.0,3.0,8.0,11.0,202376.0,2018.0,9.3,,,,0,2,0,2,0,2,0,2018
16532102,N,07/21/2018,08:57 AM,45,11,1,1,5,2,1,10,1.0,227,22,30.23166384,-97.79173116,US,290.0,114.495,US0290,Y,N,2,SAT,20.0,20.0,10.0,8.0,12.0,127013.0,2018.0,2.7,1.0,297.0,3.0,0,2,0,0,0,2,0,2018
16532148,N,07/21/2018,11:45 AM,65,11,1,1,11,7,2,2,2.0,227,22,30.21685549,-97.75282609,US,290.0,117.101,US0290,Y,N,2,SAT,20.0,20.0,20.0,6.0,12.0,140123.0,2018.0,2.6,1.0,171.0,2.0,0,1,0,0,0,1,0,2018
16532200,N,07/22/2018,04:00 PM,-1,11,1,1,1,7,4,1,2.0,227,22,30.39110384,-97.67184703,IH,35.0,243.277,IH0035,Y,N,2,SUN,8.0,20.0,3.0,6.0,11.0,159315.0,2018.0,11.5,,,,0,1,0,0,0,1,0,2018
16532217,N,07/22/2018,07:58 PM,60,11,1,1,5,2,1,10,1.0,227,22,30.34050179,-97.5911026,US,290.0,132.21,US0290,Y,N,2,SUN,20.0,20.0,3.0,5.0,12.0,34434.0,2018.0,8.4,,,,0,2,0,4,0,2,0,2018
16532257,N,07/22/2018,09:00 PM,-1,11,4,1,1,2,4,22,1.0,227,22,,,US,290.0,,US0290,Y,N,2,SUN,,,,,,,,,,,,0,1,1,1,0,2,0,2018
16532265,N,07/23/2018,04:16 AM,65,11,4,1,1,7,4,1,2.0,227,22,30.28175063,-97.72807626,IH,35.0,234.96,IH0035,Y,N,2,MON,20.0,40.0,3.0,8.0,11.0,202376.0,2018.0,9.3,,,,0,1,0,1,0,1,0,2018
16534291,N,07/19/2018,08:11 PM,80,11,1,1,20,4,4,1,3.0,227,330,30.41039802,-97.58450192,SH,130.0,20.867,SH0130,Y,N,2,THU,8.0,20.0,135.0,4.0,12.0,45033.0,2018.0,17.2,,,,0,2,1,0,0,3,0,2018
16535962,N,07/17/2018,04:58 AM,55,11,3,1,12,6,4,1,1.0,227,9999,30.13858958,-97.66080052,FM,812.0,3.007,FM0812,Y,Y,1,TUE,10.0,10.0,0.0,2.0,6.0,15228.0,2018.0,6.8,,,,1,1,0,0,0,2,0,2018
16537581,N,07/24/2018,07:00 AM,65,11,1,1,11,2,3,20,1.0,227,9999,30.13374701,-97.69609193,US,183.0,334.781,US0183,Y,Y,2,TUE,8.0,8.0,0.0,4.0,14.0,17419.0,2018.0,9.9,,,,0,1,1,0,0,2,0,2018
16539175,N,07/04/2018,01:27 AM,70,11,4,1,20,10,4,1,2.0,227,372,30.47513753,-97.67230914,IH,35.0,249.182,IH0035,Y,N,1,WED,16.0,20.0,3.0,6.0,11.0,162734.0,2018.0,11.4,,,,1,1,0,0,0,2,0,2018
16540336,N,07/04/2018,11:17 AM,55,11,1,1,5,2,1,34,1.0,227,9999,30.30440648,-97.84121072,RM,2244.0,6.485,RM2244,Y,Y,2,WED,10.0,10.0,0.0,4.0,14.0,47314.0,2018.0,3.1,,,,0,1,1,0,0,2,0,2018
16542061,N,07/28/2018,09:25 PM,60,11,4,1,11,2,4,20,1.0,227,9999,30.16117204,-97.69383012,US,183.0,332.8730000000001,US0183,Y,Y,2,SAT,8.0,8.0,0.0,4.0,14.0,23967.0,2018.0,8.1,,,,0,1,2,0,0,3,0,2018
16542266,N,07/28/2018,03:06 PM,70,11,1,1,5,2,2,22,1.0,227,9999,30.18634344,-97.60949555,SH,71.0,132.923,SH0071,Y,Y,2,SAT,4.0,6.0,40.0,4.0,14.0,53382.0,2018.0,8.3,,,,0,1,1,5,0,2,0,2018
16543621,N,07/30/2018,11:11 AM,40,11,1,1,5,2,1,34,1.0,227,330,30.44747301,-97.63893542,FM,1825.0,2.232,FM1825,Y,N,1,MON,8.0,8.0,0.0,4.0,16.0,22010.0,2018.0,4.2,,,,1,0,1,0,0,2,0,2018
16544003,N,07/20/2018,01:10 AM,35,11,4,1,5,1,2,1,1.0,227,22,30.27851446,-97.72992752,IH,35.0,234.711,IH0035,Y,N,1,FRI,20.0,40.0,3.0,8.0,11.0,202376.0,2018.0,9.3,,,,1,1,0,3,0,2,0,2018
16545095,N,07/31/2018,06:22 AM,65,11,2,1,5,2,2,22,1.0,227,1016,30.34954254,-97.52700498,US,290.0,136.119,US0290,Y,N,1,TUE,12.0,20.0,68.0,4.0,14.0,44701.0,2018.0,6.9,,,,1,0,0,4,0,1,0,2018
16546741,N,07/10/2018,11:45 AM,55,11,1,1,5,2,2,22,1.0,227,9999,30.316422999999997,-97.87219488,RM,2244.0,4.207,RM2244,Y,Y,2,TUE,5.0,10.0,0.0,4.0,14.0,19573.0,2018.0,4.4,1.0,107.0,4.0,0,1,0,1,0,1,0,2018
16547785,N,07/31/2018,05:55 AM,50,2,4,2,5,2,1,10,1.0,227,538,30.30851364,-97.94538879,SH,71.0,108.658,SH0071,Y,Y,1,TUE,0.0,0.0,26.0,6.0,14.0,51884.0,2018.0,3.0,,,,1,0,0,1,0,1,0,2018
16548202,N,08/01/2018,10:45 PM,80,11,4,1,1,2,4,20,1.0,227,330,30.43459965,-97.59086082,SH,130.0,19.16,SH0130,Y,N,1,WED,8.0,20.0,135.0,6.0,12.0,45033.0,2018.0,17.2,,,,1,0,0,1,0,1,0,2018
16548438,Y,08/02/2018,10:10 AM,55,11,1,1,20,2,4,20,1.0,227,250,30.3691786,-97.94917263,RM,620.0,5.167999999999998,RM0620,Y,N,2,THU,8.0,8.0,0.0,4.0,14.0,43643.0,2018.0,3.2,,,,0,1,0,2,0,1,0,2018
16548679,N,07/22/2018,05:09 AM,45,11,3,1,20,7,4,1,2.0,227,9999,30.29674045,-97.83377289,RM,2244.0,7.223,RM2244,Y,Y,1,SUN,10.0,10.0,0.0,4.0,14.0,49430.0,2018.0,3.1,,,,1,0,0,0,0,1,0,2018
16551132,N,07/28/2018,03:20 AM,55,11,4,1,11,7,4,1,4.0,227,9999,30.44575247,-97.66746031,IH,35.0,247.109,IH0035,Y,Y,2,SAT,8.0,20.0,3.0,6.0,11.0,129244.0,2018.0,12.7,,,,0,2,0,0,0,2,0,2018
16551314,N,07/24/2018,09:52 PM,45,11,4,1,5,2,4,20,1.0,227,1378,30.23306504,-97.81835066,US,290.0,112.844,US0290,Y,Y,2,TUE,20.0,20.0,42.0,5.0,12.0,85803.0,2018.0,3.3,,,,0,1,0,1,0,1,0,2018
16552060,N,08/02/2018,02:37 PM,60,11,1,1,5,2,1,34,1.0,227,9999,30.22344677,-97.95302175,US,290.0,104.45,US0290,Y,Y,2,THU,0.0,6.0,0.0,4.0,14.0,37680.0,2018.0,2.9,1.0,210.0,1.0,0,2,0,2,0,2,0,2018
16553766,N,07/31/2018,08:41 AM,45,11,1,1,5,2,1,34,1.0,227,9999,30.30440648,-97.84121072,RM,2244.0,6.485,RM2244,Y,Y,2,TUE,10.0,10.0,0.0,4.0,14.0,47314.0,2018.0,3.1,,,,0,1,1,2,0,2,0,2018
16555211,N,08/03/2018,03:02 PM,55,11,1,1,12,10,4,1,2.0,227,9999,30.50795875,-98.03412169,RM,1431.0,40.96,RM1431,Y,Y,1,FRI,1.0,1.0,0.0,2.0,7.0,2793.0,2018.0,4.1,,,,1,0,0,0,1,1,0,2018
16555981,N,07/03/2018,04:00 PM,-1,11,1,1,20,2,4,20,1.0,227,22,30.23375365,-97.74117918,IH,35.0,231.466,IH0035,Y,N,1,TUE,4.0,20.0,3.0,6.0,11.0,150700.0,2018.0,10.7,,,,2,0,1,0,1,3,0,2018
16556014,N,07/08/2018,02:49 AM,45,11,4,1,6,2,1,10,1.0,227,22,30.34792185,-97.71264889,US,183.0,317.68,US0183,Y,N,2,SUN,20.0,20.0,8.0,6.0,12.0,138247.0,2018.0,3.6,,,,0,1,0,1,1,1,0,2018
16556055,N,07/11/2018,05:28 PM,-1,11,1,1,1,2,4,20,1.0,227,22,30.30848127,-97.71100656,IH,35.0,237.061,IH0035,Y,N,1,WED,8.0,20.0,24.0,8.0,11.0,196302.0,2018.0,9.5,,,,1,0,0,1,0,1,0,2018
16556567,N,07/15/2018,04:01 AM,60,11,4,1,20,2,4,20,1.0,227,22,30.29236874,-97.72123235,IH,35.0,235.796,IH0035,Y,N,2,SUN,8.0,20.0,24.0,8.0,11.0,202376.0,2018.0,9.3,,,,0,1,0,1,1,1,0,2018
16556575,N,07/16/2018,06:13 PM,-1,11,1,1,11,2,4,20,1.0,227,22,30.22377784,-97.74705656,IH,35.0,230.695,IH0035,Y,N,2,MON,4.0,20.0,3.0,6.0,11.0,157370.0,2018.0,10.5,,,,0,1,0,1,0,1,0,2018
16556578,N,07/17/2018,06:48 PM,45,11,1,1,1,7,4,1,4.0,227,22,30.37952805,-97.73792267,SL,1.0,7.682,SL0001,Y,N,2,TUE,20.0,20.0,36.0,5.0,12.0,97149.0,2018.0,1.6,,,,0,2,0,1,0,2,0,2018
16556646,N,07/19/2018,07:01 PM,60,11,1,1,20,2,4,20,1.0,227,22,30.31853375,-97.70727594,IH,35.0,237.795,IH0035,Y,N,2,THU,8.0,20.0,24.0,8.0,11.0,193850.0,2018.0,9.5,1.0,274.0,0.0,0,1,0,2,0,1,0,2018
16556658,N,07/20/2018,10:32 PM,-1,11,4,1,1,2,4,20,1.0,227,22,30.28943453,-97.72311252,IH,35.0,235.565,IH0035,Y,N,2,FRI,8.0,20.0,24.0,8.0,11.0,202376.0,2018.0,9.3,,,,0,1,0,3,0,1,0,2018
16556660,N,07/20/2018,01:01 PM,-1,11,1,1,20,2,4,20,1.0,227,22,30.24466915,-97.80232789,SL,360.0,12.958,SL0360,Y,N,2,FRI,8.0,20.0,48.0,6.0,14.0,99537.0,2018.0,2.0,,,,0,1,0,2,0,1,0,2018
16556726,N,07/21/2018,09:17 PM,45,11,3,1,20,1,4,1,1.0,227,22,30.18617549,-97.81616548,FM,2304.0,1.087,FM2304,Y,N,2,SAT,13.0,14.0,0.0,4.0,14.0,35199.0,2018.0,3.5,,,,0,1,0,1,0,1,0,2018
16556732,N,07/22/2018,01:19 AM,-1,11,4,1,5,2,2,22,1.0,227,22,30.35806933,-97.68814856,IH,35.0,240.782,IH0035,Y,N,2,SUN,20.0,20.0,3.0,6.0,11.0,138459.0,2018.0,12.2,,,,0,1,0,3,0,1,0,2018
16556736,N,07/22/2018,04:57 AM,-1,11,4,1,1,2,4,22,1.0,227,22,30.431597600000003,-97.76421541,US,183.0,310.535,US0183,Y,N,2,SUN,16.0,20.0,36.0,6.0,12.0,130260.0,2018.0,2.1,,,,0,1,0,1,0,1,0,2018
16556752,Y,07/23/2018,07:26 AM,-1,11,1,1,20,2,3,13,2.0,227,22,30.14180053,-97.79544074,IH,35.0,224.315,IH0035,Y,N,1,MON,6.0,20.0,30.0,6.0,11.0,128785.0,2018.0,12.2,,,,1,0,0,1,0,1,0,2018
16556753,N,07/23/2018,10:14 AM,50,11,1,1,11,2,2,14,1.0,227,22,30.15872477,-97.83342354,FM,2304.0,3.268,FM2304,Y,N,2,MON,13.0,14.0,0.0,2.0,16.0,31291.0,2018.0,3.6,,,,0,2,0,0,0,2,0,2018
16556754,N,07/23/2018,10:30 AM,60,11,1,1,20,2,4,30,1.0,227,9999,30.39791611,-97.85709072,RM,620.0,12.395,RM0620,Y,Y,2,MON,8.0,8.0,0.0,4.0,14.0,46442.0,2018.0,3.2,1.0,154.0,6.0,0,2,0,2,0,2,0,2018
16556797,N,07/23/2018,09:42 AM,55,11,1,1,20,2,4,20,1.0,227,22,30.25869566,-97.81282825,SL,360.0,11.805,SL0360,Y,N,2,MON,8.0,20.0,60.0,4.0,14.0,55818.0,2018.0,2.6,,,,0,1,0,6,0,1,0,2018
16556799,N,07/23/2018,06:30 AM,60,11,4,1,20,1,4,1,3.0,227,22,30.43677848,-97.7351634,FM,734.0,7.665,FM0734,Y,N,4,MON,8.0,20.0,36.0,6.0,14.0,49788.0,2018.0,3.9,,,,0,0,0,0,1,0,1,2018
16556814,N,07/23/2018,04:59 AM,55,11,4,1,20,2,4,21,1.0,227,22,30.33019341,-97.63176364,US,290.0,129.665,US0290,Y,N,2,MON,20.0,20.0,3.0,6.0,12.0,34434.0,2018.0,8.4,,,,0,1,0,1,0,1,0,2018
16556820,N,07/24/2018,07:50 AM,-1,12,1,1,5,2,1,10,1.0,227,22,30.21621427,-97.7440169,SH,71.0,123.943,SH0071,Y,N,2,TUE,20.0,20.0,32.0,6.0,12.0,122565.0,2018.0,3.2,,,,0,1,0,2,0,1,0,2018
16556915,N,07/24/2018,12:02 PM,35,11,1,1,5,2,1,34,1.0,227,22,30.33575441,-97.69340526,US,183.0,319.12,US0183,Y,N,2,TUE,4.0,10.0,24.0,5.0,12.0,61688.0,2018.0,6.9,1.0,126.0,3.0,0,1,1,4,0,2,0,2018
16556931,N,07/24/2018,05:16 PM,-1,11,1,1,20,2,4,22,1.0,227,22,30.24915123,-97.80529785,SL,360.0,12.601,SL0360,Y,N,2,TUE,8.0,20.0,48.0,4.0,14.0,99537.0,2018.0,2.0,,,,0,1,0,2,0,1,0,2018
16556942,N,07/24/2018,07:18 PM,35,11,1,1,20,7,4,1,2.0,227,22,30.27573729,-97.69939058,SL,111.0,0.545,SL0111,Y,N,1,TUE,1.0,2.0,0.0,4.0,14.0,31328.0,2018.0,1.8,,,,1,0,0,0,0,1,0,2018
16557748,N,07/25/2018,09:57 PM,65,11,3,1,20,2,4,20,1.0,227,22,30.37184479,-97.74107555,SL,1.0,8.243,SL0001,Y,N,2,WED,12.0,20.0,36.0,6.0,12.0,149361.0,2018.0,1.2,1.0,124.0,0.0,0,1,0,5,0,1,0,2018
16557754,N,07/26/2018,12:58 AM,-1,11,3,1,20,10,4,1,2.0,227,22,,,FM,973.0,,FM0973,Y,N,2,THU,,,,,,,,,,,,0,1,0,0,0,1,0,2018
16557760,N,07/26/2018,11:36 AM,60,11,1,1,20,2,2,20,1.0,227,22,30.21643599,-97.75132301,IH,35.0,230.13,IH0035,Y,N,1,THU,4.0,20.0,3.0,6.0,11.0,157370.0,2018.0,10.5,,,,1,1,4,1,0,6,0,2018
16557770,N,07/26/2018,03:01 PM,60,11,1,1,5,2,1,10,1.0,227,22,30.34050179,-97.5911026,US,290.0,132.21,US0290,Y,N,1,THU,20.0,20.0,3.0,5.0,12.0,34434.0,2018.0,8.4,,,,2,3,0,1,0,5,0,2018
16557821,N,07/26/2018,11:21 AM,45,11,1,1,5,2,4,22,1.0,227,22,30.24971241,-97.80575405,SL,360.0,12.554,SL0360,Y,N,2,THU,8.0,20.0,60.0,4.0,14.0,99537.0,2018.0,2.0,,,,0,2,0,0,0,2,0,2018
16557824,N,07/27/2018,05:55 AM,60,11,4,1,1,7,4,1,2.0,227,22,30.2816988,-97.72810924,IH,35.0,234.955,IH0035,Y,N,2,FRI,20.0,40.0,3.0,8.0,11.0,202376.0,2018.0,9.3,,,,0,1,0,1,0,1,0,2018
16557826,N,07/27/2018,06:18 AM,65,11,1,1,1,2,4,21,1.0,227,22,30.35245399,-97.69171534,IH,35.0,240.341,IH0035,Y,N,2,FRI,20.0,20.0,3.0,6.0,11.0,145168.0,2018.0,11.9,,,,0,1,0,1,0,1,0,2018
16557848,N,07/27/2018,11:23 AM,70,11,1,1,20,2,4,20,1.0,227,22,30.18108067,-97.77688385,IH,35.0,227.254,IH0035,Y,N,2,FRI,6.0,20.0,30.0,6.0,11.0,156852.0,2018.0,11.1,,,,0,3,0,3,0,3,0,2018
16557903,N,07/27/2018,09:18 PM,-1,11,4,1,5,2,1,34,1.0,227,22,30.16417946,-97.83003202,FM,2304.0,2.829,FM2304,Y,N,2,FRI,13.0,14.0,0.0,2.0,16.0,31291.0,2018.0,3.6,1.0,120.0,4.0,0,1,0,1,0,1,0,2018
16557912,N,07/27/2018,04:09 PM,45,11,1,1,20,2,4,20,1.0,227,22,30.39837956,-97.71935035,FM,1325.0,6.365,FM1325,Y,N,2,FRI,0.0,0.0,0.0,4.0,14.0,43120.0,2018.0,1.5,,,,0,1,1,2,0,2,0,2018
16557925,N,07/28/2018,12:40 AM,50,11,3,1,1,7,4,1,2.0,227,22,30.37628502,-97.73262340000001,US,183.0,315.222,US0183,Y,N,2,SAT,20.0,20.0,8.0,6.0,12.0,138365.0,2018.0,3.6,,,,0,2,0,0,0,2,0,2018
16557969,N,07/28/2018,09:50 PM,-1,11,4,1,5,2,1,34,1.0,227,22,30.29122135,-97.62800294,FM,3177.0,3.5460000000000003,FM3177,Y,N,2,SAT,10.0,10.0,0.0,4.0,17.0,11798.0,2018.0,6.1,,,,0,2,0,0,0,2,0,2018
16557970,N,07/28/2018,09:14 PM,55,11,3,1,20,2,2,22,1.0,227,22,30.406372499999996,-97.85264613,RM,620.0,13.034,RM0620,Y,N,2,SAT,8.0,8.0,0.0,4.0,14.0,50802.0,2018.0,3.1,,,,0,2,0,3,0,2,0,2018
16557974,N,07/28/2018,02:20 AM,65,11,4,1,20,2,4,20,1.0,227,22,30.32074438,-97.70700795,IH,35.0,237.948,IH0035,Y,N,2,SAT,8.0,20.0,24.0,8.0,11.0,193850.0,2018.0,9.5,1.0,274.0,0.0,0,1,0,0,1,1,0,2018
16557988,N,07/29/2018,04:09 PM,55,11,1,1,5,2,1,10,1.0,227,22,30.34050179,-97.5911026,US,290.0,132.21,US0290,Y,N,2,SUN,20.0,20.0,3.0,5.0,12.0,34434.0,2018.0,8.4,,,,0,1,0,2,0,1,0,2018
16557993,N,07/29/2018,00:00 AM,-1,11,4,1,11,7,4,1,2.0,227,22,30.3515752,-97.69227167,IH,35.0,240.273,IH0035,Y,N,2,SUN,20.0,20.0,3.0,6.0,11.0,145168.0,2018.0,11.9,,,,0,1,0,0,0,1,0,2018
16557999,N,07/29/2018,10:36 PM,55,11,3,1,20,1,4,1,1.0,227,9999,30.15135858,-97.83323425,FM,2304.0,3.775,FM2304,Y,Y,4,SUN,4.0,4.0,0.0,2.0,16.0,31291.0,2018.0,3.6,,,,0,0,0,1,0,0,1,2018
16558035,N,07/30/2018,03:50 PM,45,11,1,1,20,2,1,10,1.0,227,22,30.28919539,-97.72326549,IH,35.0,235.547,IH0035,Y,N,2,MON,8.0,20.0,24.0,8.0,11.0,202376.0,2018.0,9.3,,,,0,1,0,4,0,1,0,2018
16558047,N,07/30/2018,07:54 PM,35,11,1,1,10,2,1,34,1.0,227,22,30.34774163,-97.71247936,SL,275.0,5.977,SL0275,Y,N,2,MON,2.0,20.0,12.0,4.0,14.0,37706.0,2018.0,1.2,,,,0,1,0,3,0,1,0,2018
16558054,N,07/30/2018,10:15 AM,60,12,1,1,1,2,4,20,1.0,227,22,30.32479762,-97.70641522,IH,35.0,238.229,IH0035,Y,N,2,MON,20.0,20.0,3.0,6.0,11.0,199837.0,2018.0,9.4,,,,0,1,0,0,1,1,0,2018
16558062,N,07/31/2018,01:25 AM,-1,11,4,1,5,2,2,22,1.0,227,22,30.23078462,-97.87930829,US,290.0,109.066,US0290,Y,N,1,TUE,0.0,4.0,0.0,4.0,14.0,48197.0,2018.0,3.0,1.0,380.0,2.0,1,1,0,0,0,2,0,2018
16558063,N,07/31/2018,03:17 AM,50,11,4,1,5,7,2,1,4.0,227,22,30.32212067,-97.70681763,IH,35.0,238.044,IH0035,Y,N,2,TUE,8.0,20.0,24.0,8.0,11.0,199837.0,2018.0,9.4,,,,0,1,0,0,0,1,0,2018
16558064,N,07/31/2018,07:50 AM,-1,11,1,1,5,2,2,22,1.0,227,22,30.26303981,-97.74318029,SL,343.0,4.623,SL0343,Y,N,2,TUE,10.0,10.0,0.0,4.0,14.0,24852.0,2018.0,2.0,,,,0,1,0,2,0,1,0,2018
16558100,N,07/31/2018,05:39 PM,-1,11,1,1,20,2,1,10,1.0,227,22,30.42039108,-97.70423126,FM,734.0,9.83,FM0734,Y,N,2,TUE,8.0,20.0,36.0,6.0,14.0,61367.0,2018.0,3.7,1.0,276.0,0.0,0,1,0,1,0,1,0,2018
16558112,N,08/01/2018,03:57 AM,55,12,4,1,20,7,4,5,2.0,227,22,30.1631534,-97.83119913,FM,2304.0,2.928,FM2304,Y,N,1,WED,13.0,14.0,0.0,2.0,16.0,31291.0,2018.0,3.6,,,,1,0,0,0,0,1,0,2018