Crash_ID,Cmv_Involv_Fl,Crash_Date,Crash_Time,Crash_Speed_Limit,Wthr_Cond_ID,Light_Cond_ID,Surf_Cond_ID,Traffic_Cntl_ID,Harm_Evnt_ID,Intrsct_Relat_ID,FHE_Collsn_ID,Road_Relat_ID,Cnty_ID,City_ID,Latitude,Longitude,Hwy_Sys,Hwy_Nbr,Dfo,Street_Name,Onsys_Fl,Rural_Fl,Crash_Sev_ID,Day_of_Week,Shldr_Width_Left,Shldr_Width_Right,Median_Width,Nbr_Of_Lane,Func_Sys_ID,Adt_Curnt_Amt,Adt_Curnt_Year,Trk_Aadt_Pct,Curve_Type_ID,Curve_Lngth,Cd_Degr,Sus_Serious_Injry_Cnt,Nonincap_Injry_Cnt,Poss_Injry_Cnt,Non_Injry_Cnt,Unkn_Injry_Cnt,Tot_Injry_Cnt,Death_Cnt,Year
16558113,Y,08/01/2018,04:53 AM,-1,11,3,1,1,10,4,1,2.0,227,22,30.09991375,-97.81287602,IH,35.0,221.25,IH0035,Y,N,2,WED,6.0,20.0,20.0,6.0,11.0,131087.0,2018.0,12.1,1.0,173.0,0.0,0,1,0,0,0,1,0,2018
16558117,N,08/01/2018,08:12 AM,50,11,1,1,20,2,1,22,1.0,227,22,30.286003700000002,-97.68147054,FM,969.0,1.364,FM0969,Y,N,2,WED,0.0,0.0,0.0,4.0,14.0,17992.0,2018.0,6.6,1.0,81.0,1.0,0,2,0,0,0,2,0,2018
16558119,N,08/01/2018,08:09 AM,-1,11,1,1,20,2,4,21,1.0,227,22,30.37566277,-97.67699929,IH,35.0,242.163,IH0035,Y,N,2,WED,8.0,20.0,3.0,6.0,11.0,138459.0,2018.0,12.2,,,,0,1,0,2,0,1,0,2018
16558128,N,08/01/2018,01:20 PM,60,11,1,1,20,2,1,10,1.0,227,22,30.34050179,-97.5911026,US,290.0,132.21,US0290,Y,N,2,WED,20.0,20.0,3.0,5.0,12.0,34434.0,2018.0,8.4,,,,0,3,0,1,0,3,0,2018
16558135,N,08/01/2018,04:36 PM,45,11,1,1,20,2,4,22,1.0,227,22,30.359080699999996,-97.78850937,RM,2222.0,5.319,RM2222,Y,N,2,WED,4.0,10.0,15.0,4.0,14.0,29445.0,2018.0,3.7,1.0,226.0,2.0,0,1,0,2,0,1,0,2018
16558136,N,08/01/2018,04:47 PM,65,11,1,1,20,2,4,20,1.0,227,22,30.37764677,-97.67571216,IH,35.0,242.32,IH0035,Y,N,2,WED,8.0,20.0,3.0,6.0,11.0,159315.0,2018.0,11.5,,,,0,2,0,4,1,2,0,2018
16558169,N,08/02/2018,08:09 AM,35,11,1,1,9,2,2,22,1.0,227,22,30.32140479,-97.69587843,US,290.0,125.758,US0290,Y,N,2,THU,12.0,20.0,24.0,5.0,12.0,55306.0,2018.0,6.3,1.0,1034.0,0.0,0,1,0,1,0,1,0,2018
16558200,N,08/02/2018,05:55 PM,-1,11,1,1,1,2,4,20,1.0,227,9999,30.33800203,-97.58978305,SH,130.0,26.119,SH0130,Y,Y,2,THU,12.0,20.0,135.0,4.0,12.0,39424.0,2018.0,17.9,,,,0,1,0,1,0,1,0,2018
16558205,N,08/02/2018,07:20 PM,60,11,1,1,20,2,4,20,1.0,227,22,30.28629279,-97.72515245,IH,35.0,235.317,IH0035,Y,N,2,THU,20.0,40.0,3.0,8.0,11.0,202376.0,2018.0,9.3,,,,0,1,0,3,0,1,0,2018
16558231,N,08/03/2018,09:20 AM,45,11,1,1,15,1,2,3,1.0,227,22,30.40230953,-97.71763353,FM,1325.0,6.0760000000000005,FM1325,Y,N,2,FRI,0.0,0.0,0.0,4.0,14.0,43120.0,2018.0,1.5,,,,0,1,0,1,0,1,0,2018
16558233,N,08/03/2018,09:02 AM,45,11,1,1,5,2,4,20,1.0,227,22,30.216436600000005,-97.75135743,US,290.0,117.194,US0290,Y,N,2,FRI,20.0,20.0,20.0,6.0,12.0,140123.0,2018.0,2.6,,,,0,1,1,0,0,2,0,2018
16558236,N,08/03/2018,10:36 AM,-1,11,1,1,20,2,4,22,1.0,227,22,30.33903468,-97.69984852,US,183.0,318.6740000000001,US0183,Y,N,2,FRI,20.0,20.0,24.0,6.0,12.0,61688.0,2018.0,6.9,,,,0,1,0,1,0,1,0,2018
16558243,N,08/03/2018,01:21 PM,45,11,1,1,5,2,1,10,1.0,227,22,30.34774163,-97.71247936,SL,275.0,5.977,SL0275,Y,N,2,FRI,2.0,20.0,12.0,4.0,14.0,37706.0,2018.0,1.2,,,,0,1,0,1,0,1,0,2018
16558250,N,08/03/2018,05:57 PM,50,11,1,1,5,2,4,22,1.0,227,22,30.16758174,-97.78574509999999,IH,35.0,226.186,IH0035,Y,N,2,FRI,6.0,20.0,30.0,6.0,11.0,156852.0,2018.0,11.1,1.0,586.0,0.0,0,1,0,2,0,1,0,2018
16558263,N,08/03/2018,05:07 PM,-1,11,1,1,20,2,4,22,1.0,227,22,30.36760435,-97.74263796,SL,1.0,8.549,SL0001,Y,N,2,FRI,12.0,20.0,36.0,6.0,12.0,149361.0,2018.0,1.2,1.0,210.0,1.0,0,1,1,3,0,2,0,2018
16558321,N,08/04/2018,11:21 AM,50,11,1,1,5,2,1,10,1.0,227,22,30.41327488,-97.69063138,FM,734.0,10.778,FM0734,Y,N,2,SAT,10.0,20.0,36.0,6.0,14.0,56464.0,2018.0,3.8,,,,0,1,0,2,0,1,0,2018
16558331,N,08/04/2018,07:49 PM,-1,11,1,1,20,7,4,1,2.0,227,22,30.32484256,-97.70640858,IH,35.0,238.232,IH0035,Y,N,2,SAT,20.0,20.0,3.0,6.0,11.0,199837.0,2018.0,9.4,,,,0,1,0,0,0,1,0,2018
16558344,N,08/05/2018,07:06 AM,50,12,1,1,11,7,4,1,2.0,227,22,30.21236625,-97.71224593,SH,71.0,125.859,SH0071,Y,N,2,SUN,20.0,20.0,44.0,8.0,12.0,70740.0,2018.0,4.0,1.0,284.0,2.0,0,1,0,0,0,1,0,2018
16558355,N,08/05/2018,12:59 PM,40,11,1,1,20,2,1,24,1.0,227,22,30.40845052,-97.71596209,SL,1.0,5.119,SL0001,Y,N,2,SUN,28.0,28.0,36.0,9.0,12.0,112974.0,2018.0,1.6,,,,0,1,1,0,0,2,0,2018
16558360,N,08/05/2018,03:52 PM,-1,12,1,1,20,2,1,34,1.0,227,22,30.38841056,-97.75166202,SL,360.0,0.453,SL0360,Y,N,2,SUN,8.0,20.0,48.0,4.0,14.0,53584.0,2018.0,2.7,,,,0,2,0,0,0,2,0,2018
16558363,N,08/05/2018,07:00 PM,65,11,1,1,20,2,4,20,1.0,227,22,30.18828178,-97.68605999,US,183.0,330.952,US0183,Y,N,2,SUN,12.0,20.0,36.0,4.0,14.0,30598.0,2018.0,9.5,,,,0,1,0,1,0,1,0,2018
16558365,N,08/05/2018,07:46 PM,45,11,4,1,11,2,4,20,1.0,227,22,30.36319328,-97.71752846,US,183.0,316.589,US0183,Y,N,1,SUN,20.0,20.0,8.0,6.0,12.0,138247.0,2018.0,3.6,1.0,131.0,3.0,2,0,0,3,1,2,0,2018
16558372,N,08/05/2018,03:10 PM,45,11,1,1,5,2,1,10,1.0,227,22,30.1984147,-97.76412733,IH,35.0,228.67,IH0035,Y,N,2,SUN,24.0,24.0,42.0,6.0,11.0,148474.0,2018.0,11.3,,,,0,3,0,0,0,3,0,2018
16558383,N,08/06/2018,06:36 AM,50,11,1,1,20,7,4,1,2.0,227,22,30.32882693,-97.67833172,US,183.0,320.137,US0183,Y,N,2,MON,16.0,20.0,70.0,4.0,12.0,65226.0,2018.0,6.6,1.0,308.0,0.0,0,1,0,0,0,1,0,2018
16558393,N,08/06/2018,01:40 PM,55,12,1,1,21,2,2,20,1.0,227,22,30.21840121,-97.69108715,SH,71.0,127.198,SH0071,Y,N,2,MON,4.0,5.0,44.0,6.0,12.0,70740.0,2018.0,4.0,,,,0,1,0,1,0,1,0,2018
16558397,N,08/06/2018,03:40 PM,45,11,1,1,9,2,2,23,1.0,227,22,30.20321274,-97.63948059,SH,71.0,130.719,SH0071,Y,N,2,MON,0.0,0.0,180.0,6.0,14.0,53382.0,2018.0,8.3,,,,0,1,0,0,1,1,0,2018
16558540,N,08/07/2018,06:46 AM,55,11,1,1,8,2,1,34,1.0,227,9999,30.12898359,-97.71016202,FM,1625.0,1.641,FM1625,Y,Y,1,TUE,4.0,4.0,0.0,2.0,17.0,6715.0,2018.0,8.3,,,,1,0,1,0,0,2,0,2018
16559191,N,08/03/2018,06:55 PM,55,11,1,1,20,2,4,21,1.0,227,330,30.47207165,-97.59259625,SH,130.0,16.547,SH0130,Y,N,2,FRI,8.0,20.0,135.0,4.0,12.0,45033.0,2018.0,17.2,1.0,556.0,1.0,0,1,0,1,0,1,0,2018
16560011,N,07/29/2018,05:39 PM,-1,11,1,1,5,2,1,34,1.0,227,22,30.20321274,-97.63948059,SH,71.0,130.719,SH0071,Y,N,2,SUN,0.0,0.0,180.0,6.0,14.0,53382.0,2018.0,8.3,,,,0,2,2,0,0,4,0,2018
16560027,N,08/04/2018,10:32 PM,-1,11,4,1,5,2,1,10,1.0,227,22,30.16744269,-97.7858369,IH,35.0,226.174,IH0035,Y,N,2,SAT,6.0,20.0,30.0,6.0,11.0,156852.0,2018.0,11.1,1.0,586.0,0.0,0,2,0,6,0,2,0,2018
16560088,N,08/07/2018,07:43 PM,-1,11,1,1,1,2,1,24,1.0,227,22,30.34189343,-97.70295373,US,183.0,318.402,US0183,Y,N,2,TUE,20.0,20.0,24.0,6.0,12.0,116357.0,2018.0,3.9,,,,0,1,1,0,0,2,0,2018
16560099,N,08/07/2018,05:30 PM,60,11,1,1,20,2,4,22,1.0,227,22,30.23598218,-97.73987067,IH,35.0,231.638,IH0035,Y,N,2,TUE,4.0,20.0,3.0,6.0,11.0,150700.0,2018.0,10.7,,,,0,2,0,2,0,2,0,2018
16560115,N,08/08/2018,03:08 AM,65,11,3,1,11,7,4,1,2.0,227,22,,,,,,SH0001,Y,N,2,WED,,,,,,,,,,,,0,1,0,0,0,1,0,2018
16562176,N,08/01/2018,11:51 PM,55,11,4,1,20,7,4,1,2.0,227,9999,30.44973214,-97.66669174,IH,35.0,247.386,IH0035,Y,Y,4,WED,8.0,20.0,3.0,6.0,11.0,129244.0,2018.0,12.7,,,,0,0,0,0,0,0,1,2018
16562248,N,08/01/2018,08:46 PM,-1,11,4,1,20,2,4,20,1.0,227,9999,30.39398371,-97.87069036,RM,620.0,11.531,RM0620,Y,Y,2,WED,8.0,8.0,0.0,4.0,14.0,31858.0,2018.0,3.6,1.0,161.0,0.0,0,1,0,2,0,1,0,2018
16563321,Y,08/02/2018,07:06 AM,65,11,1,1,5,2,4,21,1.0,227,1016,30.34928587,-97.53864529,US,290.0,135.425,US0290,Y,N,2,THU,12.0,20.0,68.0,4.0,14.0,51848.0,2018.0,6.4,,,,0,2,0,3,0,2,0,2018
16563451,N,08/09/2018,09:33 AM,70,11,1,1,11,2,4,20,1.0,227,9999,30.18766979,-97.59797997,SH,71.0,133.61700000000002,SH0071,Y,Y,2,THU,4.0,6.0,40.0,4.0,14.0,53382.0,2018.0,8.3,,,,0,1,0,1,0,1,0,2018
16563686,N,08/07/2018,05:05 PM,65,11,1,1,20,2,4,20,1.0,227,1016,30.34989192,-97.51716121,US,290.0,136.707,US0290,Y,N,2,TUE,12.0,20.0,68.0,4.0,14.0,44701.0,2018.0,6.9,,,,0,1,0,1,1,1,0,2018
16563746,Y,07/27/2018,05:29 AM,60,11,4,1,20,1,4,1,1.0,227,22,30.26397775,-97.73532372,IH,35.0,233.66,IH0035,Y,N,4,FRI,8.0,20.0,3.0,8.0,11.0,158343.0,2018.0,10.4,1.0,248.0,2.0,0,0,0,1,0,0,1,2018
16563893,N,07/18/2018,02:58 PM,50,11,1,1,5,2,1,10,1.0,227,22,30.34398458,-97.70527827,US,183.0,318.201,US0183,Y,N,2,WED,20.0,20.0,24.0,6.0,12.0,139965.0,2018.0,3.6,,,,0,1,2,0,0,3,0,2018
16563902,N,07/29/2018,01:35 PM,35,11,1,1,5,2,1,34,1.0,227,22,30.26291917,-97.75777378,SL,343.0,3.531,SL0343,Y,N,2,SUN,0.0,0.0,22.0,6.0,14.0,46479.0,2018.0,1.4,,,,0,1,0,1,0,1,0,2018
16563903,N,08/01/2018,07:58 AM,45,11,1,1,5,1,4,1,1.0,227,22,30.22659484,-97.76940787,US,290.0,115.903,US0290,Y,N,4,WED,20.0,20.0,42.0,6.0,12.0,140123.0,2018.0,2.6,1.0,328.0,2.0,0,0,0,1,0,0,1,2018
16563906,N,08/03/2018,03:20 AM,55,11,4,1,5,2,1,10,1.0,227,22,30.40795135,-97.67464447,IH,35.0,244.474,IH0035,Y,N,1,FRI,8.0,20.0,3.0,6.0,11.0,134367.0,2018.0,12.4,1.0,411.0,1.0,1,1,0,0,0,2,0,2018
16563939,N,08/05/2018,02:06 AM,50,11,4,1,20,7,4,1,2.0,227,22,30.38887843,-97.73459754,SL,1.0,7.0070000000000014,SL0001,Y,N,1,SUN,24.0,20.0,36.0,6.0,12.0,97149.0,2018.0,1.6,,,,1,0,0,0,0,1,0,2018
16563947,N,08/07/2018,11:55 AM,-1,11,1,1,20,2,4,20,1.0,227,22,30.29090524,-97.72217013,IH,35.0,235.681,IH0035,Y,N,1,TUE,8.0,20.0,24.0,8.0,11.0,202376.0,2018.0,9.3,,,,1,0,0,2,0,1,0,2018
16563955,N,08/07/2018,09:31 AM,-1,11,1,1,20,2,4,20,1.0,227,22,30.39669952,-97.84887887,RM,2222.0,0.5770000000000001,RM2222,Y,N,2,TUE,0.0,0.0,0.0,4.0,14.0,42777.0,2018.0,3.2,1.0,39.0,13.0,0,1,0,1,0,1,0,2018
16564022,N,08/08/2018,08:35 PM,-1,11,3,1,1,2,1,34,1.0,227,22,30.21765083,-97.68325172,US,183.0,328.92,US0183,Y,N,2,WED,12.0,16.0,36.0,4.0,14.0,43585.0,2018.0,7.8,,,,0,1,0,1,0,1,0,2018
16564025,N,08/08/2018,09:45 PM,45,11,4,1,5,2,2,22,1.0,227,22,30.36477532,-97.69604529,SL,275.0,4.421,SL0275,Y,N,2,WED,0.0,0.0,0.0,4.0,14.0,37689.0,2018.0,1.2,,,,0,1,0,3,1,1,0,2018
16564029,N,08/08/2018,10:45 PM,-1,11,4,1,5,2,2,22,1.0,227,22,30.23657888,-97.68627056,US,183.0,327.575,US0183,Y,N,2,WED,6.0,10.0,36.0,4.0,14.0,100483.0,2018.0,5.5,1.0,115.0,0.0,0,1,0,5,0,1,0,2018
16564032,N,08/08/2018,06:16 PM,-1,11,1,1,5,2,1,10,1.0,227,22,30.23652951,-97.68624264,US,183.0,327.579,US0183,Y,N,2,WED,6.0,10.0,36.0,4.0,14.0,100483.0,2018.0,5.5,1.0,115.0,0.0,0,1,0,2,0,1,0,2018
16564035,N,08/09/2018,00:00 AM,40,11,4,1,17,2,3,13,1.0,227,22,30.23881665,-97.78907223,SL,343.0,0.899,SL0343,Y,N,2,THU,0.0,0.0,0.0,4.0,14.0,36688.0,2018.0,1.5,,,,0,1,0,2,0,1,0,2018
16564094,N,08/09/2018,02:14 PM,45,11,1,1,5,2,1,10,1.0,227,22,30.26808217,-97.69625113,SL,111.0,1.11,SL0111,Y,N,2,THU,1.0,2.0,0.0,4.0,14.0,31328.0,2018.0,1.8,,,,0,2,0,4,0,2,0,2018
16564096,N,08/09/2018,03:40 PM,-1,11,1,1,20,10,4,1,1.0,227,22,30.32212067,-97.70681763,IH,35.0,238.044,IH0035,Y,N,2,THU,8.0,20.0,24.0,8.0,11.0,199837.0,2018.0,9.4,,,,0,1,0,0,0,1,0,2018
16564141,N,08/09/2018,04:54 AM,70,11,4,1,20,2,4,21,1.0,227,22,,,IH,35.0,,IH0035,Y,N,2,THU,,,,,,,,,,,,0,1,0,1,0,1,0,2018
16564150,N,08/09/2018,05:48 PM,-1,11,1,1,20,7,4,1,2.0,227,22,30.18985214,-97.68561792,US,183.0,330.841,US0183,Y,N,2,THU,12.0,20.0,36.0,4.0,14.0,30598.0,2018.0,9.5,,,,0,1,0,0,0,1,0,2018
16564153,N,08/10/2018,06:53 AM,50,11,1,1,8,2,2,22,1.0,227,22,30.28616556,-97.72523475,IH,35.0,235.307,IH0035,Y,N,2,FRI,20.0,40.0,3.0,8.0,11.0,202376.0,2018.0,9.3,,,,0,1,0,1,0,1,0,2018
16564165,N,08/10/2018,09:00 AM,50,12,1,1,15,1,2,1,1.0,227,22,30.37320918,-97.72641549,US,183.0,315.648,US0183,Y,N,2,FRI,20.0,20.0,8.0,6.0,12.0,138365.0,2018.0,3.6,,,,0,1,0,0,1,1,0,2018
16564167,N,08/10/2018,11:49 AM,-1,11,1,1,1,2,2,20,1.0,227,22,,,IH,35.0,,IH0035,Y,N,2,FRI,,,,,,,,,,,,0,1,0,1,0,1,0,2018
16564615,N,07/30/2018,12:37 PM,55,11,1,1,11,7,4,1,2.0,227,9999,30.39680685,-97.8589521,RM,620.0,12.258,RM0620,Y,Y,2,MON,8.0,8.0,0.0,4.0,14.0,46442.0,2018.0,3.2,,,,0,1,0,0,0,1,0,2018
16565541,N,08/06/2018,09:04 PM,65,11,3,1,20,2,4,20,1.0,227,1016,30.34983186,-97.51874821,US,290.0,136.612,US0290,Y,N,2,MON,12.0,20.0,68.0,4.0,14.0,44701.0,2018.0,6.9,,,,0,1,0,2,0,1,0,2018
16565613,N,08/08/2018,03:25 PM,45,11,1,1,8,2,1,10,1.0,227,9999,30.44970816,-97.65807174,FM,1825.0,1.019,FM1825,Y,Y,1,WED,8.0,8.0,0.0,4.0,16.0,34141.0,2018.0,3.5,1.0,241.0,8.0,1,0,1,0,0,2,0,2018
16566964,N,07/23/2018,10:58 AM,60,11,1,1,20,2,4,30,1.0,227,9999,30.30905294,-97.88944808,RM,2244.0,2.997,RM2244,Y,Y,1,MON,5.0,10.0,0.0,4.0,14.0,19573.0,2018.0,4.4,1.0,108.0,5.0,1,0,0,1,0,1,0,2018
16567057,N,08/04/2018,04:20 PM,55,11,1,1,5,2,1,24,1.0,227,330,30.47276834,-97.59222716,SH,130.0,16.494,SH0130,Y,N,2,SAT,8.0,20.0,135.0,4.0,12.0,38706.0,2018.0,17.5,,,,0,1,0,3,0,1,0,2018
16568123,N,08/09/2018,09:58 AM,55,11,1,1,5,2,2,32,1.0,227,256,,,,,,FM1431,Y,N,1,THU,,,,,,,,,,,,1,0,2,1,0,3,0,2018
16568287,N,08/10/2018,04:08 PM,35,12,1,1,21,2,1,10,1.0,227,22,30.24819973,-97.73538932,IH,35.0,232.549,IH0035,Y,N,2,FRI,4.0,10.0,3.0,6.0,11.0,142856.0,2018.0,11.0,1.0,238.0,3.0,0,1,0,1,0,1,0,2018
16568289,N,08/10/2018,05:52 PM,50,11,1,1,1,2,4,20,1.0,227,22,30.32960604,-97.64010845,US,290.0,129.166,US0290,Y,N,2,FRI,20.0,20.0,3.0,6.0,12.0,34434.0,2018.0,8.4,,,,0,2,0,0,0,2,0,2018
16568442,N,08/10/2018,08:57 PM,60,12,4,1,20,2,4,22,1.0,227,22,30.30427241,-97.66077462,US,183.0,322.24,US0183,Y,N,2,FRI,16.0,16.0,36.0,4.0,14.0,57843.0,2018.0,3.2,1.0,293.0,0.0,0,1,0,0,1,1,0,2018
16568455,N,08/11/2018,03:45 AM,55,12,4,2,20,7,4,1,2.0,227,22,,,IH,35.0,,IH0035,Y,N,2,SAT,,,,,,,,,,,,0,1,0,0,1,1,0,2018
16568459,N,08/11/2018,10:56 AM,65,11,1,1,20,2,4,20,1.0,227,22,30.27519324,-97.73130003,IH,35.0,234.468,IH0035,Y,N,2,SAT,20.0,40.0,3.0,8.0,11.0,177389.0,2018.0,9.9,,,,0,2,0,3,0,2,0,2018
16568463,N,08/11/2018,12:22 PM,35,12,1,1,20,4,4,1,1.0,227,22,30.26171198,-97.73623528,IH,35.0,233.49400000000003,IH0035,Y,N,2,SAT,8.0,20.0,3.0,8.0,11.0,158343.0,2018.0,10.4,1.0,248.0,2.0,0,4,0,1,0,4,0,2018
16568464,N,08/11/2018,12:58 PM,60,11,1,1,20,2,4,22,1.0,227,22,30.2891978,-97.72326397,IH,35.0,235.547,IH0035,Y,N,2,SAT,8.0,20.0,24.0,8.0,11.0,202376.0,2018.0,9.3,,,,0,3,1,1,0,4,0,2018
16568465,N,08/11/2018,12:28 PM,50,12,1,1,5,2,1,10,1.0,227,22,30.26574519,-97.73465308,IH,35.0,233.788,IH0035,Y,N,2,SAT,20.0,40.0,3.0,8.0,11.0,158343.0,2018.0,10.4,,,,0,5,0,0,0,5,0,2018
16568564,N,08/11/2018,06:59 PM,-1,2,1,2,20,2,4,10,1.0,227,22,30.35929971,-97.79119366,RM,2222.0,5.157,RM2222,Y,N,2,SAT,4.0,10.0,15.0,4.0,14.0,51893.0,2018.0,3.1,1.0,136.0,7.0,0,3,0,4,0,3,0,2018
16568657,N,08/11/2018,04:24 PM,-1,11,1,1,20,2,4,20,1.0,227,22,30.35133476,-97.69242389,IH,35.0,240.254,IH0035,Y,N,2,SAT,20.0,20.0,3.0,6.0,11.0,145168.0,2018.0,11.9,,,,0,3,0,2,0,3,0,2018
16568679,N,08/12/2018,01:05 PM,55,12,1,1,5,2,2,22,1.0,227,22,30.430615000000003,-97.70081318,SL,1.0,3.245,SL0001,Y,N,2,SUN,20.0,20.0,36.0,6.0,12.0,64650.0,2018.0,2.0,1.0,192.0,0.0,0,2,0,0,1,2,0,2018
16568743,N,08/13/2018,11:20 PM,55,11,4,1,20,2,4,21,1.0,227,22,30.35229747,-97.69181443,IH,35.0,240.329,IH0035,Y,N,2,MON,20.0,20.0,3.0,6.0,11.0,145168.0,2018.0,11.9,,,,0,1,0,1,0,1,0,2018
16568747,N,08/13/2018,11:28 AM,45,11,1,1,5,2,1,10,1.0,227,22,30.2201978,-97.83652978,SL,1.0,20.87,SL0001,Y,N,2,MON,20.0,20.0,3.0,6.0,12.0,84322.0,2018.0,1.6,,,,0,1,1,0,0,2,0,2018
16571119,N,08/07/2018,05:14 PM,55,11,1,1,12,2,3,34,1.0,227,9999,30.12058254,-97.63510617,FM,812.0,5.025,FM0812,Y,Y,1,TUE,10.0,10.0,0.0,2.0,6.0,13167.0,2018.0,7.0,1.0,70.0,1.0,1,0,0,1,0,1,0,2018
16572044,N,08/04/2018,06:47 PM,55,11,1,1,20,2,4,20,1.0,227,72,30.51451641,-97.86609287,RM,1431.0,55.471,RM1431,Y,N,1,SAT,10.0,10.0,20.0,4.0,16.0,29840.0,2018.0,3.2,,,,1,1,1,0,2,3,0,2018
16574539,N,07/16/2018,08:13 AM,60,11,1,1,20,2,4,22,1.0,227,22,,,US,183.0,,US0183,Y,N,1,MON,,,,,,,,,,,,1,0,0,2,0,1,0,2018
16574557,N,08/11/2018,10:43 PM,35,12,4,1,5,2,1,10,1.0,227,22,30.16744269,-97.7858369,IH,35.0,226.174,IH0035,Y,N,2,SAT,6.0,20.0,30.0,6.0,11.0,156852.0,2018.0,11.1,1.0,586.0,0.0,0,1,0,1,2,1,0,2018
16574716,N,08/13/2018,11:36 AM,70,11,1,1,20,2,4,20,1.0,227,22,30.18210563,-97.77621289,IH,35.0,227.335,IH0035,Y,N,1,MON,6.0,20.0,30.0,6.0,11.0,156852.0,2018.0,11.1,,,,1,0,0,3,0,1,0,2018
16574720,N,08/14/2018,02:09 AM,-1,11,4,1,11,1,4,1,1.0,227,22,,,SH,290.0,,SH0290,Y,N,2,TUE,,,,,,,,,,,,0,2,0,1,0,2,0,2018
16574849,N,08/14/2018,05:26 AM,-1,11,4,1,5,2,1,10,1.0,227,22,30.42434539,-97.67155315,IH,35.0,245.616,IH0035,Y,N,2,TUE,8.0,20.0,3.0,6.0,11.0,132719.0,2018.0,12.4,,,,0,1,0,1,0,1,0,2018
16574978,N,08/15/2018,07:58 AM,70,11,1,1,1,2,4,20,1.0,227,22,30.406574900000003,-97.67489727,IH,35.0,244.378,IH0035,Y,N,2,WED,8.0,20.0,3.0,6.0,11.0,159315.0,2018.0,11.5,1.0,411.0,1.0,0,2,0,2,0,2,0,2018
16574982,N,08/15/2018,02:42 PM,50,11,1,1,20,7,2,1,2.0,227,22,30.33702627,-97.70147868,IH,35.0,239.131,IH0035,Y,N,2,WED,20.0,20.0,3.0,6.0,11.0,199837.0,2018.0,9.4,1.0,409.0,1.0,0,1,0,0,0,1,0,2018
16574987,N,08/15/2018,03:23 PM,-1,11,1,1,20,2,4,22,1.0,227,22,30.29355041,-97.75956349,SL,1.0,13.804,SL0001,Y,N,2,WED,12.0,20.0,60.0,6.0,12.0,150574.0,2018.0,1.2,,,,0,1,0,1,0,1,0,2018
16575075,Y,08/16/2018,01:18 PM,55,12,1,1,20,2,4,21,1.0,227,22,30.25899863,-97.67554079,US,183.0,325.497,US0183,Y,N,2,THU,18.0,16.0,3.0,4.0,14.0,67460.0,2018.0,6.6,,,,0,1,0,1,0,1,0,2018
16577887,N,08/18/2018,07:26 PM,45,11,1,1,8,2,1,10,1.0,227,1016,,,FM,973.0,,FM0973,Y,N,1,SAT,,,,,,,,,,,,1,0,0,3,0,1,0,2018
16580029,N,08/03/2018,07:59 PM,50,11,1,1,20,7,2,1,2.0,227,250,30.35409458,-97.96153211,RM,620.0,3.855,RM0620,Y,N,2,FRI,8.0,8.0,0.0,4.0,14.0,50317.0,2018.0,3.1,1.0,110.0,2.0,0,1,0,1,0,1,0,2018
16580491,N,08/16/2018,03:36 PM,55,11,1,1,5,2,1,10,1.0,227,22,30.29221474,-97.66362099,US,183.0,323.087,US0183,Y,N,2,THU,16.0,20.0,36.0,4.0,14.0,57843.0,2018.0,3.2,,,,0,1,0,2,0,1,0,2018
16580496,N,08/16/2018,05:10 PM,65,11,1,1,20,2,4,22,1.0,227,22,30.40770096,-97.72003358,SL,1.0,5.3679999999999986,SL0001,Y,N,1,THU,24.0,20.0,36.0,6.0,12.0,112347.0,2018.0,1.6,1.0,173.0,1.0,1,0,0,2,0,1,0,2018
16580613,N,08/17/2018,12:27 AM,-1,11,4,1,1,7,4,1,2.0,227,22,30.40256115,-97.67482922,IH,35.0,244.1,IH0035,Y,N,4,FRI,8.0,20.0,3.0,6.0,11.0,159315.0,2018.0,11.5,,,,0,0,0,0,0,0,1,2018
16580625,N,08/17/2018,01:20 PM,-1,11,1,1,20,2,2,22,1.0,227,22,30.22031168,-97.83644082,SL,1.0,20.861,SL0001,Y,N,2,FRI,20.0,20.0,3.0,6.0,12.0,84322.0,2018.0,1.6,,,,0,1,0,4,0,1,0,2018
16580707,N,08/17/2018,05:19 PM,-1,11,1,1,1,2,4,20,1.0,227,22,30.21975673,-97.75772882,US,290.0,116.746,US0290,Y,N,2,FRI,20.0,20.0,20.0,6.0,12.0,140123.0,2018.0,2.6,,,,0,1,0,3,0,1,0,2018
16580727,N,08/17/2018,08:10 PM,70,11,1,1,20,2,4,20,1.0,227,22,30.20065181,-97.76228788,IH,35.0,228.86,IH0035,Y,N,2,FRI,24.0,24.0,42.0,6.0,11.0,148474.0,2018.0,11.3,,,,0,2,0,3,1,2,0,2018
16580731,N,08/17/2018,02:43 PM,60,11,1,1,20,2,4,20,1.0,227,22,30.31507091,-97.70784207,IH,35.0,237.555,IH0035,Y,N,2,FRI,8.0,20.0,24.0,8.0,11.0,193850.0,2018.0,9.5,1.0,157.0,0.0,0,1,1,0,0,2,0,2018
16580795,N,08/18/2018,02:32 AM,-1,11,4,1,5,1,2,1,1.0,227,22,30.26670353,-97.73431686,IH,35.0,233.856,IH0035,Y,N,4,SAT,20.0,40.0,3.0,8.0,11.0,177389.0,2018.0,9.9,,,,0,0,0,2,0,0,1,2018