Crash_ID,Cmv_Involv_Fl,Crash_Date,Crash_Time,Crash_Speed_Limit,Wthr_Cond_ID,Light_Cond_ID,Surf_Cond_ID,Traffic_Cntl_ID,Harm_Evnt_ID,Intrsct_Relat_ID,FHE_Collsn_ID,Road_Relat_ID,Cnty_ID,City_ID,Latitude,Longitude,Hwy_Sys,Hwy_Nbr,Dfo,Street_Name,Onsys_Fl,Rural_Fl,Crash_Sev_ID,Day_of_Week,Shldr_Width_Left,Shldr_Width_Right,Median_Width,Nbr_Of_Lane,Func_Sys_ID,Adt_Curnt_Amt,Adt_Curnt_Year,Trk_Aadt_Pct,Curve_Type_ID,Curve_Lngth,Cd_Degr,Sus_Serious_Injry_Cnt,Nonincap_Injry_Cnt,Poss_Injry_Cnt,Non_Injry_Cnt,Unkn_Injry_Cnt,Tot_Injry_Cnt,Death_Cnt,Year
16605058,N,09/02/2018,12:33 AM,-1,11,4,1,1,9,4,1,2.0,227,22,30.35425227,-97.69057692,IH,35.0,240.483,IH0035,Y,N,1,SUN,20.0,20.0,3.0,6.0,11.0,145168.0,2018.0,11.9,,,,1,0,0,0,0,1,0,2018
16605067,N,09/02/2018,08:55 AM,55,11,1,1,5,2,2,22,1.0,227,22,,,US,290.0,,US0290,Y,N,2,SUN,,,,,,,,,,,,0,1,0,3,0,1,0,2018
16605069,Y,09/02/2018,12:17 PM,-1,11,1,1,11,2,4,20,1.0,227,22,30.17794934,-97.77893366,IH,35.0,227.007,IH0035,Y,N,2,SUN,6.0,20.0,30.0,6.0,11.0,156852.0,2018.0,11.1,,,,0,2,1,5,0,3,0,2018
16605080,N,09/02/2018,06:02 PM,65,11,1,1,20,2,4,20,1.0,227,22,30.39870305,-97.73138212,SL,1.0,6.303,SL0001,Y,N,2,SUN,24.0,20.0,36.0,6.0,12.0,112347.0,2018.0,1.6,1.0,386.0,1.0,0,1,0,1,0,1,0,2018
16605105,N,09/02/2018,02:42 PM,45,11,1,1,20,4,4,1,2.0,227,22,30.44581109,-97.66352257,FM,1825.0,0.557,FM1825,Y,N,2,SUN,8.0,8.0,0.0,4.0,16.0,29814.0,2018.0,3.6,,,,0,3,2,1,0,5,0,2018
16605111,N,09/03/2018,09:44 AM,45,12,1,1,5,2,1,34,1.0,227,22,30.440112,-97.66855725,IH,35.0,246.715,IH0035,Y,N,2,MON,8.0,20.0,3.0,6.0,11.0,132719.0,2018.0,12.4,,,,0,2,0,0,0,2,0,2018
16605147,N,09/03/2018,07:18 PM,55,2,1,2,20,2,2,22,1.0,227,22,30.1674774,-97.78581399,IH,35.0,226.177,IH0035,Y,N,2,MON,6.0,20.0,30.0,6.0,11.0,156852.0,2018.0,11.1,1.0,586.0,0.0,0,1,0,2,0,1,0,2018
16605156,N,09/03/2018,08:26 PM,-1,2,4,2,5,7,4,1,4.0,227,22,30.23660535,-97.83985156,US,290.0,111.508,US0290,Y,N,2,MON,20.0,20.0,42.0,5.0,12.0,68372.0,2018.0,2.7,1.0,465.0,0.0,0,1,0,0,0,1,0,2018
16609057,N,08/21/2018,12:34 AM,50,11,4,1,20,1,4,1,1.0,227,22,,,IH,35.0,,IH0035,Y,N,1,TUE,,,,,,,,,,,,1,0,0,2,0,1,0,2018
16609256,N,09/04/2018,01:23 PM,45,11,1,1,5,2,1,10,1.0,227,22,30.34398458,-97.70527827,US,183.0,318.201,US0183,Y,N,2,TUE,20.0,20.0,24.0,6.0,12.0,139965.0,2018.0,3.6,,,,0,1,0,0,1,1,0,2018
16609257,N,09/04/2018,12:25 PM,45,11,1,1,5,2,1,10,1.0,227,22,30.32212067,-97.70681763,IH,35.0,238.044,IH0035,Y,N,2,TUE,8.0,20.0,24.0,8.0,11.0,199837.0,2018.0,9.4,,,,0,1,2,1,0,3,0,2018
16609260,N,09/04/2018,04:27 PM,65,2,1,2,1,10,4,1,1.0,227,22,30.33099982,-97.68274609999999,US,183.0,319.835,US0183,Y,N,2,TUE,2.0,10.0,24.0,5.0,12.0,65226.0,2018.0,6.6,,,,0,1,0,0,0,1,0,2018
16609309,N,09/05/2018,02:51 AM,-1,11,3,1,20,7,2,1,4.0,227,22,30.22667963,-97.83093452,SL,1.0,20.313,SL0001,Y,N,2,WED,20.0,20.0,3.0,6.0,12.0,84322.0,2018.0,1.6,,,,0,1,0,0,0,1,0,2018
16609317,N,09/05/2018,09:29 AM,55,12,1,1,5,2,1,10,1.0,227,22,30.23557091,-97.82463074,US,290.0,112.426,US0290,Y,N,1,WED,20.0,20.0,42.0,5.0,12.0,77933.0,2018.0,3.6,1.0,361.0,1.0,1,0,0,1,0,1,0,2018
16609519,N,09/06/2018,07:41 AM,55,12,1,1,20,7,2,2,2.0,227,22,30.32082707,-97.71625111,SS,69.0,0.721,SS0069,Y,N,1,THU,0.0,0.0,10.0,4.0,14.0,19307.0,2018.0,2.3,,,,1,4,0,0,0,5,0,2018
16609521,N,09/06/2018,08:44 AM,70,11,1,1,20,2,4,20,1.0,227,22,30.1995315,-97.76320966,IH,35.0,228.765,IH0035,Y,N,2,THU,24.0,24.0,42.0,6.0,11.0,148474.0,2018.0,11.3,,,,0,1,0,3,0,1,0,2018
16609522,N,09/06/2018,08:59 AM,65,11,1,1,20,2,4,22,1.0,227,22,30.26954454,-97.77587708,SL,1.0,15.736,SL0001,Y,N,2,THU,8.0,12.0,36.0,8.0,12.0,139370.0,2018.0,1.2,,,,0,1,0,1,0,1,0,2018
16609571,N,09/06/2018,10:14 AM,50,11,1,1,20,2,2,22,1.0,227,22,30.40782081,-97.67809009999999,FM,734.0,11.616,FM0734,Y,N,2,THU,10.0,10.0,16.0,6.0,14.0,63366.0,2018.0,3.7,,,,0,1,0,4,0,1,0,2018
16609579,N,09/06/2018,02:21 PM,50,12,1,1,5,2,1,10,1.0,227,22,30.34398458,-97.70527827,US,183.0,318.201,US0183,Y,N,2,THU,20.0,20.0,24.0,6.0,12.0,139965.0,2018.0,3.6,,,,0,3,0,2,0,3,0,2018
16609585,N,09/06/2018,11:16 AM,65,11,1,1,1,2,4,20,1.0,227,22,,,SH,183.0,,SH0183,Y,N,2,THU,,,,,,,,,,,,0,1,0,2,0,1,0,2018
16610575,N,09/03/2018,01:30 PM,70,12,1,1,11,2,4,20,1.0,227,9999,30.44654649,-97.66730697,IH,35.0,247.164,IH0035,Y,Y,2,MON,8.0,20.0,3.0,6.0,11.0,129244.0,2018.0,12.7,,,,0,1,0,3,0,1,0,2018
16610603,N,08/25/2018,01:24 AM,65,11,3,1,20,10,4,1,2.0,227,22,30.22129685,-97.6743858,SH,71.0,128.291,SH0071,Y,N,4,SAT,8.0,8.0,40.0,8.0,14.0,95090.0,2018.0,3.5,1.0,188.0,2.0,1,0,0,0,0,1,1,2018
16610820,N,08/28/2018,07:52 AM,55,11,1,1,8,2,1,14,1.0,227,9999,30.10281598,-97.61176188,FM,812.0,6.907,FM0812,Y,Y,2,TUE,10.0,10.0,0.0,2.0,6.0,13167.0,2018.0,7.0,,,,0,1,0,1,0,1,0,2018
16611335,N,09/07/2018,05:19 PM,55,12,1,1,5,2,1,10,1.0,227,22,30.34050179,-97.5911026,US,290.0,132.21,US0290,Y,N,2,FRI,20.0,20.0,3.0,5.0,12.0,34434.0,2018.0,8.4,,,,0,1,0,1,0,1,0,2018
16611682,N,09/06/2018,10:54 AM,50,11,1,1,5,2,1,34,1.0,227,330,30.44589703,-97.60793605,FM,685.0,7.227,FM0685,Y,N,4,THU,4.0,4.0,14.0,4.0,16.0,29334.0,2018.0,4.3,,,,1,0,2,0,0,3,1,2018
16612778,N,09/06/2018,04:48 PM,60,2,1,2,20,2,4,20,1.0,227,9999,30.13063677,-97.64437688,FM,812.0,4.131,FM0812,Y,Y,2,THU,10.0,10.0,0.0,2.0,6.0,15228.0,2018.0,6.8,1.0,119.0,5.0,0,2,2,3,0,4,0,2018
16614585,N,09/06/2018,01:16 PM,50,12,3,1,1,1,4,1,5.0,227,22,,,US,183.0,,US0183,Y,N,2,THU,,,,,,,,,,,,0,1,0,1,0,1,0,2018
16615232,N,08/27/2018,11:45 AM,50,11,1,1,5,2,1,34,1.0,227,9999,30.14095171,-97.84677841,FM,1626.0,3.258,FM1626,Y,Y,1,MON,4.0,4.0,0.0,2.0,16.0,21273.0,2018.0,3.8,1.0,179.0,0.0,1,3,0,1,0,4,0,2018
16615289,N,08/21/2018,11:32 PM,55,12,4,1,5,1,2,1,1.0,227,22,30.39832383,-97.71936984,FM,1325.0,6.369,FM1325,Y,N,1,TUE,0.0,0.0,0.0,4.0,14.0,43120.0,2018.0,1.5,,,,1,0,0,1,0,1,0,2018
16615290,N,08/22/2018,05:22 PM,35,11,1,1,5,5,1,3,1.0,227,22,30.26437892,-97.748021,SL,343.0,4.32,SL0343,Y,N,2,WED,0.0,7.0,0.0,4.0,14.0,43724.0,2018.0,1.4,,,,0,2,0,1,0,2,0,2018
16615291,N,08/24/2018,02:36 PM,35,11,1,1,11,2,2,22,1.0,227,22,30.337428999999997,-97.75709553,RM,2222.0,8.607000000000001,RM2222,Y,N,2,FRI,0.0,0.0,0.0,4.0,14.0,32997.0,2018.0,3.5,,,,0,1,1,1,0,2,0,2018
16615350,N,09/06/2018,06:34 PM,65,11,1,1,20,2,4,20,1.0,227,22,30.30386584,-97.75845547,SL,1.0,13.086,SL0001,Y,N,2,THU,12.0,20.0,100.0,6.0,12.0,150574.0,2018.0,1.2,1.0,142.0,2.0,0,1,0,5,0,1,0,2018
16615351,N,09/06/2018,05:49 PM,-1,12,1,1,1,2,4,20,1.0,227,22,30.35433706,-97.69052324,IH,35.0,240.489,IH0035,Y,N,2,THU,20.0,20.0,3.0,6.0,11.0,145168.0,2018.0,11.9,,,,0,1,1,0,0,2,0,2018
16615401,N,09/07/2018,05:57 AM,55,2,4,2,11,2,3,34,1.0,227,22,30.40313651,-97.85430743,RM,620.0,12.791,RM0620,Y,N,2,FRI,8.0,8.0,0.0,4.0,14.0,50802.0,2018.0,3.1,,,,0,1,0,1,0,1,0,2018
16615409,N,09/07/2018,09:53 AM,-1,2,1,2,1,2,4,20,1.0,227,22,30.3584229,-97.74560808,SL,1.0,9.206,SL0001,Y,N,2,FRI,12.0,20.0,36.0,6.0,12.0,148872.0,2018.0,1.2,,,,0,1,0,1,0,1,0,2018
16615410,N,09/07/2018,10:11 AM,70,2,1,2,11,2,4,22,1.0,227,22,30.17288782,-97.78224702,IH,35.0,226.606,IH0035,Y,N,2,FRI,6.0,20.0,30.0,6.0,11.0,156852.0,2018.0,11.1,,,,0,1,0,3,0,1,0,2018
16615429,N,09/07/2018,01:08 PM,35,2,1,2,1,2,4,20,1.0,227,22,30.23520111,-97.86095082,US,290.0,110.239,US0290,Y,N,1,FRI,6.0,6.0,0.0,4.0,14.0,72290.0,2018.0,2.7,,,,1,0,0,3,0,1,0,2018
16615433,N,09/07/2018,07:10 AM,45,2,6,1,20,2,4,20,1.0,227,22,30.42247668,-97.70350439,SL,1.0,3.827,SL0001,Y,N,2,FRI,20.0,20.0,36.0,6.0,12.0,97934.0,2018.0,8.4,,,,0,1,0,4,0,1,0,2018
16615436,N,09/07/2018,03:10 PM,80,11,1,2,20,2,4,21,1.0,227,22,,,US,290.0,,US0290,Y,N,2,FRI,,,,,,,,,,,,0,1,0,1,0,1,0,2018
16615442,N,09/07/2018,07:25 PM,-1,11,1,1,20,2,4,21,1.0,227,22,30.24076172,-97.68882837,US,183.0,327.249,US0183,Y,N,2,FRI,6.0,10.0,36.0,4.0,14.0,97049.0,2018.0,5.6,1.0,408.0,4.0,0,1,0,0,1,1,0,2018
16615459,N,09/08/2018,08:29 AM,55,12,1,1,20,2,3,20,1.0,227,22,30.24469136,-97.80233884,SL,360.0,12.956,SL0360,Y,N,2,SAT,8.0,20.0,48.0,6.0,14.0,99537.0,2018.0,2.0,,,,0,1,0,1,0,1,0,2018
16615479,N,09/08/2018,07:15 PM,60,11,1,1,5,2,1,10,1.0,227,22,30.37604828,-97.63177585,FM,734.0,15.431,FM0734,Y,N,1,SAT,10.0,6.0,59.0,4.0,14.0,31624.0,2018.0,4.3,,,,2,0,0,0,0,2,0,2018
16615503,N,09/09/2018,04:03 AM,-1,2,4,2,1,2,4,21,1.0,227,22,30.37861225,-97.67516888,IH,35.0,242.394,IH0035,Y,N,2,SUN,8.0,20.0,3.0,6.0,11.0,159315.0,2018.0,11.5,,,,0,2,0,1,0,2,0,2018
16615543,N,09/10/2018,07:13 AM,55,12,1,1,20,2,4,20,1.0,227,22,30.22072509,-97.67322891,SH,71.0,128.371,SH0071,Y,N,2,MON,8.0,8.0,40.0,8.0,14.0,95090.0,2018.0,3.5,1.0,440.0,1.0,0,1,0,2,0,1,0,2018
16615860,N,08/28/2018,11:00 PM,65,11,4,1,5,2,1,34,1.0,227,1088,30.09337251,-97.69382208,US,183.0,337.56,US0183,Y,Y,1,TUE,8.0,8.0,0.0,4.0,14.0,19968.0,2018.0,9.0,,,,1,0,0,1,0,1,0,2018
16617597,N,09/09/2018,04:32 AM,45,2,4,2,20,2,2,22,1.0,227,22,30.19766361,-97.80884622,FM,2304.0,0.184,FM2304,Y,N,1,SUN,13.0,14.0,0.0,4.0,14.0,35199.0,2018.0,3.5,,,,1,1,0,0,0,2,0,2018
16617630,N,09/11/2018,02:11 AM,-1,2,3,2,1,1,4,1,1.0,227,22,30.40795833,-97.67887714,FM,734.0,11.568,FM0734,Y,N,4,TUE,10.0,10.0,16.0,6.0,14.0,63366.0,2018.0,3.7,,,,0,0,0,1,0,0,1,2018
16617635,N,09/11/2018,10:20 AM,25,2,1,2,1,2,4,40,5.0,227,22,,,IH,35.0,,IH0035,Y,N,2,TUE,,,,,,,,,,,,0,1,0,1,0,1,0,2018
16617642,N,09/11/2018,02:22 PM,65,2,1,2,20,7,4,1,2.0,227,22,30.34693242,-97.71143197,US,183.0,317.781,US0183,Y,N,2,TUE,13.0,13.0,8.0,5.0,12.0,139965.0,2018.0,3.6,,,,0,1,0,0,0,1,0,2018
16617646,N,09/11/2018,03:37 PM,-1,11,1,1,20,2,2,22,1.0,227,22,30.23130973,-97.82712407,SL,1.0,19.92,SL0001,Y,N,2,TUE,20.0,20.0,60.0,6.0,12.0,84322.0,2018.0,1.6,,,,0,1,0,0,1,1,0,2018
16619097,N,09/05/2018,01:27 PM,35,11,1,1,5,1,2,3,1.0,227,22,30.35334052,-97.7056094,SL,275.0,5.4110000000000005,SL0275,Y,N,2,WED,0.0,0.0,0.0,4.0,14.0,37706.0,2018.0,1.2,,,,0,1,0,1,0,1,0,2018
16619115,N,09/11/2018,04:47 PM,-1,2,1,2,11,2,1,24,1.0,227,22,30.21621427,-97.7440169,SH,71.0,123.943,SH0071,Y,N,2,TUE,20.0,20.0,32.0,6.0,12.0,122565.0,2018.0,3.2,,,,0,2,0,0,0,2,0,2018
16619179,N,09/12/2018,08:10 AM,60,11,1,2,1,2,4,20,1.0,227,22,30.39947229,-97.65490417,FM,734.0,13.194,FM0734,Y,N,2,WED,11.0,0.0,55.0,4.0,14.0,39056.0,2018.0,4.1,,,,0,1,0,2,0,1,0,2018
16619181,N,09/12/2018,11:37 AM,45,11,1,1,5,1,2,1,1.0,227,22,30.23633685,-97.79261066,SL,343.0,0.627,SL0343,Y,N,2,WED,0.0,0.0,12.0,6.0,14.0,36688.0,2018.0,1.5,1.0,107.0,10.0,0,1,0,1,0,1,0,2018
16623749,N,09/14/2018,12:46 PM,40,12,1,1,1,2,1,14,1.0,227,451,30.27527396,-97.80157402,RM,2244.0,9.73,RM2244,Y,Y,2,FRI,0.0,0.0,0.0,4.0,14.0,32865.0,2018.0,3.5,1.0,62.0,2.0,0,1,0,1,0,1,0,2018
16624745,N,09/12/2018,06:45 AM,65,12,3,2,8,2,1,14,1.0,227,9999,30.35970778,-97.53264078,FM,973.0,15.493,FM0973,Y,Y,2,WED,10.0,10.0,0.0,2.0,16.0,15148.0,2018.0,5.5,1.0,333.0,1.0,0,1,0,4,0,1,0,2018
16624753,N,09/15/2018,11:32 AM,65,11,1,2,8,2,1,10,1.0,227,1016,30.35019636,-97.5094988,US,290.0,137.164,US0290,Y,N,2,SAT,12.0,20.0,68.0,4.0,2.0,44701.0,2018.0,6.9,,,,0,1,0,1,0,1,0,2018
16625711,N,09/12/2018,07:39 PM,-1,12,3,2,1,2,4,21,1.0,227,9999,30.29612167,-97.82958533,RM,2244.0,7.478,RM2244,Y,Y,2,WED,0.0,0.0,8.0,6.0,14.0,49430.0,2018.0,3.1,,,,0,1,0,1,0,1,0,2018
16626669,N,09/01/2018,07:33 PM,60,11,5,1,5,2,2,22,1.0,227,538,,,SH,71.0,,SH0071,Y,Y,2,SAT,,,,,,,,,,,,0,2,0,0,0,2,0,2018
16626903,N,09/06/2018,06:20 PM,50,2,1,2,11,2,4,30,1.0,227,9999,30.12069603,-97.63524326,FM,812.0,5.013,FM0812,Y,Y,2,THU,10.0,10.0,0.0,2.0,6.0,13167.0,2018.0,7.0,1.0,70.0,1.0,0,1,1,1,1,2,0,2018
16626971,N,09/17/2018,06:50 AM,65,11,3,1,8,2,1,10,1.0,227,9999,30.14416957,-97.69667917,US,183.0,334.0630000000001,US0183,Y,Y,2,MON,8.0,8.0,0.0,4.0,14.0,17419.0,2018.0,9.9,1.0,316.0,1.0,0,1,0,1,0,1,0,2018
16630432,N,09/14/2018,04:00 AM,80,11,4,1,20,9,4,1,2.0,227,9999,30.32955142,-97.58514124,SH,130.0,26.763,SH0130,Y,Y,2,FRI,12.0,20.0,135.0,4.0,12.0,39424.0,2018.0,17.9,1.0,195.0,1.0,0,1,0,0,0,1,0,2018
16630445,N,09/14/2018,01:41 PM,-1,12,1,1,20,2,4,20,1.0,227,22,30.24672595,-97.73506362,IH,35.0,232.446,IH0035,Y,N,2,FRI,4.0,10.0,3.0,6.0,11.0,150700.0,2018.0,10.7,,,,0,1,0,2,0,1,0,2018
16630448,N,09/14/2018,03:32 PM,45,2,1,2,5,2,1,34,1.0,227,22,30.33740622,-97.75705588,RM,2222.0,8.61,RM2222,Y,N,2,FRI,0.0,0.0,0.0,4.0,14.0,32997.0,2018.0,3.5,,,,0,1,0,1,0,1,0,2018
16631094,Y,09/04/2018,07:55 PM,70,12,5,1,20,1,4,1,1.0,227,9999,30.45953697,-97.66738293,IH,35.0,248.07,IH0035,Y,Y,4,TUE,18.0,18.0,12.0,6.0,11.0,162734.0,2018.0,11.4,1.0,467.0,1.0,0,0,0,1,0,0,1,2018
16631141,N,09/14/2018,05:45 PM,55,12,1,2,1,2,4,20,1.0,227,9999,30.23318264,-97.62698173,FM,973.0,26.955,FM0973,Y,Y,2,FRI,5.0,5.0,0.0,2.0,16.0,22301.0,2018.0,5.5,,,,0,2,0,1,0,2,0,2018
16631579,N,09/14/2018,08:59 PM,-1,2,3,2,20,2,4,30,1.0,227,22,30.34169533,-97.78224177,RM,2222.0,6.8820000000000014,RM2222,Y,N,2,FRI,0.0,0.0,0.0,4.0,14.0,27402.0,2018.0,3.8,,,,0,6,0,0,0,6,0,2018
16631626,N,09/14/2018,03:13 PM,55,2,1,2,20,9,4,1,1.0,227,22,30.41932075,-97.74688858,US,183.0,311.935,US0183,Y,N,2,FRI,20.0,20.0,36.0,6.0,12.0,137676.0,2018.0,2.0,,,,0,1,0,9,0,1,0,2018
16631637,N,09/15/2018,01:24 AM,35,2,4,2,10,2,1,34,1.0,227,22,30.20489641,-97.77481246,SL,275.0,18.473,SL0275,Y,N,2,SAT,8.0,8.0,0.0,4.0,14.0,32519.0,2018.0,1.3,1.0,449.0,0.0,0,1,1,0,1,2,0,2018
16631649,N,09/15/2018,02:02 PM,-1,12,1,1,11,2,3,10,1.0,227,22,30.23511185,-97.86133558,US,290.0,110.215,US0290,Y,N,2,SAT,6.0,6.0,0.0,4.0,14.0,72290.0,2018.0,2.7,,,,0,2,0,0,1,2,0,2018
16631721,N,09/16/2018,01:51 AM,55,5,4,1,1,1,4,5,1.0,227,22,30.19819001,-97.76430842,IH,35.0,228.652,IH0035,Y,N,1,SUN,24.0,24.0,42.0,6.0,11.0,148474.0,2018.0,11.3,,,,1,0,0,0,0,1,0,2018
16631724,N,09/16/2018,03:07 AM,55,11,4,1,5,2,2,22,1.0,227,22,30.26122284,-97.73644257,IH,35.0,233.459,IH0035,Y,N,2,SUN,8.0,20.0,3.0,8.0,11.0,158343.0,2018.0,10.4,,,,0,2,0,0,0,2,0,2018
16631764,N,09/16/2018,07:23 PM,70,12,1,1,20,7,4,1,2.0,227,22,30.19329852,-97.76825058,IH,35.0,228.241,IH0035,Y,N,2,SUN,24.0,24.0,42.0,6.0,11.0,170988.0,2018.0,10.7,1.0,208.0,0.0,0,1,0,0,0,1,0,2018
16631768,N,09/16/2018,04:11 AM,40,11,4,1,1,7,4,1,2.0,227,22,30.26554813,-97.73472221,IH,35.0,233.773,IH0035,Y,N,2,SUN,20.0,40.0,3.0,8.0,11.0,158343.0,2018.0,10.4,,,,0,2,0,0,0,2,0,2018
16631770,N,09/16/2018,12:15 AM,65,11,4,1,1,2,4,20,1.0,227,22,30.26548246,-97.73474525,IH,35.0,233.769,IH0035,Y,N,2,SUN,20.0,40.0,3.0,8.0,11.0,158343.0,2018.0,10.4,,,,0,1,0,1,0,1,0,2018
16631850,N,09/17/2018,04:30 PM,70,11,1,1,1,2,4,20,1.0,227,22,30.21322056,-97.7533048,IH,35.0,229.879,IH0035,Y,N,2,MON,4.0,20.0,3.0,6.0,11.0,148474.0,2018.0,11.3,1.0,301.0,0.0,0,1,0,2,0,1,0,2018
16631916,N,09/18/2018,01:18 PM,45,11,1,1,5,2,1,34,1.0,227,22,30.19309061,-97.77885248,SL,275.0,19.321,SL0275,Y,N,2,TUE,0.0,4.0,0.0,4.0,14.0,17455.0,2018.0,1.8,,,,0,2,0,1,0,2,0,2018
16632593,N,09/13/2018,07:50 AM,60,12,1,1,11,2,4,20,1.0,227,9999,30.25559119,-97.61278805,FM,973.0,25.197,FM0973,Y,Y,2,THU,5.0,5.0,0.0,2.0,16.0,22301.0,2018.0,5.5,,,,0,2,0,3,0,2,0,2018
16633315,N,07/20/2018,11:55 AM,-1,11,1,1,1,1,4,1,5.0,227,22,,,IH,35.0,,IH0035,Y,N,1,FRI,,,,,,,,,,,,1,0,0,1,0,1,0,2018
16633956,N,09/17/2018,06:25 PM,-1,11,1,1,5,2,1,24,1.0,227,22,30.27847747,-97.72994513,IH,35.0,234.708,IH0035,Y,N,2,MON,20.0,40.0,3.0,8.0,11.0,202376.0,2018.0,9.3,,,,0,1,0,1,0,1,0,2018
16634000,N,09/18/2018,06:01 PM,-1,11,1,1,1,2,3,23,1.0,227,22,30.41635615,-97.74636770000001,US,183.0,312.141,US0183,Y,N,2,TUE,20.0,20.0,36.0,6.0,12.0,137676.0,2018.0,2.0,1.0,323.0,3.0,0,1,0,1,0,1,0,2018
16634013,N,09/18/2018,05:15 PM,55,11,1,1,20,2,4,20,1.0,227,22,30.1840795,-97.77492041,IH,35.0,227.492,IH0035,Y,N,2,TUE,6.0,20.0,30.0,6.0,11.0,156852.0,2018.0,11.1,,,,0,1,0,1,0,1,0,2018
16634015,N,09/18/2018,10:17 PM,60,11,6,1,20,2,4,20,1.0,227,22,,,,,,SH0001,Y,N,2,TUE,,,,,,,,,,,,0,2,0,4,0,2,0,2018
16634018,N,09/19/2018,07:52 AM,70,11,1,1,20,2,4,20,1.0,227,9999,30.44577733,-97.66745551,IH,35.0,247.11,IH0035,Y,Y,2,WED,8.0,20.0,3.0,6.0,11.0,129244.0,2018.0,12.7,,,,0,1,0,1,0,1,0,2018
16634050,N,09/19/2018,08:20 AM,65,11,1,1,20,2,4,20,1.0,227,22,30.22872155,-97.78545212,US,290.0,114.921,US0290,Y,N,2,WED,20.0,20.0,22.0,8.0,12.0,148990.0,2018.0,2.4,,,,0,1,2,0,0,3,0,2018
16634088,N,09/19/2018,06:43 PM,45,12,1,1,5,7,4,1,2.0,227,22,30.24819973,-97.73538932,IH,35.0,232.549,IH0035,Y,N,1,WED,4.0,10.0,3.0,6.0,11.0,142856.0,2018.0,11.0,1.0,238.0,3.0,1,1,0,0,0,2,0,2018
16634092,N,09/19/2018,09:33 PM,65,11,4,1,20,2,4,20,1.0,227,22,30.33997035,-97.75400844,SL,1.0,10.577,SL0001,Y,N,2,WED,12.0,20.0,100.0,6.0,12.0,148872.0,2018.0,1.2,,,,0,2,0,1,0,2,0,2018
16634570,N,09/17/2018,02:58 AM,55,12,4,1,8,2,1,10,1.0,227,372,30.47384175,-97.67189997,IH,35.0,249.09,IH0035,Y,N,2,MON,16.0,20.0,3.0,6.0,11.0,162734.0,2018.0,11.4,,,,0,1,0,0,1,1,0,2018
16636089,N,09/18/2018,03:36 PM,60,11,1,1,20,2,4,22,1.0,227,9999,30.22405162,-97.95159527,US,290.0,104.545,US0290,Y,Y,2,TUE,0.0,6.0,0.0,4.0,14.0,37680.0,2018.0,2.9,1.0,210.0,1.0,0,1,2,3,0,3,0,2018
16636092,N,08/26/2018,11:54 AM,50,11,1,1,5,2,1,10,1.0,227,22,30.44849293,-97.66178279,FM,1825.0,0.768,FM1825,Y,N,2,SUN,8.0,8.0,0.0,4.0,16.0,34141.0,2018.0,3.5,1.0,102.0,4.0,0,1,0,1,0,1,0,2018
16636159,N,09/20/2018,07:56 PM,45,12,1,1,21,2,2,22,1.0,227,22,30.29134197,-97.627927,FM,3177.0,3.537,FM3177,Y,N,2,THU,10.0,10.0,0.0,4.0,17.0,11798.0,2018.0,6.1,,,,0,1,0,3,0,1,0,2018
16638149,N,09/20/2018,11:55 AM,45,2,1,2,5,2,2,22,1.0,227,451,30.29298163,-97.82278585,RM,2244.0,7.947,RM2244,Y,Y,2,THU,0.0,2.0,0.0,4.0,14.0,28681.0,2018.0,3.8,,,,0,1,0,4,0,1,0,2018
16639511,N,09/18/2018,11:45 AM,-1,11,1,1,5,2,2,22,1.0,227,22,30.22008969,-97.83661422,SL,1.0,20.879,SL0001,Y,N,2,TUE,20.0,20.0,3.0,6.0,12.0,84322.0,2018.0,1.6,,,,0,1,0,0,1,1,0,2018
16639919,N,09/20/2018,06:27 PM,75,2,1,2,20,2,4,21,1.0,227,22,30.332139899999998,-97.61685440000001,US,290.0,130.56799999999998,US0290,Y,N,2,THU,20.0,20.0,3.0,6.0,12.0,34434.0,2018.0,8.4,1.0,239.0,1.0,0,1,1,0,0,2,0,2018
16639923,N,09/20/2018,06:40 PM,35,2,4,2,20,2,1,10,1.0,227,22,30.19845327,-97.76409625,IH,35.0,228.674,IH0035,Y,N,2,THU,24.0,24.0,42.0,6.0,11.0,148474.0,2018.0,11.3,,,,0,1,0,1,0,1,0,2018
16639924,N,09/20/2018,06:25 PM,-1,2,1,2,20,2,4,30,1.0,227,22,30.35574297,-97.78292316,RM,2222.0,5.732,RM2222,Y,N,2,THU,0.0,0.0,0.0,4.0,14.0,29445.0,2018.0,3.7,,,,0,1,0,2,0,1,0,2018
16640047,N,09/21/2018,08:57 AM,60,12,1,1,1,2,4,21,1.0,227,22,30.33676505,-97.70164355,IH,35.0,239.111,IH0035,Y,N,2,FRI,20.0,20.0,3.0,6.0,11.0,199837.0,2018.0,9.4,1.0,409.0,1.0,0,2,1,0,0,3,0,2018
16640052,N,09/21/2018,11:13 AM,55,2,1,2,20,10,2,2,1.0,227,22,,,IH,35.0,,IH0035,Y,N,1,FRI,,,,,,,,,,,,1,0,0,0,0,1,0,2018
16640104,N,09/21/2018,06:48 PM,-1,11,1,1,20,7,4,1,2.0,227,22,30.34223779,-97.76421403,RM,2222.0,8.011000000000001,RM2222,Y,N,2,FRI,0.0,0.0,0.0,4.0,14.0,27256.0,2018.0,3.8,,,,0,1,0,0,0,1,0,2018
16640110,N,09/21/2018,09:34 PM,-1,2,3,2,20,2,2,20,1.0,227,22,30.32290786,-97.68100676,US,290.0,126.662,US0290,Y,N,2,FRI,12.0,20.0,24.0,4.0,12.0,47490.0,2018.0,6.7,1.0,217.0,1.0,0,1,0,0,1,1,0,2018