Crash_ID,Cmv_Involv_Fl,Crash_Date,Crash_Time,Crash_Speed_Limit,Wthr_Cond_ID,Light_Cond_ID,Surf_Cond_ID,Traffic_Cntl_ID,Harm_Evnt_ID,Intrsct_Relat_ID,FHE_Collsn_ID,Road_Relat_ID,Cnty_ID,City_ID,Latitude,Longitude,Hwy_Sys,Hwy_Nbr,Dfo,Street_Name,Onsys_Fl,Rural_Fl,Crash_Sev_ID,Day_of_Week,Shldr_Width_Left,Shldr_Width_Right,Median_Width,Nbr_Of_Lane,Func_Sys_ID,Adt_Curnt_Amt,Adt_Curnt_Year,Trk_Aadt_Pct,Curve_Type_ID,Curve_Lngth,Cd_Degr,Sus_Serious_Injry_Cnt,Nonincap_Injry_Cnt,Poss_Injry_Cnt,Non_Injry_Cnt,Unkn_Injry_Cnt,Tot_Injry_Cnt,Death_Cnt,Year
16640118,N,09/21/2018,04:24 PM,60,12,1,1,5,2,1,10,1.0,227,22,30.36578922,-97.79744757,RM,2222.0,4.56,RM2222,Y,N,2,FRI,8.0,8.0,0.0,4.0,14.0,42777.0,2018.0,3.2,1.0,131.0,10.0,0,2,0,2,0,2,0,2018
16640175,N,09/22/2018,10:03 AM,35,2,1,2,1,2,2,20,1.0,227,22,30.36304584,-97.69702548,SL,275.0,4.5539999999999985,SL0275,Y,N,2,SAT,0.0,0.0,0.0,4.0,14.0,37689.0,2018.0,1.2,,,,0,1,0,3,0,1,0,2018
16640177,N,09/22/2018,11:55 AM,70,12,1,1,11,2,4,22,1.0,227,22,30.2620448,-97.7360913,IH,35.0,233.519,IH0035,Y,N,2,SAT,8.0,20.0,3.0,8.0,11.0,158343.0,2018.0,10.4,1.0,248.0,2.0,0,8,0,0,0,8,0,2018
16640180,N,09/22/2018,10:28 AM,55,12,1,1,5,2,1,10,1.0,227,22,30.34050102,-97.59110231,US,290.0,132.21,US0290,Y,N,4,SAT,20.0,20.0,3.0,5.0,12.0,34434.0,2018.0,8.4,,,,0,0,2,1,0,2,1,2018
16640247,N,09/22/2018,03:12 PM,55,11,1,1,5,2,1,10,1.0,227,22,30.21527056,-97.7350807,SH,71.0,124.481,SH0071,Y,N,2,SAT,20.0,20.0,44.0,8.0,12.0,85342.0,2018.0,3.6,,,,0,1,3,2,0,4,0,2018
16640253,N,09/22/2018,02:03 PM,-1,11,1,1,1,2,4,20,1.0,227,22,30.35001699,-97.74935792,SL,1.0,9.832,SL0001,Y,N,2,SAT,12.0,20.0,36.0,6.0,12.0,148872.0,2018.0,1.2,,,,0,1,0,2,0,1,0,2018
16640255,N,09/23/2018,12:20 AM,45,11,4,1,5,2,1,34,1.0,227,22,30.37690526,-97.67617257,IH,35.0,242.262,IH0035,Y,N,2,SUN,8.0,20.0,3.0,6.0,11.0,159315.0,2018.0,11.5,,,,0,1,0,1,1,1,0,2018
16640256,N,09/23/2018,02:15 AM,50,11,4,1,5,2,1,10,1.0,227,22,30.33917999,-97.70010376,IH,35.0,239.3,IH0035,Y,N,2,SUN,20.0,20.0,3.0,6.0,11.0,145168.0,2018.0,11.9,,,,0,1,0,1,0,1,0,2018
16640264,N,09/23/2018,02:56 PM,65,11,1,1,20,2,4,20,1.0,227,22,30.28335163,-97.72705488,IH,35.0,235.085,IH0035,Y,N,2,SUN,20.0,40.0,3.0,8.0,11.0,202376.0,2018.0,9.3,,,,0,1,0,4,0,1,0,2018
16640267,N,09/23/2018,03:51 PM,50,12,1,1,5,2,1,10,1.0,227,22,30.28377688,-97.69615043,FM,969.0,0.475,FM0969,Y,N,2,SUN,0.0,0.0,0.0,4.0,14.0,16460.0,2018.0,6.7,,,,0,3,0,2,0,3,0,2018
16642378,N,09/19/2018,09:06 PM,50,11,3,1,1,1,4,1,1.0,227,9999,30.44958597,-97.65763739,FM,1825.0,1.047,FM1825,Y,Y,1,WED,8.0,8.0,0.0,4.0,16.0,34141.0,2018.0,3.5,1.0,241.0,8.0,1,0,1,1,0,2,0,2018
16643106,N,09/24/2018,08:03 AM,45,11,1,1,20,2,3,10,1.0,227,895,30.49359889,-97.92423524,RM,1431.0,50.609,RM1431,Y,Y,1,MON,3.0,3.0,0.0,4.0,6.0,20913.0,2018.0,3.8,,,,1,0,1,0,0,2,0,2018
16643822,Y,09/18/2018,05:00 PM,35,11,1,1,1,2,4,20,1.0,227,22,30.28315113,-97.72718457,IH,35.0,235.07,IH0035,Y,N,2,TUE,20.0,40.0,3.0,8.0,11.0,202376.0,2018.0,9.3,1.0,45.0,5.0,0,1,0,1,0,1,0,2018
16645149,N,09/26/2018,03:15 PM,55,12,1,1,20,2,4,22,1.0,227,250,30.3691786,-97.94917263,RM,620.0,5.167999999999998,RM0620,Y,N,2,WED,8.0,8.0,0.0,4.0,14.0,43643.0,2018.0,3.2,,,,0,1,0,2,0,1,0,2018
16647196,N,09/13/2018,08:59 AM,35,11,1,1,5,2,1,34,1.0,227,22,30.26086021,-97.75852078,SL,343.0,3.383,SL0343,Y,N,2,THU,0.0,0.0,0.0,4.0,14.0,46479.0,2018.0,1.4,,,,0,1,0,1,0,1,0,2018
16647198,N,09/13/2018,09:44 PM,-1,11,4,1,5,2,4,20,1.0,227,22,30.33256829,-97.68650517,US,183.0,319.585,US0183,Y,N,2,THU,4.0,10.0,24.0,5.0,12.0,65226.0,2018.0,6.6,,,,0,1,0,1,0,1,0,2018
16647210,N,09/20/2018,07:02 AM,55,12,4,1,1,2,3,10,1.0,227,22,30.42298951,-97.67180789,IH,35.0,245.522,IH0035,Y,N,2,THU,8.0,20.0,3.0,6.0,11.0,134367.0,2018.0,12.4,,,,0,1,0,2,0,1,0,2018
16647242,N,09/20/2018,02:15 PM,40,11,1,1,20,2,1,10,1.0,227,22,30.27043897,-97.73289554,IH,35.0,234.127,IH0035,Y,N,2,THU,20.0,40.0,3.0,8.0,11.0,177389.0,2018.0,9.9,,,,0,1,0,1,0,1,0,2018
16647251,N,09/23/2018,08:06 AM,-1,12,1,1,20,2,2,20,1.0,227,22,30.212390999999997,-97.71249793,SH,71.0,125.844,SH0071,Y,N,2,SUN,20.0,20.0,44.0,8.0,12.0,70740.0,2018.0,4.0,1.0,284.0,2.0,0,1,0,0,3,1,0,2018
16647268,N,09/24/2018,05:14 PM,-1,11,1,1,1,2,4,21,1.0,227,22,30.29779306,-97.75842161,SL,1.0,13.505,SL0001,Y,N,2,MON,12.0,20.0,60.0,6.0,12.0,150574.0,2018.0,1.2,1.0,171.0,2.0,0,1,0,1,0,1,0,2018
16647322,N,09/24/2018,06:57 PM,45,11,1,1,20,2,3,14,1.0,227,22,30.37287715,-97.72647774,FM,1325.0,8.171,FM1325,Y,N,2,MON,0.0,0.0,40.0,4.0,14.0,43120.0,2018.0,1.5,,,,0,1,1,0,0,2,0,2018
16647355,N,09/25/2018,03:28 PM,50,11,1,1,5,2,1,10,1.0,227,22,30.24915123,-97.80529785,SL,1.0,18.057,SL0001,Y,N,2,TUE,12.0,20.0,500.0,6.0,12.0,153269.0,2018.0,1.2,,,,0,1,3,2,0,4,0,2018
16647357,N,09/25/2018,03:54 PM,70,11,1,1,1,2,4,22,1.0,227,22,30.28704611,-97.72466286,IH,35.0,235.377,IH0035,Y,N,2,TUE,20.0,40.0,3.0,8.0,11.0,202376.0,2018.0,9.3,,,,0,1,0,2,0,1,0,2018
16647392,N,09/25/2018,09:50 PM,40,11,1,1,5,2,1,10,1.0,227,22,30.28919539,-97.72326549,IH,35.0,235.547,IH0035,Y,N,2,TUE,8.0,20.0,24.0,8.0,11.0,202376.0,2018.0,9.3,,,,0,1,0,1,0,1,0,2018
16647403,Y,09/26/2018,01:26 AM,-1,11,3,1,1,2,4,20,1.0,227,22,30.43659774,-97.66920777,IH,35.0,246.47,IH0035,Y,N,1,WED,8.0,20.0,3.0,6.0,11.0,132719.0,2018.0,12.4,,,,1,0,0,1,0,1,0,2018
16647410,N,09/26/2018,08:10 AM,65,11,1,1,20,2,4,22,1.0,227,22,30.26745302,-97.73402586,IH,35.0,233.911,IH0035,Y,N,2,WED,20.0,40.0,3.0,8.0,11.0,177389.0,2018.0,9.9,,,,0,1,0,1,0,1,0,2018
16647412,N,09/26/2018,05:53 AM,65,11,4,1,20,2,4,20,1.0,227,22,30.21927509,-97.67037916,SH,71.0,128.56799999999998,SH0071,Y,N,2,WED,0.0,8.0,40.0,8.0,14.0,95090.0,2018.0,3.5,1.0,440.0,1.0,0,1,0,2,0,1,0,2018
16647678,N,09/26/2018,10:35 AM,40,11,1,1,20,2,3,10,1.0,227,22,30.23633685,-97.79261066,SL,343.0,0.627,SL0343,Y,N,2,WED,0.0,0.0,12.0,6.0,14.0,36688.0,2018.0,1.5,1.0,107.0,10.0,0,1,0,2,0,1,0,2018
16647681,N,09/26/2018,12:21 PM,80,12,1,2,20,10,4,1,2.0,227,22,,,SH,130.0,,SH0130,Y,N,2,WED,,,,,,,,,,,,0,2,0,0,0,2,0,2018
16647687,N,09/26/2018,01:50 PM,50,12,1,1,20,2,4,14,1.0,227,22,30.32173197,-97.70818035,SS,69.0,1.223,SS0069,Y,N,2,WED,4.0,10.0,22.0,4.0,12.0,19307.0,2018.0,2.3,,,,0,1,0,3,0,1,0,2018
16647692,N,09/26/2018,05:47 PM,-1,11,1,1,5,5,1,3,1.0,227,22,30.26562982,-97.69552869,SL,111.0,1.284,SL0111,Y,N,2,WED,1.0,2.0,0.0,4.0,14.0,31328.0,2018.0,1.8,,,,0,1,0,0,1,1,0,2018
16647693,N,09/26/2018,05:31 PM,55,11,1,1,20,2,4,21,1.0,227,22,30.22313328,-97.76416126,US,290.0,116.297,US0290,Y,N,2,WED,20.0,20.0,42.0,6.0,12.0,140123.0,2018.0,2.6,,,,0,1,0,1,0,1,0,2018
16647709,N,09/26/2018,08:55 PM,45,11,4,1,20,2,2,22,1.0,227,22,30.24900284,-97.73556284,IH,35.0,232.605,IH0035,Y,N,2,WED,4.0,10.0,3.0,6.0,11.0,142856.0,2018.0,11.0,1.0,238.0,3.0,0,5,0,1,0,5,0,2018
16647723,Y,09/27/2018,07:50 AM,50,12,1,1,21,2,1,34,1.0,227,22,30.3346541,-97.60761567,US,290.0,131.145,US0290,Y,N,2,THU,20.0,20.0,3.0,6.0,12.0,34434.0,2018.0,8.4,,,,0,2,0,0,0,2,0,2018
16648846,N,09/16/2018,09:58 AM,60,11,1,1,11,7,4,1,2.0,227,9999,30.14686354,-97.67316976,FM,812.0,2.009,FM0812,Y,Y,1,SUN,10.0,10.0,0.0,2.0,16.0,17216.0,2018.0,6.7,,,,1,0,0,0,0,1,0,2018
16648855,N,09/24/2018,08:40 AM,50,11,1,1,5,2,1,10,1.0,227,22,30.37690526,-97.67617257,IH,35.0,242.262,IH0035,Y,N,2,MON,8.0,20.0,3.0,6.0,11.0,159315.0,2018.0,11.5,,,,0,1,0,1,0,1,0,2018
16648876,N,09/28/2018,12:48 AM,65,11,4,1,1,2,4,21,1.0,227,22,30.3058815,-97.71268255,IH,35.0,236.857,IH0035,Y,N,1,FRI,8.0,20.0,24.0,8.0,11.0,196302.0,2018.0,9.5,1.0,73.0,0.0,1,0,0,0,1,1,0,2018
16649366,N,09/27/2018,02:34 PM,55,11,1,1,20,2,4,21,1.0,227,22,30.33266669,-97.70422613,IH,35.0,238.789,IH0035,Y,N,2,THU,20.0,20.0,3.0,6.0,11.0,199837.0,2018.0,9.4,1.0,409.0,1.0,0,2,0,2,1,2,0,2018
16649370,N,09/27/2018,06:53 PM,-1,11,1,1,1,2,4,10,5.0,227,22,,,IH,35.0,,IH0035,Y,N,2,THU,,,,,,,,,,,,0,1,0,4,0,1,0,2018
16649376,N,09/27/2018,09:33 PM,-1,11,3,1,8,2,1,10,1.0,227,22,30.18334744,-97.78202679,SL,275.0,20.017,SL0275,Y,N,2,THU,0.0,4.0,0.0,4.0,14.0,17455.0,2018.0,1.8,,,,0,1,0,2,0,1,0,2018
16649532,N,09/28/2018,12:35 PM,-1,12,1,1,20,10,4,1,1.0,227,22,30.2935609,-97.75956049999999,SL,1.0,13.804,SL0001,Y,N,2,FRI,12.0,20.0,60.0,6.0,12.0,150574.0,2018.0,1.2,,,,0,1,0,0,0,1,0,2018
16649577,N,09/18/2018,10:51 PM,55,11,4,1,3,7,4,1,2.0,227,538,30.31044469,-97.96750498,SH,71.0,107.318,SH0071,Y,Y,1,TUE,5.0,5.0,0.0,4.0,14.0,37755.0,2018.0,3.3,3.0,287.0,2.0,2,0,0,0,0,2,0,2018
16653180,N,09/19/2018,01:09 PM,60,12,1,1,11,2,2,20,1.0,227,22,30.23287947,-97.74169914,IH,35.0,231.398,IH0035,Y,N,2,WED,4.0,20.0,3.0,6.0,11.0,150700.0,2018.0,10.7,,,,0,2,0,1,0,2,0,2018
16653183,N,09/21/2018,01:15 PM,60,2,1,2,11,7,4,1,4.0,227,22,30.2124782,-97.71316963,SH,71.0,125.804,SH0071,Y,N,2,FRI,20.0,20.0,44.0,8.0,12.0,85342.0,2018.0,3.6,,,,0,1,0,0,0,1,0,2018
16653187,N,09/21/2018,01:12 PM,55,2,1,2,20,7,4,1,2.0,227,22,30.42862858,-97.70146328,SL,1.0,3.387,SL0001,Y,N,1,FRI,20.0,20.0,36.0,6.0,12.0,97934.0,2018.0,8.4,,,,1,0,0,0,0,1,0,2018
16653198,N,09/24/2018,01:02 PM,65,11,1,1,20,2,4,20,1.0,227,22,30.29090524,-97.72217013,IH,35.0,235.681,IH0035,Y,N,2,MON,8.0,20.0,24.0,8.0,11.0,202376.0,2018.0,9.3,,,,0,1,0,1,0,1,0,2018
16653203,Y,09/27/2018,12:20 AM,70,11,4,1,20,1,4,1,1.0,227,22,30.3765408,-97.67641507,IH,35.0,242.233,IH0035,Y,N,1,THU,8.0,20.0,3.0,6.0,11.0,159315.0,2018.0,11.5,,,,1,0,0,2,0,1,0,2018
16653278,N,09/28/2018,07:12 AM,50,11,4,1,5,2,2,22,1.0,227,22,30.42553342,-97.71523079,FM,734.0,9.084,FM0734,Y,N,1,FRI,8.0,20.0,36.0,6.0,14.0,49788.0,2018.0,3.9,,,,1,2,0,2,0,3,0,2018
16653283,N,09/28/2018,03:59 PM,-1,11,1,1,20,2,4,22,1.0,227,22,30.19839224,-97.76414544,IH,35.0,228.669,IH0035,Y,N,2,FRI,24.0,24.0,42.0,6.0,11.0,148474.0,2018.0,11.3,,,,0,1,0,4,0,1,0,2018
16653289,N,09/28/2018,07:15 PM,40,2,4,2,1,7,4,1,2.0,227,22,30.26327453,-97.74404878,SL,343.0,4.5680000000000005,SL0343,Y,N,2,FRI,10.0,10.0,0.0,4.0,14.0,24852.0,2018.0,2.0,,,,0,1,0,2,0,1,0,2018
16653352,N,09/29/2018,11:52 AM,55,2,1,2,20,7,4,1,2.0,227,22,30.38978509,-97.67215417,IH,35.0,243.18400000000003,IH0035,Y,N,2,SAT,8.0,20.0,3.0,6.0,11.0,159315.0,2018.0,11.5,,,,0,1,1,0,0,2,0,2018
16653469,N,09/29/2018,09:50 PM,55,11,4,1,11,2,1,10,1.0,227,22,30.38786026,-97.65007363,FM,734.0,14.065,FM0734,Y,N,2,SAT,11.0,0.0,55.0,4.0,14.0,39056.0,2018.0,4.1,,,,0,2,0,0,0,2,0,2018
16653482,N,09/30/2018,11:00 AM,55,11,1,1,20,2,3,34,1.0,227,22,30.43428974,-97.84079172,RM,620.0,15.083,RM0620,Y,N,2,SUN,8.0,8.0,0.0,4.0,14.0,50802.0,2018.0,3.1,,,,0,4,0,0,0,4,0,2018
16653546,N,09/30/2018,01:50 PM,60,11,1,1,20,2,4,20,1.0,227,22,30.26173169,-97.73622702,IH,35.0,233.496,IH0035,Y,N,2,SUN,8.0,20.0,3.0,8.0,11.0,158343.0,2018.0,10.4,1.0,248.0,2.0,0,2,0,3,0,2,0,2018
16653575,N,10/01/2018,09:40 AM,55,12,1,1,11,2,1,14,1.0,227,22,30.23660535,-97.83985156,US,290.0,111.508,US0290,Y,N,2,MON,20.0,20.0,42.0,5.0,12.0,68372.0,2018.0,2.7,1.0,465.0,0.0,0,3,0,1,0,3,0,2018
16654182,N,09/29/2018,12:43 AM,55,11,4,1,20,2,2,20,1.0,227,9999,30.50060415,-97.58089591,SH,130.0,14.441,SH0130,Y,Y,2,SAT,8.0,20.0,135.0,4.0,12.0,38706.0,2018.0,17.5,1.0,470.0,0.0,0,1,0,1,1,1,0,2018
16657112,N,09/02/2018,11:12 PM,45,11,4,1,5,1,4,1,1.0,227,22,30.23508163,-97.79474171,SL,343.0,0.473,SL0343,Y,N,4,SUN,6.0,16.0,10.0,2.0,14.0,36688.0,2018.0,1.5,,,,0,0,1,0,0,1,1,2018
16662107,N,10/04/2018,06:28 PM,30,11,1,1,5,2,1,10,1.0,227,330,30.44597243,-97.64824503,FM,1825.0,1.668,FM1825,Y,N,2,THU,8.0,8.0,0.0,4.0,16.0,34141.0,2018.0,3.5,1.0,188.0,4.0,0,1,0,1,0,1,0,2018
16662598,N,10/05/2018,01:05 PM,45,12,1,1,5,2,1,34,1.0,227,72,30.46060289,-97.84056003,RM,2769.0,6.225,RM2769,Y,N,2,FRI,0.0,0.0,0.0,2.0,16.0,22986.0,2018.0,4.7,1.0,150.0,9.0,0,2,0,0,0,2,0,2018
16662756,N,10/01/2018,10:48 AM,55,12,1,2,5,2,1,10,1.0,227,22,30.23557091,-97.82463074,US,290.0,112.426,US0290,Y,N,2,MON,20.0,20.0,42.0,5.0,12.0,77933.0,2018.0,3.6,1.0,361.0,1.0,0,1,0,2,0,1,0,2018
16662780,N,10/01/2018,04:29 PM,-1,11,1,1,1,2,4,20,1.0,227,22,30.36063307,-97.68653194,IH,35.0,240.983,IH0035,Y,N,2,MON,8.0,20.0,3.0,6.0,11.0,138459.0,2018.0,12.2,,,,0,2,4,0,0,6,0,2018
16662782,N,10/01/2018,05:40 PM,45,11,1,1,20,2,4,20,1.0,227,22,30.20264308,-97.76064947,IH,35.0,229.028,IH0035,Y,N,2,MON,24.0,24.0,42.0,6.0,11.0,148474.0,2018.0,11.3,,,,0,1,0,1,0,1,0,2018
16662819,N,10/01/2018,04:46 PM,35,11,1,1,5,2,1,10,1.0,227,22,30.38194509,-97.68635307,SL,275.0,3.107,SL0275,Y,N,2,MON,0.0,2.0,0.0,4.0,14.0,28204.0,2018.0,1.4,,,,0,2,0,0,0,2,0,2018
16662823,N,10/01/2018,07:56 PM,35,11,4,1,5,2,1,34,1.0,227,22,30.27167173,-97.73245069,IH,35.0,234.216,IH0035,Y,N,2,MON,20.0,40.0,3.0,8.0,11.0,177389.0,2018.0,9.9,,,,0,1,0,1,0,1,0,2018
16662903,N,10/02/2018,04:25 PM,65,11,1,1,1,2,4,20,1.0,227,22,30.34477686,-97.7066321,US,183.0,318.1040000000001,US0183,Y,N,2,TUE,13.0,13.0,8.0,5.0,12.0,139965.0,2018.0,3.6,,,,0,1,2,0,0,3,0,2018
16662914,N,10/02/2018,06:39 PM,-1,11,1,1,20,7,4,1,2.0,227,22,30.15806028,-97.79011437,IH,35.0,225.478,IH0035,Y,N,2,TUE,6.0,20.0,30.0,6.0,11.0,128785.0,2018.0,12.2,,,,0,1,0,0,0,1,0,2018
16662919,N,10/02/2018,09:04 PM,55,11,4,1,5,2,4,20,1.0,227,22,30.16744269,-97.7858369,IH,35.0,226.174,IH0035,Y,N,2,TUE,6.0,20.0,30.0,6.0,11.0,156852.0,2018.0,11.1,1.0,586.0,0.0,0,1,0,1,1,1,0,2018
16662960,N,10/02/2018,04:40 PM,50,11,1,1,1,2,4,21,1.0,227,22,30.39995227,-97.85109065,RM,2222.0,0.316,RM2222,Y,N,2,TUE,0.0,0.0,0.0,4.0,14.0,42777.0,2018.0,3.2,,,,0,1,0,2,1,1,0,2018
16662970,N,10/03/2018,12:24 AM,55,11,4,1,20,2,4,21,1.0,227,22,30.282261699999996,-97.72775113,IH,35.0,235.0,IH0035,Y,N,4,WED,20.0,40.0,3.0,8.0,11.0,202376.0,2018.0,9.3,,,,0,0,0,2,0,0,1,2018
16662972,N,10/03/2018,12:07 AM,60,11,4,1,17,2,4,20,1.0,227,22,30.27772565,-97.73029948,IH,35.0,234.652,IH0035,Y,N,2,WED,20.0,40.0,3.0,8.0,11.0,177389.0,2018.0,9.9,1.0,119.0,0.0,0,1,0,4,0,1,0,2018
16663009,N,10/03/2018,04:50 PM,55,11,1,1,20,2,2,14,1.0,227,9999,30.2633939,-97.81652822,SL,360.0,11.414,SL0360,Y,Y,2,WED,8.0,20.0,60.0,4.0,14.0,55818.0,2018.0,2.6,,,,0,1,0,1,0,1,0,2018
16663026,N,10/04/2018,08:03 AM,65,12,1,1,20,7,4,1,2.0,227,22,30.21524226,-97.73489603,SH,71.0,124.492,SH0071,Y,N,2,THU,20.0,20.0,44.0,8.0,12.0,85342.0,2018.0,3.6,,,,0,1,0,0,0,1,0,2018
16663057,N,10/04/2018,11:38 AM,60,11,1,1,20,2,4,20,1.0,227,22,30.2400079,-97.73748566,IH,35.0,231.949,IH0035,Y,N,2,THU,4.0,20.0,3.0,6.0,11.0,150700.0,2018.0,10.7,,,,0,1,0,1,0,1,0,2018
16663069,N,10/04/2018,04:30 PM,-1,11,1,1,20,2,4,20,1.0,227,22,,,US,183.0,,US0183,Y,N,2,THU,,,,,,,,,,,,0,1,0,1,0,1,0,2018
16663072,N,10/04/2018,04:53 PM,75,11,1,1,20,2,4,21,1.0,227,22,30.43683029,-97.69920594,SL,1.0,2.805,SL0001,Y,N,2,THU,20.0,20.0,36.0,6.0,12.0,64650.0,2018.0,2.0,1.0,250.0,1.0,0,1,0,1,0,1,0,2018
16663082,N,10/04/2018,07:48 PM,-1,11,1,1,20,2,4,22,1.0,227,22,30.20324886,-97.63947031,FM,973.0,29.215,FM0973,Y,N,2,THU,10.0,10.0,10.0,4.0,16.0,18337.0,2018.0,5.9,,,,0,1,0,2,0,1,0,2018
16663116,N,10/05/2018,06:43 AM,45,11,6,1,5,2,1,34,1.0,227,22,30.40497166,-97.71607718,FM,1325.0,5.87,FM1325,Y,N,1,FRI,0.0,0.0,0.0,4.0,14.0,33660.0,2018.0,1.7,,,,2,1,0,2,0,3,0,2018
16663520,N,09/29/2018,06:02 AM,65,2,3,2,20,7,4,1,2.0,227,9999,30.40944421,-98.1084194,SH,71.0,95.622,SH0071,Y,Y,1,SAT,6.0,6.0,0.0,4.0,2.0,13122.0,2018.0,5.6,,,,1,0,0,0,2,1,0,2018
16663547,N,10/03/2018,11:36 AM,55,11,1,1,11,2,4,20,1.0,227,671,30.09597316,-97.74686244,FM,1327.0,3.833,FM1327,Y,Y,2,WED,10.0,10.0,0.0,2.0,16.0,12806.0,2018.0,5.9,,,,0,1,0,1,0,1,0,2018
16664502,N,09/28/2018,06:50 AM,45,12,4,1,5,2,1,34,1.0,227,22,30.44849293,-97.66178279,FM,1825.0,0.768,FM1825,Y,N,2,FRI,8.0,8.0,0.0,4.0,16.0,34141.0,2018.0,3.5,1.0,102.0,4.0,0,1,0,2,0,1,0,2018
16665305,N,09/11/2018,03:37 PM,80,2,1,2,11,2,4,21,1.0,227,9999,30.11532982,-97.66099581,SH,130.0,43.627,SH0130,Y,Y,2,TUE,12.0,20.0,135.0,4.0,12.0,26348.0,2018.0,22.1,1.0,721.0,1.0,0,1,0,2,0,1,0,2018
16669943,N,10/05/2018,04:11 PM,60,11,1,1,1,2,4,20,1.0,227,22,30.33145604,-97.70484927,IH,35.0,238.698,IH0035,Y,N,2,FRI,20.0,20.0,3.0,6.0,11.0,199837.0,2018.0,9.4,,,,0,2,0,0,0,2,0,2018
16669959,N,10/06/2018,03:40 PM,-1,11,1,1,20,7,4,1,4.0,227,22,30.26340292,-97.73553365,IH,35.0,233.618,IH0035,Y,N,2,SAT,8.0,20.0,3.0,8.0,11.0,158343.0,2018.0,10.4,1.0,248.0,2.0,0,1,0,0,0,1,0,2018
16669960,N,10/06/2018,05:15 PM,45,11,1,1,10,2,2,25,1.0,227,22,30.1984147,-97.76412733,IH,35.0,228.67,IH0035,Y,N,2,SAT,24.0,24.0,42.0,6.0,11.0,148474.0,2018.0,11.3,,,,0,2,0,2,3,2,0,2018
16670183,N,10/06/2018,09:51 PM,-1,11,4,1,20,2,4,21,1.0,227,22,30.20056205,-97.76236174,IH,35.0,228.852,IH0035,Y,N,2,SAT,24.0,24.0,42.0,6.0,11.0,148474.0,2018.0,11.3,,,,0,2,0,1,0,2,0,2018
16670189,N,10/07/2018,04:25 PM,-1,12,1,1,20,2,2,32,1.0,227,22,30.40662302,-97.85252027,RM,620.0,13.053,RM0620,Y,N,2,SUN,8.0,8.0,0.0,4.0,14.0,50802.0,2018.0,3.1,,,,0,2,0,6,0,2,0,2018
16670195,N,10/08/2018,03:30 PM,-1,2,1,2,20,2,2,22,1.0,227,22,30.37719863,-97.80549673,RM,2222.0,3.612,RM2222,Y,N,2,MON,8.0,8.0,0.0,4.0,14.0,42777.0,2018.0,3.2,1.0,102.0,2.0,0,2,0,1,0,2,0,2018
16670200,N,10/08/2018,08:47 PM,70,2,4,2,20,2,4,21,1.0,227,22,30.21291694,-97.65872495,SH,71.0,129.39,SH0071,Y,N,2,MON,10.0,8.0,2.0,4.0,12.0,66025.0,2018.0,4.1,,,,0,3,0,0,0,3,0,2018
16670360,N,08/30/2018,02:44 PM,-1,11,1,1,20,2,3,23,1.0,227,22,30.2160157,-97.74084726,SH,71.0,124.133,SH0071,Y,N,2,THU,20.0,20.0,32.0,6.0,12.0,122565.0,2018.0,3.2,1.0,233.0,1.0,0,1,0,1,0,1,0,2018
16670366,N,10/04/2018,11:50 PM,55,11,3,1,20,2,4,21,1.0,227,22,30.23117723,-97.74271165,IH,35.0,231.267,IH0035,Y,N,2,THU,4.0,20.0,3.0,6.0,11.0,157370.0,2018.0,10.5,,,,0,3,2,4,0,5,0,2018
16670369,N,10/05/2018,02:16 AM,35,11,4,1,5,8,2,1,1.0,227,22,30.26670353,-97.73431686,IH,35.0,233.856,IH0035,Y,N,1,FRI,20.0,40.0,3.0,8.0,11.0,177389.0,2018.0,9.9,,,,1,0,0,3,0,1,0,2018
16670372,N,10/05/2018,02:31 PM,-1,11,1,1,20,2,4,20,1.0,227,22,30.40195321,-97.74570815,US,183.0,313.139,US0183,Y,N,2,FRI,20.0,20.0,36.0,6.0,12.0,137676.0,2018.0,2.0,1.0,270.0,1.0,0,1,0,0,2,1,0,2018
16670431,N,10/06/2018,07:41 AM,-1,11,1,1,1,7,4,1,2.0,227,22,,,,,,FM0620,Y,N,2,SAT,,,,,,,,,,,,0,1,0,0,0,1,0,2018
16670434,N,10/06/2018,12:28 PM,40,12,1,1,5,2,1,34,1.0,227,22,30.36319328,-97.71752846,US,183.0,316.589,US0183,Y,N,2,SAT,20.0,20.0,8.0,6.0,12.0,138247.0,2018.0,3.6,1.0,131.0,3.0,0,2,0,0,0,2,0,2018
16670444,N,10/06/2018,02:40 PM,-1,11,1,1,20,2,4,22,1.0,227,22,30.321393199999996,-97.68908316,US,290.0,126.164,US0290,Y,N,2,SAT,12.0,20.0,24.0,5.0,12.0,47490.0,2018.0,6.7,1.0,251.0,0.0,0,1,0,1,1,1,0,2018
16670542,N,10/07/2018,08:56 PM,55,11,4,1,5,2,4,21,1.0,227,22,30.24915123,-97.80529785,SL,1.0,18.057,SL0001,Y,N,2,SUN,12.0,20.0,500.0,6.0,12.0,153269.0,2018.0,1.2,,,,0,1,0,2,0,1,0,2018
16670545,N,10/07/2018,12:45 PM,35,12,1,1,20,2,4,20,1.0,227,22,30.36329318,-97.69688666,SL,275.0,4.535,SL0275,Y,N,2,SUN,0.0,0.0,0.0,4.0,14.0,37689.0,2018.0,1.2,,,,0,1,0,4,2,1,0,2018