Crash_ID,Cmv_Involv_Fl,Crash_Date,Crash_Time,Crash_Speed_Limit,Wthr_Cond_ID,Light_Cond_ID,Surf_Cond_ID,Traffic_Cntl_ID,Harm_Evnt_ID,Intrsct_Relat_ID,FHE_Collsn_ID,Road_Relat_ID,Cnty_ID,City_ID,Latitude,Longitude,Hwy_Sys,Hwy_Nbr,Dfo,Street_Name,Onsys_Fl,Rural_Fl,Crash_Sev_ID,Day_of_Week,Shldr_Width_Left,Shldr_Width_Right,Median_Width,Nbr_Of_Lane,Func_Sys_ID,Adt_Curnt_Amt,Adt_Curnt_Year,Trk_Aadt_Pct,Curve_Type_ID,Curve_Lngth,Cd_Degr,Sus_Serious_Injry_Cnt,Nonincap_Injry_Cnt,Poss_Injry_Cnt,Non_Injry_Cnt,Unkn_Injry_Cnt,Tot_Injry_Cnt,Death_Cnt,Year
16735158,N,10/15/2018,05:53 AM,45,2,4,2,20,2,4,22,1.0,227,22,30.23524272,-97.68550265,US,183.0,327.678,US0183,Y,N,2,MON,6.0,10.0,36.0,4.0,14.0,100483.0,2018.0,5.5,,,,0,1,0,1,0,1,0,2018
16735165,N,11/03/2018,12:30 AM,65,11,3,1,20,2,4,21,1.0,227,22,30.40595275,-97.72376866,SL,1.0,5.621,SL0001,Y,N,2,SAT,24.0,20.0,36.0,6.0,12.0,112347.0,2018.0,1.6,1.0,773.0,0.0,0,1,0,0,0,1,0,2018
16735166,N,11/03/2018,08:16 PM,-1,11,3,1,20,2,4,20,1.0,227,22,30.21650013,-97.7516332,US,290.0,117.177,US0290,Y,N,2,SAT,20.0,20.0,20.0,6.0,12.0,140123.0,2018.0,2.6,,,,0,2,0,1,1,2,0,2018
16735167,N,11/03/2018,12:30 AM,65,11,3,1,20,1,4,1,1.0,227,22,30.4059984,-97.72369535,SL,1.0,5.6160000000000005,SL0001,Y,N,4,SAT,24.0,20.0,36.0,6.0,12.0,112347.0,2018.0,1.6,1.0,773.0,0.0,0,1,0,1,0,1,1,2018
16735170,N,11/04/2018,06:44 AM,60,0,4,0,20,1,4,5,1.0,227,22,30.26943153,-97.73326461,IH,35.0,234.054,IH0035,Y,N,4,SUN,20.0,40.0,3.0,8.0,11.0,177389.0,2018.0,9.9,,,,0,0,0,1,0,0,1,2018
16735183,N,11/07/2018,06:01 PM,65,11,4,1,1,2,4,20,1.0,227,22,30.40592678,-97.72381037,SL,1.0,5.624,SL0001,Y,N,2,WED,24.0,20.0,36.0,6.0,12.0,112347.0,2018.0,1.6,1.0,773.0,0.0,0,2,0,4,0,2,0,2018
16735280,N,11/09/2018,11:59 AM,45,11,1,1,20,2,4,20,1.0,227,22,30.39575317,-97.73274012,SL,1.0,6.522,SL0001,Y,N,2,FRI,24.0,20.0,36.0,6.0,12.0,112347.0,2018.0,1.6,1.0,386.0,1.0,0,2,0,2,0,2,0,2018
16735433,N,11/09/2018,06:22 PM,-1,11,4,1,8,5,1,1,1.0,227,22,30.38832811,-97.65082128,FM,734.0,14.01,FM0734,Y,N,4,FRI,11.0,0.0,55.0,4.0,14.0,39056.0,2018.0,4.1,,,,0,0,0,2,0,0,1,2018
16735598,N,11/10/2018,10:45 PM,50,11,4,1,21,2,1,10,1.0,227,22,30.28564453,-97.6653595,US,183.0,323.551,US0183,Y,N,2,SAT,16.0,20.0,36.0,4.0,14.0,67460.0,2018.0,6.6,,,,0,1,0,0,1,1,0,2018
16735603,N,11/10/2018,09:54 PM,-1,11,3,2,20,7,4,1,4.0,227,22,30.25046429,-97.68536988,US,183.0,326.3640000000001,US0183,Y,N,2,SAT,8.0,12.0,200.0,4.0,14.0,68772.0,2018.0,6.5,1.0,471.0,2.0,0,1,0,0,0,1,0,2018
16735616,N,11/11/2018,11:20 AM,65,12,1,1,1,2,4,20,1.0,227,22,30.27039009,-97.73290956,IH,35.0,234.124,IH0035,Y,N,2,SUN,20.0,40.0,3.0,8.0,11.0,177389.0,2018.0,9.9,,,,0,1,0,5,0,1,0,2018
16735862,Y,10/27/2018,10:52 AM,60,11,1,1,11,2,1,34,1.0,227,9999,30.130496500000003,-97.64420104,FM,812.0,4.145,FM0812,Y,Y,2,SAT,10.0,10.0,0.0,2.0,6.0,15228.0,2018.0,6.8,1.0,119.0,5.0,0,2,0,1,0,2,0,2018
16735889,Y,10/30/2018,01:19 AM,70,11,3,1,1,1,4,1,1.0,227,22,,,IH,35.0,,IH0035,Y,N,4,TUE,,,,,,,,,,,,0,0,0,1,0,0,1,2018
16735893,N,11/11/2018,06:14 PM,60,2,4,2,20,2,4,20,1.0,227,22,30.27514605,-97.73131579,IH,35.0,234.46400000000003,IH0035,Y,N,2,SUN,20.0,40.0,3.0,8.0,11.0,177389.0,2018.0,9.9,,,,0,1,0,2,0,1,0,2018
16735903,N,11/11/2018,08:29 PM,-1,2,3,2,1,2,3,13,1.0,227,22,30.34808929,-97.69447847,IH,35.0,239.999,IH0035,Y,N,2,SUN,20.0,20.0,3.0,6.0,11.0,145168.0,2018.0,11.9,,,,0,1,0,0,1,1,0,2018
16735907,N,11/11/2018,07:49 PM,55,2,4,2,1,2,4,20,1.0,227,22,30.24873457,-97.73550488,IH,35.0,232.586,IH0035,Y,N,2,SUN,4.0,10.0,3.0,6.0,11.0,142856.0,2018.0,11.0,1.0,238.0,3.0,0,2,0,3,0,2,0,2018
16736004,N,11/11/2018,04:15 PM,45,2,1,2,9,2,2,25,1.0,227,22,30.167055199999997,-97.78608078,IH,35.0,226.144,IH0035,Y,N,2,SUN,6.0,20.0,30.0,6.0,11.0,156852.0,2018.0,11.1,1.0,586.0,0.0,0,2,0,0,1,2,0,2018
16736082,Y,11/13/2018,08:28 AM,-1,11,1,1,20,2,4,20,1.0,227,22,30.39547388,-97.73281908,SL,1.0,6.542000000000002,SL0001,Y,N,2,TUE,24.0,20.0,36.0,6.0,12.0,112347.0,2018.0,1.6,1.0,386.0,1.0,0,1,0,1,0,1,0,2018
16736180,Y,11/06/2018,11:05 AM,60,12,1,1,5,2,1,10,1.0,227,22,30.3346541,-97.60761567,US,290.0,131.145,US0290,Y,N,2,TUE,20.0,20.0,3.0,6.0,12.0,34434.0,2018.0,8.4,,,,0,2,0,2,0,2,0,2018
16737507,N,11/08/2018,06:22 AM,70,12,4,1,1,2,4,22,1.0,227,22,30.41089546,-97.6740855,IH,35.0,244.679,IH0035,Y,N,2,THU,8.0,20.0,3.0,6.0,11.0,134367.0,2018.0,12.4,1.0,411.0,1.0,0,2,0,2,0,2,0,2018
16737517,N,11/13/2018,07:01 AM,65,12,1,1,20,2,4,20,1.0,227,22,30.36893446,-97.74225899999999,SL,1.0,8.455,SL0001,Y,N,2,TUE,12.0,20.0,36.0,6.0,12.0,149361.0,2018.0,1.2,1.0,210.0,1.0,0,1,0,2,0,1,0,2018
16737630,N,11/13/2018,10:15 PM,65,11,4,1,20,2,4,20,1.0,227,22,30.17967328,-97.88268567,SL,1.0,25.018,SL0001,Y,N,2,TUE,12.0,20.0,325.0,4.0,14.0,24757.0,2018.0,1.5,,,,0,1,1,1,0,2,0,2018
16737632,N,11/13/2018,07:20 PM,-1,11,4,1,20,2,3,23,1.0,227,22,30.41473774,-97.70657522,SL,1.0,4.391,SL0001,Y,N,2,TUE,24.0,20.0,36.0,6.0,12.0,112974.0,2018.0,1.6,1.0,258.0,23.0,0,1,0,1,0,1,0,2018
16737633,N,11/13/2018,01:49 PM,55,11,1,1,20,2,4,20,1.0,227,22,30.3515752,-97.69227167,IH,35.0,240.273,IH0035,Y,N,2,TUE,20.0,20.0,3.0,6.0,11.0,145168.0,2018.0,11.9,,,,0,1,0,4,0,1,0,2018
16738357,N,11/08/2018,03:26 PM,55,12,1,1,8,2,1,10,1.0,227,22,30.29426247,-97.62604631,FM,3177.0,3.307,FM3177,Y,N,2,THU,10.0,10.0,0.0,4.0,17.0,11798.0,2018.0,6.1,,,,0,1,1,3,0,2,0,2018
16738449,N,10/26/2018,12:26 PM,45,11,1,1,20,2,1,34,1.0,227,9999,30.3064606,-97.84281227,RM,2244.0,6.312,RM2244,Y,Y,1,FRI,10.0,10.0,0.0,4.0,14.0,47314.0,2018.0,3.1,1.0,133.0,5.0,1,0,0,1,0,1,0,2018
16738624,N,11/14/2018,11:18 AM,-1,11,1,1,20,7,4,1,2.0,227,22,30.18828178,-97.68605999,US,183.0,330.952,US0183,Y,N,2,WED,12.0,20.0,36.0,4.0,14.0,30598.0,2018.0,9.5,,,,0,1,0,0,0,1,0,2018
16740958,N,11/01/2018,08:59 AM,60,11,1,1,20,2,2,20,1.0,227,9999,30.31626112,-97.87489456,RM,2244.0,4.045,RM2244,Y,Y,2,THU,5.0,10.0,0.0,4.0,14.0,19573.0,2018.0,4.4,1.0,59.0,3.0,0,2,0,6,0,2,0,2018
16742201,N,11/11/2018,08:46 PM,-1,2,4,2,20,2,4,20,1.0,227,22,30.25800753,-97.73715851,IH,35.0,233.233,IH0035,Y,N,2,SUN,8.0,20.0,3.0,8.0,11.0,142856.0,2018.0,11.0,,,,0,1,0,5,0,1,0,2018
16742206,Y,11/13/2018,02:45 PM,35,11,1,1,1,2,4,20,1.0,227,22,30.20389415,-97.75962009999999,IH,35.0,229.134,IH0035,Y,N,2,TUE,24.0,24.0,42.0,6.0,11.0,148474.0,2018.0,11.3,,,,0,1,0,1,0,1,0,2018
16742233,N,11/13/2018,09:51 PM,-1,11,3,1,5,2,1,10,1.0,227,22,30.16417946,-97.83003202,FM,2304.0,2.829,FM2304,Y,N,2,TUE,13.0,14.0,0.0,2.0,16.0,31291.0,2018.0,3.6,1.0,120.0,4.0,0,1,0,5,0,1,0,2018
16742323,N,11/15/2018,03:54 AM,50,11,4,1,21,2,1,10,1.0,227,22,30.32827374,-97.65940375,US,290.0,128.011,US0290,Y,N,2,THU,20.0,20.0,3.0,5.0,12.0,24503.0,2018.0,2.7,1.0,655.0,0.0,0,2,0,0,0,2,0,2018
16742403,N,11/15/2018,10:17 AM,30,11,1,1,8,2,1,10,1.0,227,22,30.34774163,-97.71247936,SL,275.0,5.977,SL0275,Y,N,2,THU,2.0,20.0,12.0,4.0,14.0,37706.0,2018.0,1.2,,,,0,1,2,1,0,3,0,2018
16742412,N,11/15/2018,11:53 AM,55,11,1,1,20,2,4,20,1.0,227,22,30.179858399999997,-97.77768397,IH,35.0,227.158,IH0035,Y,N,2,THU,6.0,20.0,30.0,6.0,11.0,156852.0,2018.0,11.1,,,,0,1,0,1,0,1,0,2018
16742414,N,11/15/2018,01:15 PM,35,11,1,1,20,2,4,22,1.0,227,22,30.26631879,-97.75473847,SL,343.0,3.897,SL0343,Y,N,2,THU,0.0,7.0,0.0,4.0,14.0,43724.0,2018.0,1.4,,,,0,1,0,1,0,1,0,2018
16742419,N,11/15/2018,03:49 PM,-1,11,1,1,20,7,4,1,4.0,227,22,30.35599714,-97.74642990000001,SL,1.0,9.38,SL0001,Y,N,2,THU,12.0,20.0,36.0,6.0,12.0,148872.0,2018.0,1.2,1.0,157.0,2.0,0,1,0,1,0,1,0,2018
16742420,N,11/15/2018,04:10 PM,70,11,1,1,1,2,4,20,1.0,227,22,30.21110964,-97.75456634,IH,35.0,229.715,IH0035,Y,N,2,THU,4.0,20.0,3.0,6.0,11.0,148474.0,2018.0,11.3,1.0,301.0,0.0,0,1,0,2,0,1,0,2018
16743270,N,11/12/2018,05:26 AM,50,2,4,2,5,7,2,1,2.0,227,330,30.44744222,-97.63912690000001,FM,1825.0,2.22,FM1825,Y,N,2,MON,8.0,8.0,0.0,4.0,16.0,22010.0,2018.0,4.2,,,,0,1,0,0,0,1,0,2018
16743604,N,11/16/2018,11:26 AM,50,11,1,1,5,2,1,10,1.0,227,372,30.47968636,-97.67373314,IH,35.0,249.506,IH0035,Y,N,2,FRI,16.0,20.0,3.0,6.0,11.0,162734.0,2018.0,11.4,,,,0,2,0,1,0,2,0,2018
16744096,N,11/10/2018,06:37 PM,55,11,3,1,20,2,3,10,1.0,227,538,30.30825994,-97.95008059999999,SH,71.0,108.378,SH0071,Y,Y,2,SAT,2.0,10.0,0.0,4.0,14.0,38587.0,2018.0,3.3,3.0,225.0,2.0,0,1,0,1,0,1,0,2018
16744965,N,11/17/2018,03:32 PM,45,11,1,1,20,2,3,24,1.0,227,9999,30.43333686,-97.88977769,RM,2769.0,1.756,RM2769,Y,Y,2,SAT,3.0,3.0,0.0,2.0,17.0,2326.0,2018.0,7.7,,,,0,1,0,1,0,1,0,2018
16745925,N,11/11/2018,11:15 PM,55,2,3,2,20,2,4,30,1.0,227,895,30.47858612,-97.94802884,RM,1431.0,48.636,RM1431,Y,Y,2,SUN,2.0,2.0,0.0,4.0,6.0,17734.0,2018.0,4.2,,,,0,1,1,0,0,2,0,2018
16746738,N,10/29/2018,04:38 PM,60,11,1,1,12,2,4,30,1.0,227,9999,30.32405401,-98.01224629,SH,71.0,104.35,SH0071,Y,Y,4,MON,5.0,5.0,0.0,4.0,14.0,37755.0,2018.0,3.3,,,,0,1,0,0,0,1,1,2018
16748495,N,11/18/2018,05:37 PM,70,11,5,1,20,2,4,21,1.0,227,22,30.18736214,-97.77274435,IH,35.0,227.752,IH0035,Y,N,2,SUN,6.0,20.0,30.0,6.0,11.0,156852.0,2018.0,11.1,,,,0,1,0,1,1,1,0,2018
16748878,N,10/04/2018,11:45 PM,-1,11,4,1,5,2,1,13,1.0,227,22,30.42039802,-97.70423114,SL,1.0,3.976,SL0001,Y,N,1,THU,20.0,20.0,36.0,6.0,12.0,97934.0,2018.0,8.4,,,,1,0,1,0,3,2,0,2018
16748887,N,11/15/2018,06:56 PM,70,11,6,1,20,2,4,20,1.0,227,22,30.21635457,-97.75069858,SH,71.0,123.544,SH0071,Y,N,2,THU,0.0,0.0,32.0,6.0,12.0,122565.0,2018.0,3.2,,,,0,1,0,0,1,1,0,2018
16748891,N,11/16/2018,01:50 PM,35,12,1,1,20,2,1,24,1.0,227,22,30.24915123,-97.80529785,SL,1.0,18.057,SL0001,Y,N,2,FRI,12.0,20.0,500.0,6.0,12.0,153269.0,2018.0,1.2,,,,0,1,0,1,0,1,0,2018
16748952,N,11/16/2018,01:02 PM,65,11,1,1,20,2,4,22,1.0,227,22,30.29578884,-97.75895122,SL,1.0,13.646,SL0001,Y,N,2,FRI,12.0,20.0,60.0,6.0,12.0,150574.0,2018.0,1.2,,,,0,2,0,1,0,2,0,2018
16748973,N,11/16/2018,07:53 PM,65,11,4,1,1,2,4,21,1.0,227,22,,,SH,71.0,,SH0071,Y,N,2,FRI,,,,,,,,,,,,0,3,0,1,0,3,0,2018
16748976,N,11/16/2018,08:33 PM,-1,11,4,1,20,2,4,21,1.0,227,22,30.26147286,-97.73633543,IH,35.0,233.477,IH0035,Y,N,2,FRI,8.0,20.0,3.0,8.0,11.0,158343.0,2018.0,10.4,1.0,248.0,2.0,0,1,0,1,0,1,0,2018
16748977,N,11/16/2018,09:27 PM,-1,11,4,1,20,7,4,1,2.0,227,22,,,IH,35.0,,IH0035,Y,N,2,FRI,,,,,,,,,,,,0,1,0,1,0,1,0,2018
16748981,N,11/16/2018,08:15 AM,45,11,1,1,9,2,2,22,1.0,227,22,30.2201978,-97.83652978,SL,1.0,20.87,SL0001,Y,N,2,FRI,20.0,20.0,3.0,6.0,12.0,84322.0,2018.0,1.6,,,,0,1,0,1,0,1,0,2018
16748990,N,11/20/2018,06:00 PM,55,11,3,1,20,2,4,34,1.0,227,538,30.30933381,-97.96226074,SH,71.0,107.64,SH0071,Y,Y,2,TUE,5.0,5.0,0.0,4.0,14.0,38587.0,2018.0,3.3,,,,0,1,0,1,0,1,0,2018
16749081,N,11/17/2018,06:58 PM,45,11,4,1,5,2,1,34,1.0,227,22,30.21239719,-97.71256098,SH,71.0,125.84,SH0071,Y,N,2,SAT,20.0,20.0,44.0,8.0,12.0,70740.0,2018.0,4.0,1.0,284.0,2.0,0,2,0,2,0,2,0,2018
16749087,N,11/17/2018,07:08 PM,65,11,3,1,20,2,4,22,1.0,227,22,30.31937522,-97.70717135,IH,35.0,237.854,IH0035,Y,N,2,SAT,8.0,20.0,24.0,8.0,11.0,193850.0,2018.0,9.5,1.0,274.0,0.0,0,1,0,1,0,1,0,2018
16749092,N,11/17/2018,11:40 PM,55,11,4,1,20,2,2,22,1.0,227,22,30.40662189,-97.85252084,RM,620.0,13.053,RM0620,Y,N,2,SAT,8.0,8.0,0.0,4.0,14.0,50802.0,2018.0,3.1,,,,0,3,1,0,0,4,0,2018
16749100,N,11/18/2018,05:25 AM,55,11,4,1,5,2,2,22,1.0,227,22,30.37604828,-97.63177585,FM,734.0,15.431,FM0734,Y,N,2,SUN,10.0,6.0,59.0,4.0,14.0,31624.0,2018.0,4.3,,,,0,1,0,0,1,1,0,2018
16749134,N,11/18/2018,07:21 AM,45,2,2,2,20,7,4,1,4.0,227,22,30.25055728,-97.68492678,US,183.0,326.337,US0183,Y,N,2,SUN,8.0,12.0,200.0,4.0,14.0,68772.0,2018.0,6.5,1.0,471.0,2.0,0,1,0,0,0,1,0,2018
16749137,N,11/18/2018,06:54 AM,35,2,2,2,5,2,2,22,1.0,227,22,30.23360864,-97.74126543,IH,35.0,231.455,IH0035,Y,N,2,SUN,4.0,20.0,3.0,6.0,11.0,150700.0,2018.0,10.7,,,,0,2,0,1,0,2,0,2018
16749147,N,11/20/2018,07:11 AM,-1,11,1,1,20,2,4,22,1.0,227,22,30.20508124,-97.63894909,FM,973.0,29.084,FM0973,Y,N,2,TUE,10.0,10.0,10.0,4.0,16.0,16700.0,2018.0,6.1,,,,0,1,1,0,0,2,0,2018
16750394,N,11/13/2018,11:21 AM,55,11,1,1,21,2,1,10,1.0,227,22,30.21524705,-97.73492728,SH,71.0,124.49,SH0071,Y,N,2,TUE,20.0,20.0,44.0,8.0,12.0,85342.0,2018.0,3.6,,,,0,2,0,2,0,2,0,2018
16750396,N,11/14/2018,10:04 AM,65,11,1,1,20,2,4,20,1.0,227,22,30.34739844,-97.75042006,SL,1.0,10.023,SL0001,Y,N,2,WED,12.0,20.0,36.0,6.0,12.0,148872.0,2018.0,1.2,,,,0,1,0,5,0,1,0,2018
16750397,Y,11/15/2018,12:29 PM,-1,11,1,1,20,2,4,21,1.0,227,22,30.38778657,-97.74420491,US,183.0,314.14,US0183,Y,N,2,THU,20.0,20.0,36.0,6.0,12.0,146786.0,2018.0,1.9,,,,0,1,1,2,0,2,0,2018
16750401,N,11/16/2018,06:52 PM,-1,11,1,1,5,2,1,10,1.0,227,22,30.21529646,-97.73525205,SH,71.0,124.471,SH0071,Y,N,1,FRI,20.0,20.0,44.0,8.0,12.0,122565.0,2018.0,3.2,,,,1,1,0,1,0,2,0,2018
16750402,N,11/18/2018,05:09 PM,60,12,1,1,1,2,4,22,1.0,227,22,30.25171449,-97.73613167,IH,35.0,232.795,IH0035,Y,N,2,SUN,4.0,10.0,3.0,6.0,11.0,142856.0,2018.0,11.0,,,,0,2,0,6,0,2,0,2018
16750509,Y,11/20/2018,04:13 PM,70,11,1,1,20,2,4,22,1.0,227,22,30.18311287,-97.77555353,IH,35.0,227.415,IH0035,Y,N,2,TUE,6.0,20.0,30.0,6.0,11.0,156852.0,2018.0,11.1,,,,0,2,0,1,0,2,0,2018
16750511,N,11/20/2018,05:50 PM,-1,11,4,1,20,2,4,20,1.0,227,22,30.36460563,-97.7433081,SL,1.0,8.759,SL0001,Y,N,2,TUE,12.0,20.0,36.0,6.0,12.0,149361.0,2018.0,1.2,1.0,207.0,1.0,0,1,0,1,0,1,0,2018
16750579,N,11/21/2018,01:18 AM,60,11,4,1,1,2,4,22,1.0,227,22,30.30868214,-97.71087707,IH,35.0,237.077,IH0035,Y,N,2,WED,8.0,20.0,24.0,8.0,11.0,196302.0,2018.0,9.5,,,,0,1,0,2,0,1,0,2018
16750587,N,11/21/2018,08:20 AM,45,11,1,1,20,2,3,21,1.0,227,22,30.41518551,-97.67702184,SL,275.0,0.735,SL0275,Y,N,2,WED,0.0,1.0,0.0,4.0,17.0,4708.0,2018.0,1.4,1.0,196.0,2.0,0,1,0,2,0,1,0,2018
16750597,N,11/21/2018,11:58 AM,60,12,1,1,1,2,4,20,1.0,227,22,30.25682656,-97.81135577,SL,360.0,11.961,SL0360,Y,N,2,WED,8.0,20.0,60.0,4.0,14.0,55818.0,2018.0,2.6,,,,0,1,5,1,0,6,0,2018
16750598,N,11/21/2018,01:27 PM,35,12,1,1,11,5,3,3,1.0,227,22,30.24785109,-97.77202717,SL,343.0,2.1180000000000003,SL0343,Y,N,2,WED,0.0,0.0,0.0,4.0,14.0,36688.0,2018.0,1.5,1.0,94.0,2.0,0,1,0,1,0,1,0,2018
16752781,N,11/17/2018,02:39 PM,60,11,1,1,5,2,1,10,1.0,227,22,30.3346541,-97.60761567,US,290.0,131.145,US0290,Y,N,2,SAT,20.0,20.0,3.0,6.0,12.0,34434.0,2018.0,8.4,,,,0,1,5,3,0,6,0,2018
16754656,N,11/20/2018,10:35 AM,45,11,1,1,5,2,1,34,1.0,227,330,30.43660449,-97.61391533,FM,1825.0,3.913,FM1825,Y,N,2,TUE,1.0,1.0,0.0,2.0,16.0,20270.0,2018.0,4.4,,,,0,2,0,0,0,2,0,2018
16757226,N,11/16/2018,01:21 PM,-1,11,1,1,1,2,4,20,1.0,227,22,30.28620282,-97.76374867,SL,1.0,14.371,SL0001,Y,N,2,FRI,12.0,20.0,60.0,6.0,12.0,145144.0,2018.0,1.2,,,,0,1,0,3,0,1,0,2018
16757237,N,11/17/2018,09:51 AM,55,11,1,1,5,2,1,10,1.0,227,22,30.4084499,-97.71596564,SL,1.0,5.119,SL0001,Y,N,2,SAT,28.0,28.0,36.0,9.0,12.0,112974.0,2018.0,1.6,,,,0,2,0,0,0,2,0,2018
16757246,N,11/18/2018,03:05 PM,-1,11,1,1,20,2,1,24,1.0,227,22,30.27167376,-97.63265848,FM,969.0,4.585,FM0969,Y,N,2,SUN,0.0,0.0,0.0,4.0,14.0,20957.0,2018.0,6.4,,,,0,1,2,3,0,3,0,2018
16757556,N,11/13/2018,12:19 AM,45,12,3,2,12,7,4,1,2.0,227,9999,30.44604459,-97.86064565,RM,2769.0,4.586,RM2769,Y,Y,4,TUE,3.0,3.0,0.0,2.0,16.0,7248.0,2018.0,8.0,1.0,57.0,12.0,0,0,0,0,0,0,1,2018
16757593,N,11/18/2018,11:57 PM,-1,2,4,2,5,2,2,20,1.0,227,22,30.39952336,-97.65491719,FM,734.0,13.19,FM0734,Y,N,2,SUN,11.0,0.0,55.0,4.0,14.0,39056.0,2018.0,4.1,,,,0,1,0,2,0,1,0,2018
16757594,N,11/18/2018,10:42 PM,60,2,4,2,20,2,4,21,1.0,227,22,30.35496468,-97.69012592,IH,35.0,240.538,IH0035,Y,N,2,SUN,20.0,20.0,3.0,6.0,11.0,145168.0,2018.0,11.9,,,,0,1,0,2,0,1,0,2018
16758061,N,11/21/2018,06:52 PM,-1,2,4,2,1,7,4,1,2.0,227,22,30.22802571,-97.82963977,SL,1.0,20.192,SL0001,Y,N,2,WED,20.0,20.0,60.0,6.0,12.0,84322.0,2018.0,1.6,,,,0,1,0,0,0,1,0,2018
16758064,N,11/21/2018,09:44 PM,60,11,4,2,1,2,4,20,1.0,227,22,30.19522781,-97.76669572,IH,35.0,228.403,IH0035,Y,N,2,WED,24.0,24.0,42.0,6.0,11.0,170988.0,2018.0,10.7,,,,0,1,0,1,0,1,0,2018
16758067,Y,11/22/2018,12:29 AM,40,11,4,1,21,2,2,22,1.0,227,22,30.24435012,-97.78130038,SL,343.0,1.499,SL0343,Y,N,2,THU,0.0,0.0,0.0,4.0,14.0,36688.0,2018.0,1.5,,,,0,1,0,1,0,1,0,2018
16758073,N,11/22/2018,09:51 AM,55,11,1,1,5,2,1,34,1.0,227,9999,30.16733584,-97.65936787,FM,973.0,32.167,FM0973,Y,Y,2,THU,5.0,5.0,0.0,2.0,16.0,12543.0,2018.0,6.7,,,,0,1,0,7,0,1,0,2018
16758075,N,11/22/2018,04:48 PM,-1,12,1,1,20,10,4,1,2.0,227,22,30.35941674,-97.79178663,RM,2222.0,5.121,RM2222,Y,N,2,THU,4.0,10.0,15.0,4.0,14.0,51893.0,2018.0,3.1,1.0,136.0,7.0,0,2,0,0,0,2,0,2018
16758165,N,11/23/2018,12:52 AM,45,11,4,1,6,2,1,10,1.0,227,22,30.32212067,-97.70681763,IH,35.0,238.044,IH0035,Y,N,1,FRI,8.0,20.0,24.0,8.0,11.0,199837.0,2018.0,9.4,,,,1,0,0,1,0,1,0,2018
16758167,N,11/23/2018,03:10 AM,-1,11,4,1,20,2,2,22,1.0,227,22,30.38194509,-97.68635307,SL,275.0,3.107,SL0275,Y,N,2,FRI,0.0,2.0,0.0,4.0,14.0,28204.0,2018.0,1.4,,,,0,2,0,3,0,2,0,2018
16758183,N,11/23/2018,06:17 PM,-1,11,4,1,20,7,4,1,4.0,227,22,30.37528968,-97.67724753,IH,35.0,242.133,IH0035,Y,N,2,FRI,8.0,20.0,3.0,6.0,11.0,138459.0,2018.0,12.2,,,,0,1,1,5,0,2,0,2018
16758221,N,11/25/2018,02:52 AM,60,11,3,1,11,2,4,30,1.0,227,9999,30.248171799999998,-97.61750923,FM,973.0,25.78,FM0973,Y,Y,1,SUN,5.0,5.0,0.0,2.0,16.0,22301.0,2018.0,5.5,,,,3,0,0,2,0,3,0,2018
16758226,N,11/23/2018,08:10 PM,50,11,4,1,5,2,1,34,1.0,227,22,30.15711407,-97.83337637,FM,2304.0,3.379,FM2304,Y,N,2,FRI,4.0,4.0,0.0,2.0,16.0,31291.0,2018.0,3.6,,,,0,1,0,1,1,1,0,2018
16758233,N,11/24/2018,03:04 AM,55,11,4,1,20,2,2,22,1.0,227,22,30.23646791,-97.68620781,US,183.0,327.583,US0183,Y,N,2,SAT,6.0,10.0,36.0,4.0,14.0,100483.0,2018.0,5.5,1.0,115.0,0.0,0,1,0,0,1,1,0,2018
16758238,N,11/24/2018,11:25 AM,50,11,1,1,5,2,1,10,1.0,227,22,30.34394589,-97.70522311,US,183.0,318.205,US0183,Y,N,2,SAT,20.0,20.0,24.0,6.0,12.0,139965.0,2018.0,3.6,,,,0,1,0,1,0,1,0,2018
16758242,N,11/24/2018,04:34 PM,55,11,1,1,5,2,1,10,1.0,227,22,30.24819973,-97.73538932,IH,35.0,232.549,IH0035,Y,N,2,SAT,4.0,10.0,3.0,6.0,11.0,142856.0,2018.0,11.0,1.0,238.0,3.0,0,2,0,2,0,2,0,2018
16758247,N,11/24/2018,07:08 PM,40,11,4,1,21,2,2,22,1.0,227,22,30.40528653,-97.66400157,FM,734.0,12.497,FM0734,Y,N,2,SAT,4.0,20.0,16.0,6.0,14.0,46970.0,2018.0,3.9,1.0,182.0,3.0,0,1,0,1,0,1,0,2018
16758297,N,11/25/2018,02:25 PM,-1,12,1,1,20,2,4,20,1.0,227,22,30.24118337,-97.73677099,IH,35.0,232.041,IH0035,Y,N,2,SUN,4.0,16.0,40.0,6.0,11.0,150700.0,2018.0,10.7,,,,0,1,0,1,0,1,0,2018
16758307,N,11/25/2018,07:22 PM,55,11,4,1,9,2,2,22,1.0,227,22,30.27043897,-97.73289554,IH,35.0,234.127,IH0035,Y,N,2,SUN,20.0,40.0,3.0,8.0,11.0,177389.0,2018.0,9.9,,,,0,1,0,2,0,1,0,2018
16759527,N,11/26/2018,09:54 PM,-1,11,4,1,5,2,1,10,1.0,227,22,30.34398458,-97.70527827,US,183.0,318.201,US0183,Y,N,2,MON,20.0,20.0,24.0,6.0,12.0,139965.0,2018.0,3.6,,,,0,2,0,1,0,2,0,2018
16759727,N,10/25/2018,09:41 PM,-1,11,4,1,5,2,2,22,1.0,227,22,30.33917999,-97.70010376,IH,35.0,239.3,IH0035,Y,N,2,THU,20.0,20.0,3.0,6.0,11.0,145168.0,2018.0,11.9,,,,0,2,0,2,0,2,0,2018