Crash_ID,Cmv_Involv_Fl,Crash_Date,Crash_Time,Crash_Speed_Limit,Wthr_Cond_ID,Light_Cond_ID,Surf_Cond_ID,Traffic_Cntl_ID,Harm_Evnt_ID,Intrsct_Relat_ID,FHE_Collsn_ID,Road_Relat_ID,Cnty_ID,City_ID,Latitude,Longitude,Hwy_Sys,Hwy_Nbr,Dfo,Street_Name,Onsys_Fl,Rural_Fl,Crash_Sev_ID,Day_of_Week,Shldr_Width_Left,Shldr_Width_Right,Median_Width,Nbr_Of_Lane,Func_Sys_ID,Adt_Curnt_Amt,Adt_Curnt_Year,Trk_Aadt_Pct,Curve_Type_ID,Curve_Lngth,Cd_Degr,Sus_Serious_Injry_Cnt,Nonincap_Injry_Cnt,Poss_Injry_Cnt,Non_Injry_Cnt,Unkn_Injry_Cnt,Tot_Injry_Cnt,Death_Cnt,Year
16760541,N,11/26/2018,11:14 AM,55,11,1,1,11,10,4,1,2.0,227,246,,,,,,FM1431,Y,N,2,MON,,,,,,,,,,,,0,1,0,0,0,1,0,2018
16761574,N,11/17/2018,11:02 PM,60,12,4,1,1,2,4,20,1.0,227,22,30.29493075,-97.71959053,IH,35.0,235.998,IH0035,Y,N,2,SAT,8.0,20.0,24.0,8.0,11.0,202376.0,2018.0,9.3,,,,0,4,0,4,0,4,0,2018
16761612,N,11/27/2018,08:08 PM,-1,11,4,1,5,2,1,34,1.0,227,22,30.16713266,-97.78853014,SL,275.0,21.222,SL0275,Y,N,1,TUE,0.0,0.0,0.0,4.0,14.0,17455.0,2018.0,1.8,,,,1,0,0,1,0,1,0,2018
16764803,N,11/28/2018,11:05 PM,60,12,3,1,11,2,1,34,1.0,227,9999,30.14562988,-97.67339325,FM,812.0,2.096,FM0812,Y,Y,2,WED,10.0,10.0,0.0,2.0,16.0,17216.0,2018.0,6.7,1.0,236.0,7.0,0,2,0,0,0,2,0,2018
16765441,N,11/13/2018,03:51 PM,80,11,1,1,20,7,4,1,2.0,227,9999,30.25079348,-97.60608613,SH,130.0,33.145,SH0130,Y,Y,4,TUE,12.0,20.0,135.0,4.0,12.0,43413.0,2018.0,17.5,,,,0,0,0,0,0,0,1,2018
16765461,N,11/27/2018,02:15 PM,50,11,1,1,5,2,1,10,1.0,227,22,30.34398458,-97.70527827,US,183.0,318.201,US0183,Y,N,2,TUE,20.0,20.0,24.0,6.0,12.0,139965.0,2018.0,3.6,,,,0,1,0,2,1,1,0,2018
16765529,N,11/26/2018,10:00 PM,65,11,4,1,20,2,4,22,3.0,227,22,30.27014662,-97.73297938,IH,35.0,234.106,IH0035,Y,N,2,MON,20.0,40.0,3.0,8.0,11.0,177389.0,2018.0,9.9,,,,0,1,0,1,0,1,0,2018
16765533,N,11/28/2018,07:52 AM,65,11,1,1,20,2,4,22,1.0,227,22,30.29903813,-97.75822748,SL,1.0,13.418,SL0001,Y,N,2,WED,12.0,20.0,60.0,6.0,12.0,150574.0,2018.0,1.2,1.0,171.0,2.0,0,1,0,3,0,1,0,2018
16765708,N,11/04/2018,02:12 AM,70,2,4,2,20,7,4,1,4.0,227,22,30.18182901,-97.77639397,IH,35.0,227.313,IH0035,Y,N,2,SUN,6.0,20.0,30.0,6.0,11.0,156852.0,2018.0,11.1,,,,0,1,0,1,0,1,0,2018
16765758,N,11/29/2018,07:25 AM,65,11,1,1,20,2,1,25,1.0,227,22,30.36933919,-97.71940057,US,183.0,316.149,US0183,Y,N,2,THU,20.0,20.0,8.0,6.0,12.0,138365.0,2018.0,3.6,,,,0,1,0,2,0,1,0,2018
16765948,N,11/29/2018,02:20 PM,65,11,1,1,20,2,4,20,1.0,227,22,30.26681789,-97.78028711,SL,1.0,16.059,SL0001,Y,N,2,THU,8.0,12.0,36.0,8.0,12.0,139370.0,2018.0,1.2,1.0,442.0,0.0,0,2,0,0,0,2,0,2018
16765953,N,11/29/2018,03:00 PM,-1,11,1,1,20,2,2,23,1.0,227,22,30.28527331,-97.68648315,FM,969.0,1.061,FM0969,Y,N,2,THU,0.0,0.0,0.0,4.0,14.0,16460.0,2018.0,6.7,,,,0,1,0,2,0,1,0,2018
16765971,N,11/29/2018,05:45 PM,-1,11,4,1,8,2,1,13,1.0,227,22,,,US,183.0,,US0183,Y,N,2,THU,,,,,,,,,,,,0,1,0,2,0,1,0,2018
16765985,N,11/29/2018,07:48 PM,50,11,4,1,20,7,4,1,2.0,227,22,30.374301799999998,-97.72869320000001,US,183.0,315.493,US0183,Y,N,4,THU,20.0,20.0,8.0,6.0,12.0,138365.0,2018.0,3.6,,,,0,0,0,0,0,0,1,2018
16766015,N,11/29/2018,09:33 PM,-1,11,4,1,5,2,1,10,1.0,227,22,30.32827237,-97.65942166,US,290.0,128.01,US0290,Y,N,2,THU,20.0,20.0,3.0,5.0,12.0,24503.0,2018.0,2.7,1.0,655.0,0.0,0,1,0,2,0,1,0,2018
16768269,Y,11/27/2018,02:32 PM,50,11,1,1,5,2,2,22,1.0,227,1016,30.34884712,-97.55625477,US,290.0,134.374,US0290,Y,N,2,TUE,12.0,20.0,46.0,4.0,14.0,51848.0,2018.0,6.4,1.0,250.0,1.0,0,1,0,1,0,1,0,2018
16768687,N,11/30/2018,05:47 PM,55,11,3,1,12,2,3,22,1.0,227,9999,30.16120567,-97.68668165,FM,812.0,0.426,FM0812,Y,Y,2,FRI,0.0,0.0,0.0,4.0,16.0,14493.0,2018.0,6.9,,,,0,4,2,0,0,6,0,2018
16772354,N,11/18/2018,06:32 PM,60,11,4,1,20,2,4,22,1.0,227,22,30.23473191,-97.74060472,IH,35.0,231.542,IH0035,Y,N,2,SUN,4.0,20.0,3.0,6.0,11.0,150700.0,2018.0,10.7,,,,0,1,0,2,0,1,0,2018
16772370,N,11/30/2018,09:25 AM,-1,12,1,1,5,2,1,10,1.0,227,22,30.20321274,-97.63948059,SH,71.0,130.719,SH0071,Y,N,2,FRI,0.0,0.0,180.0,6.0,14.0,53382.0,2018.0,8.3,,,,0,1,0,3,0,1,0,2018
16772373,N,11/30/2018,12:02 PM,45,12,1,1,8,2,1,14,1.0,227,22,30.34119313,-97.7769325,RM,2222.0,7.2010000000000005,RM2222,Y,N,2,FRI,0.0,0.0,0.0,4.0,14.0,27256.0,2018.0,3.8,,,,0,1,0,1,0,1,0,2018
16772489,Y,11/30/2018,05:54 PM,35,11,4,1,5,2,2,13,1.0,227,22,30.26085741,-97.75852177,SL,343.0,3.383,SL0343,Y,N,2,FRI,0.0,0.0,0.0,4.0,14.0,46479.0,2018.0,1.4,,,,0,1,0,13,0,1,0,2018
16772502,N,11/30/2018,08:07 PM,50,11,3,1,20,2,4,20,1.0,227,22,30.42988029,-97.70105721,SL,1.0,3.297,SL0001,Y,N,2,FRI,20.0,20.0,36.0,6.0,12.0,64650.0,2018.0,2.0,,,,0,1,1,2,0,2,0,2018
16772604,N,12/01/2018,12:18 PM,-1,11,1,1,20,2,4,21,1.0,227,22,30.39662762,-97.67219878,IH,35.0,243.662,IH0035,Y,N,2,SAT,8.0,20.0,3.0,6.0,11.0,159315.0,2018.0,11.5,1.0,438.0,1.0,0,1,0,0,1,1,0,2018
16772649,N,12/01/2018,06:53 PM,-1,11,3,1,1,2,1,10,1.0,227,22,30.25308848,-97.67970361,US,183.0,325.976,US0183,Y,N,2,SAT,18.0,16.0,3.0,4.0,14.0,67460.0,2018.0,6.6,,,,0,1,0,1,0,1,0,2018
16772680,N,12/02/2018,06:16 AM,70,11,2,1,1,7,4,1,4.0,227,22,30.10566492,-97.81019463,IH,35.0,221.677,IH0035,Y,N,2,SUN,6.0,20.0,20.0,6.0,11.0,131087.0,2018.0,12.1,1.0,84.0,0.0,0,1,0,7,0,1,0,2018
16772691,N,12/02/2018,02:52 PM,65,11,1,1,20,7,4,1,2.0,227,22,30.40131106,-97.74577099,US,183.0,313.183,US0183,Y,N,2,SUN,20.0,20.0,36.0,6.0,12.0,137676.0,2018.0,2.0,1.0,270.0,1.0,0,2,0,0,0,2,0,2018
16772693,N,12/02/2018,05:46 PM,-1,11,4,1,5,2,2,22,1.0,227,22,30.24892084,-97.73554512,IH,35.0,232.599,IH0035,Y,N,2,SUN,4.0,10.0,3.0,6.0,11.0,142856.0,2018.0,11.0,1.0,238.0,3.0,0,1,2,2,0,3,0,2018
16772695,N,12/02/2018,04:20 PM,-1,11,1,1,20,2,1,34,1.0,227,22,30.38708413,-97.64859242,FM,734.0,14.168,FM0734,Y,N,2,SUN,11.0,0.0,55.0,4.0,14.0,39056.0,2018.0,4.1,,,,0,4,0,0,0,4,0,2018
16772710,N,12/02/2018,01:09 PM,60,11,1,1,8,2,1,10,1.0,227,22,30.38833229,-97.65082544,FM,734.0,14.01,FM0734,Y,N,2,SUN,11.0,0.0,55.0,4.0,14.0,39056.0,2018.0,4.1,,,,0,3,0,0,0,3,0,2018
16773054,N,11/29/2018,06:20 PM,70,12,3,1,5,2,1,14,1.0,227,9999,30.18765995,-97.59806042,SH,71.0,133.612,SH0071,Y,Y,2,THU,4.0,6.0,40.0,4.0,14.0,53382.0,2018.0,8.3,,,,0,1,0,2,0,1,0,2018
16773601,N,12/01/2018,07:23 PM,50,11,1,1,5,2,1,34,1.0,227,330,30.44744222,-97.63912690000001,FM,1825.0,2.22,FM1825,Y,N,2,SAT,8.0,8.0,0.0,4.0,16.0,22010.0,2018.0,4.2,,,,0,1,2,0,0,3,0,2018
16773754,N,11/26/2018,09:12 PM,55,11,4,1,5,2,1,10,1.0,227,22,30.21524705,-97.73492728,SH,71.0,124.49,SH0071,Y,N,1,MON,20.0,20.0,44.0,8.0,12.0,85342.0,2018.0,3.6,,,,1,3,0,0,0,4,0,2018
16773758,N,12/03/2018,09:38 AM,-1,11,1,1,1,2,4,20,1.0,227,22,30.34131256,-97.702428,US,183.0,318.453,US0183,Y,N,2,MON,20.0,20.0,24.0,6.0,12.0,116357.0,2018.0,3.9,1.0,110.0,2.0,0,1,0,1,0,1,0,2018
16773946,N,12/03/2018,06:22 PM,-1,11,4,1,1,2,3,10,1.0,227,22,30.40852738,-97.67812817,SL,275.0,1.2,SL0275,Y,N,2,MON,0.0,10.0,0.0,4.0,17.0,4708.0,2018.0,1.4,,,,0,1,0,4,0,1,0,2018
16773950,N,12/03/2018,04:40 PM,60,11,1,1,1,2,4,20,1.0,227,22,30.33789287,-97.75502989,SL,1.0,10.732,SL0001,Y,N,1,MON,12.0,20.0,100.0,6.0,12.0,148872.0,2018.0,1.2,1.0,218.0,2.0,1,0,0,1,0,1,0,2018
16773952,N,12/03/2018,04:45 PM,60,11,1,1,1,2,4,20,1.0,227,22,30.37826016,-97.73850696,SL,1.0,7.776,SL0001,Y,N,2,MON,20.0,20.0,36.0,5.0,12.0,149361.0,2018.0,1.2,,,,0,1,0,1,0,1,0,2018
16774273,N,12/03/2018,02:32 PM,50,11,1,1,10,2,1,34,1.0,227,22,30.38833229,-97.65082544,FM,734.0,14.01,FM0734,Y,N,1,MON,11.0,0.0,55.0,4.0,14.0,39056.0,2018.0,4.1,,,,1,0,0,1,0,1,0,2018
16774281,N,12/04/2018,08:27 AM,75,11,1,1,20,2,4,20,1.0,227,22,30.42387967,-97.70302155,SL,1.0,3.726,SL0001,Y,N,2,TUE,20.0,20.0,36.0,6.0,12.0,97934.0,2018.0,8.4,1.0,93.0,0.0,0,1,0,2,0,1,0,2018
16774589,N,11/18/2018,07:09 PM,65,11,3,1,20,2,4,30,1.0,227,9999,30.39367421,-98.08660181,SH,71.0,97.354,SH0071,Y,Y,1,SUN,6.0,6.0,0.0,4.0,2.0,15560.0,2018.0,5.1,,,,1,2,1,5,0,4,0,2018
16776860,N,12/04/2018,05:20 PM,55,11,1,1,1,10,4,1,1.0,227,22,30.40051518,-97.85567759,RM,620.0,12.593,RM0620,Y,N,1,TUE,8.0,8.0,0.0,4.0,14.0,50802.0,2018.0,3.1,,,,1,0,0,0,0,1,0,2018
16776868,N,12/04/2018,03:36 PM,-1,11,1,1,20,2,4,22,1.0,227,22,30.27846694,-97.72995014,IH,35.0,234.707,IH0035,Y,N,2,TUE,20.0,40.0,3.0,8.0,11.0,202376.0,2018.0,9.3,,,,0,1,0,5,0,1,0,2018
16776869,N,12/04/2018,03:00 PM,-1,11,1,1,20,2,2,13,1.0,227,22,30.30780271,-97.711444,IH,35.0,237.008,IH0035,Y,N,2,TUE,8.0,20.0,24.0,8.0,11.0,196302.0,2018.0,9.5,,,,0,1,0,1,0,1,0,2018
16776996,N,11/29/2018,08:02 AM,55,11,1,1,1,2,1,14,1.0,227,250,30.36353915,-97.95244834,RM,620.0,4.7330000000000005,RM0620,Y,N,1,THU,8.0,8.0,0.0,4.0,14.0,43643.0,2018.0,3.2,,,,1,0,0,1,0,1,0,2018
16777242,N,11/23/2018,08:05 PM,65,11,3,1,20,2,1,10,1.0,227,1016,30.35125768,-97.47755872,US,290.0,139.07,US0290,Y,N,1,FRI,8.0,20.0,68.0,4.0,2.0,30629.0,2018.0,8.5,,,,1,0,1,0,0,2,0,2018
16777616,N,12/03/2018,06:43 PM,80,11,3,1,1,7,4,1,2.0,227,9999,30.22045954,-97.62248369,SH,130.0,35.48699999999999,SH0130,Y,Y,2,MON,12.0,20.0,135.0,4.0,12.0,43413.0,2018.0,17.5,,,,0,1,0,0,0,1,0,2018
16778945,N,11/07/2018,07:41 PM,-1,11,0,1,20,2,4,20,1.0,227,22,30.18228759,-97.77609378,IH,35.0,227.35,IH0035,Y,N,2,WED,6.0,20.0,30.0,6.0,11.0,156852.0,2018.0,11.1,,,,0,1,1,4,0,2,0,2018
16778948,N,12/04/2018,08:39 PM,45,11,4,1,8,2,1,10,1.0,227,22,30.36554739,-97.71815294,US,183.0,316.423,US0183,Y,N,4,TUE,20.0,20.0,8.0,6.0,12.0,138365.0,2018.0,3.6,,,,0,1,0,0,0,1,1,2018
16778958,N,12/05/2018,04:26 PM,55,11,1,1,8,2,1,10,1.0,227,9999,30.27163726,-97.81773402,SL,360.0,10.82,SL0360,Y,Y,2,WED,8.0,20.0,60.0,4.0,14.0,55818.0,2018.0,2.6,,,,0,1,0,1,0,1,0,2018
16778960,N,12/05/2018,05:35 PM,70,11,4,1,1,2,4,20,1.0,227,22,30.439299600000005,-97.66870684,IH,35.0,246.659,IH0035,Y,N,2,WED,8.0,20.0,3.0,6.0,11.0,132719.0,2018.0,12.4,,,,0,2,0,1,0,2,0,2018
16778961,N,12/05/2018,05:26 PM,60,11,1,1,20,2,4,20,1.0,227,22,,,IH,35.0,,IH0035,Y,N,1,WED,,,,,,,,,,,,3,2,1,3,0,6,0,2018
16779012,N,12/05/2018,10:20 PM,55,11,4,1,5,2,2,22,1.0,227,22,30.28923064,-97.72324317,IH,35.0,235.549,IH0035,Y,N,2,WED,8.0,20.0,24.0,8.0,11.0,202376.0,2018.0,9.3,,,,0,1,0,4,0,1,0,2018
16779023,N,12/06/2018,08:35 AM,55,12,1,1,5,2,1,10,1.0,227,22,30.23557091,-97.82463074,US,290.0,112.426,US0290,Y,N,2,THU,20.0,20.0,42.0,5.0,12.0,77933.0,2018.0,3.6,1.0,361.0,1.0,0,1,0,1,0,1,0,2018
16779501,N,11/29/2018,12:17 AM,60,11,3,1,11,10,4,1,1.0,227,9999,30.24638059,-97.61864397,FM,973.0,25.92,FM0973,Y,Y,4,THU,5.0,5.0,0.0,2.0,16.0,22301.0,2018.0,5.5,,,,0,0,0,0,0,0,1,2018
16780706,N,12/06/2018,04:50 PM,35,2,5,2,20,2,4,22,1.0,227,22,30.26450738,-97.74847079999999,SL,343.0,4.291,SL0343,Y,N,2,THU,0.0,7.0,0.0,4.0,14.0,43724.0,2018.0,1.4,,,,0,2,0,0,1,2,0,2018
16780743,N,12/06/2018,06:03 PM,55,2,3,2,20,2,4,21,1.0,227,22,30.30313999,-97.71444991,IH,35.0,236.64,IH0035,Y,N,2,THU,8.0,20.0,24.0,8.0,11.0,196302.0,2018.0,9.5,,,,0,1,1,2,0,2,0,2018
16780754,N,12/06/2018,02:28 PM,45,2,1,2,8,2,1,10,1.0,227,22,30.268577500000003,-97.77734092,SL,1.0,15.845999999999998,SL0001,Y,N,2,THU,8.0,12.0,36.0,8.0,12.0,139370.0,2018.0,1.2,,,,0,1,0,1,0,1,0,2018
16780817,N,12/07/2018,06:37 AM,70,2,4,2,20,7,4,1,2.0,227,22,30.21314234,-97.70703656,SH,71.0,126.179,SH0071,Y,N,2,FRI,4.0,5.0,44.0,6.0,12.0,70740.0,2018.0,4.0,1.0,284.0,2.0,0,1,0,1,0,1,0,2018
16781461,N,12/05/2018,07:31 AM,55,11,1,1,1,2,3,34,1.0,227,22,30.41849824,-97.84649181,RM,620.0,13.945,RM0620,Y,N,2,WED,8.0,8.0,0.0,4.0,14.0,50802.0,2018.0,3.1,,,,0,3,0,0,0,3,0,2018
16784200,N,11/26/2018,06:22 PM,55,11,3,1,11,2,4,30,1.0,227,9999,30.25594175,-97.55297979999999,FM,969.0,10.191,FM0969,Y,Y,2,MON,0.0,0.0,0.0,2.0,7.0,5293.0,2018.0,9.1,1.0,244.0,7.0,0,1,0,1,0,1,0,2018
16784786,N,12/02/2018,02:15 PM,50,11,1,1,11,2,4,30,1.0,227,9999,30.14199196,-97.81503003,FM,1626.0,1.264,FM1626,Y,Y,2,SUN,1.0,1.0,0.0,2.0,16.0,17291.0,2018.0,4.2,,,,0,1,0,3,0,1,0,2018
16785619,N,12/08/2018,05:54 PM,65,11,4,1,20,2,4,21,1.0,227,22,30.42179443,-97.67202907,IH,35.0,245.438,IH0035,Y,N,2,SAT,8.0,20.0,3.0,6.0,11.0,134367.0,2018.0,12.4,,,,0,2,0,2,1,2,0,2018
16786253,N,12/03/2018,07:10 PM,-1,11,5,1,20,2,4,20,1.0,227,22,30.226593199999996,-97.76940518,US,290.0,115.903,US0290,Y,N,2,MON,20.0,20.0,42.0,6.0,12.0,140123.0,2018.0,2.6,1.0,328.0,2.0,0,1,0,1,0,1,0,2018
16786350,N,12/07/2018,01:01 PM,60,2,1,2,20,2,4,21,1.0,227,22,30.29025996,-97.72258361,IH,35.0,235.63,IH0035,Y,N,2,FRI,8.0,20.0,24.0,8.0,11.0,202376.0,2018.0,9.3,,,,0,1,0,0,0,1,0,2018
16786451,N,11/07/2018,06:27 PM,65,11,3,1,20,2,4,20,1.0,227,22,30.40599296,-97.72370408,SL,1.0,5.617000000000001,SL0001,Y,N,2,WED,24.0,20.0,36.0,6.0,12.0,112347.0,2018.0,1.6,1.0,773.0,0.0,0,1,0,2,0,1,0,2018
16786459,N,12/07/2018,06:26 AM,45,2,4,2,15,1,4,1,1.0,227,22,30.39111111,-97.72182174,FM,1325.0,6.886,FM1325,Y,N,2,FRI,0.0,0.0,0.0,4.0,14.0,43120.0,2018.0,1.5,,,,0,1,0,1,0,1,0,2018
16786467,N,12/07/2018,03:02 PM,45,2,1,2,20,7,4,1,2.0,227,22,30.23526371,-97.85620096,US,290.0,110.525,US0290,Y,N,1,FRI,20.0,20.0,42.0,5.0,12.0,60621.0,2018.0,2.7,1.0,174.0,2.0,1,0,1,1,0,2,0,2018
16786469,N,12/07/2018,01:59 PM,-1,2,1,2,20,7,4,1,4.0,227,22,30.37416453,-97.67796564,IH,35.0,242.045,IH0035,Y,N,2,FRI,8.0,20.0,3.0,6.0,11.0,138459.0,2018.0,12.2,,,,0,1,0,2,0,1,0,2018
16786528,N,12/07/2018,08:05 PM,55,2,4,3,5,2,1,10,1.0,227,9999,30.19433975,-97.62417603,SH,71.0,131.822,SH0071,Y,Y,2,FRI,6.0,10.0,400.0,6.0,14.0,53382.0,2018.0,8.3,,,,0,3,0,1,0,3,0,2018
16786589,N,12/08/2018,02:53 AM,65,11,4,2,20,7,4,5,5.0,227,22,,,SH,71.0,,SH0071,Y,N,1,SAT,,,,,,,,,,,,1,0,1,0,0,2,0,2018
16786606,N,12/08/2018,06:15 PM,55,11,3,2,1,2,2,14,1.0,227,22,30.19818805,-97.86783197,SL,1.0,23.46,SL0001,Y,N,2,SAT,12.0,20.0,60.0,4.0,14.0,24757.0,2018.0,1.5,,,,0,3,0,0,0,3,0,2018
16786648,N,12/08/2018,11:01 PM,-1,11,4,1,21,2,1,34,1.0,227,22,30.28256793,-97.70398556,FM,969.0,0.0,FM0969,Y,N,2,SAT,0.0,0.0,0.0,4.0,14.0,16460.0,2018.0,6.7,,,,0,1,0,5,0,1,0,2018
16786662,N,12/09/2018,07:50 AM,55,11,1,1,5,2,1,34,1.0,227,22,30.40376612,-97.85397496,RM,620.0,12.838,RM0620,Y,N,2,SUN,8.0,8.0,0.0,4.0,14.0,50802.0,2018.0,3.1,1.0,57.0,2.0,0,2,0,0,0,2,0,2018
16786723,N,12/09/2018,06:45 PM,-1,11,4,1,5,2,4,20,1.0,227,22,30.24891786,-97.80511047,SL,360.0,12.62,SL0360,Y,N,2,SUN,8.0,20.0,48.0,4.0,14.0,99537.0,2018.0,2.0,,,,0,1,0,2,1,1,0,2018
16786726,N,12/09/2018,08:41 PM,65,11,4,1,20,7,4,1,2.0,227,22,30.29635428,-97.71869651,IH,35.0,236.109,IH0035,Y,N,2,SUN,8.0,20.0,24.0,8.0,11.0,202376.0,2018.0,9.3,,,,0,1,0,0,0,1,0,2018
16786740,N,12/10/2018,06:57 AM,55,11,1,1,1,2,2,22,1.0,227,22,30.28210859,-97.66629115,US,183.0,323.8,US0183,Y,N,2,MON,18.0,16.0,36.0,4.0,14.0,67460.0,2018.0,6.6,,,,0,1,0,1,0,1,0,2018
16786743,N,12/10/2018,08:06 AM,40,11,1,1,5,2,1,24,1.0,227,22,30.39587001,-97.73270709,SL,1.0,6.513,SL0001,Y,N,2,MON,24.0,20.0,36.0,6.0,12.0,112347.0,2018.0,1.6,1.0,386.0,1.0,0,1,0,1,0,1,0,2018
16786790,N,12/10/2018,12:35 PM,-1,11,1,1,20,2,2,22,1.0,227,22,30.40662155,-97.85252101,RM,620.0,13.053,RM0620,Y,N,2,MON,8.0,8.0,0.0,4.0,14.0,50802.0,2018.0,3.1,,,,0,1,0,1,0,1,0,2018
16786908,N,12/06/2018,02:00 PM,35,2,1,2,17,2,1,34,1.0,227,22,30.32351789,-97.72380683,SS,69.0,0.229,SS0069,Y,N,2,THU,0.0,0.0,10.0,4.0,14.0,19307.0,2018.0,2.3,,,,0,1,2,2,0,3,0,2018
16787446,N,12/10/2018,02:47 PM,-1,12,1,1,1,2,4,22,1.0,227,22,30.26975207,-97.77556239,SL,1.0,15.713,SL0001,Y,N,2,MON,8.0,12.0,36.0,8.0,12.0,139370.0,2018.0,1.2,1.0,187.0,2.0,0,2,0,4,0,2,0,2018
16787447,N,12/10/2018,04:50 PM,-1,12,1,1,1,2,4,22,1.0,227,22,30.26977901,-97.77552153,SL,1.0,15.71,SL0001,Y,N,2,MON,8.0,12.0,36.0,8.0,12.0,139370.0,2018.0,1.2,1.0,187.0,2.0,0,2,0,2,0,2,0,2018
16787452,N,12/10/2018,05:32 PM,-1,11,4,1,20,2,4,21,1.0,227,22,30.37276786,-97.67885279999999,IH,35.0,241.935,IH0035,Y,N,2,MON,8.0,20.0,3.0,6.0,11.0,138459.0,2018.0,12.2,,,,0,1,0,1,0,1,0,2018
16787458,N,12/10/2018,06:43 PM,60,11,4,1,20,2,4,20,1.0,227,22,,,,,,SL0000,Y,N,2,MON,,,,,,,,,,,,0,1,1,3,0,2,0,2018
16787816,N,12/10/2018,08:41 PM,-1,11,4,1,20,2,3,20,1.0,227,22,30.40147039,-97.65621282,FM,734.0,13.034,FM0734,Y,N,2,MON,8.0,20.0,55.0,6.0,14.0,39056.0,2018.0,4.1,1.0,305.0,3.0,0,1,0,2,0,1,0,2018
16787819,N,12/10/2018,10:40 PM,40,11,4,1,11,1,4,1,1.0,227,22,30.35724132,-97.70042256,SL,275.0,5.002,SL0275,Y,N,2,MON,0.0,0.0,0.0,4.0,14.0,37706.0,2018.0,1.2,1.0,112.0,0.0,0,1,0,1,0,1,0,2018
16790249,N,12/10/2018,04:05 PM,55,11,1,1,20,2,4,22,1.0,227,250,30.33571464,-97.96942239,RM,620.0,2.469,RM0620,Y,N,1,MON,8.0,8.0,0.0,5.0,14.0,50317.0,2018.0,3.1,,,,1,0,1,3,0,2,0,2018
16790264,N,12/02/2018,06:02 PM,-1,11,3,1,3,2,1,22,1.0,227,22,30.18286075,-97.68758604,US,183.0,331.336,US0183,Y,N,2,SUN,12.0,20.0,36.0,4.0,14.0,34458.0,2018.0,6.7,,,,0,1,0,5,0,1,0,2018
16790694,N,11/03/2018,05:49 AM,50,11,4,1,20,5,4,1,1.0,227,250,30.3413347,-97.96831949999999,RM,620.0,2.881,RM0620,Y,N,4,SAT,8.0,8.0,0.0,5.0,14.0,50317.0,2018.0,3.1,,,,0,0,0,1,0,0,1,2018
16792242,N,11/14/2018,05:38 PM,35,11,1,1,8,2,1,10,1.0,227,22,30.34774163,-97.71247936,SL,275.0,5.977,SL0275,Y,N,2,WED,2.0,20.0,12.0,4.0,14.0,37706.0,2018.0,1.2,,,,0,1,0,1,0,1,0,2018
16792262,N,12/11/2018,10:49 AM,55,11,1,1,9,2,3,10,1.0,227,22,30.37668757,-97.77975352,SL,360.0,2.399,SL0360,Y,N,2,TUE,8.0,20.0,48.0,4.0,14.0,54706.0,2018.0,2.6,,,,0,1,0,5,0,1,0,2018
16792263,N,12/11/2018,06:32 AM,55,11,3,1,20,1,4,1,1.0,227,22,30.24887782,-97.8921677,SH,71.0,114.163,SH0071,Y,N,1,TUE,10.0,10.0,0.0,4.0,14.0,34138.0,2018.0,3.5,,,,1,0,0,1,0,1,0,2018
16792267,Y,12/11/2018,03:20 PM,-1,11,1,1,20,2,4,20,1.0,227,9999,30.338565600000003,-97.59008057,SH,130.0,26.077,SH0130,Y,Y,1,TUE,12.0,20.0,135.0,4.0,12.0,39424.0,2018.0,17.9,,,,1,1,0,2,0,2,0,2018
16792289,N,12/11/2018,04:50 PM,70,11,5,1,20,2,4,20,1.0,227,22,30.21330449,-97.71968219,SH,71.0,125.411,SH0071,Y,N,2,TUE,20.0,20.0,44.0,8.0,12.0,85342.0,2018.0,3.6,,,,0,1,0,1,0,1,0,2018
16792295,N,12/11/2018,06:39 PM,45,11,4,1,5,2,2,22,1.0,227,22,30.21526618,-97.73505209999999,SH,71.0,124.483,SH0071,Y,N,2,TUE,20.0,20.0,44.0,8.0,12.0,85342.0,2018.0,3.6,,,,0,2,0,3,0,2,0,2018
16792298,N,12/11/2018,08:09 PM,60,11,4,1,1,7,4,1,2.0,227,22,30.19833559,-97.76419109,IH,35.0,228.664,IH0035,Y,N,1,TUE,24.0,24.0,42.0,6.0,11.0,148474.0,2018.0,11.3,,,,1,0,0,2,0,1,0,2018
16794194,N,12/01/2018,12:37 AM,70,2,3,2,20,1,4,1,1.0,227,9999,30.18556203,-97.54916896,SH,71.0,136.567,SH0071,Y,Y,4,SAT,6.0,10.0,40.0,4.0,2.0,40580.0,2018.0,9.6,,,,0,0,0,8,0,0,1,2018
16794458,N,12/10/2018,10:19 PM,40,11,4,1,1,10,4,1,2.0,227,22,,,IH,35.0,,IH0035,Y,N,2,MON,,,,,,,,,,,,0,1,0,1,0,1,0,2018
16794471,Y,12/11/2018,02:39 PM,55,11,1,1,20,2,4,21,1.0,227,22,30.22020503,-97.68750449,SH,71.0,127.445,SH0071,Y,N,2,TUE,10.0,10.0,52.0,6.0,12.0,70740.0,2018.0,4.0,,,,0,2,0,1,0,2,0,2018
16794477,N,12/12/2018,10:45 AM,35,12,1,1,5,2,2,22,1.0,227,22,30.23391669,-97.86480692,US,290.0,109.991,US0290,Y,N,2,WED,6.0,4.0,15.0,4.0,14.0,72290.0,2018.0,2.7,1.0,42.0,4.0,0,1,0,1,0,1,0,2018
16794640,N,12/12/2018,01:33 PM,55,12,1,1,20,2,4,20,1.0,227,22,,,US,183.0,,US0183,Y,N,2,WED,,,,,,,,,,,,0,1,0,0,1,1,0,2018