Crash_ID,Cmv_Involv_Fl,Crash_Date,Crash_Time,Crash_Speed_Limit,Wthr_Cond_ID,Light_Cond_ID,Surf_Cond_ID,Traffic_Cntl_ID,Harm_Evnt_ID,Intrsct_Relat_ID,FHE_Collsn_ID,Road_Relat_ID,Cnty_ID,City_ID,Latitude,Longitude,Hwy_Sys,Hwy_Nbr,Dfo,Street_Name,Onsys_Fl,Rural_Fl,Crash_Sev_ID,Day_of_Week,Shldr_Width_Left,Shldr_Width_Right,Median_Width,Nbr_Of_Lane,Func_Sys_ID,Adt_Curnt_Amt,Adt_Curnt_Year,Trk_Aadt_Pct,Curve_Type_ID,Curve_Lngth,Cd_Degr,Sus_Serious_Injry_Cnt,Nonincap_Injry_Cnt,Poss_Injry_Cnt,Non_Injry_Cnt,Unkn_Injry_Cnt,Tot_Injry_Cnt,Death_Cnt,Year
16795456,N,12/01/2018,06:13 PM,55,11,3,1,12,2,2,20,1.0,227,9999,30.28752396,-98.05218095,RM,3238.0,0.978,RM3238,Y,Y,1,SAT,8.0,8.0,0.0,2.0,6.0,3601.0,2018.0,4.2,1.0,132.0,4.0,2,0,0,3,0,2,0,2018
16795458,N,11/28/2018,08:10 PM,55,11,3,1,5,7,2,1,2.0,227,9999,30.39071685,-97.88881835,RM,620.0,10.359000000000002,RM0620,Y,Y,1,WED,8.0,8.0,0.0,4.0,14.0,31858.0,2018.0,3.6,1.0,258.0,5.0,1,0,0,0,0,1,0,2018
16796384,N,11/19/2018,06:45 PM,-1,11,4,1,20,2,4,21,1.0,227,22,,,,,,FM0620,Y,N,2,MON,,,,,,,,,,,,0,2,0,3,0,2,0,2018
16797334,N,12/13/2018,02:18 PM,55,11,1,1,9,2,4,20,1.0,227,22,30.40844543,-97.71599641,SL,1.0,5.121,SL0001,Y,N,2,THU,28.0,28.0,36.0,9.0,12.0,112974.0,2018.0,1.6,,,,0,1,0,1,0,1,0,2018
16797335,Y,12/13/2018,03:17 PM,60,11,1,1,20,2,4,21,1.0,227,22,30.30770759,-97.71150532,IH,35.0,237.0,IH0035,Y,N,1,THU,8.0,20.0,24.0,8.0,11.0,196302.0,2018.0,9.5,,,,1,0,0,1,0,1,0,2018
16797337,N,12/13/2018,04:46 PM,-1,12,1,1,5,2,2,22,1.0,227,22,30.23521329,-97.85770403,US,290.0,110.435,US0290,Y,N,2,THU,20.0,20.0,42.0,5.0,14.0,60621.0,2018.0,2.7,1.0,174.0,2.0,0,2,0,0,0,2,0,2018
16797392,N,12/13/2018,10:45 PM,55,12,3,1,5,7,2,1,2.0,227,22,30.18170394,-97.90003845,SH,45.0,0.93,SH0045,Y,N,2,THU,12.0,20.0,40.0,4.0,16.0,16410.0,2018.0,11.7,,,,0,1,0,0,0,1,0,2018
16798282,N,12/14/2018,05:35 PM,-1,11,4,1,8,2,1,10,1.0,227,9999,30.35970778,-97.53264078,FM,973.0,15.493,FM0973,Y,Y,1,FRI,10.0,10.0,0.0,2.0,16.0,15148.0,2018.0,5.5,1.0,333.0,1.0,1,1,0,1,0,2,0,2018
16798337,N,12/08/2018,05:12 AM,65,11,4,2,1,7,4,1,4.0,227,9999,30.46526483,-97.66919162,IH,35.0,248.478,IH0035,Y,Y,2,SAT,20.0,20.0,3.0,6.0,11.0,162734.0,2018.0,11.4,,,,0,1,0,0,0,1,0,2018
16798515,N,12/15/2018,04:58 PM,-1,11,5,1,5,2,2,22,1.0,227,9999,30.29575802,-97.82830171,RM,2244.0,7.559,RM2244,Y,Y,2,SAT,0.0,0.0,8.0,6.0,14.0,28681.0,2018.0,3.8,1.0,58.0,5.0,0,1,0,2,0,1,0,2018
16798591,N,12/13/2018,12:50 PM,60,11,1,1,1,2,4,30,1.0,227,9999,30.13858958,-97.66080052,FM,812.0,3.007,FM0812,Y,Y,2,THU,10.0,10.0,0.0,2.0,6.0,15228.0,2018.0,6.8,,,,0,3,0,0,0,3,0,2018
16800831,N,11/10/2018,10:19 AM,45,12,1,1,10,2,4,20,1.0,227,22,30.16782158,-97.78558676,IH,35.0,226.205,IH0035,Y,N,2,SAT,6.0,20.0,30.0,6.0,11.0,156852.0,2018.0,11.1,1.0,586.0,0.0,0,1,1,2,0,2,0,2018
16800839,N,12/11/2018,11:05 AM,55,11,1,1,5,2,1,10,1.0,227,22,,,SH,71.0,,SH0071,Y,N,1,TUE,,,,,,,,,,,,1,1,0,0,0,2,0,2018
16800851,N,12/14/2018,10:46 AM,55,12,1,1,11,2,4,21,1.0,227,22,30.23486459,-97.82327887,US,290.0,112.521,US0290,Y,N,2,FRI,20.0,20.0,42.0,5.0,12.0,77933.0,2018.0,3.6,1.0,361.0,1.0,0,1,1,1,0,2,0,2018
16801056,N,12/15/2018,06:23 PM,-1,11,4,1,20,2,4,20,1.0,227,22,,,IH,35.0,,IH0035,Y,N,2,SAT,,,,,,,,,,,,0,2,0,1,0,2,0,2018
16801249,N,12/15/2018,04:30 PM,30,11,1,1,5,2,1,34,1.0,227,22,30.27167173,-97.73245069,IH,35.0,234.216,IH0035,Y,N,2,SAT,20.0,40.0,3.0,8.0,11.0,177389.0,2018.0,9.9,,,,0,1,4,0,0,5,0,2018
16801258,N,12/16/2018,01:09 PM,45,11,1,1,9,2,2,27,1.0,227,22,30.23712332,-97.82307125,SL,1.0,19.449,SL0001,Y,N,2,SUN,12.0,20.0,60.0,6.0,12.0,83195.0,2018.0,1.6,1.0,240.0,3.0,0,2,0,0,0,2,0,2018
16801264,N,12/16/2018,09:19 PM,55,11,3,1,11,7,4,1,4.0,227,9999,30.17483207,-97.6898473,US,183.0,331.904,US0183,Y,Y,2,SUN,12.0,20.0,36.0,4.0,14.0,34458.0,2018.0,6.7,,,,0,1,0,0,0,1,0,2018
16801328,N,12/17/2018,08:18 AM,70,11,1,1,20,2,4,22,1.0,227,22,30.40067453,-97.67415708,IH,35.0,243.96400000000003,IH0035,Y,N,2,MON,8.0,20.0,3.0,6.0,11.0,159315.0,2018.0,11.5,1.0,438.0,1.0,0,1,0,1,0,1,0,2018
16801329,N,12/17/2018,09:35 AM,55,11,1,1,5,2,1,10,1.0,227,22,30.23538413,-97.85210325,US,290.0,110.77,US0290,Y,N,2,MON,20.0,20.0,42.0,5.0,12.0,60621.0,2018.0,2.7,,,,0,1,0,1,0,1,0,2018
16801558,N,12/15/2018,07:01 PM,55,11,3,1,8,2,1,10,1.0,227,9999,30.40713796,-98.05927123,RM,2322.0,2.237,RM2322,Y,Y,2,SAT,4.0,4.0,0.0,2.0,8.0,2149.0,2018.0,14.0,1.0,127.0,0.0,0,1,0,1,0,1,0,2018
16802746,N,12/16/2018,09:16 PM,65,11,4,1,5,2,1,10,1.0,227,22,30.20321274,-97.63948059,SH,71.0,130.719,SH0071,Y,N,2,SUN,0.0,0.0,180.0,6.0,14.0,53382.0,2018.0,8.3,,,,0,1,0,1,0,1,0,2018
16802755,N,12/16/2018,06:36 PM,65,11,3,1,20,2,4,21,1.0,227,22,,,SH,290.0,,SH0290,Y,N,2,SUN,,,,,,,,,,,,0,1,0,2,1,1,0,2018
16802834,N,12/17/2018,03:47 PM,-1,11,1,1,1,2,2,14,1.0,227,22,30.36109811,-97.69810328,SL,275.0,4.702,SL0275,Y,N,2,MON,0.0,0.0,0.0,4.0,14.0,37689.0,2018.0,1.2,,,,0,1,1,2,1,2,0,2018
16802854,N,12/18/2018,02:55 AM,70,12,4,1,20,4,4,1,3.0,227,22,30.17082899,-97.78360195,IH,35.0,226.443,IH0035,Y,N,2,TUE,6.0,20.0,30.0,6.0,11.0,156852.0,2018.0,11.1,1.0,586.0,0.0,0,1,0,1,0,1,0,2018
16805924,Y,12/18/2018,10:55 AM,45,11,1,1,5,2,2,19,1.0,227,22,30.37690526,-97.67617257,IH,35.0,242.262,IH0035,Y,N,1,TUE,8.0,20.0,3.0,6.0,11.0,159315.0,2018.0,11.5,,,,1,0,0,1,0,1,0,2018
16805930,N,12/18/2018,11:51 AM,-1,11,1,1,20,2,4,21,1.0,227,22,,,IH,35.0,,IH0035,Y,N,2,TUE,,,,,,,,,,,,0,1,0,2,0,1,0,2018
16806028,N,12/19/2018,07:20 AM,65,2,1,2,1,2,3,34,1.0,227,22,30.23003969,-97.88063628,US,290.0,108.971,US0290,Y,N,2,WED,0.0,4.0,0.0,4.0,14.0,48197.0,2018.0,3.0,1.0,380.0,2.0,0,1,0,1,0,1,0,2018
16806041,N,12/19/2018,01:15 PM,45,11,1,1,21,2,2,22,1.0,227,22,30.17364773,-97.82384283,FM,2304.0,2.063,FM2304,Y,N,2,WED,13.0,14.0,0.0,2.0,16.0,31291.0,2018.0,3.6,1.0,119.0,2.0,0,1,0,2,0,1,0,2018
16808250,N,12/19/2018,11:14 AM,45,12,1,1,5,2,1,14,1.0,227,9999,,,FM,1825.0,,FM1825,Y,Y,1,WED,,,,,,,,,,,,1,0,0,1,0,1,0,2018
16808408,N,11/03/2018,06:04 PM,60,11,1,1,20,2,1,10,1.0,227,9999,30.10281598,-97.61176188,FM,812.0,6.907,FM0812,Y,Y,2,SAT,10.0,10.0,0.0,2.0,6.0,13167.0,2018.0,7.0,,,,0,1,0,0,1,1,0,2018
16808528,N,11/14/2018,06:05 PM,60,11,4,1,1,2,4,20,1.0,227,9999,30.30048225,-97.83899116,RM,2244.0,6.791,RM2244,Y,Y,2,WED,10.0,10.0,0.0,4.0,14.0,49430.0,2018.0,3.1,,,,0,1,0,2,0,1,0,2018
16808533,N,12/15/2018,09:41 PM,60,11,4,1,5,2,2,22,1.0,227,9999,30.394359299999998,-97.86906325,RM,620.0,11.630999999999998,RM0620,Y,Y,2,SAT,8.0,8.0,0.0,4.0,14.0,46442.0,2018.0,3.2,1.0,161.0,0.0,0,1,0,4,1,1,0,2018
16808535,N,12/18/2018,07:40 AM,60,12,1,2,8,2,1,14,1.0,227,9999,,,FM,1327.0,,FM1327,Y,Y,2,TUE,,,,,,,,,,,,0,1,0,2,0,1,0,2018
16813625,N,12/20/2018,06:32 PM,60,11,4,1,20,10,3,1,1.0,227,9999,30.31836379,-97.86308185,RM,2244.0,4.771,RM2244,Y,Y,1,THU,5.0,5.0,0.0,4.0,14.0,37648.0,2018.0,3.3,1.0,202.0,5.0,1,0,0,0,0,1,0,2018
16814533,N,12/23/2018,11:17 AM,50,11,1,1,8,2,1,10,1.0,227,246,30.48142009,-97.97743636,RM,1431.0,46.28100000000001,RM1431,Y,N,1,SUN,0.0,0.0,0.0,2.0,17.0,6961.0,2018.0,4.8,,,,1,0,0,1,0,1,0,2018
16814718,N,12/21/2018,11:40 PM,35,11,4,1,5,2,1,34,1.0,227,22,30.3630463,-97.69702522,SL,275.0,4.5539999999999985,SL0275,Y,N,2,FRI,0.0,0.0,0.0,4.0,14.0,37689.0,2018.0,1.2,,,,0,2,0,3,0,2,0,2018
16814802,N,12/13/2018,09:05 AM,65,12,1,1,20,2,4,21,1.0,227,22,,,SL,1.0,,SL0001,Y,N,2,THU,,,,,,,,,,,,0,1,1,5,0,2,0,2018
16814908,N,12/20/2018,12:01 PM,65,11,1,1,20,2,4,22,1.0,227,22,,,SL,1.0,,SL0001,Y,N,2,THU,,,,,,,,,,,,0,1,0,2,0,1,0,2018
16815080,N,12/20/2018,05:52 PM,55,11,4,1,1,7,4,1,2.0,227,22,30.34464916,-97.69665629,IH,35.0,239.729,IH0035,Y,N,2,THU,20.0,20.0,3.0,6.0,11.0,145168.0,2018.0,11.9,,,,0,1,0,0,0,1,0,2018
16815082,N,12/20/2018,11:38 PM,55,11,4,1,20,2,1,10,1.0,227,22,30.3346541,-97.60761567,US,290.0,131.145,US0290,Y,N,2,THU,20.0,20.0,3.0,6.0,12.0,34434.0,2018.0,8.4,,,,0,2,0,1,0,2,0,2018
16815121,N,12/21/2018,01:44 PM,-1,11,1,1,20,2,4,20,1.0,227,22,,,SH,290.0,,SH0290,Y,N,2,FRI,,,,,,,,,,,,0,1,0,2,0,1,0,2018
16815342,N,12/21/2018,02:00 PM,65,11,1,1,11,2,4,20,1.0,227,22,30.39585642,-97.73271093,SL,1.0,6.5139999999999985,SL0001,Y,N,2,FRI,24.0,20.0,36.0,6.0,12.0,112347.0,2018.0,1.6,1.0,386.0,1.0,0,1,0,0,1,1,0,2018
16815344,N,12/21/2018,01:23 PM,45,11,1,1,5,2,1,10,1.0,227,22,30.23538413,-97.85210325,US,290.0,110.77,US0290,Y,N,2,FRI,20.0,20.0,42.0,5.0,12.0,60621.0,2018.0,2.7,,,,0,1,0,1,0,1,0,2018
16815358,N,12/21/2018,04:20 PM,65,11,1,1,15,1,3,2,2.0,227,22,,,IH,35.0,,IH0035,Y,N,2,FRI,,,,,,,,,,,,0,1,0,5,0,1,0,2018
16815366,N,12/21/2018,06:55 PM,65,11,4,1,20,7,4,1,4.0,227,22,30.23117723,-97.74271165,IH,35.0,231.267,IH0035,Y,N,2,FRI,4.0,20.0,3.0,6.0,11.0,157370.0,2018.0,10.5,,,,0,1,0,0,0,1,0,2018
16815373,N,12/21/2018,02:34 PM,-1,11,1,1,5,2,1,34,1.0,227,22,30.33256829,-97.68650517,US,183.0,319.585,US0183,Y,N,2,FRI,4.0,10.0,24.0,5.0,12.0,65226.0,2018.0,6.6,,,,0,1,0,1,0,1,0,2018
16815465,N,12/21/2018,04:00 PM,50,11,1,1,5,2,1,10,1.0,227,22,30.24915123,-97.80529785,SL,1.0,18.057,SL0001,Y,N,2,FRI,12.0,20.0,500.0,6.0,12.0,153269.0,2018.0,1.2,,,,0,1,0,1,0,1,0,2018
16815482,N,12/22/2018,12:31 PM,65,11,1,1,1,2,4,20,1.0,227,22,30.38127182,-97.74039085,US,183.0,314.645,US0183,Y,N,2,SAT,20.0,20.0,36.0,6.0,12.0,146786.0,2018.0,1.9,,,,0,3,0,3,0,3,0,2018
16815604,N,12/22/2018,05:50 PM,55,11,3,1,1,2,4,20,1.0,227,22,,,US,183.0,,US0183,Y,N,2,SAT,,,,,,,,,,,,0,1,0,2,0,1,0,2018
16815607,N,12/22/2018,07:00 PM,65,11,4,1,1,2,4,22,1.0,227,22,,,SL,1.0,,SL0001,Y,N,2,SAT,,,,,,,,,,,,0,1,1,1,0,2,0,2018
16815610,N,12/22/2018,05:59 PM,-1,11,4,1,1,2,4,30,1.0,227,22,,,US,183.0,,US0183,Y,N,1,SAT,,,,,,,,,,,,1,1,0,0,0,2,0,2018
16815624,N,12/22/2018,11:15 PM,-1,11,4,1,8,2,1,34,1.0,227,22,,,SH,183.0,,SH0183,Y,N,2,SAT,,,,,,,,,,,,0,1,0,1,0,1,0,2018
16815633,N,12/23/2018,12:10 AM,-1,11,4,1,1,2,4,22,1.0,227,22,30.3475636,-97.69481127,IH,35.0,239.958,IH0035,Y,N,2,SUN,20.0,20.0,3.0,6.0,11.0,145168.0,2018.0,11.9,,,,0,1,0,0,0,1,0,2018
16815643,N,12/23/2018,12:30 PM,-1,11,1,1,1,2,4,20,1.0,227,22,30.27300289,-97.73196972,IH,35.0,234.312,IH0035,Y,N,2,SUN,20.0,40.0,3.0,8.0,11.0,177389.0,2018.0,9.9,,,,0,1,0,4,0,1,0,2018
16815807,N,12/23/2018,05:02 PM,-1,11,1,1,21,2,1,10,1.0,227,22,30.27043897,-97.73289554,IH,35.0,234.127,IH0035,Y,N,2,SUN,20.0,40.0,3.0,8.0,11.0,177389.0,2018.0,9.9,,,,0,2,0,0,0,2,0,2018
16815808,N,12/23/2018,04:50 PM,55,11,1,1,1,7,4,1,2.0,227,22,30.29007684,-97.66418595,US,183.0,323.238,US0183,Y,N,2,SUN,16.0,20.0,36.0,4.0,14.0,57843.0,2018.0,3.2,,,,0,1,0,3,0,1,0,2018
16815817,N,12/24/2018,08:05 AM,60,11,4,1,1,7,4,1,2.0,227,22,,,IH,35.0,,IH0035,Y,N,2,MON,,,,,,,,,,,,0,2,0,0,0,2,0,2018
16815819,N,12/24/2018,10:50 AM,35,11,1,1,5,2,1,10,1.0,227,22,30.26122284,-97.73644257,IH,35.0,233.459,IH0035,Y,N,2,MON,8.0,20.0,3.0,8.0,11.0,158343.0,2018.0,10.4,,,,0,1,0,2,0,1,0,2018
16815833,N,12/24/2018,03:50 PM,-1,11,1,1,11,2,4,22,1.0,227,22,30.24915376,-97.80529879,SL,360.0,12.601,SL0360,Y,N,2,MON,8.0,20.0,48.0,4.0,14.0,99537.0,2018.0,2.0,,,,0,14,0,0,0,14,0,2018
16815951,N,12/24/2018,09:05 PM,65,11,4,1,20,2,4,21,1.0,227,22,,,IH,35.0,,IH0035,Y,N,2,MON,,,,,,,,,,,,0,2,0,2,0,2,0,2018
16815969,N,12/25/2018,12:20 PM,50,2,1,2,20,7,4,1,2.0,227,22,,,US,183.0,,US0183,Y,N,2,TUE,,,,,,,,,,,,0,1,0,0,0,1,0,2018
16815972,N,12/25/2018,08:43 PM,-1,11,3,1,20,2,2,20,1.0,227,22,30.24004102,-97.68833637,US,183.0,327.306,US0183,Y,N,2,TUE,6.0,10.0,36.0,4.0,14.0,97049.0,2018.0,5.6,1.0,408.0,4.0,0,2,0,2,0,2,0,2018
16818762,N,12/21/2018,08:10 AM,75,11,1,1,20,7,4,1,2.0,227,22,30.4150495,-97.70636923,SL,1.0,4.3660000000000005,SL0001,Y,N,2,FRI,20.0,20.0,36.0,6.0,12.0,112974.0,2018.0,1.6,1.0,258.0,23.0,0,1,0,0,0,1,0,2018
16819668,N,12/22/2018,05:33 AM,60,11,3,1,20,7,4,1,2.0,227,9999,30.39782721,-97.85716572,RM,620.0,12.388,RM0620,Y,Y,2,SAT,8.0,8.0,0.0,4.0,14.0,46442.0,2018.0,3.2,1.0,154.0,6.0,0,2,0,0,0,2,0,2018
16820031,N,12/08/2018,07:42 PM,60,11,4,1,5,2,1,10,1.0,227,372,,,IH,35.0,,IH0035,Y,N,2,SAT,,,,,,,,,,,,0,1,0,11,0,1,0,2018
16820163,N,12/21/2018,08:20 PM,65,11,4,1,20,2,4,22,3.0,227,22,30.386502899999996,-97.73520742,SL,1.0,7.175,SL0001,Y,N,4,FRI,20.0,20.0,36.0,5.0,12.0,97149.0,2018.0,1.6,,,,0,0,0,1,0,0,1,2018
16820182,N,12/26/2018,10:24 AM,70,2,1,2,20,7,4,1,4.0,227,22,30.23682159,-97.73937581,IH,35.0,231.703,IH0035,Y,N,2,WED,4.0,20.0,3.0,6.0,11.0,150700.0,2018.0,10.7,,,,0,1,0,0,0,1,0,2018
16820184,N,12/26/2018,11:40 AM,40,2,1,2,20,7,4,1,2.0,227,22,30.18626194,-97.77347367,IH,35.0,227.665,IH0035,Y,N,2,WED,6.0,20.0,30.0,6.0,11.0,156852.0,2018.0,11.1,,,,0,1,0,0,0,1,0,2018
16820279,N,12/26/2018,09:10 AM,50,2,1,2,20,7,2,1,2.0,227,22,30.16748896,-97.78580635,IH,35.0,226.178,IH0035,Y,N,2,WED,6.0,20.0,30.0,6.0,11.0,156852.0,2018.0,11.1,1.0,586.0,0.0,0,1,0,0,0,1,0,2018
16820280,N,12/26/2018,10:50 AM,-1,2,1,2,1,2,4,20,1.0,227,22,,,SH,45.0,,SH0045,Y,N,2,WED,,,,,,,,,,,,0,1,2,0,0,3,0,2018
16820314,Y,12/26/2018,06:48 PM,-1,2,4,2,5,2,2,20,1.0,227,22,30.23390611,-97.86486867,US,290.0,109.987,US0290,Y,N,2,WED,6.0,4.0,15.0,4.0,14.0,72290.0,2018.0,2.7,1.0,42.0,4.0,0,1,0,1,0,1,0,2018
16820315,N,12/26/2018,07:00 PM,45,2,6,2,1,2,1,13,1.0,227,22,,,SH,71.0,,SH0071,Y,N,2,WED,,,,,,,,,,,,0,2,0,0,0,2,0,2018
16820404,N,12/26/2018,11:45 AM,45,2,1,2,5,2,1,10,1.0,227,22,30.41127396,-97.7098777,SL,1.0,4.7,SL0001,Y,N,2,WED,24.0,20.0,36.0,6.0,12.0,112974.0,2018.0,1.6,1.0,425.0,1.0,0,3,1,0,0,4,0,2018
16820439,N,12/27/2018,08:06 AM,50,12,1,2,20,7,4,1,2.0,227,22,30.35293256,-97.71441556,US,183.0,317.319,US0183,Y,N,2,THU,20.0,20.0,8.0,6.0,12.0,138247.0,2018.0,3.6,,,,0,1,0,0,0,1,0,2018
16820440,N,12/27/2018,10:51 AM,60,11,1,1,20,2,4,21,1.0,227,22,,,SH,71.0,,SH0071,Y,N,2,THU,,,,,,,,,,,,0,1,0,5,0,1,0,2018
16820442,N,12/27/2018,12:05 PM,55,11,1,1,1,2,4,20,1.0,227,22,30.17691824,-97.77960864,IH,35.0,226.925,IH0035,Y,N,2,THU,6.0,20.0,30.0,6.0,11.0,156852.0,2018.0,11.1,,,,0,1,0,0,0,1,0,2018
16820453,N,12/27/2018,07:03 PM,55,11,3,1,5,2,1,34,1.0,227,22,30.21765083,-97.68325172,US,183.0,328.92,US0183,Y,N,2,THU,12.0,16.0,36.0,4.0,14.0,43585.0,2018.0,7.8,,,,0,2,3,0,0,5,0,2018
16822779,Y,12/20/2018,10:12 AM,50,11,1,1,20,2,1,34,1.0,227,1016,30.33218217,-97.55988263,FM,973.0,18.374,FM0973,Y,N,2,THU,6.0,6.0,0.0,2.0,16.0,10893.0,2018.0,7.1,,,,0,1,0,1,0,1,0,2018
16823624,N,12/28/2018,06:19 PM,50,11,3,1,5,2,4,20,1.0,227,250,30.33992129,-97.96929199,RM,620.0,2.768,RM0620,Y,N,2,FRI,8.0,8.0,0.0,5.0,14.0,50317.0,2018.0,3.1,1.0,342.0,3.0,0,1,0,3,0,1,0,2018
16823686,N,12/28/2018,02:31 PM,35,11,1,1,5,2,1,10,1.0,227,22,30.24080479,-97.73699458,IH,35.0,232.012,IH0035,Y,N,2,FRI,4.0,16.0,40.0,6.0,11.0,150700.0,2018.0,10.7,,,,0,4,0,0,0,4,0,2018
16823691,N,12/28/2018,06:09 PM,-1,11,4,1,8,2,1,13,1.0,227,22,,,SH,71.0,,SH0071,Y,N,2,FRI,,,,,,,,,,,,0,1,0,0,1,1,0,2018
16823697,N,12/28/2018,11:00 AM,50,11,1,1,20,2,4,20,1.0,227,22,30.37543685,-97.7310061,US,183.0,315.334,US0183,Y,N,2,FRI,20.0,20.0,8.0,6.0,12.0,138365.0,2018.0,3.6,,,,0,1,0,1,0,1,0,2018
16824736,N,12/13/2018,07:47 PM,70,11,4,1,5,2,4,20,1.0,227,9999,30.18750338,-97.59933999,SH,71.0,133.535,SH0071,Y,Y,2,THU,4.0,6.0,40.0,4.0,14.0,53382.0,2018.0,8.3,,,,0,1,0,2,0,1,0,2018
16827157,N,11/27/2018,01:51 PM,70,11,1,1,11,1,4,1,1.0,227,22,30.33598494,-97.70213594,IH,35.0,239.049,IH0035,Y,N,4,TUE,20.0,20.0,3.0,6.0,11.0,199837.0,2018.0,9.4,1.0,409.0,1.0,0,0,0,0,0,0,1,2018
16829187,N,12/25/2018,05:24 PM,65,11,1,1,11,2,3,14,1.0,227,9999,30.35996756,-97.53254573,FM,973.0,15.474,FM0973,Y,Y,2,TUE,10.0,10.0,0.0,2.0,16.0,15148.0,2018.0,5.5,1.0,333.0,1.0,0,7,0,2,0,7,0,2018
16829243,N,12/30/2018,02:24 AM,-1,12,4,1,1,10,4,1,2.0,227,22,30.22219099,-97.68313867,US,183.0,328.608,US0183,Y,N,4,SUN,12.0,16.0,36.0,4.0,14.0,43585.0,2018.0,7.8,1.0,262.0,2.0,1,0,0,0,0,1,1,2018
16831531,N,12/27/2018,10:29 AM,70,11,1,1,20,2,4,22,1.0,227,22,30.19261131,-97.76880442,IH,35.0,228.183,IH0035,Y,N,2,THU,24.0,24.0,42.0,6.0,11.0,170988.0,2018.0,10.7,1.0,208.0,0.0,0,1,0,0,0,1,0,2018
16831724,N,12/31/2018,02:50 PM,60,11,1,1,20,2,4,20,1.0,227,22,,,IH,35.0,,IH0035,Y,N,2,MON,,,,,,,,,,,,0,3,0,12,0,3,0,2018
16833518,N,12/20/2018,01:11 PM,50,11,1,1,20,2,4,20,1.0,227,9999,30.27559483,-97.9143345,SH,71.0,111.805,SH0071,Y,Y,2,THU,5.0,5.0,0.0,4.0,14.0,50310.0,2018.0,3.1,,,,0,1,0,1,0,1,0,2018
16835316,N,12/02/2018,02:41 AM,-1,11,4,1,8,7,4,1,2.0,227,22,30.36993557,-97.68065186,IH,35.0,241.713,IH0035,Y,N,2,SUN,8.0,20.0,3.0,6.0,11.0,138459.0,2018.0,12.2,,,,0,1,1,0,0,2,0,2018
16838455,N,12/04/2018,06:25 AM,70,12,4,1,11,2,4,20,1.0,227,9999,30.45747888,-97.66675027,IH,35.0,247.923,IH0035,Y,Y,2,TUE,18.0,18.0,12.0,6.0,11.0,162734.0,2018.0,11.4,1.0,467.0,1.0,0,1,0,1,0,1,0,2018
16848203,N,12/18/2018,06:01 PM,-1,11,3,1,20,2,4,20,1.0,227,22,30.2193738,-97.68914483,SH,71.0,127.331,SH0071,Y,N,2,TUE,10.0,10.0,52.0,6.0,12.0,70740.0,2018.0,4.0,1.0,114.0,2.0,0,1,0,3,1,1,0,2018
16848369,N,03/11/2018,05:24 AM,-1,11,4,1,20,7,2,1,2.0,227,22,,,SH,183.0,,SH0183,Y,N,2,SUN,,,,,,,,,,,,0,1,0,0,0,1,0,2018
16848374,N,11/09/2018,09:43 PM,45,12,4,1,8,2,1,14,1.0,227,22,30.28509204,-97.66192949,FM,969.0,2.544,FM0969,Y,N,4,FRI,0.0,0.0,0.0,4.0,14.0,32176.0,2018.0,6.2,,,,2,0,1,0,0,3,1,2018
16848378,N,12/11/2018,06:22 AM,60,11,4,1,20,2,4,34,1.0,227,22,30.44092444,-97.74052513,FM,734.0,7.235,FM0734,Y,N,2,TUE,8.0,20.0,36.0,6.0,14.0,49788.0,2018.0,3.9,1.0,350.0,1.0,0,1,0,2,0,1,0,2018
16861037,N,05/12/2018,04:10 PM,65,11,1,1,20,2,4,20,1.0,227,22,30.38127182,-97.74039085,US,183.0,314.645,US0183,Y,N,2,SAT,20.0,20.0,36.0,6.0,12.0,146786.0,2018.0,1.9,,,,0,1,0,4,0,1,0,2018
16861042,N,12/20/2018,07:59 AM,70,11,1,1,1,2,4,20,1.0,227,22,30.10956798,-97.80837383,IH,35.0,221.966,IH0035,Y,N,1,THU,6.0,20.0,20.0,6.0,11.0,131087.0,2018.0,12.1,1.0,84.0,0.0,1,0,1,0,0,2,0,2018
16895888,N,12/15/2018,06:57 AM,65,11,4,1,20,10,2,2,1.0,227,22,30.23910368,-97.81873126,SL,1.0,19.156,SL0001,Y,N,2,SAT,12.0,20.0,60.0,6.0,12.0,83195.0,2018.0,1.6,,,,0,1,0,0,0,1,0,2018
16993461,N,11/11/2018,06:30 PM,45,2,4,2,5,1,2,3,1.0,227,22,30.33480273,-97.73981902,RM,2222.0,9.718,RM2222,Y,N,2,SUN,0.0,0.0,0.0,4.0,14.0,34181.0,2018.0,3.5,1.0,59.0,0.0,0,1,0,1,0,1,0,2018
17003738,N,08/24/2018,08:41 AM,60,11,1,1,20,2,4,20,1.0,227,138,30.35213958,-97.41079143,US,290.0,143.05200000000005,US0290,Y,N,1,FRI,8.0,20.0,68.0,4.0,14.0,31096.0,2018.0,8.4,,,,1,1,0,1,0,2,0,2018
17007199,N,11/19/2018,03:54 PM,65,11,1,1,1,2,4,20,1.0,227,22,30.39347193,-97.73338506,SL,1.0,6.683,SL0001,Y,N,1,MON,24.0,20.0,36.0,6.0,12.0,97149.0,2018.0,1.6,,,,1,0,0,2,0,1,0,2018
17085751,N,09/29/2018,12:12 PM,45,2,1,2,20,1,4,1,1.0,227,22,30.42907805,-97.75906929,US,183.0,310.888,US0183,Y,N,2,SAT,16.0,20.0,36.0,6.0,12.0,149347.0,2018.0,1.9,,,,0,1,0,1,0,1,0,2018
17140152,N,11/18/2018,06:40 PM,70,11,3,1,1,2,4,22,1.0,227,22,30.23609315,-97.73980553,IH,35.0,231.647,IH0035,Y,N,2,SUN,4.0,20.0,3.0,6.0,11.0,150700.0,2018.0,10.7,,,,0,3,0,2,0,3,0,2018