Crash_ID,Cmv_Involv_Fl,Crash_Date,Crash_Time,Crash_Speed_Limit,Wthr_Cond_ID,Light_Cond_ID,Surf_Cond_ID,Traffic_Cntl_ID,Harm_Evnt_ID,Intrsct_Relat_ID,FHE_Collsn_ID,Road_Relat_ID,Cnty_ID,City_ID,Latitude,Longitude,Hwy_Sys,Hwy_Nbr,Dfo,Street_Name,Onsys_Fl,Rural_Fl,Crash_Sev_ID,Day_of_Week,Shldr_Width_Left,Shldr_Width_Right,Median_Width,Nbr_Of_Lane,Func_Sys_ID,Adt_Curnt_Amt,Adt_Curnt_Year,Trk_Aadt_Pct,Curve_Type_ID,Curve_Lngth,Cd_Degr,Sus_Serious_Injry_Cnt,Nonincap_Injry_Cnt,Poss_Injry_Cnt,Non_Injry_Cnt,Unkn_Injry_Cnt,Tot_Injry_Cnt,Death_Cnt,Year
17140156,N,12/15/2018,08:29 PM,35,11,4,1,20,2,1,34,1.0,227,22,30.35083993,-97.70915299,SL,275.0,5.684,SL0275,Y,N,2,SAT,8.0,8.0,0.0,4.0,14.0,37706.0,2018.0,1.2,,,,0,1,0,0,1,1,0,2018
17140157,N,12/16/2018,07:57 PM,-1,11,4,1,5,2,1,10,1.0,227,22,30.44033779,-97.69827141,SL,1.0,2.557,SL0001,Y,N,2,SUN,20.0,20.0,36.0,6.0,12.0,64650.0,2018.0,2.0,,,,0,1,0,2,0,1,0,2018
17145644,N,08/14/2018,06:47 AM,-1,12,1,1,9,2,4,22,1.0,227,22,30.31994987,-97.70710277,IH,35.0,237.893,IH0035,Y,N,2,TUE,8.0,20.0,24.0,8.0,11.0,193850.0,2018.0,9.5,1.0,274.0,0.0,0,1,0,4,0,1,0,2018
17150109,N,11/21/2018,03:13 PM,-1,12,1,2,1,7,4,1,2.0,227,22,,,SH,130.0,,SH0130,Y,N,2,WED,,,,,,,,,,,,0,1,1,1,0,2,0,2018
17158621,N,07/04/2018,05:30 AM,45,0,3,1,11,1,4,1,1.0,227,22,30.16252855,-97.83169173,FM,2304.0,2.98,FM2304,Y,N,1,WED,13.0,14.0,0.0,2.0,16.0,31291.0,2018.0,3.6,,,,1,0,0,2,0,1,0,2018
17164280,N,06/26/2018,05:36 PM,-1,11,1,1,20,2,4,22,1.0,227,22,30.40540635,-97.66734954,FM,734.0,12.297,FM0734,Y,N,2,TUE,4.0,20.0,16.0,6.0,14.0,46970.0,2018.0,3.9,1.0,181.0,3.0,0,1,2,2,0,3,0,2018
17331180,N,03/15/2018,08:48 PM,-1,11,4,1,20,1,4,5,1.0,227,22,30.25413527,-97.73664566,IH,35.0,232.96400000000003,IH0035,Y,N,4,THU,8.0,20.0,3.0,8.0,11.0,142856.0,2018.0,11.0,,,,0,0,0,0,0,0,1,2018
17656576,N,08/15/2018,01:36 PM,40,11,1,1,8,2,1,14,1.0,227,22,30.25122842,-97.7651567,SL,343.0,2.599,SL0343,Y,N,2,WED,0.0,0.0,0.0,4.0,14.0,46479.0,2018.0,1.4,1.0,304.0,2.0,0,1,0,2,0,1,0,2018
17856649,N,01/17/2018,00:00 AM,75,11,4,1,20,7,4,1,2.0,227,22,,,US,290.0,,US0290,Y,N,2,WED,,,,,,,,,,,,0,1,0,0,0,1,0,2018
17856657,Y,06/28/2018,11:35 PM,70,11,4,1,1,2,4,21,1.0,227,22,30.16766963,-97.78568707,IH,35.0,226.192,IH0035,Y,N,2,THU,6.0,20.0,30.0,6.0,11.0,156852.0,2018.0,11.1,1.0,586.0,0.0,0,2,0,0,0,2,0,2018
17856661,N,07/30/2018,04:21 PM,45,11,1,1,1,2,4,46,1.0,227,22,30.25653911,-97.69298804,SL,111.0,1.927,SL0111,Y,N,2,MON,8.0,2.0,0.0,4.0,14.0,31328.0,2018.0,1.8,,,,0,1,0,1,0,1,0,2018
17857220,N,08/11/2018,01:24 AM,60,2,4,2,20,7,4,1,2.0,227,22,30.33267175,-97.70422313,IH,35.0,238.79,IH0035,Y,N,2,SAT,20.0,20.0,3.0,6.0,11.0,199837.0,2018.0,9.4,1.0,409.0,1.0,0,1,0,0,0,1,0,2018
17859749,N,03/16/2018,07:15 PM,-1,11,1,1,8,2,1,10,1.0,227,22,30.34792185,-97.71264889,US,183.0,317.68,US0183,Y,N,2,FRI,20.0,20.0,8.0,6.0,12.0,138247.0,2018.0,3.6,,,,0,1,0,2,0,1,0,2018
17859769,N,09/20/2018,08:17 AM,65,12,1,1,1,2,4,20,1.0,227,22,30.40900314,-97.71364912,SL,1.0,4.976,SL0001,Y,N,2,THU,28.0,28.0,36.0,9.0,12.0,112974.0,2018.0,1.6,1.0,425.0,1.0,0,1,0,1,0,1,0,2018
17867341,N,12/17/2018,11:31 PM,50,11,4,1,9,2,2,22,1.0,227,22,30.32601373,-97.67392404,US,183.0,320.465,US0183,Y,N,2,MON,16.0,20.0,70.0,4.0,12.0,55986.0,2018.0,7.2,,,,0,1,0,1,0,1,0,2018
17906541,N,05/29/2018,11:27 PM,60,11,4,1,5,2,4,22,1.0,227,22,30.19998217,-97.76283885,IH,35.0,228.803,IH0035,Y,N,2,TUE,24.0,24.0,42.0,6.0,11.0,148474.0,2018.0,11.3,,,,0,1,0,2,0,1,0,2018
17906547,N,10/24/2018,02:13 AM,55,11,4,2,20,4,4,1,1.0,227,22,30.22238046,-97.68254767,SH,71.0,127.777,SH0071,Y,N,2,WED,10.0,10.0,52.0,5.0,12.0,95090.0,2018.0,3.5,,,,0,1,0,0,0,1,0,2018
17908622,N,06/28/2018,02:14 PM,65,11,1,1,1,2,4,20,1.0,227,22,,,IH,35.0,,IH0035,Y,N,2,THU,,,,,,,,,,,,0,1,0,5,0,1,0,2018
17935784,Y,07/15/2018,04:03 AM,60,11,4,1,20,2,4,20,1.0,227,22,30.29339233,-97.72057646,IH,35.0,235.877,IH0035,Y,N,4,SUN,8.0,20.0,24.0,8.0,11.0,202376.0,2018.0,9.3,,,,0,0,0,1,0,0,1,2018
17976512,N,10/19/2018,09:15 AM,60,2,1,2,20,2,3,22,1.0,227,22,,,US,290.0,,US0290,Y,N,2,FRI,,,,,,,,,,,,0,3,0,0,0,3,0,2018
17985640,N,09/28/2018,08:40 PM,60,11,4,1,20,2,4,22,1.0,227,22,30.24786691,-97.73531064,IH,35.0,232.526,IH0035,Y,N,2,FRI,4.0,10.0,3.0,6.0,11.0,142856.0,2018.0,11.0,1.0,238.0,3.0,0,1,0,1,0,1,0,2018
17992456,N,02/19/2018,02:34 PM,45,12,1,1,20,1,2,1,1.0,227,22,30.28584893,-97.68262308,FM,969.0,1.295,FM0969,Y,N,2,MON,0.0,0.0,0.0,4.0,14.0,17992.0,2018.0,6.6,,,,0,1,0,0,2,1,0,2018
18004803,N,09/19/2018,07:36 PM,-1,11,1,1,11,7,4,1,2.0,227,22,,,,,,BI0071,Y,N,2,WED,,,,,,,,,,,,0,1,0,0,0,1,0,2018
16826430,N,01/01/2019,02:12 AM,50,11,4,1,1,7,4,1,2.0,227,22,,,SH,183.0,,SH0183,Y,N,2,TUE,,,,,,,,,,,,0,1,0,4,1,1,0,2019
16831733,N,01/01/2019,05:56 PM,65,12,4,1,20,7,4,1,2.0,227,22,,,SL,1.0,,SL0001,Y,N,2,TUE,,,,,,,,,,,,0,1,0,0,0,1,0,2019
16831796,N,01/02/2019,07:41 AM,65,2,2,2,20,2,4,20,1.0,227,22,30.3396929,-97.70087378,US,183.0,318.598,US0183,Y,N,1,WED,20.0,20.0,24.0,6.0,12.0,116357.0,2018.0,3.9,,,,1,0,0,1,1,1,0,2019
16831802,N,01/02/2019,09:37 AM,-1,2,1,3,20,7,4,1,2.0,227,22,30.28319055,-97.72715907,IH,35.0,235.073,IH0035,Y,N,2,WED,20.0,40.0,3.0,8.0,11.0,202376.0,2018.0,9.3,,,,0,1,0,0,0,1,0,2019
16831804,N,01/02/2019,05:58 AM,50,12,3,2,11,7,4,1,2.0,227,22,30.17985934,-97.77768335,IH,35.0,227.158,IH0035,Y,N,2,WED,6.0,20.0,30.0,6.0,11.0,156852.0,2018.0,11.1,,,,0,1,1,0,0,2,0,2019
16831856,N,01/02/2019,03:45 PM,-1,2,1,2,5,2,1,34,1.0,227,22,30.26292667,-97.75777098,SL,343.0,3.532,SL0343,Y,N,2,WED,0.0,0.0,22.0,6.0,14.0,46479.0,2018.0,1.4,,,,0,2,0,3,0,2,0,2019
16831858,N,01/02/2019,04:30 PM,50,2,1,2,20,2,4,20,1.0,227,22,30.24794862,-97.69044067,US,183.0,326.731,US0183,Y,N,2,WED,2.0,2.0,36.0,6.0,14.0,68772.0,2018.0,6.5,1.0,471.0,2.0,0,1,0,3,1,1,0,2019
16831864,N,01/02/2019,07:37 PM,-1,2,4,2,20,2,1,34,1.0,227,22,30.35545701,-97.70272237,SL,275.0,5.186,SL0275,Y,N,2,WED,0.0,0.0,0.0,4.0,14.0,37706.0,2018.0,1.2,,,,0,1,1,1,0,2,0,2019
16831927,N,01/03/2019,11:06 AM,60,12,1,2,20,2,4,20,1.0,227,22,30.22720916,-97.74504603,IH,35.0,230.96,IH0035,Y,N,2,THU,4.0,20.0,3.0,6.0,11.0,157370.0,2018.0,10.5,,,,0,1,0,2,0,1,0,2019
16831928,N,01/03/2019,12:01 PM,35,12,1,1,20,2,2,17,1.0,227,22,30.38500907,-97.76679574,SL,360.0,1.431,SL0360,Y,N,2,THU,8.0,20.0,48.0,4.0,14.0,53584.0,2018.0,2.7,1.0,104.0,2.0,0,1,0,7,0,1,0,2019
16831937,N,01/03/2019,02:28 PM,70,11,1,2,20,2,4,20,1.0,227,22,30.17817091,-97.77878862,IH,35.0,227.024,IH0035,Y,N,2,THU,6.0,20.0,30.0,6.0,11.0,156852.0,2018.0,11.1,,,,0,2,0,2,2,2,0,2019
16831938,N,01/03/2019,03:08 PM,60,11,1,1,5,2,1,10,1.0,227,22,30.39952336,-97.65491719,FM,734.0,13.19,FM0734,Y,N,2,THU,11.0,0.0,55.0,4.0,14.0,39056.0,2018.0,4.1,,,,0,1,0,1,0,1,0,2019
16831944,N,01/03/2019,05:21 PM,45,11,1,1,20,2,2,22,1.0,227,22,30.21840792,-97.69107328,SH,71.0,127.199,SH0071,Y,N,2,THU,4.0,5.0,44.0,6.0,12.0,70740.0,2018.0,4.0,,,,0,1,0,1,0,1,0,2019
16832653,Y,01/02/2019,07:51 AM,65,2,1,2,8,2,2,10,1.0,227,1016,30.34983186,-97.51874821,US,290.0,136.612,US0290,Y,N,2,WED,12.0,20.0,68.0,4.0,14.0,44701.0,2018.0,6.9,,,,0,1,0,1,0,1,0,2019
16833409,Y,01/01/2019,01:06 AM,80,5,3,1,20,2,4,21,1.0,227,9999,30.22289095,-97.62249011,SH,130.0,35.319,SH0130,Y,Y,2,TUE,12.0,20.0,135.0,4.0,12.0,43413.0,2018.0,17.5,1.0,399.0,1.0,0,3,14,51,0,17,0,2019
16833413,N,01/04/2019,02:37 PM,60,11,1,1,5,2,1,10,1.0,227,22,30.33716403,-97.59992118,US,290.0,131.636,US0290,Y,N,2,FRI,20.0,20.0,3.0,5.0,12.0,34434.0,2018.0,8.4,1.0,121.0,1.0,0,1,0,1,0,1,0,2019
16835197,N,01/04/2019,12:29 PM,50,11,1,1,20,2,3,23,1.0,227,1016,30.34891879,-97.55470808,US,290.0,134.467,US0290,Y,N,1,FRI,12.0,20.0,46.0,4.0,14.0,51848.0,2018.0,6.4,1.0,250.0,1.0,1,0,0,1,0,1,0,2019
16835393,N,01/01/2019,07:45 AM,55,12,1,1,20,7,4,1,2.0,227,22,30.38316696,-97.67369546,IH,35.0,242.72,IH0035,Y,N,1,TUE,8.0,20.0,3.0,6.0,11.0,159315.0,2018.0,11.5,1.0,328.0,1.0,1,0,0,0,0,1,0,2019
16835449,N,01/05/2019,03:24 AM,40,11,4,1,20,4,4,1,1.0,227,22,30.26057014,-97.73664192,IH,35.0,233.412,IH0035,Y,N,2,SAT,8.0,20.0,3.0,8.0,11.0,158343.0,2018.0,10.4,,,,0,1,0,1,0,1,0,2019
16835956,N,01/05/2019,03:40 PM,-1,11,1,1,20,2,4,20,1.0,227,22,30.17271741,-97.78235857,IH,35.0,226.593,IH0035,Y,N,2,SAT,6.0,20.0,30.0,6.0,11.0,156852.0,2018.0,11.1,,,,0,1,0,0,0,1,0,2019
16835974,N,01/05/2019,05:34 AM,60,11,4,1,20,2,4,20,1.0,227,22,30.27467195,-97.77105208,SL,1.0,15.278,SL0001,Y,N,2,SAT,12.0,20.0,60.0,6.0,12.0,145144.0,2018.0,1.2,,,,0,1,0,1,0,1,0,2019
16836005,N,01/06/2019,03:39 AM,70,11,4,1,1,2,4,20,1.0,227,22,30.11383788,-97.80647583,IH,35.0,222.281,IH0035,Y,N,2,SUN,6.0,20.0,20.0,6.0,11.0,135389.0,2018.0,11.8,1.0,84.0,0.0,0,1,0,4,0,1,0,2019
16836014,Y,01/07/2019,08:30 AM,55,12,1,1,20,2,4,20,1.0,227,22,30.27234027,-97.73219371,IH,35.0,234.265,IH0035,Y,N,1,MON,20.0,40.0,3.0,8.0,11.0,177389.0,2018.0,9.9,,,,1,0,0,2,0,1,0,2019
16836042,N,01/07/2019,11:04 AM,45,11,1,1,17,2,1,10,1.0,227,22,30.44034001,-97.69827049999999,SL,1.0,2.557,SL0001,Y,N,2,MON,20.0,20.0,36.0,6.0,12.0,64650.0,2018.0,2.0,,,,0,1,0,2,0,1,0,2019
16836045,N,01/07/2019,01:19 PM,60,11,1,1,20,2,4,22,1.0,227,9999,30.28527657,-97.82529085,SL,360.0,9.753,SL0360,Y,Y,2,MON,8.0,20.0,60.0,4.0,14.0,50299.0,2018.0,2.7,,,,0,1,0,4,0,1,0,2019
16837532,N,01/06/2019,01:58 PM,55,12,1,1,5,2,2,20,1.0,227,22,30.23360864,-97.74126543,IH,35.0,231.455,IH0035,Y,N,2,SUN,4.0,20.0,3.0,6.0,11.0,150700.0,2018.0,10.7,,,,0,1,0,2,0,1,0,2019
16837540,N,01/07/2019,03:31 PM,-1,11,1,1,8,2,1,14,1.0,227,22,30.33774555,-97.75764626,RM,2222.0,8.568,RM2222,Y,N,2,MON,0.0,0.0,0.0,4.0,14.0,32997.0,2018.0,3.5,1.0,58.0,16.0,0,1,1,0,0,2,0,2019
16837597,N,01/07/2019,03:18 PM,-1,11,1,1,5,2,2,22,1.0,227,22,30.36856269,-97.61329002,FM,734.0,16.66,FM0734,Y,N,1,MON,10.0,6.0,66.0,4.0,14.0,22111.0,2018.0,4.8,,,,1,0,0,0,1,1,0,2019
16839364,N,01/07/2019,08:06 PM,55,11,4,1,5,2,1,28,1.0,227,22,30.27680507,-97.63726282,FM,969.0,4.131,FM0969,Y,N,2,MON,4.0,4.0,0.0,4.0,14.0,20957.0,2018.0,6.4,1.0,256.0,3.0,0,1,0,2,0,1,0,2019
16839430,N,01/08/2019,06:06 PM,55,11,4,1,20,2,4,20,1.0,227,22,30.20460816,-97.64222745,SH,71.0,130.529,SH0071,Y,N,2,TUE,0.0,0.0,240.0,6.0,14.0,60929.0,2018.0,4.2,,,,0,2,0,1,0,2,0,2019
16839437,N,01/08/2019,09:35 PM,60,11,4,1,1,1,4,1,1.0,227,22,30.24594144,-97.80296218,SL,360.0,12.862,SL0360,Y,N,4,TUE,8.0,20.0,48.0,4.0,14.0,99537.0,2018.0,2.0,1.0,105.0,2.0,0,0,0,1,0,0,1,2019
16839450,N,01/09/2019,09:16 AM,65,12,1,1,20,2,2,22,1.0,227,22,30.42052886,-97.70418522,SL,1.0,3.967,SL0001,Y,N,2,WED,20.0,20.0,36.0,6.0,12.0,97934.0,2018.0,8.4,,,,0,1,0,1,0,1,0,2019
16841420,N,01/09/2019,05:58 PM,45,11,4,1,1,2,4,20,1.0,227,22,30.42562273,-97.75201185,US,183.0,311.371,US0183,Y,N,2,WED,20.0,20.0,36.0,6.0,12.0,149347.0,2018.0,1.9,,,,0,1,0,1,0,1,0,2019
16841423,N,01/09/2019,06:17 PM,50,11,4,1,20,2,4,20,1.0,227,22,30.42569164,-97.67128359,IH,35.0,245.71,IH0035,Y,N,2,WED,8.0,20.0,3.0,6.0,11.0,132719.0,2018.0,12.4,,,,0,1,0,4,0,1,0,2019
16841455,N,01/09/2019,06:55 PM,55,11,4,1,20,5,1,1,1.0,227,22,30.153556599999998,-97.79143328,IH,35.0,225.158,IH0035,Y,N,2,WED,6.0,20.0,30.0,6.0,11.0,128785.0,2018.0,12.2,,,,0,1,0,1,0,1,0,2019
16841456,N,01/09/2019,11:25 PM,55,11,3,1,11,2,1,46,1.0,227,22,30.23654443,-97.68625108,US,183.0,327.577,US0183,Y,N,2,WED,6.0,10.0,36.0,4.0,14.0,100483.0,2018.0,5.5,1.0,115.0,0.0,0,3,0,0,0,3,0,2019
16841460,N,01/09/2019,02:29 PM,60,11,1,1,20,2,4,22,1.0,227,22,30.28228145,-97.72773857,IH,35.0,235.001,IH0035,Y,N,1,WED,20.0,40.0,3.0,8.0,11.0,202376.0,2018.0,9.3,,,,2,0,0,2,0,2,0,2019
16841671,Y,01/09/2019,01:02 PM,55,11,1,1,1,2,2,22,1.0,227,895,30.47937744,-97.94460062,RM,1431.0,48.848,RM1431,Y,Y,4,WED,2.0,2.0,0.0,4.0,6.0,19578.0,2018.0,3.9,1.0,58.0,0.0,1,0,0,2,0,1,1,2019
16843290,N,01/02/2019,07:19 PM,55,2,4,2,5,2,4,20,1.0,227,9999,30.39463079,-97.86769092,RM,620.0,11.715,RM0620,Y,Y,1,WED,8.0,8.0,0.0,4.0,14.0,46442.0,2018.0,3.2,,,,1,0,0,4,0,1,0,2019
16843293,N,01/01/2019,07:30 AM,55,12,3,1,12,7,4,1,2.0,227,246,30.4757175,-97.95877265,RM,1431.0,47.964,RM1431,Y,N,2,TUE,2.0,2.0,0.0,4.0,6.0,17734.0,2018.0,4.2,1.0,217.0,0.0,0,1,0,0,0,1,0,2019
16843299,N,01/08/2019,07:57 AM,55,11,1,2,5,2,2,22,1.0,227,9999,30.23032494,-97.89554848,US,290.0,108.061,US0290,Y,Y,2,TUE,0.0,4.0,0.0,4.0,14.0,44818.0,2018.0,2.8,,,,0,1,0,2,0,1,0,2019
16843453,N,01/01/2019,05:14 AM,45,11,3,1,6,2,2,22,1.0,227,22,30.24989129,-97.89423968,SH,71.0,114.021,SH0071,Y,N,2,TUE,10.0,10.0,0.0,4.0,14.0,34138.0,2018.0,3.5,,,,0,1,0,1,0,1,0,2019
16843462,Y,01/10/2019,09:33 AM,45,12,1,1,20,2,4,20,1.0,227,22,30.34700514,-97.69516481,IH,35.0,239.914,IH0035,Y,N,1,THU,20.0,20.0,3.0,6.0,11.0,145168.0,2018.0,11.9,,,,1,0,0,1,0,1,0,2019
16843465,N,01/10/2019,08:30 AM,45,12,1,1,5,2,1,10,1.0,227,22,30.23556391,-97.82463094,SL,1.0,19.592,SL0001,Y,N,1,THU,20.0,20.0,60.0,4.0,12.0,83195.0,2018.0,1.6,1.0,240.0,3.0,1,0,1,1,0,2,0,2019
16843491,N,01/10/2019,04:34 PM,-1,11,1,1,1,2,2,22,1.0,227,22,,,IH,35.0,,IH0035,Y,N,2,THU,,,,,,,,,,,,0,1,0,1,0,1,0,2019
16843492,N,01/10/2019,06:31 PM,55,11,4,1,5,2,2,22,1.0,227,22,30.23376555,-97.74117209999999,IH,35.0,231.467,IH0035,Y,N,2,THU,4.0,20.0,3.0,6.0,11.0,150700.0,2018.0,10.7,,,,0,1,1,1,0,2,0,2019
16843497,N,01/10/2019,06:18 PM,45,12,4,1,20,2,4,20,1.0,227,22,30.20331291,-97.63968179999999,SH,71.0,130.705,SH0071,Y,N,2,THU,0.0,0.0,180.0,6.0,14.0,53382.0,2018.0,8.3,,,,0,2,0,0,0,2,0,2019
16848218,N,01/11/2019,06:48 PM,60,2,4,2,20,2,4,20,1.0,227,22,30.40824132,-97.71742924,SL,1.0,5.207999999999998,SL0001,Y,N,2,FRI,28.0,28.0,36.0,9.0,12.0,112347.0,2018.0,1.6,,,,0,1,1,0,0,2,0,2019
16848239,N,01/12/2019,11:34 AM,-1,11,1,1,1,2,4,20,1.0,227,22,30.40076471,-97.74582445,US,183.0,313.22,US0183,Y,N,2,SAT,20.0,20.0,36.0,6.0,12.0,137676.0,2018.0,2.0,1.0,270.0,1.0,0,1,0,3,0,1,0,2019
16848280,N,01/11/2019,12:30 AM,-1,12,4,1,5,2,2,22,1.0,227,22,30.39111111,-97.72182174,FM,1325.0,6.886,FM1325,Y,N,2,FRI,0.0,0.0,0.0,4.0,14.0,43120.0,2018.0,1.5,,,,0,1,1,1,0,2,0,2019
16848287,N,01/11/2019,07:37 PM,30,2,4,2,20,1,4,1,1.0,227,22,30.26657213,-97.73436296,IH,35.0,233.847,IH0035,Y,N,2,FRI,20.0,40.0,3.0,8.0,11.0,177389.0,2018.0,9.9,,,,0,1,0,2,0,1,0,2019
16848302,N,01/12/2019,11:49 AM,-1,11,1,1,21,2,1,10,1.0,227,22,30.265779499999997,-97.78253937,RM,2244.0,11.217,RM2244,Y,N,2,SAT,0.0,0.0,0.0,4.0,14.0,36498.0,2018.0,3.4,1.0,100.0,32.0,0,1,0,6,0,1,0,2019
16848386,N,01/07/2019,06:21 PM,55,12,4,1,5,2,1,34,1.0,227,22,30.42193227,-97.8450244,RM,620.0,14.197,RM0620,Y,N,2,MON,8.0,8.0,0.0,4.0,14.0,50802.0,2018.0,3.1,,,,0,1,0,1,0,1,0,2019
16848390,N,01/11/2019,05:55 PM,70,2,3,2,20,2,4,20,1.0,227,22,30.12042462,-97.803818,IH,35.0,222.761,IH0035,Y,N,2,FRI,6.0,20.0,20.0,6.0,11.0,135389.0,2018.0,11.8,1.0,103.0,0.0,0,2,0,6,0,2,0,2019
16848391,N,01/11/2019,06:43 PM,-1,2,4,2,5,2,1,34,1.0,227,22,30.26010858,-97.69386933,SL,111.0,1.676,SL0111,Y,N,2,FRI,1.0,2.0,0.0,4.0,14.0,31328.0,2018.0,1.8,,,,0,1,0,2,0,1,0,2019
16848407,N,01/04/2019,02:40 PM,55,11,1,1,5,2,1,10,1.0,227,22,30.26153621,-97.7363089,IH,35.0,233.482,IH0035,Y,N,2,FRI,8.0,20.0,3.0,8.0,11.0,158343.0,2018.0,10.4,1.0,248.0,2.0,0,1,4,0,0,5,0,2019
16848438,N,01/12/2019,10:26 AM,40,11,1,1,5,2,1,10,1.0,227,22,30.33480273,-97.73981902,RM,2222.0,9.718,RM2222,Y,N,2,SAT,0.0,0.0,0.0,4.0,14.0,34181.0,2018.0,3.5,1.0,59.0,0.0,0,1,0,1,0,1,0,2019
16848442,N,01/12/2019,03:08 PM,-1,11,1,1,20,2,2,25,1.0,227,22,30.32212067,-97.70681763,IH,35.0,238.044,IH0035,Y,N,2,SAT,8.0,20.0,24.0,8.0,11.0,199837.0,2018.0,9.4,,,,0,2,0,4,0,2,0,2019
16848469,N,01/12/2019,06:25 PM,45,11,3,1,20,5,4,1,1.0,227,22,30.26975539,-97.69675643,SL,111.0,0.991,SL0111,Y,N,1,SAT,1.0,2.0,0.0,4.0,14.0,31328.0,2018.0,1.8,,,,1,0,0,1,0,1,0,2019
16848503,N,01/12/2019,10:54 PM,55,11,4,1,1,2,4,20,1.0,227,22,30.21642387,-97.75133045,IH,35.0,230.129,IH0035,Y,N,1,SAT,4.0,20.0,3.0,6.0,11.0,157370.0,2018.0,10.5,,,,2,0,0,2,0,2,0,2019
16848511,N,01/13/2019,03:33 AM,50,11,4,1,20,7,4,1,2.0,227,22,30.26670353,-97.73431686,IH,35.0,233.856,IH0035,Y,N,2,SUN,20.0,40.0,3.0,8.0,11.0,177389.0,2018.0,9.9,,,,0,1,0,1,0,1,0,2019
16848526,N,01/13/2019,05:00 PM,-1,11,1,1,21,2,1,10,1.0,227,22,30.34394918,-97.70522781,US,183.0,318.205,US0183,Y,N,2,SUN,20.0,20.0,24.0,6.0,12.0,139965.0,2018.0,3.6,,,,0,1,0,1,0,1,0,2019
16848564,N,01/13/2019,07:04 PM,55,11,4,1,20,2,4,21,1.0,227,22,30.36898475,-97.68125582,IH,35.0,241.638,IH0035,Y,N,2,SUN,8.0,20.0,3.0,6.0,11.0,138459.0,2018.0,12.2,,,,0,1,0,2,0,1,0,2019
16848567,N,01/13/2019,02:42 PM,60,11,1,1,20,2,4,20,1.0,227,22,30.23763363,-97.7388941,IH,35.0,231.766,IH0035,Y,N,2,SUN,4.0,20.0,3.0,6.0,11.0,150700.0,2018.0,10.7,,,,0,1,0,3,0,1,0,2019
16848587,N,01/14/2019,07:41 AM,45,11,1,1,20,2,4,20,1.0,227,22,30.38289046,-97.74173126,US,183.0,314.507,US0183,Y,N,2,MON,20.0,20.0,36.0,6.0,12.0,146786.0,2018.0,1.9,,,,0,1,0,1,0,1,0,2019
16848640,N,01/14/2019,06:39 PM,65,11,4,1,1,2,4,20,1.0,227,22,30.24539923,-97.73495121,IH,35.0,232.354,IH0035,Y,N,2,MON,4.0,16.0,40.0,6.0,11.0,150700.0,2018.0,10.7,,,,0,1,0,2,0,1,0,2019
16851821,N,01/12/2019,04:57 AM,60,12,3,2,1,7,4,1,2.0,227,9999,30.39681366,-97.85892987,RM,620.0,12.259,RM0620,Y,Y,2,SAT,8.0,8.0,0.0,4.0,14.0,46442.0,2018.0,3.2,,,,0,1,0,2,0,1,0,2019
16852371,N,01/09/2019,07:06 PM,65,11,4,1,20,2,3,22,1.0,227,9999,30.12341282,-97.69549846,US,183.0,335.492,US0183,Y,Y,2,WED,8.0,8.0,0.0,4.0,14.0,17419.0,2018.0,9.9,,,,0,6,0,8,0,6,0,2019
16852586,Y,01/15/2019,06:20 AM,70,12,4,1,1,1,4,1,1.0,227,22,30.37391834,-97.67812202,IH,35.0,242.026,IH0035,Y,N,4,TUE,8.0,20.0,3.0,6.0,11.0,138459.0,2018.0,12.2,,,,0,0,0,1,0,0,1,2019
16852804,N,01/16/2019,07:18 AM,60,12,2,1,6,2,1,14,1.0,227,9999,30.14562988,-97.67339325,FM,812.0,2.096,FM0812,Y,Y,2,WED,10.0,10.0,0.0,2.0,16.0,17216.0,2018.0,6.7,1.0,236.0,7.0,0,1,0,1,0,1,0,2019
16854644,N,01/08/2019,07:18 PM,50,12,3,1,11,2,4,22,1.0,227,22,30.40327327,-97.85330311,RM,2222.0,0.052000000000000005,RM2222,Y,N,1,TUE,0.0,0.0,0.0,4.0,14.0,42777.0,2018.0,3.2,,,,1,0,0,2,0,1,0,2019
16854665,N,01/15/2019,05:41 PM,-1,11,2,1,1,2,3,13,1.0,227,22,30.40805503,-97.67530605,FM,734.0,11.784,FM0734,Y,N,2,TUE,10.0,10.0,16.0,6.0,14.0,63989.0,2018.0,3.7,,,,0,1,0,2,0,1,0,2019
16854667,N,01/15/2019,10:22 PM,-1,11,4,1,5,2,1,34,1.0,227,22,30.28651097,-97.67044966,FM,969.0,2.027,FM0969,Y,N,2,TUE,0.0,0.0,0.0,4.0,14.0,17992.0,2018.0,6.6,,,,0,1,0,3,0,1,0,2019
16854669,N,01/15/2019,11:52 PM,-1,12,4,1,5,2,1,34,1.0,227,22,30.21621463,-97.7440227,SH,71.0,123.943,SH0071,Y,N,2,TUE,20.0,20.0,32.0,6.0,12.0,122565.0,2018.0,3.2,,,,0,3,0,0,0,3,0,2019
16854751,N,01/15/2019,11:53 AM,45,12,1,1,21,2,1,10,1.0,227,22,30.34774163,-97.71247936,SL,275.0,5.977,SL0275,Y,N,1,TUE,2.0,20.0,12.0,4.0,14.0,37706.0,2018.0,1.2,,,,1,0,1,0,0,2,0,2019
16854915,N,01/17/2019,06:54 AM,65,11,4,1,11,2,4,20,1.0,227,22,30.364373399999998,-97.74337929,SL,1.0,8.776,SL0001,Y,N,2,THU,12.0,20.0,36.0,6.0,12.0,149361.0,2018.0,1.2,1.0,207.0,1.0,0,1,0,3,0,1,0,2019