Crash_ID,Cmv_Involv_Fl,Crash_Date,Crash_Time,Crash_Speed_Limit,Wthr_Cond_ID,Light_Cond_ID,Surf_Cond_ID,Traffic_Cntl_ID,Harm_Evnt_ID,Intrsct_Relat_ID,FHE_Collsn_ID,Road_Relat_ID,Cnty_ID,City_ID,Latitude,Longitude,Hwy_Sys,Hwy_Nbr,Dfo,Street_Name,Onsys_Fl,Rural_Fl,Crash_Sev_ID,Day_of_Week,Shldr_Width_Left,Shldr_Width_Right,Median_Width,Nbr_Of_Lane,Func_Sys_ID,Adt_Curnt_Amt,Adt_Curnt_Year,Trk_Aadt_Pct,Curve_Type_ID,Curve_Lngth,Cd_Degr,Sus_Serious_Injry_Cnt,Nonincap_Injry_Cnt,Poss_Injry_Cnt,Non_Injry_Cnt,Unkn_Injry_Cnt,Tot_Injry_Cnt,Death_Cnt,Year
16854917,N,01/17/2019,08:26 AM,35,11,1,1,17,2,1,10,1.0,227,22,30.26122284,-97.73644257,IH,35.0,233.459,IH0035,Y,N,1,THU,8.0,20.0,3.0,8.0,11.0,158343.0,2018.0,10.4,,,,1,0,0,1,0,1,0,2019
16854954,N,01/17/2019,08:38 AM,70,11,1,1,20,2,4,20,1.0,227,22,30.32863356,-97.65470658,US,290.0,128.292,US0290,Y,N,2,THU,20.0,20.0,3.0,6.0,12.0,34434.0,2018.0,8.4,,,,0,1,0,1,0,1,0,2019
16854960,N,01/17/2019,08:32 AM,55,11,1,2,20,2,4,22,1.0,227,22,30.26603621,-97.78196367,SL,1.0,16.173,SL0001,Y,N,2,THU,8.0,12.0,36.0,8.0,12.0,139370.0,2018.0,1.2,1.0,442.0,0.0,0,1,0,2,0,1,0,2019
16854962,N,01/17/2019,12:28 PM,45,11,1,1,20,2,3,20,1.0,227,22,30.17784829,-97.77899982,IH,35.0,226.999,IH0035,Y,N,2,THU,6.0,20.0,30.0,6.0,11.0,156852.0,2018.0,11.1,,,,0,1,0,1,0,1,0,2019
16855018,N,01/18/2019,10:43 AM,-1,12,1,1,17,2,1,10,1.0,227,22,30.31598706,-97.66311275,US,183.0,321.421,US0183,Y,N,2,FRI,16.0,16.0,70.0,4.0,12.0,57843.0,2018.0,3.2,,,,0,2,0,0,0,2,0,2019
16855121,N,01/16/2019,05:55 PM,45,2,3,2,5,2,1,34,1.0,227,9999,30.29571464,-97.82814793,SL,360.0,8.99,SL0360,Y,Y,2,WED,8.0,20.0,40.0,4.0,14.0,50299.0,2018.0,2.7,,,,0,1,0,2,0,1,0,2019
16856254,N,01/19/2019,08:47 PM,70,11,4,1,8,2,1,10,1.0,227,9999,30.18272322,-97.54116379,SH,71.0,137.088,SH0071,Y,Y,2,SAT,6.0,10.0,40.0,4.0,2.0,40580.0,2018.0,9.6,1.0,384.0,1.0,0,2,2,2,1,4,0,2019
16856490,N,01/16/2019,12:46 PM,55,12,1,2,1,2,4,21,1.0,227,9999,30.38538081,-97.94273059,RM,620.0,6.363,RM0620,Y,Y,2,WED,8.0,8.0,0.0,4.0,14.0,37016.0,2018.0,3.4,1.0,79.0,2.0,0,1,0,3,0,1,0,2019
16857040,N,01/16/2019,09:57 PM,70,12,4,1,1,2,4,21,1.0,227,9999,30.45398064,-97.69694528,SL,1.0,1.6,SL0001,Y,Y,1,WED,20.0,20.0,36.0,8.0,12.0,64650.0,2018.0,2.0,1.0,934.0,0.0,1,0,1,0,0,2,0,2019
16857058,N,01/16/2019,12:30 PM,40,2,1,2,1,2,4,22,1.0,227,451,30.28105915,-97.80821825,RM,2244.0,9.163,RM2244,Y,Y,2,WED,0.0,0.0,0.0,4.0,14.0,27537.0,2018.0,3.8,1.0,97.0,3.0,0,1,0,5,0,1,0,2019
16858678,N,01/15/2019,01:47 PM,65,12,1,1,20,7,4,1,2.0,227,1016,30.34949379,-97.52966811,US,290.0,135.96,US0290,Y,N,2,TUE,12.0,20.0,68.0,4.0,14.0,44701.0,2018.0,6.9,,,,0,1,0,0,0,1,0,2019
16860122,N,01/21/2019,05:09 PM,-1,11,1,1,1,2,3,14,1.0,227,9999,30.29889722,-97.83744109999999,RM,2244.0,6.935,RM2244,Y,Y,2,MON,10.0,10.0,0.0,4.0,14.0,49430.0,2018.0,3.1,,,,0,1,0,1,0,1,0,2019
16861062,N,01/18/2019,01:59 PM,50,12,1,1,5,2,1,24,1.0,227,22,30.21621475,-97.74402455,SH,71.0,123.943,SH0071,Y,N,2,FRI,20.0,20.0,32.0,6.0,12.0,122565.0,2018.0,3.2,,,,0,1,0,1,0,1,0,2019
16861092,N,01/18/2019,07:01 PM,45,11,3,1,8,2,2,22,1.0,227,22,30.1428093,-97.80156128,FM,1626.0,0.354,FM1626,Y,N,2,FRI,1.0,1.0,0.0,2.0,16.0,14556.0,2018.0,4.7,1.0,80.0,3.0,0,1,0,3,0,1,0,2019
16861106,N,01/18/2019,08:08 PM,45,11,4,1,20,2,1,28,1.0,227,22,30.24786177,-97.73530953,IH,35.0,232.525,IH0035,Y,N,2,FRI,4.0,10.0,3.0,6.0,11.0,142856.0,2018.0,11.0,1.0,238.0,3.0,0,1,0,1,0,1,0,2019
16861141,N,01/19/2019,09:55 AM,-1,11,1,1,5,2,1,10,1.0,227,22,30.44389256,-97.74235428,FM,734.0,7.002999999999999,FM0734,Y,N,1,SAT,8.0,20.0,36.0,6.0,14.0,55456.0,2018.0,3.8,,,,1,0,0,1,0,1,0,2019
16861147,N,01/19/2019,12:59 PM,-1,11,1,1,5,2,1,10,1.0,227,22,30.20321274,-97.63948059,SH,71.0,130.719,SH0071,Y,N,2,SAT,0.0,0.0,180.0,6.0,14.0,53382.0,2018.0,8.3,,,,0,5,0,0,0,5,0,2019
16861150,N,01/19/2019,01:46 PM,70,11,1,1,20,2,4,22,1.0,227,22,30.14300136,-97.79500167,IH,35.0,224.401,IH0035,Y,N,2,SAT,6.0,20.0,30.0,6.0,11.0,128785.0,2018.0,12.2,,,,0,1,0,5,0,1,0,2019
16861189,N,01/20/2019,12:47 AM,65,11,4,1,1,7,4,1,2.0,227,22,30.34956905,-97.74948776,SL,1.0,9.864,SL0001,Y,N,2,SUN,12.0,20.0,36.0,6.0,12.0,148872.0,2018.0,1.2,,,,0,1,0,0,0,1,0,2019
16861201,N,01/20/2019,03:15 PM,55,11,1,1,1,2,4,21,1.0,227,22,30.2736015,-97.77182958,SL,1.0,15.364,SL0001,Y,N,2,SUN,12.0,20.0,60.0,6.0,12.0,145144.0,2018.0,1.2,,,,0,1,0,1,0,1,0,2019
16861243,N,01/21/2019,03:45 PM,-1,11,1,1,20,2,2,22,1.0,227,22,30.2613908,-97.73636981,IH,35.0,233.471,IH0035,Y,N,2,MON,8.0,20.0,3.0,8.0,11.0,158343.0,2018.0,10.4,1.0,248.0,2.0,0,2,0,0,1,2,0,2019
16861251,N,01/21/2019,07:26 PM,50,11,3,1,5,2,1,34,1.0,227,22,30.28563711,-97.66535892,US,183.0,323.551,US0183,Y,N,2,MON,16.0,20.0,36.0,4.0,14.0,67460.0,2018.0,6.6,,,,0,1,0,1,0,1,0,2019
16861283,N,01/21/2019,08:07 PM,70,11,4,1,20,2,4,20,1.0,227,22,30.19729124,-97.76503276,IH,35.0,228.576,IH0035,Y,N,2,MON,24.0,24.0,42.0,6.0,11.0,170988.0,2018.0,10.7,,,,0,2,0,1,0,2,0,2019
16861303,N,01/22/2019,07:23 PM,-1,2,3,2,20,2,4,20,1.0,227,22,30.22316317,-97.74741577,IH,35.0,230.648,IH0035,Y,N,2,TUE,4.0,20.0,3.0,6.0,11.0,157370.0,2018.0,10.5,,,,0,1,0,2,0,1,0,2019
16862187,N,01/23/2019,05:15 PM,-1,11,1,1,20,2,4,22,1.0,227,9999,30.24435257,-97.61993952,FM,973.0,26.08,FM0973,Y,Y,2,WED,5.0,5.0,0.0,2.0,16.0,22301.0,2018.0,5.5,,,,0,1,0,1,0,1,0,2019
16862277,N,01/12/2019,09:03 PM,65,11,3,1,12,2,4,30,1.0,227,9999,30.46171781,-97.46783282,FM,973.0,7.019,FM0973,Y,Y,4,SAT,10.0,10.0,0.0,2.0,6.0,6794.0,2018.0,8.3,,,,0,1,0,0,0,1,1,2019
16863196,N,01/23/2019,07:51 AM,55,11,1,1,20,2,4,20,1.0,227,22,30.221583600000002,-97.67501287,SH,71.0,128.249,SH0071,Y,N,1,WED,8.0,8.0,40.0,8.0,14.0,95090.0,2018.0,3.5,1.0,188.0,2.0,1,0,1,1,0,2,0,2019
16863212,N,01/23/2019,04:51 PM,55,11,1,1,11,7,4,1,2.0,227,22,30.35954451,-97.6872194,IH,35.0,240.898,IH0035,Y,N,1,WED,8.0,20.0,3.0,6.0,11.0,138459.0,2018.0,12.2,,,,1,0,0,0,0,1,0,2019
16863253,N,01/23/2019,09:49 PM,-1,11,3,1,20,2,2,10,1.0,227,22,30.22864582,-97.74420424,IH,35.0,231.071,IH0035,Y,N,2,WED,4.0,20.0,3.0,6.0,11.0,157370.0,2018.0,10.5,,,,0,1,0,1,0,1,0,2019
16863262,N,01/24/2019,08:58 AM,-1,11,1,1,20,2,4,20,1.0,227,22,30.20318603,-97.6394324,SH,71.0,130.722,SH0071,Y,N,2,THU,0.0,0.0,180.0,6.0,14.0,53382.0,2018.0,8.3,,,,0,1,0,1,0,1,0,2019
16863328,N,01/21/2019,10:02 AM,60,12,1,1,20,2,4,30,1.0,227,9999,30.31628306,-97.87317774,RM,2244.0,4.147,RM2244,Y,Y,1,MON,5.0,10.0,0.0,4.0,14.0,19573.0,2018.0,4.4,1.0,107.0,4.0,1,2,0,0,0,3,0,2019
16864234,N,01/17/2019,02:42 PM,60,11,1,1,9,2,2,22,1.0,227,9999,30.16418266,-97.69286346,US,183.0,332.659,US0183,Y,Y,2,THU,12.0,8.0,36.0,4.0,14.0,23967.0,2018.0,8.1,,,,0,1,0,1,0,1,0,2019
16864725,N,01/24/2019,12:10 AM,-1,11,4,1,11,2,4,20,1.0,227,22,30.35936229,-97.68733449,IH,35.0,240.884,IH0035,Y,N,2,THU,8.0,20.0,3.0,6.0,11.0,138459.0,2018.0,12.2,,,,0,1,0,1,0,1,0,2019
16866360,N,01/17/2019,07:28 AM,60,12,2,2,11,2,3,14,1.0,227,9999,30.16107151,-97.68640546,FM,812.0,0.444,FM0812,Y,Y,1,THU,0.0,0.0,0.0,4.0,16.0,14493.0,2018.0,6.9,,,,1,0,0,1,0,1,0,2019
16867045,N,01/25/2019,06:36 PM,60,11,1,1,8,2,1,34,1.0,227,9999,30.32030962,-98.00708614,SH,71.0,104.751,SH0071,Y,Y,2,FRI,5.0,5.0,0.0,4.0,14.0,37755.0,2018.0,3.3,,,,0,1,0,1,0,1,0,2019
16867497,N,01/27/2019,12:21 AM,70,2,4,2,20,7,4,1,4.0,227,9999,30.45197504,-97.66631397,IH,35.0,247.542,IH0035,Y,Y,2,SUN,18.0,18.0,12.0,6.0,11.0,129244.0,2018.0,12.7,,,,0,1,0,0,0,1,0,2019
16870027,N,01/25/2019,08:43 PM,45,11,4,1,5,2,2,22,1.0,227,22,30.17364773,-97.82384283,FM,2304.0,2.063,FM2304,Y,N,2,FRI,13.0,14.0,0.0,2.0,16.0,31291.0,2018.0,3.6,1.0,119.0,2.0,0,1,1,3,0,2,0,2019
16870032,N,01/26/2019,02:11 PM,70,11,1,1,20,2,4,20,1.0,227,22,30.19590054,-97.76615355,IH,35.0,228.459,IH0035,Y,N,1,SAT,24.0,24.0,42.0,6.0,11.0,170988.0,2018.0,10.7,,,,1,0,0,2,0,1,0,2019
16870035,N,01/26/2019,10:56 PM,-1,2,3,2,1,7,4,1,2.0,227,22,30.23526142,-97.85637204,US,290.0,110.515,US0290,Y,N,2,SAT,20.0,20.0,42.0,5.0,12.0,60621.0,2018.0,2.7,1.0,174.0,2.0,0,1,1,1,0,2,0,2019
16870048,N,01/28/2019,08:47 AM,60,11,1,1,20,2,4,20,1.0,227,22,30.20278685,-97.63867821,SH,71.0,130.775,SH0071,Y,N,2,MON,0.0,0.0,180.0,6.0,14.0,53382.0,2018.0,8.3,,,,0,1,1,0,0,2,0,2019
16870093,N,01/26/2019,12:18 AM,55,11,4,1,11,7,4,1,4.0,227,22,30.22273411,-97.6783149,SH,71.0,128.036,SH0071,Y,N,2,SAT,8.0,8.0,40.0,8.0,12.0,95090.0,2018.0,3.5,,,,0,2,0,0,0,2,0,2019
16871006,N,01/29/2019,08:00 AM,-1,11,1,1,17,2,1,10,1.0,227,1088,30.07882085,-97.69126925,SH,130.0,46.745,SH0130,Y,Y,2,TUE,12.0,20.0,160.0,4.0,12.0,26348.0,2018.0,22.1,1.0,809.0,1.0,0,1,0,2,0,1,0,2019
16871140,N,01/12/2019,10:52 PM,45,11,4,1,11,2,3,10,1.0,227,22,30.33003028,-97.68076273,US,183.0,319.97,US0183,Y,N,2,SAT,12.0,20.0,70.0,4.0,12.0,65226.0,2018.0,6.6,1.0,308.0,0.0,0,2,0,0,0,2,0,2019
16871151,N,01/20/2019,07:58 PM,-1,11,4,1,20,2,4,20,1.0,227,22,30.27895414,-97.72971574,IH,35.0,234.74400000000003,IH0035,Y,N,2,SUN,20.0,40.0,3.0,8.0,11.0,202376.0,2018.0,9.3,,,,0,1,0,0,1,1,0,2019
16871200,N,01/25/2019,07:02 AM,-1,11,4,1,1,2,2,20,1.0,227,22,30.21644366,-97.75138807,US,290.0,117.192,US0290,Y,N,2,FRI,20.0,20.0,20.0,6.0,12.0,140123.0,2018.0,2.6,,,,0,1,1,1,0,2,0,2019
16871203,N,01/25/2019,10:44 AM,-1,11,1,1,20,2,4,20,1.0,227,22,30.24685423,-97.73509139,IH,35.0,232.455,IH0035,Y,N,2,FRI,4.0,10.0,3.0,6.0,11.0,150700.0,2018.0,10.7,,,,0,1,0,1,0,1,0,2019
16871250,N,01/25/2019,09:18 PM,55,11,4,1,1,2,1,34,1.0,227,22,30.28564453,-97.6653595,US,183.0,323.551,US0183,Y,N,2,FRI,16.0,20.0,36.0,4.0,14.0,67460.0,2018.0,6.6,,,,0,1,2,0,0,3,0,2019
16871254,N,01/25/2019,04:06 PM,35,11,1,1,5,1,4,1,1.0,227,22,30.26303981,-97.74318029,SL,343.0,4.623,SL0343,Y,N,1,FRI,10.0,10.0,0.0,4.0,14.0,24852.0,2018.0,2.0,,,,1,0,0,1,0,1,0,2019
16871255,N,01/26/2019,02:09 AM,70,11,4,1,1,7,4,1,1.0,227,22,30.37057125,-97.68024808,IH,35.0,241.763,IH0035,Y,N,1,SAT,8.0,20.0,3.0,6.0,11.0,138459.0,2018.0,12.2,,,,1,0,1,3,0,2,0,2019
16871276,N,01/26/2019,06:16 PM,-1,11,4,1,5,2,1,34,1.0,227,22,30.37690526,-97.67617257,IH,35.0,242.262,IH0035,Y,N,2,SAT,8.0,20.0,3.0,6.0,11.0,159315.0,2018.0,11.5,,,,0,1,0,3,0,1,0,2019
16871317,Y,01/26/2019,06:57 PM,45,2,4,3,20,2,2,21,1.0,227,22,30.23980605,-97.68819282,US,183.0,327.324,US0183,Y,N,2,SAT,6.0,10.0,36.0,4.0,14.0,97049.0,2018.0,5.6,1.0,408.0,4.0,0,1,0,6,1,1,0,2019
16871328,N,01/27/2019,01:45 PM,30,11,1,1,15,5,2,3,1.0,227,22,30.26213943,-97.75806447,SL,343.0,3.475,SL0343,Y,N,2,SUN,0.0,0.0,22.0,6.0,14.0,46479.0,2018.0,1.4,,,,0,1,0,1,0,1,0,2019
16871378,N,01/27/2019,03:56 AM,45,11,4,2,1,2,1,14,1.0,227,22,30.28919539,-97.72326549,IH,35.0,235.547,IH0035,Y,N,2,SUN,8.0,20.0,24.0,8.0,11.0,202376.0,2018.0,9.3,,,,0,1,0,3,1,1,0,2019
16871385,N,01/28/2019,12:30 AM,-1,11,4,1,5,2,2,22,1.0,227,22,30.36486603,-97.69599307,SL,275.0,4.414,SL0275,Y,N,2,MON,0.0,0.0,0.0,4.0,14.0,37689.0,2018.0,1.2,,,,0,1,0,1,0,1,0,2019
16871421,Y,01/28/2019,09:26 AM,40,11,1,1,15,1,2,3,1.0,227,22,30.25426177,-97.76259992,SL,343.0,2.858,SL0343,Y,N,1,MON,0.0,0.0,0.0,4.0,14.0,46479.0,2018.0,1.4,,,,1,0,0,1,0,1,0,2019
16871424,N,01/28/2019,04:27 PM,55,11,1,1,5,2,1,10,1.0,227,22,30.34050179,-97.5911026,US,290.0,132.21,US0290,Y,N,2,MON,20.0,20.0,3.0,5.0,12.0,34434.0,2018.0,8.4,,,,0,2,1,0,0,3,0,2019
16872927,N,01/19/2019,03:27 PM,50,11,1,1,20,2,4,30,1.0,227,9999,30.12265898,-97.71412535,FM,1625.0,2.136,FM1625,Y,Y,1,SAT,4.0,4.0,0.0,2.0,17.0,6715.0,2018.0,8.3,,,,1,0,0,1,0,1,0,2019
16873292,N,01/28/2019,05:37 PM,45,12,1,1,5,1,1,3,1.0,227,22,30.4017993,-97.67913670000002,SL,275.0,1.6669999999999998,SL0275,Y,N,2,MON,9.0,9.0,0.0,4.0,14.0,27539.0,2018.0,1.4,1.0,157.0,0.0,0,1,0,2,0,1,0,2019
16873307,N,01/29/2019,06:30 PM,-1,11,4,1,20,2,4,20,1.0,227,22,30.34185692,-97.70292044,US,183.0,318.405,US0183,Y,N,2,TUE,20.0,20.0,24.0,6.0,12.0,116357.0,2018.0,3.9,,,,0,1,0,1,0,1,0,2019
16873422,N,01/29/2019,06:36 AM,40,12,4,1,5,2,1,34,1.0,227,22,30.37118323,-97.69240307,SL,275.0,3.93,SL0275,Y,N,2,TUE,0.0,2.0,0.0,4.0,14.0,37689.0,2018.0,1.2,,,,0,2,0,1,0,2,0,2019
16873431,N,01/29/2019,08:18 PM,-1,11,5,1,20,2,4,22,1.0,227,22,30.293261199999996,-97.72066049,IH,35.0,235.866,IH0035,Y,N,2,TUE,8.0,20.0,24.0,8.0,11.0,202376.0,2018.0,9.3,,,,0,1,0,1,0,1,0,2019
16873496,N,01/29/2019,05:20 PM,65,11,1,1,20,2,4,22,1.0,227,22,30.23557298,-97.82463496,US,290.0,112.426,US0290,Y,N,2,TUE,20.0,20.0,42.0,5.0,12.0,77933.0,2018.0,3.6,1.0,361.0,1.0,0,1,0,1,0,1,0,2019
16873497,Y,01/29/2019,05:03 PM,-1,11,1,1,5,2,1,10,1.0,227,22,30.23557091,-97.82463074,US,290.0,112.426,US0290,Y,N,2,TUE,20.0,20.0,42.0,5.0,12.0,77933.0,2018.0,3.6,1.0,361.0,1.0,0,2,1,0,0,3,0,2019
16874663,N,01/29/2019,02:24 PM,65,11,1,1,1,2,4,20,1.0,227,22,30.28605967,-97.72530324,IH,35.0,235.299,IH0035,Y,N,2,TUE,20.0,40.0,3.0,8.0,11.0,202376.0,2018.0,9.3,,,,0,1,0,1,0,1,0,2019
16876263,N,01/01/2019,02:04 AM,55,11,4,1,20,2,3,13,1.0,227,22,30.13892213,-97.79652736,IH,35.0,224.106,IH0035,Y,N,1,TUE,6.0,20.0,30.0,6.0,11.0,128785.0,2018.0,12.2,,,,1,0,1,0,1,2,0,2019
16876361,N,01/30/2019,02:29 PM,-1,12,1,1,1,2,4,20,1.0,227,22,30.27911546,-97.72963486,IH,35.0,234.756,IH0035,Y,N,2,WED,20.0,40.0,3.0,8.0,11.0,202376.0,2018.0,9.3,,,,0,1,0,1,0,1,0,2019
16876368,N,01/30/2019,11:03 PM,-1,11,3,1,1,2,4,20,1.0,227,22,30.34873899,-97.69406717,IH,35.0,240.05,IH0035,Y,N,2,WED,20.0,20.0,3.0,6.0,11.0,145168.0,2018.0,11.9,,,,0,1,0,1,0,1,0,2019
16876381,N,01/31/2019,10:22 PM,-1,2,3,2,9,7,4,1,2.0,227,22,30.42367396,-97.67231884,SL,275.0,0.08800000000000001,SL0275,Y,N,2,THU,0.0,1.0,0.0,4.0,17.0,4708.0,2018.0,1.4,,,,0,1,0,0,0,1,0,2019
16876416,N,01/26/2019,01:02 AM,60,11,4,1,20,1,4,1,1.0,227,22,30.32998363,-97.70542171,IH,35.0,238.591,IH0035,Y,N,4,SAT,20.0,20.0,3.0,6.0,11.0,199837.0,2018.0,9.4,,,,0,0,0,1,0,0,1,2019
16876428,N,01/30/2019,04:53 PM,45,12,1,1,21,2,3,13,1.0,227,22,30.390506199999997,-97.72202703,FM,1325.0,6.93,FM1325,Y,N,2,WED,0.0,0.0,0.0,4.0,14.0,43120.0,2018.0,1.5,,,,0,1,0,1,0,1,0,2019
16876435,N,01/31/2019,07:59 AM,65,12,1,8,20,7,4,1,4.0,227,22,30.35182647,-97.74899106,SL,1.0,9.706,SL0001,Y,N,2,THU,12.0,20.0,36.0,6.0,12.0,148872.0,2018.0,1.2,1.0,144.0,3.0,0,1,1,0,0,2,0,2019
16876480,N,01/31/2019,10:00 AM,65,12,1,1,20,2,4,20,1.0,227,22,30.24336515,-97.80995943,SL,1.0,18.556,SL0001,Y,N,2,THU,12.0,20.0,500.0,6.0,12.0,83195.0,2018.0,1.6,1.0,308.0,3.0,0,1,1,3,0,2,0,2019
16876497,N,01/31/2019,08:30 PM,45,2,4,2,20,1,2,3,1.0,227,22,30.39111382,-97.72182082,FM,1325.0,6.886,FM1325,Y,N,2,THU,0.0,0.0,0.0,4.0,14.0,43120.0,2018.0,1.5,,,,0,1,0,1,0,1,0,2019
16876500,N,02/01/2019,12:52 AM,35,2,4,2,5,2,4,30,1.0,227,22,30.26571799,-97.73466262,IH,35.0,233.786,IH0035,Y,N,4,FRI,20.0,40.0,3.0,8.0,11.0,158343.0,2018.0,10.4,,,,0,0,0,2,0,0,1,2019
16878071,N,02/02/2019,02:38 PM,-1,2,1,2,1,2,1,10,1.0,227,9999,30.31003827,-97.84543778,RM,2244.0,5.997999999999998,RM2244,Y,Y,2,SAT,10.0,10.0,0.0,4.0,14.0,47314.0,2018.0,3.1,1.0,297.0,5.0,0,2,0,1,0,2,0,2019
16879643,N,02/01/2019,06:25 AM,70,5,3,2,20,2,4,20,1.0,227,22,30.218686100000003,-97.69049753,SH,71.0,127.238,SH0071,Y,N,2,FRI,4.0,5.0,44.0,6.0,12.0,70740.0,2018.0,4.0,,,,0,1,0,3,0,1,0,2019
16880483,N,01/25/2019,08:05 AM,45,11,1,1,8,2,1,13,1.0,227,22,30.2194842,-97.74952964,IH,35.0,230.365,IH0035,Y,N,2,FRI,4.0,20.0,3.0,6.0,11.0,157370.0,2018.0,10.5,,,,0,1,1,0,0,2,0,2019
16880484,N,01/26/2019,03:07 PM,-1,11,1,1,20,2,4,20,1.0,227,22,30.14221821,-97.79528802,IH,35.0,224.345,IH0035,Y,N,2,SAT,6.0,20.0,30.0,6.0,11.0,128785.0,2018.0,12.2,,,,0,2,0,0,0,2,0,2019
16880499,N,02/01/2019,03:45 PM,-1,2,1,2,20,2,4,21,1.0,227,22,,,SL,1.0,,SL0001,Y,N,2,FRI,,,,,,,,,,,,0,2,0,2,0,2,0,2019
16880553,N,02/01/2019,06:04 PM,65,12,1,2,20,7,4,1,4.0,227,22,30.34719365,-97.71183839,US,183.0,317.75,US0183,Y,N,2,FRI,20.0,20.0,8.0,6.0,12.0,139965.0,2018.0,3.6,,,,0,2,0,1,0,2,0,2019
16880561,N,02/01/2019,09:15 PM,-1,11,4,1,5,2,1,10,1.0,227,22,30.22782369,-97.77933507,US,290.0,115.294,US0290,Y,N,2,FRI,20.0,20.0,22.0,8.0,12.0,148990.0,2018.0,2.4,1.0,331.0,1.0,0,1,1,0,0,2,0,2019
16880604,N,02/02/2019,03:05 PM,-1,11,1,1,5,2,1,34,1.0,227,22,30.27167173,-97.73245069,IH,35.0,234.216,IH0035,Y,N,2,SAT,20.0,40.0,3.0,8.0,11.0,177389.0,2018.0,9.9,,,,0,3,0,1,0,3,0,2019
16880610,N,02/02/2019,07:25 PM,65,2,4,2,11,2,4,22,1.0,227,22,30.33874136,-97.69931347,US,183.0,318.712,US0183,Y,N,2,SAT,20.0,20.0,24.0,6.0,12.0,61688.0,2018.0,6.9,1.0,163.0,2.0,0,1,0,1,0,1,0,2019
16880620,N,02/02/2019,05:18 AM,-1,5,4,2,1,7,4,1,2.0,227,22,30.23525412,-97.85683253,US,290.0,110.487,US0290,Y,N,2,SAT,20.0,20.0,42.0,5.0,12.0,60621.0,2018.0,2.7,1.0,174.0,2.0,0,1,0,0,0,1,0,2019
16880621,N,02/03/2019,01:40 AM,45,2,4,2,1,2,2,22,1.0,227,22,30.27356299,-97.69790834,SL,111.0,0.72,SL0111,Y,N,2,SUN,1.0,2.0,0.0,4.0,14.0,31328.0,2018.0,1.8,,,,0,1,0,3,0,1,0,2019
16881226,N,02/03/2019,02:19 AM,65,5,4,2,20,2,3,10,1.0,227,9999,30.17464183,-97.68990113,US,183.0,331.918,US0183,Y,Y,2,SUN,12.0,20.0,36.0,4.0,14.0,34458.0,2018.0,6.7,,,,0,1,2,1,0,3,0,2019
16882267,N,02/04/2019,05:37 PM,-1,11,1,1,1,2,4,22,1.0,227,22,30.27469459,-97.77103564,SL,1.0,15.276,SL0001,Y,N,2,MON,12.0,20.0,60.0,6.0,12.0,145144.0,2018.0,1.2,,,,0,1,0,4,0,1,0,2019
16882277,N,02/05/2019,06:35 AM,55,12,4,1,11,2,4,20,1.0,227,22,30.40433573,-97.6751014,IH,35.0,244.223,IH0035,Y,N,2,TUE,8.0,20.0,3.0,6.0,11.0,159315.0,2018.0,11.5,,,,0,1,1,0,0,2,0,2019
16882281,N,02/05/2019,11:02 AM,-1,12,1,1,5,2,1,34,1.0,227,22,30.42193227,-97.8450244,RM,620.0,14.197,RM0620,Y,N,2,TUE,8.0,8.0,0.0,4.0,14.0,50802.0,2018.0,3.1,,,,0,1,0,1,0,1,0,2019
16882284,N,01/28/2019,05:00 PM,70,12,1,1,20,2,4,20,1.0,227,9999,30.35898192,-97.5879303,SH,130.0,24.537,SH0130,Y,Y,2,MON,8.0,20.0,135.0,4.0,12.0,39424.0,2018.0,17.9,,,,0,2,0,1,0,2,0,2019
16884417,N,01/13/2019,04:37 AM,65,11,3,1,20,2,4,20,1.0,227,22,30.32796605,-97.70590635,IH,35.0,238.449,IH0035,Y,N,2,SUN,20.0,20.0,3.0,6.0,11.0,199837.0,2018.0,9.4,,,,0,2,0,0,0,2,0,2019
16884442,N,02/05/2019,02:02 PM,65,11,1,1,20,10,4,1,1.0,227,22,30.23282552,-97.79419597,US,290.0,114.327,US0290,Y,N,2,TUE,20.0,20.0,10.0,7.0,12.0,127013.0,2018.0,2.7,1.0,297.0,3.0,0,1,0,0,0,1,0,2019
16884616,Y,01/22/2019,06:44 AM,60,12,3,1,20,2,4,30,1.0,227,9999,30.23295871,-97.92061889,US,290.0,106.506,US0290,Y,Y,4,TUE,0.0,6.0,0.0,4.0,14.0,37680.0,2018.0,2.9,,,,0,0,1,2,0,1,1,2019
16885663,N,02/05/2019,12:49 AM,50,12,4,1,5,2,1,10,1.0,227,22,30.42039108,-97.70423126,FM,734.0,9.83,FM0734,Y,N,2,TUE,8.0,20.0,36.0,6.0,14.0,61367.0,2018.0,3.7,1.0,276.0,0.0,0,1,1,1,0,2,0,2019
16885686,N,02/05/2019,07:04 AM,45,12,2,2,20,2,4,20,1.0,227,9999,30.25972451,-97.61562652,FM,969.0,5.933,FM0969,Y,Y,2,TUE,0.0,0.0,0.0,4.0,14.0,22033.0,2018.0,6.4,,,,0,1,0,3,0,1,0,2019
16886641,N,01/24/2019,03:16 AM,55,11,6,1,20,2,4,21,1.0,227,22,30.23859385,-97.68741002,US,183.0,327.42,US0183,Y,N,2,THU,6.0,10.0,36.0,4.0,14.0,97049.0,2018.0,5.6,,,,0,2,0,0,0,2,0,2019
16886918,N,02/06/2019,07:50 AM,65,2,1,2,8,2,1,10,1.0,227,9999,30.37576913,-97.52914935,FM,973.0,14.351,FM0973,Y,Y,2,WED,10.0,10.0,0.0,2.0,16.0,15148.0,2018.0,5.5,,,,0,1,0,2,0,1,0,2019