Crash_ID,Cmv_Involv_Fl,Crash_Date,Crash_Time,Crash_Speed_Limit,Wthr_Cond_ID,Light_Cond_ID,Surf_Cond_ID,Traffic_Cntl_ID,Harm_Evnt_ID,Intrsct_Relat_ID,FHE_Collsn_ID,Road_Relat_ID,Cnty_ID,City_ID,Latitude,Longitude,Hwy_Sys,Hwy_Nbr,Dfo,Street_Name,Onsys_Fl,Rural_Fl,Crash_Sev_ID,Day_of_Week,Shldr_Width_Left,Shldr_Width_Right,Median_Width,Nbr_Of_Lane,Func_Sys_ID,Adt_Curnt_Amt,Adt_Curnt_Year,Trk_Aadt_Pct,Curve_Type_ID,Curve_Lngth,Cd_Degr,Sus_Serious_Injry_Cnt,Nonincap_Injry_Cnt,Poss_Injry_Cnt,Non_Injry_Cnt,Unkn_Injry_Cnt,Tot_Injry_Cnt,Death_Cnt,Year
16980231,N,04/01/2019,01:38 AM,40,11,4,1,20,2,3,34,1.0,227,22,30.37113617,-97.69243006,SL,275.0,3.934,SL0275,Y,N,1,MON,0.0,2.0,0.0,4.0,14.0,37689.0,2018.0,1.2,,,,2,0,0,0,0,2,0,2019
16983836,N,04/01/2019,11:10 AM,65,11,1,1,20,1,4,1,1.0,227,22,30.31247344,-97.75690065,SL,1.0,12.487,SL0001,Y,N,1,MON,12.0,20.0,100.0,6.0,12.0,157489.0,2018.0,1.1,,,,1,0,0,0,1,1,0,2019
16984362,N,03/26/2019,04:54 PM,70,11,1,1,7,2,1,10,1.0,227,9999,30.18272322,-97.54116379,SH,71.0,137.088,SH0071,Y,Y,1,TUE,6.0,10.0,40.0,4.0,2.0,40580.0,2018.0,9.6,1.0,384.0,1.0,1,0,0,1,0,1,0,2019
16984483,N,03/23/2019,03:54 PM,40,11,1,1,5,2,1,34,1.0,227,451,30.28018523,-97.80749225,RM,2244.0,9.237,RM2244,Y,Y,2,SAT,0.0,0.0,0.0,4.0,14.0,27537.0,2018.0,3.8,,,,0,1,1,0,0,2,0,2019
16985768,N,03/31/2019,02:15 PM,65,11,1,1,20,2,2,20,1.0,227,22,30.32145359,-97.75592897,SL,1.0,11.866,SL0001,Y,N,2,SUN,12.0,20.0,100.0,6.0,12.0,157489.0,2018.0,1.1,,,,0,1,0,6,0,1,0,2019
16985774,N,04/01/2019,10:56 AM,-1,11,1,1,1,2,3,23,1.0,227,22,30.42934242,-97.75960925,US,183.0,310.851,US0183,Y,N,2,MON,16.0,20.0,36.0,6.0,12.0,149347.0,2018.0,1.9,,,,0,1,0,1,0,1,0,2019
16985840,N,04/01/2019,06:21 PM,-1,11,1,1,1,2,4,22,1.0,227,22,30.28337545,-97.72703948,IH,35.0,235.087,IH0035,Y,N,2,MON,20.0,40.0,3.0,8.0,11.0,202376.0,2018.0,9.3,,,,0,1,0,0,1,1,0,2019
16985888,N,04/01/2019,06:19 PM,45,11,1,1,1,2,3,10,1.0,227,22,30.26214444,-97.69447181,SL,111.0,1.531,SL0111,Y,N,1,MON,1.0,2.0,0.0,4.0,14.0,31328.0,2018.0,1.8,,,,1,1,0,0,0,2,0,2019
16985905,N,04/02/2019,09:23 AM,35,11,1,1,5,2,1,34,1.0,227,22,30.33480273,-97.73981902,RM,2222.0,9.718,RM2222,Y,N,1,TUE,0.0,0.0,0.0,4.0,14.0,34181.0,2018.0,3.5,1.0,59.0,0.0,1,0,0,1,0,1,0,2019
16985907,N,04/02/2019,12:51 PM,60,11,1,1,20,2,4,20,1.0,227,22,30.38822211,-97.74441653,US,183.0,314.107,US0183,Y,N,2,TUE,20.0,20.0,36.0,6.0,12.0,146786.0,2018.0,1.9,,,,0,2,0,0,0,2,0,2019
16985975,N,04/03/2019,06:34 AM,45,12,4,1,20,2,2,22,1.0,227,22,30.20087412,-97.86606184,SL,1.0,23.247,SL0001,Y,N,2,WED,12.0,20.0,325.0,4.0,12.0,45282.0,2018.0,1.7,,,,0,1,0,1,0,1,0,2019
16989966,N,04/04/2019,06:53 AM,60,12,3,2,20,2,3,34,1.0,227,9999,30.11514802,-97.69503823,US,183.0,336.061,US0183,Y,Y,2,THU,8.0,8.0,0.0,4.0,14.0,19049.0,2018.0,9.3,,,,0,1,0,1,0,1,0,2019
16990231,N,04/01/2019,11:10 PM,45,11,4,1,5,2,1,34,1.0,227,330,30.43660355,-97.61391449,FM,685.0,7.957999999999998,FM0685,Y,N,2,MON,1.0,1.0,0.0,4.0,16.0,29334.0,2018.0,4.3,,,,0,1,1,2,0,2,0,2019
16991770,N,03/09/2019,02:25 AM,50,2,4,2,6,2,1,10,1.0,227,22,30.29420905,-97.7200531,IH,35.0,235.941,IH0035,Y,N,2,SAT,8.0,20.0,24.0,8.0,11.0,202376.0,2018.0,9.3,,,,0,1,0,3,0,1,0,2019
16991924,N,03/24/2019,11:21 PM,70,11,3,1,20,2,4,20,1.0,227,22,30.16072503,-97.78928455,IH,35.0,225.667,IH0035,Y,N,2,SUN,6.0,20.0,30.0,6.0,11.0,128785.0,2018.0,12.2,,,,0,2,0,0,0,2,0,2019
16991979,N,04/03/2019,04:59 PM,45,12,1,1,8,2,1,14,1.0,227,22,30.34270135,-97.70369624,US,183.0,318.331,US0183,Y,N,2,WED,20.0,20.0,24.0,6.0,12.0,116357.0,2018.0,3.9,,,,0,2,2,0,0,4,0,2019
16991984,N,04/03/2019,06:12 PM,-1,2,1,2,20,2,1,13,1.0,227,22,30.39343352,-97.67157299,IH,35.0,243.438,IH0035,Y,N,2,WED,8.0,20.0,3.0,6.0,11.0,159315.0,2018.0,11.5,,,,0,1,0,2,0,1,0,2019
16992044,N,04/03/2019,08:57 PM,65,2,4,2,20,2,4,20,1.0,227,22,30.34159366,-97.69859062,IH,35.0,239.489,IH0035,Y,N,2,WED,20.0,20.0,3.0,6.0,11.0,145168.0,2018.0,11.9,,,,0,1,1,1,0,2,0,2019
16992328,N,04/04/2019,06:02 PM,70,11,1,1,20,2,4,20,1.0,227,9999,30.17768979,-97.53169907,SH,71.0,137.751,SH0071,Y,Y,2,THU,6.0,10.0,40.0,4.0,2.0,40580.0,2018.0,9.6,,,,0,1,0,5,0,1,0,2019
16992332,N,03/29/2019,03:14 PM,50,11,1,1,11,2,4,22,1.0,227,895,30.50641919,-97.91295657,RM,1431.0,51.844,RM1431,Y,Y,2,FRI,3.0,3.0,0.0,4.0,6.0,21401.0,2018.0,3.8,,,,0,1,0,0,3,1,0,2019
16992671,N,04/01/2019,05:43 AM,60,11,3,1,5,2,1,34,1.0,227,9999,30.28803825,-97.57583618,SH,130.0,29.981,SH0130,Y,Y,2,MON,12.0,20.0,135.0,4.0,12.0,39424.0,2018.0,17.9,,,,0,2,0,0,0,2,0,2019
16993051,N,04/05/2019,12:22 AM,70,11,4,1,20,4,4,1,3.0,227,372,30.47685408,-97.67285118,IH,35.0,249.304,IH0035,Y,N,1,FRI,16.0,20.0,3.0,6.0,11.0,162734.0,2018.0,11.4,,,,2,0,1,0,0,3,0,2019
16993516,N,04/04/2019,04:21 PM,-1,11,1,1,20,2,4,22,1.0,227,22,30.30179004,-97.71532169,IH,35.0,236.534,IH0035,Y,N,2,THU,8.0,20.0,24.0,8.0,11.0,196302.0,2018.0,9.5,,,,0,2,0,0,1,2,0,2019
16993533,N,04/05/2019,02:08 AM,70,12,3,2,1,7,4,1,4.0,227,22,30.173591700000003,-97.78178625,IH,35.0,226.662,IH0035,Y,N,2,FRI,6.0,20.0,30.0,6.0,11.0,156852.0,2018.0,11.1,,,,0,1,0,0,0,1,0,2019
16993906,N,04/05/2019,12:59 PM,60,11,1,1,1,2,4,21,1.0,227,22,30.39909878,-97.74598747,US,183.0,313.335,US0183,Y,N,2,FRI,20.0,20.0,36.0,6.0,12.0,137676.0,2018.0,2.0,,,,0,3,0,0,0,3,0,2019
16994429,N,04/05/2019,04:19 PM,70,11,1,1,20,2,4,22,1.0,227,22,30.10874443,-97.80875884,IH,35.0,221.905,IH0035,Y,N,2,FRI,6.0,20.0,20.0,6.0,11.0,131087.0,2018.0,12.1,1.0,84.0,0.0,0,1,0,3,0,1,0,2019
16996782,N,04/07/2019,02:55 PM,80,12,1,1,20,7,4,1,4.0,227,9999,30.23135357,-97.61858166,SH,130.0,34.685,SH0130,Y,Y,1,SUN,12.0,20.0,450.0,4.0,12.0,43413.0,2018.0,17.5,1.0,120.0,1.0,1,0,1,0,0,2,0,2019
16997307,N,04/02/2019,05:13 PM,60,11,1,1,1,2,4,20,1.0,227,1016,30.34914359,-97.54659582,US,290.0,134.951,US0290,Y,N,2,TUE,12.0,20.0,46.0,4.0,14.0,51848.0,2018.0,6.4,,,,0,1,1,2,0,2,0,2019
16997854,N,03/26/2019,01:38 AM,60,11,3,1,20,7,4,1,2.0,227,9999,30.38798836,-97.89302679999999,RM,620.0,10.044,RM0620,Y,Y,4,TUE,8.0,8.0,0.0,4.0,14.0,32009.0,2018.0,3.5,,,,0,0,0,0,0,0,1,2019
16997948,N,04/08/2019,05:33 AM,45,11,3,1,11,2,1,14,1.0,227,9999,30.14542,-97.69989689,FM,1625.0,0.355,FM1625,Y,Y,2,MON,4.0,4.0,0.0,2.0,17.0,6336.0,2018.0,8.6,,,,0,1,0,2,0,1,0,2019
16998031,N,03/03/2019,05:59 PM,70,12,2,1,1,2,4,20,1.0,227,22,30.16512457,-97.78727321,IH,35.0,225.993,IH0035,Y,N,2,SUN,6.0,20.0,30.0,6.0,11.0,128785.0,2018.0,12.2,1.0,586.0,0.0,0,2,0,3,0,2,0,2019
16998034,N,04/05/2019,04:00 PM,-1,11,1,1,20,2,4,20,1.0,227,22,30.24672636,-97.69069388,US,183.0,326.817,US0183,Y,N,2,FRI,2.0,2.0,36.0,6.0,14.0,97049.0,2018.0,5.6,,,,0,2,0,1,0,2,0,2019
16998037,N,04/05/2019,09:21 PM,-1,11,4,1,5,2,1,10,1.0,227,22,30.28604327,-97.76385966,SL,1.0,14.383,SL0001,Y,N,2,FRI,12.0,20.0,60.0,6.0,12.0,145144.0,2018.0,1.2,,,,0,1,1,1,0,2,0,2019
16998039,N,04/05/2019,01:56 PM,-1,12,1,1,8,2,1,10,1.0,227,22,30.37847716,-97.68831671,SL,275.0,3.373,SL0275,Y,N,2,FRI,0.0,2.0,0.0,4.0,14.0,29928.0,2018.0,1.4,,,,0,1,1,0,0,2,0,2019
16998314,N,04/05/2019,07:33 PM,55,11,1,1,1,2,4,20,5.0,227,22,,,IH,35.0,,IH0035,Y,N,2,FRI,,,,,,,,,,,,0,1,0,3,0,1,0,2019
16998340,N,04/05/2019,11:59 PM,40,11,4,1,20,2,1,34,1.0,227,22,30.31598129,-97.66311109,US,183.0,321.421,US0183,Y,N,2,FRI,16.0,16.0,70.0,4.0,12.0,57843.0,2018.0,3.2,,,,0,1,2,0,0,3,0,2019
16998347,N,04/06/2019,07:05 AM,50,2,2,2,20,7,4,1,2.0,227,22,30.41220219,-97.70892613,SL,1.0,4.615,SL0001,Y,N,2,SAT,24.0,20.0,36.0,6.0,12.0,112974.0,2018.0,1.6,,,,0,1,0,0,0,1,0,2019
16998404,N,04/06/2019,03:36 PM,-1,2,1,3,20,7,4,1,2.0,227,22,30.250567699999998,-97.69206852,SL,111.0,2.342,SL0111,Y,N,2,SAT,0.0,0.0,12.0,4.0,14.0,31328.0,2018.0,1.8,,,,0,1,0,0,0,1,0,2019
16998410,N,04/06/2019,06:20 PM,35,12,1,2,5,2,2,22,1.0,227,22,30.20087412,-97.86606184,SL,1.0,23.247,SL0001,Y,N,2,SAT,12.0,20.0,325.0,4.0,12.0,45282.0,2018.0,1.7,,,,0,2,0,1,0,2,0,2019
16998411,N,04/06/2019,06:28 PM,-1,12,1,1,5,2,2,22,1.0,227,22,30.42876862,-97.84268374,RM,620.0,14.687,RM0620,Y,N,2,SAT,8.0,8.0,0.0,4.0,14.0,50802.0,2018.0,3.1,,,,0,2,0,1,0,2,0,2019
16998474,N,04/07/2019,09:00 PM,45,12,4,1,5,2,2,22,1.0,227,22,,,SH,71.0,,SH0071,Y,N,2,SUN,,,,,,,,,,,,0,1,0,0,0,1,0,2019
16999520,N,04/08/2019,07:09 PM,45,11,1,1,20,2,1,34,1.0,227,9999,30.29668252,-97.83216834,RM,2244.0,7.319,RM2244,Y,Y,2,MON,10.0,10.0,0.0,4.0,14.0,49430.0,2018.0,3.1,1.0,65.0,4.0,0,1,0,1,0,1,0,2019
17001087,Y,04/01/2019,07:52 PM,45,11,4,1,8,2,1,10,1.0,227,22,30.14280834,-97.80155888,FM,1626.0,0.353,FM1626,Y,N,1,MON,1.0,1.0,0.0,2.0,16.0,14556.0,2018.0,4.7,1.0,80.0,3.0,3,0,0,1,0,3,0,2019
17001088,N,04/02/2019,08:46 PM,55,11,4,1,5,2,1,21,1.0,227,22,30.21642876,-97.75132751,IH,35.0,230.129,IH0035,Y,N,1,TUE,4.0,20.0,3.0,6.0,11.0,157370.0,2018.0,10.5,,,,1,1,0,1,1,2,0,2019
17001095,N,04/06/2019,06:24 AM,-1,12,4,2,5,2,1,34,1.0,227,22,30.20321274,-97.63948059,SH,71.0,130.719,SH0071,Y,N,1,SAT,0.0,0.0,180.0,6.0,14.0,53382.0,2018.0,8.3,,,,1,0,0,1,0,1,0,2019
17001100,N,04/07/2019,05:20 PM,65,12,1,2,20,2,4,20,1.0,227,22,30.22083619,-97.68610226,SH,71.0,127.539,SH0071,Y,N,2,SUN,10.0,10.0,52.0,6.0,12.0,70740.0,2018.0,4.0,,,,0,1,0,2,0,1,0,2019
17001107,N,04/07/2019,08:17 PM,-1,12,4,1,5,2,1,34,1.0,227,22,30.32593088,-97.726341,RM,2222.0,10.772,RM2222,Y,N,2,SUN,0.0,0.0,14.0,4.0,14.0,34181.0,2018.0,3.5,1.0,120.0,0.0,0,2,0,1,0,2,0,2019
17001230,N,04/09/2019,08:21 AM,55,11,1,1,5,2,1,10,1.0,227,22,30.37169958,-97.78564718,SL,360.0,2.89,SL0360,Y,N,1,TUE,8.0,20.0,48.0,4.0,14.0,54706.0,2018.0,2.6,,,,1,0,0,3,0,1,0,2019
17001925,N,04/09/2019,04:10 PM,65,11,1,1,20,2,4,22,1.0,227,9999,30.45404098,-97.66622405,IH,35.0,247.68400000000003,IH0035,Y,Y,2,TUE,18.0,18.0,12.0,6.0,11.0,129244.0,2018.0,12.7,,,,0,1,0,2,0,1,0,2019
17004149,N,04/10/2019,09:49 PM,60,12,4,1,20,7,4,1,2.0,227,9999,30.38748396,-97.89701686,RM,620.0,9.802,RM0620,Y,Y,1,WED,8.0,8.0,0.0,4.0,14.0,32009.0,2018.0,3.5,,,,1,0,0,0,0,1,0,2019
17005506,Y,04/03/2019,06:44 AM,70,11,2,1,20,2,3,13,1.0,227,9999,30.18965953,-97.57439397,SH,71.0,135.034,SH0071,Y,Y,1,WED,4.0,6.0,40.0,4.0,2.0,53382.0,2018.0,8.3,1.0,218.0,1.0,1,0,0,1,0,1,0,2019
17007206,N,03/09/2019,09:45 AM,-1,11,1,1,11,2,4,20,1.0,227,22,30.18922032,-97.77146946,IH,35.0,227.901,IH0035,Y,N,2,SAT,24.0,24.0,42.0,6.0,11.0,156852.0,2018.0,11.1,,,,0,1,0,1,0,1,0,2019
17007225,N,04/04/2019,08:13 AM,65,11,1,2,20,2,4,22,1.0,227,22,30.42304277,-97.70330957,SL,1.0,3.786,SL0001,Y,N,2,THU,20.0,20.0,36.0,6.0,12.0,97934.0,2018.0,8.4,,,,0,1,0,1,0,1,0,2019
17007256,N,04/04/2019,10:00 PM,55,11,4,1,5,2,4,21,1.0,227,22,30.34299368,-97.69770432,IH,35.0,239.599,IH0035,Y,N,2,THU,20.0,20.0,3.0,6.0,11.0,145168.0,2018.0,11.9,,,,0,1,0,0,1,1,0,2019
17007261,N,04/05/2019,01:54 PM,5,11,1,1,1,2,4,14,5.0,227,22,,,IH,35.0,,IH0035,Y,N,2,FRI,,,,,,,,,,,,0,1,0,1,0,1,0,2019
17007376,N,04/09/2019,07:28 AM,25,11,1,1,20,2,2,22,1.0,227,22,30.28518563,-97.76445628,SL,1.0,14.452,SL0001,Y,N,2,TUE,12.0,20.0,60.0,6.0,12.0,145144.0,2018.0,1.2,,,,0,1,2,0,0,3,0,2019
17007393,Y,04/10/2019,10:33 AM,-1,11,1,1,20,2,4,21,1.0,227,22,30.23239379,-97.74198803,IH,35.0,231.361,IH0035,Y,N,2,WED,4.0,20.0,3.0,6.0,11.0,157370.0,2018.0,10.5,,,,0,1,0,1,0,1,0,2019
17007413,N,04/10/2019,05:28 PM,-1,11,1,1,20,2,4,22,1.0,227,22,30.282295299999998,-97.76609429999999,SL,1.0,14.674,SL0001,Y,N,2,WED,12.0,20.0,60.0,6.0,12.0,145144.0,2018.0,1.2,,,,0,1,0,1,0,1,0,2019
17007439,N,04/11/2019,07:54 AM,65,12,1,1,20,2,4,20,1.0,227,22,30.22007017,-97.74919295,IH,35.0,230.41,IH0035,Y,N,2,THU,4.0,20.0,3.0,6.0,11.0,157370.0,2018.0,10.5,,,,0,1,0,1,0,1,0,2019
17007475,N,04/11/2019,07:38 PM,45,11,1,1,5,2,3,34,1.0,227,22,30.21649743,-97.84336403,SL,1.0,21.377,SL0001,Y,N,2,THU,20.0,20.0,36.0,6.0,12.0,69394.0,2018.0,1.9,1.0,455.0,2.0,0,1,0,2,0,1,0,2019
17007488,N,04/12/2019,01:19 AM,70,11,4,1,1,2,4,20,1.0,227,22,30.10993339,-97.80819849,IH,35.0,221.99400000000003,IH0035,Y,N,2,FRI,6.0,20.0,20.0,6.0,11.0,131087.0,2018.0,12.1,1.0,84.0,0.0,0,2,0,1,1,2,0,2019
17007495,N,04/12/2019,08:01 AM,55,11,1,1,20,2,4,20,1.0,227,22,30.41793712,-97.70509109,SL,1.0,4.1530000000000005,SL0001,Y,N,2,FRI,20.0,20.0,36.0,6.0,12.0,112974.0,2018.0,1.6,,,,0,2,0,2,1,2,0,2019
17008069,Y,04/04/2019,10:10 AM,80,11,1,1,20,2,4,20,1.0,227,330,30.42956001,-97.58951874,SH,130.0,19.516,SH0130,Y,N,4,THU,8.0,20.0,135.0,6.0,12.0,45033.0,2018.0,17.2,,,,0,1,1,4,0,2,1,2019
17008266,N,04/12/2019,04:28 PM,80,11,1,1,1,10,4,1,2.0,227,9999,30.13936316,-97.66505191,SH,130.0,41.877,SH0130,Y,Y,2,FRI,12.0,20.0,135.0,4.0,12.0,26348.0,2018.0,22.1,1.0,712.0,1.0,0,1,0,0,0,1,0,2019
17008611,N,04/07/2019,11:45 AM,60,12,1,2,12,7,4,1,2.0,227,9999,30.13216233,-97.64738266,FM,812.0,3.922,FM0812,Y,Y,2,SUN,10.0,10.0,0.0,2.0,6.0,15228.0,2018.0,6.8,,,,0,1,0,0,0,1,0,2019
17009996,N,04/14/2019,10:22 AM,55,11,1,1,3,2,1,24,1.0,227,9999,30.14033699,-97.66446686,SH,130.0,41.801,SH0130,Y,Y,2,SUN,12.0,20.0,135.0,4.0,12.0,29269.0,2018.0,21.3,,,,0,2,0,2,0,2,0,2019
17012068,N,04/03/2019,05:11 PM,55,11,1,1,20,2,3,34,1.0,227,22,30.42666647,-97.84340348,RM,620.0,14.536,RM0620,Y,N,2,WED,8.0,8.0,0.0,4.0,14.0,50802.0,2018.0,3.1,,,,0,2,2,0,0,4,0,2019
17012491,N,04/12/2019,07:51 PM,45,12,4,1,20,2,1,10,1.0,227,22,30.32556053,-97.67330749,US,183.0,320.513,US0183,Y,N,1,FRI,16.0,20.0,70.0,4.0,12.0,55986.0,2018.0,7.2,,,,1,0,0,4,0,1,0,2019
17012497,N,04/13/2019,12:08 PM,70,2,1,2,20,2,4,20,1.0,227,22,30.16651129,-97.78643864,IH,35.0,226.101,IH0035,Y,N,2,SAT,6.0,20.0,30.0,6.0,11.0,128785.0,2018.0,12.2,1.0,586.0,0.0,0,2,0,2,0,2,0,2019
17012509,N,04/14/2019,12:10 PM,-1,11,1,1,20,2,3,20,1.0,227,22,30.35088192,-97.70909084,SL,275.0,5.6789999999999985,SL0275,Y,N,2,SUN,8.0,8.0,0.0,4.0,14.0,37706.0,2018.0,1.2,,,,0,1,0,5,0,1,0,2019
17013080,N,04/14/2019,05:07 PM,60,11,1,1,11,2,3,14,1.0,227,9999,30.16095162,-97.68615865,FM,812.0,0.461,FM0812,Y,Y,1,SUN,0.0,0.0,0.0,4.0,16.0,14493.0,2018.0,6.9,,,,1,0,0,1,0,1,0,2019
17014028,N,04/14/2019,02:24 AM,55,11,4,1,5,2,4,14,1.0,227,22,,,,,,FM0620,Y,N,2,SUN,,,,,,,,,,,,0,1,0,0,1,1,0,2019
17014036,N,04/15/2019,07:32 PM,-1,11,1,1,5,2,2,20,1.0,227,22,30.33459589,-97.74929248,RM,2222.0,9.128,RM2222,Y,N,2,MON,0.0,0.0,0.0,4.0,14.0,34181.0,2018.0,3.5,1.0,157.0,4.0,0,1,0,2,0,1,0,2019
17014100,N,04/04/2019,04:53 PM,-1,11,1,1,1,2,4,20,1.0,227,22,30.25553147,-97.67768757,US,183.0,325.768,US0183,Y,N,2,THU,18.0,16.0,3.0,4.0,14.0,67460.0,2018.0,6.6,,,,0,1,0,2,0,1,0,2019
17014103,N,04/05/2019,08:53 AM,60,12,1,1,20,2,4,21,1.0,227,22,30.23435618,-97.82535505,SL,1.0,19.686,SL0001,Y,N,2,FRI,20.0,20.0,60.0,6.0,12.0,83195.0,2018.0,1.6,,,,0,1,0,1,0,1,0,2019
17014169,N,04/12/2019,02:05 PM,55,11,1,1,11,7,4,1,2.0,227,22,30.37572153,-97.67696019,IH,35.0,242.168,IH0035,Y,N,2,FRI,8.0,20.0,3.0,6.0,11.0,138459.0,2018.0,12.2,,,,0,1,0,0,0,1,0,2019
17014172,N,04/12/2019,02:45 PM,-1,11,1,1,20,2,3,20,1.0,227,22,30.25393065,-97.69259247,SL,111.0,2.108,SL0111,Y,N,2,FRI,8.0,8.0,0.0,4.0,14.0,31328.0,2018.0,1.8,,,,0,1,0,1,0,1,0,2019
17014181,N,04/12/2019,05:11 PM,-1,11,1,1,1,2,4,20,1.0,227,9999,30.31569897,-97.57384395,SH,130.0,27.93,SH0130,Y,Y,2,FRI,12.0,20.0,135.0,4.0,12.0,39424.0,2018.0,17.9,,,,0,2,0,6,0,2,0,2019
17014191,N,04/12/2019,06:10 PM,-1,11,1,1,9,2,1,34,1.0,227,22,30.38853102,-97.75005703,SL,360.0,0.35600000000000004,SL0360,Y,N,2,FRI,8.0,20.0,48.0,4.0,14.0,53584.0,2018.0,2.7,,,,0,1,0,1,0,1,0,2019
17014199,N,04/12/2019,07:10 PM,-1,11,1,1,20,2,2,20,1.0,227,22,,,US,183.0,,US0183,Y,N,2,FRI,,,,,,,,,,,,0,1,0,2,1,1,0,2019
17014203,N,04/12/2019,05:05 PM,-1,11,1,1,20,2,4,46,1.0,227,22,30.21403471,-97.70412932,SH,71.0,126.363,SH0071,Y,N,2,FRI,4.0,5.0,44.0,6.0,12.0,70740.0,2018.0,4.0,,,,0,2,1,3,0,3,0,2019
17014206,N,04/12/2019,09:24 PM,-1,11,4,1,20,2,4,21,1.0,227,22,30.21407867,-97.75279197,IH,35.0,229.945,IH0035,Y,N,2,FRI,4.0,20.0,3.0,6.0,11.0,148474.0,2018.0,11.3,,,,0,1,0,2,0,1,0,2019
17014269,N,04/13/2019,05:31 PM,-1,11,1,1,1,2,4,20,1.0,227,22,30.38930413,-97.7449327,US,183.0,314.026,US0183,Y,N,1,SAT,20.0,20.0,36.0,6.0,12.0,137676.0,2018.0,2.0,,,,1,1,0,2,0,2,0,2019
17014325,N,04/14/2019,11:06 AM,60,11,1,1,20,2,4,20,1.0,227,22,30.40736322,-97.72100785,SL,1.0,5.43,SL0001,Y,N,4,SUN,24.0,20.0,36.0,6.0,12.0,112347.0,2018.0,1.6,1.0,173.0,1.0,0,0,1,0,0,1,1,2019
17014396,N,04/14/2019,10:05 PM,-1,11,4,1,20,2,4,20,1.0,227,22,30.34875796,-97.71312805,US,183.0,317.616,US0183,Y,N,2,SUN,20.0,20.0,8.0,6.0,12.0,138247.0,2018.0,3.6,,,,0,1,0,0,1,1,0,2019
17014405,N,04/15/2019,01:13 AM,-1,11,4,1,1,2,3,10,1.0,227,22,30.36198231,-97.69761814,SL,275.0,4.635,SL0275,Y,N,2,MON,0.0,0.0,0.0,4.0,14.0,37689.0,2018.0,1.2,,,,0,4,0,1,0,4,0,2019
17014561,N,04/12/2019,07:25 PM,40,11,1,1,12,2,2,17,1.0,227,330,30.49371892,-97.58324709,SH,130.0,14.938,SH0130,Y,N,2,FRI,8.0,20.0,135.0,4.0,12.0,38706.0,2018.0,17.5,,,,0,1,0,1,0,1,0,2019
17017054,Y,04/17/2019,07:39 AM,45,12,1,1,8,2,1,10,1.0,227,9999,30.17602371,-97.6370875,SH,130.0,38.799,SH0130,Y,Y,2,WED,12.0,20.0,135.0,4.0,12.0,31038.0,2018.0,20.5,,,,0,1,0,1,0,1,0,2019
17017158,N,04/11/2019,09:40 AM,65,12,1,1,20,10,4,1,1.0,227,22,30.35507005,-97.74691259,SL,1.0,9.45,SL0001,Y,N,2,THU,12.0,20.0,36.0,6.0,12.0,148872.0,2018.0,1.2,1.0,157.0,2.0,0,1,0,0,0,1,0,2019
17017161,N,04/13/2019,11:24 AM,50,2,1,2,5,2,1,34,1.0,227,22,30.40844834,-97.71597639,SL,1.0,5.12,SL0001,Y,N,2,SAT,28.0,28.0,36.0,9.0,12.0,112974.0,2018.0,1.6,,,,0,1,0,1,0,1,0,2019
17017216,N,04/16/2019,07:25 AM,45,12,1,1,5,2,1,34,1.0,227,22,30.16417946,-97.83003202,FM,2304.0,2.829,FM2304,Y,N,2,TUE,13.0,14.0,0.0,2.0,16.0,31291.0,2018.0,3.6,1.0,120.0,4.0,0,3,0,1,0,3,0,2019
17017224,N,04/16/2019,11:27 AM,35,12,1,1,5,2,1,34,1.0,227,22,30.23865375,-97.78930171,SL,343.0,0.8809999999999999,SL0343,Y,N,2,TUE,0.0,0.0,0.0,5.0,14.0,36688.0,2018.0,1.5,,,,0,4,0,0,0,4,0,2019
17017231,N,04/16/2019,05:10 PM,55,11,1,1,20,2,4,20,1.0,227,22,,,SH,71.0,,SH0071,Y,N,2,TUE,,,,,,,,,,,,0,2,0,1,0,2,0,2019
17017288,Y,04/17/2019,06:28 AM,55,2,3,2,8,2,2,13,1.0,227,22,30.21385884,-97.66054976,SH,71.0,129.263,SH0071,Y,N,2,WED,10.0,8.0,2.0,5.0,12.0,66025.0,2018.0,4.1,,,,0,1,0,1,0,1,0,2019
17017291,N,04/17/2019,06:36 AM,55,2,3,2,20,7,4,1,4.0,227,22,30.2227868,-97.68103443,SH,71.0,127.872,SH0071,Y,N,2,WED,10.0,10.0,52.0,5.0,12.0,95090.0,2018.0,3.5,,,,0,1,0,0,1,1,0,2019
17019181,N,04/13/2019,10:18 AM,55,12,1,2,20,2,1,34,1.0,227,9999,30.12069603,-97.63524326,FM,812.0,5.013,FM0812,Y,Y,1,SAT,10.0,10.0,0.0,2.0,6.0,13167.0,2018.0,7.0,1.0,70.0,1.0,1,1,0,2,0,2,0,2019
17019196,N,04/07/2019,11:30 AM,45,2,1,2,20,7,4,1,2.0,227,895,30.49456018,-97.92456667,RM,1431.0,50.678,RM1431,Y,Y,2,SUN,3.0,3.0,0.0,4.0,6.0,20913.0,2018.0,3.8,1.0,83.0,0.0,0,1,0,0,0,1,0,2019
17019566,Y,04/17/2019,05:29 AM,65,12,3,1,20,2,4,20,1.0,227,1016,30.35146393,-97.46788399,US,290.0,139.64700000000002,US0290,Y,N,2,WED,8.0,20.0,68.0,4.0,2.0,30629.0,2018.0,8.5,,,,0,1,0,1,0,1,0,2019