Crash_ID,Cmv_Involv_Fl,Crash_Date,Crash_Time,Crash_Speed_Limit,Wthr_Cond_ID,Light_Cond_ID,Surf_Cond_ID,Traffic_Cntl_ID,Harm_Evnt_ID,Intrsct_Relat_ID,FHE_Collsn_ID,Road_Relat_ID,Cnty_ID,City_ID,Latitude,Longitude,Hwy_Sys,Hwy_Nbr,Dfo,Street_Name,Onsys_Fl,Rural_Fl,Crash_Sev_ID,Day_of_Week,Shldr_Width_Left,Shldr_Width_Right,Median_Width,Nbr_Of_Lane,Func_Sys_ID,Adt_Curnt_Amt,Adt_Curnt_Year,Trk_Aadt_Pct,Curve_Type_ID,Curve_Lngth,Cd_Degr,Sus_Serious_Injry_Cnt,Nonincap_Injry_Cnt,Poss_Injry_Cnt,Non_Injry_Cnt,Unkn_Injry_Cnt,Tot_Injry_Cnt,Death_Cnt,Year
17019572,N,04/17/2019,12:30 PM,55,11,1,1,5,2,1,24,1.0,227,330,30.47261548,-97.5923238,SH,130.0,16.506,SH0130,Y,N,2,WED,8.0,20.0,135.0,4.0,12.0,38706.0,2018.0,17.5,,,,0,1,0,2,0,1,0,2019
17020047,N,04/18/2019,03:10 AM,70,2,4,2,20,2,4,20,1.0,227,9999,30.45265526,-97.66625046,IH,35.0,247.58900000000003,IH0035,Y,Y,2,THU,18.0,18.0,12.0,6.0,11.0,129244.0,2018.0,12.7,,,,0,1,0,1,0,1,0,2019
17021016,N,04/19/2019,09:26 AM,50,11,1,1,20,2,1,10,1.0,227,22,30.24915123,-97.80529785,SL,1.0,18.057,SL0001,Y,N,2,FRI,12.0,20.0,500.0,6.0,12.0,153269.0,2018.0,1.2,,,,0,4,0,1,0,4,0,2019
17021038,N,04/10/2019,08:33 AM,45,11,1,1,5,2,1,10,1.0,227,22,30.19035979,-97.77059653,IH,35.0,227.995,IH0035,Y,N,2,WED,24.0,24.0,42.0,6.0,11.0,170988.0,2018.0,10.7,,,,0,1,0,1,0,1,0,2019
17021046,N,04/14/2019,09:17 AM,55,11,1,1,5,2,2,22,1.0,227,22,30.42190594,-97.84503341,RM,620.0,14.195,RM0620,Y,N,2,SUN,8.0,8.0,0.0,4.0,14.0,50802.0,2018.0,3.1,,,,0,2,0,0,0,2,0,2019
17021080,Y,04/17/2019,02:33 PM,-1,11,1,1,5,2,4,21,1.0,227,22,30.27181147,-97.73239966,IH,35.0,234.226,IH0035,Y,N,2,WED,20.0,40.0,3.0,8.0,11.0,177389.0,2018.0,9.9,,,,0,1,0,1,0,1,0,2019
17021084,N,04/18/2019,01:08 AM,45,2,4,2,20,7,4,1,2.0,227,22,30.34064893,-97.70182822,US,183.0,318.51,US0183,Y,N,1,THU,20.0,20.0,24.0,6.0,12.0,116357.0,2018.0,3.9,1.0,110.0,2.0,1,0,0,0,0,1,0,2019
17021089,N,04/18/2019,07:58 AM,65,11,1,2,20,2,4,22,1.0,227,22,30.21312396,-97.65912928,SH,71.0,129.362,SH0071,Y,N,2,THU,10.0,8.0,2.0,4.0,12.0,66025.0,2018.0,4.1,,,,0,1,0,1,0,1,0,2019
17021118,N,04/18/2019,09:13 AM,65,11,1,1,20,2,4,21,1.0,227,22,30.35131761,-97.74908027,SL,1.0,9.741,SL0001,Y,N,2,THU,12.0,20.0,36.0,6.0,12.0,148872.0,2018.0,1.2,1.0,144.0,3.0,0,1,0,3,0,1,0,2019
17021123,N,04/18/2019,07:56 AM,45,12,1,2,1,2,3,24,1.0,227,22,30.27824495,-97.64105490000001,FM,969.0,3.881,FM0969,Y,N,2,THU,4.0,4.0,0.0,4.0,14.0,32176.0,2018.0,6.2,1.0,114.0,2.0,0,1,0,1,0,1,0,2019
17021131,N,04/18/2019,12:41 PM,65,12,1,1,11,2,4,20,1.0,227,22,30.37255085,-97.72499796,US,183.0,315.744,US0183,Y,N,2,THU,20.0,20.0,8.0,6.0,12.0,138365.0,2018.0,3.6,1.0,114.0,1.0,0,1,1,2,0,2,0,2019
17021141,N,04/18/2019,06:18 PM,40,11,1,1,20,2,2,22,1.0,227,22,30.35805814,-97.69984062,SL,275.0,4.935,SL0275,Y,N,2,THU,0.0,0.0,0.0,4.0,14.0,37689.0,2018.0,1.2,,,,0,1,0,4,0,1,0,2019
17021193,N,04/19/2019,07:32 AM,50,11,1,1,20,2,3,20,1.0,227,22,30.15599666,-97.79071871,IH,35.0,225.331,IH0035,Y,N,2,FRI,6.0,20.0,30.0,6.0,11.0,128785.0,2018.0,12.2,,,,0,1,0,1,0,1,0,2019
17021311,N,04/18/2019,01:24 PM,55,11,1,1,20,7,4,1,2.0,227,9999,30.209986600000004,-97.90697006,RM,1826.0,1.948,RM1826,Y,Y,2,THU,1.0,1.0,0.0,2.0,16.0,15562.0,2018.0,4.5,1.0,172.0,1.0,0,1,0,1,0,1,0,2019
17021592,N,04/19/2019,07:44 PM,60,11,1,1,20,2,4,20,1.0,227,9999,30.18615174,-97.61201448,SH,71.0,132.77200000000002,SH0071,Y,Y,2,FRI,4.0,6.0,40.0,4.0,14.0,53382.0,2018.0,8.3,1.0,305.0,3.0,0,3,0,0,0,3,0,2019
17025047,N,04/18/2019,06:53 AM,55,12,3,2,20,2,3,14,1.0,227,22,30.22938386,-97.8897117,US,290.0,108.416,US0290,Y,N,4,THU,0.0,4.0,0.0,4.0,14.0,44818.0,2018.0,2.8,1.0,260.0,1.0,0,0,2,1,0,2,1,2019
17025832,N,04/20/2019,08:29 PM,55,11,3,1,20,7,4,1,2.0,227,9999,30.15994418,-97.6840847,FM,812.0,0.603,FM0812,Y,Y,2,SAT,0.0,0.0,0.0,4.0,16.0,14493.0,2018.0,6.9,,,,0,2,0,0,0,2,0,2019
17026550,N,04/15/2019,12:03 AM,55,12,4,1,20,7,4,1,2.0,227,22,30.35929871,-97.79117584,RM,2222.0,5.159,RM2222,Y,N,1,MON,4.0,10.0,15.0,4.0,14.0,51893.0,2018.0,3.1,1.0,136.0,7.0,1,0,0,0,0,1,0,2019
17026555,N,04/17/2019,12:53 AM,35,12,3,1,5,1,2,1,1.0,227,22,30.20454402,-97.77494138,SL,275.0,18.498,SL0275,Y,N,4,WED,8.0,8.0,0.0,4.0,14.0,32519.0,2018.0,1.3,1.0,449.0,0.0,0,0,0,1,0,0,1,2019
17026739,N,04/19/2019,08:40 PM,70,11,3,1,20,2,4,20,1.0,227,22,30.19626582,-97.76585917,IH,35.0,228.49,IH0035,Y,N,2,FRI,24.0,24.0,42.0,6.0,11.0,170988.0,2018.0,10.7,,,,0,1,0,6,0,1,0,2019
17026753,N,04/19/2019,03:58 PM,55,11,1,1,5,2,2,22,1.0,227,22,30.26153621,-97.7363089,IH,35.0,233.482,IH0035,Y,N,2,FRI,8.0,20.0,3.0,8.0,11.0,158343.0,2018.0,10.4,1.0,248.0,2.0,0,1,0,2,0,1,0,2019
17026758,N,04/19/2019,11:11 PM,45,11,4,1,5,2,2,22,1.0,227,22,30.38193276,-97.68636005,SL,275.0,3.108,SL0275,Y,N,2,FRI,0.0,2.0,0.0,4.0,14.0,28204.0,2018.0,1.4,,,,0,1,0,1,0,1,0,2019
17026759,Y,04/20/2019,12:37 AM,70,11,4,1,1,2,4,21,1.0,227,22,30.15373886,-97.79137990000001,IH,35.0,225.171,IH0035,Y,N,2,SAT,6.0,20.0,30.0,6.0,11.0,128785.0,2018.0,12.2,,,,0,1,0,5,0,1,0,2019
17026815,N,04/20/2019,01:46 PM,45,11,1,1,5,2,4,34,5.0,227,22,,,FM,969.0,,FM0969,Y,N,2,SAT,,,,,,,,,,,,0,6,0,0,0,6,0,2019
17026828,N,04/20/2019,07:34 PM,-1,11,1,1,1,2,4,22,1.0,227,22,30.41355127,-97.69118392,FM,734.0,10.74,FM0734,Y,N,2,SAT,10.0,20.0,36.0,6.0,14.0,56464.0,2018.0,3.8,,,,0,2,0,0,0,2,0,2019
17026836,N,04/20/2019,02:20 PM,-1,11,1,1,20,2,4,20,1.0,227,22,30.34202999,-97.70307822,US,183.0,318.39,US0183,Y,N,2,SAT,20.0,20.0,24.0,6.0,12.0,116357.0,2018.0,3.9,,,,0,1,0,5,1,1,0,2019
17026879,N,04/21/2019,12:28 AM,70,11,4,1,20,7,4,1,2.0,227,22,30.20881555,-97.75595076,IH,35.0,229.537,IH0035,Y,N,1,SUN,4.0,20.0,3.0,6.0,11.0,148474.0,2018.0,11.3,,,,1,0,0,0,0,1,0,2019
17026883,N,04/21/2019,03:00 AM,60,11,3,1,1,1,4,1,1.0,227,9999,30.33417176,-97.60111085,FM,3177.0,0.184,FM3177,Y,Y,2,SUN,1.0,1.0,0.0,4.0,17.0,1276.0,2018.0,7.1,,,,0,1,0,0,1,1,0,2019
17026895,N,04/21/2019,05:31 PM,65,11,1,1,5,2,1,34,1.0,227,22,30.33950093,-97.80359782,SL,360.0,5.392,SL0360,Y,N,2,SUN,8.0,20.0,60.0,4.0,14.0,53846.0,2018.0,2.7,,,,0,1,0,2,0,1,0,2019
17026903,N,04/21/2019,09:36 PM,55,11,3,1,1,2,4,22,1.0,227,22,30.22782315,-97.77932437,US,290.0,115.295,US0290,Y,N,2,SUN,20.0,20.0,22.0,8.0,12.0,148990.0,2018.0,2.4,1.0,331.0,1.0,0,1,0,2,0,1,0,2019
17026950,N,04/21/2019,01:47 PM,55,11,1,1,20,2,2,13,1.0,227,22,30.22220046,-97.67665097,SH,71.0,128.142,SH0071,Y,N,2,SUN,8.0,8.0,40.0,8.0,14.0,95090.0,2018.0,3.5,1.0,188.0,2.0,0,1,0,4,0,1,0,2019
17026970,N,04/22/2019,01:03 PM,55,11,1,1,20,2,4,22,1.0,227,22,30.21759367,-97.75416104,US,290.0,117.007,US0290,Y,N,2,MON,20.0,20.0,20.0,6.0,12.0,140123.0,2018.0,2.6,1.0,171.0,2.0,0,1,0,1,0,1,0,2019
17027017,N,04/22/2019,06:10 PM,-1,11,1,1,5,2,1,22,1.0,227,22,30.20236682,-97.63786435,SH,71.0,130.83100000000002,SH0071,Y,N,2,MON,0.0,0.0,250.0,6.0,14.0,53382.0,2018.0,8.3,,,,0,2,0,3,0,2,0,2019
17027871,N,04/23/2019,02:08 PM,55,12,1,1,5,2,1,34,1.0,227,72,30.51570273,-97.87015770000001,RM,1431.0,55.207,RM1431,Y,N,2,TUE,10.0,10.0,20.0,4.0,16.0,29840.0,2018.0,3.2,,,,0,1,0,1,0,1,0,2019
17028237,N,04/18/2019,02:15 AM,80,2,4,2,1,7,4,1,4.0,227,9999,30.10565906,-97.78770153,SH,45.0,52.159,SH0045,Y,Y,2,THU,12.0,20.0,50.0,4.0,12.0,18476.0,2018.0,6.6,1.0,374.0,1.0,0,1,0,0,0,1,0,2019
17029678,N,04/18/2019,02:57 PM,-1,12,1,1,20,2,4,20,1.0,227,22,30.37930971,-97.67484246,IH,35.0,242.445,IH0035,Y,N,2,THU,8.0,20.0,3.0,6.0,11.0,159315.0,2018.0,11.5,,,,0,1,2,2,0,3,0,2019
17029684,N,04/22/2019,07:21 AM,50,12,1,1,5,2,1,10,1.0,227,22,30.21621335,-97.74400225,SH,71.0,123.944,SH0071,Y,N,2,MON,20.0,20.0,32.0,6.0,12.0,122565.0,2018.0,3.2,,,,0,1,0,1,0,1,0,2019
17029734,N,04/23/2019,04:20 PM,-1,12,1,1,1,2,4,21,1.0,227,22,30.25771894,-97.69320998,SL,111.0,1.845,SL0111,Y,N,2,TUE,1.0,2.0,0.0,4.0,14.0,31328.0,2018.0,1.8,1.0,135.0,1.0,0,2,0,0,0,2,0,2019
17029830,N,04/24/2019,07:23 AM,45,2,1,2,20,7,4,1,4.0,227,1378,30.23313702,-97.81697659,US,290.0,112.926,US0290,Y,Y,1,WED,20.0,20.0,42.0,5.0,12.0,85803.0,2018.0,3.3,1.0,229.0,3.0,1,0,0,0,0,1,0,2019
17029846,N,04/24/2019,05:52 AM,-1,2,3,2,20,7,4,1,2.0,227,22,30.249424100000002,-97.8051879,SL,1.0,18.037,SL0001,Y,N,2,WED,12.0,20.0,500.0,6.0,12.0,153269.0,2018.0,1.2,1.0,445.0,2.0,0,1,0,0,0,1,0,2019
17030581,N,04/22/2019,05:15 PM,70,11,1,1,20,7,4,1,4.0,227,9999,30.45500078,-97.66630282,IH,35.0,247.75,IH0035,Y,Y,1,MON,18.0,18.0,12.0,6.0,11.0,129244.0,2018.0,12.7,,,,1,0,0,0,0,1,0,2019
17030832,N,04/19/2019,07:30 PM,70,11,1,1,5,2,2,22,1.0,227,9999,30.18632786,-97.60968492,SH,71.0,132.912,SH0071,Y,Y,2,FRI,4.0,6.0,40.0,4.0,14.0,53382.0,2018.0,8.3,,,,0,1,0,4,0,1,0,2019
17032289,N,04/24/2019,02:22 PM,-1,2,1,2,5,2,1,10,1.0,227,22,30.34091636,-97.5913179,SH,130.0,25.899,SH0130,Y,N,2,WED,12.0,20.0,135.0,4.0,12.0,39424.0,2018.0,17.9,,,,0,1,0,1,0,1,0,2019
17034487,N,04/22/2019,02:37 PM,55,11,1,1,5,2,2,22,1.0,227,250,30.37756349,-97.94634362,RM,620.0,5.772,RM0620,Y,N,2,MON,8.0,8.0,0.0,4.0,14.0,43643.0,2018.0,3.2,,,,0,1,0,2,0,1,0,2019
17036974,N,04/28/2019,10:55 PM,35,11,3,1,20,1,4,1,1.0,227,330,30.4468998,-97.63566482,FM,1825.0,2.437,FM1825,Y,N,1,SUN,8.0,8.0,0.0,4.0,16.0,22010.0,2018.0,4.2,,,,1,0,0,1,0,1,0,2019
17037886,N,04/19/2019,10:34 AM,-1,11,1,1,5,4,4,1,1.0,227,22,30.26118403,-97.73645202,IH,35.0,233.456,IH0035,Y,N,1,FRI,8.0,20.0,3.0,8.0,11.0,158343.0,2018.0,10.4,,,,1,0,0,2,0,1,0,2019
17038033,N,04/09/2019,02:41 PM,45,11,1,1,12,2,4,30,1.0,227,9999,30.4324161,-97.88492299,RM,2769.0,2.066,RM2769,Y,Y,1,TUE,3.0,3.0,0.0,2.0,17.0,2326.0,2018.0,7.7,1.0,85.0,7.0,2,0,1,0,0,3,0,2019
17038504,N,04/11/2019,07:35 AM,65,11,1,1,20,2,4,22,1.0,227,22,30.20380071,-97.64064572,SH,71.0,130.638,SH0071,Y,N,1,THU,0.0,0.0,180.0,6.0,14.0,60929.0,2018.0,4.2,,,,1,1,0,1,0,2,0,2019
17038536,N,04/19/2019,01:57 PM,35,11,1,1,20,2,4,22,1.0,227,22,30.36480195,-97.69602996,SL,275.0,4.419,SL0275,Y,N,2,FRI,0.0,0.0,0.0,4.0,14.0,37689.0,2018.0,1.2,,,,0,2,0,2,0,2,0,2019
17038586,N,04/21/2019,02:29 AM,70,11,4,1,20,2,4,20,1.0,227,22,30.31731109,-97.7074382,IH,35.0,237.711,IH0035,Y,N,2,SUN,8.0,20.0,24.0,8.0,11.0,193850.0,2018.0,9.5,1.0,60.0,0.0,0,1,0,6,0,1,0,2019
17038690,N,04/24/2019,07:58 AM,65,2,2,2,20,2,4,20,1.0,227,22,30.35307234,-97.74834493,SL,1.0,9.612,SL0001,Y,N,2,WED,12.0,20.0,36.0,6.0,12.0,148872.0,2018.0,1.2,,,,0,1,0,1,0,1,0,2019
17038693,N,04/24/2019,08:28 AM,55,2,1,2,20,2,4,20,1.0,227,22,30.35760243,-97.74586815,SL,1.0,9.265,SL0001,Y,N,2,WED,12.0,20.0,36.0,6.0,12.0,148872.0,2018.0,1.2,,,,0,1,0,1,0,1,0,2019
17038699,N,04/24/2019,02:53 PM,-1,2,1,2,5,2,1,10,1.0,227,22,30.22999861,-97.78825732,US,290.0,114.732,US0290,Y,N,2,WED,20.0,20.0,22.0,8.0,12.0,148990.0,2018.0,2.4,,,,0,3,0,3,0,3,0,2019
17038705,N,04/24/2019,01:55 PM,55,2,1,2,1,7,4,1,4.0,227,22,30.43659774,-97.66920777,IH,35.0,246.47,IH0035,Y,N,1,WED,8.0,20.0,3.0,6.0,11.0,132719.0,2018.0,12.4,,,,1,0,0,0,0,1,0,2019
17038762,N,04/25/2019,05:25 AM,35,11,4,2,5,2,1,34,1.0,227,22,30.41906535,-97.74684371,US,183.0,311.953,US0183,Y,N,2,THU,20.0,20.0,36.0,6.0,12.0,137676.0,2018.0,2.0,,,,0,1,0,1,0,1,0,2019
17038779,N,04/25/2019,04:46 PM,-1,11,1,1,20,2,4,22,1.0,227,22,,,IH,35.0,,IH0035,Y,N,2,THU,,,,,,,,,,,,0,2,0,2,0,2,0,2019
17038838,N,04/25/2019,09:59 PM,-1,11,4,1,20,2,4,20,1.0,227,22,30.32364078,-97.70658625,IH,35.0,238.149,IH0035,Y,N,2,THU,8.0,20.0,24.0,8.0,11.0,199837.0,2018.0,9.4,,,,0,1,0,0,1,1,0,2019
17038841,N,04/25/2019,02:30 PM,55,11,1,1,11,2,4,20,1.0,227,22,30.23407485,-97.68482675,US,183.0,327.767,US0183,Y,N,2,THU,6.0,10.0,36.0,4.0,14.0,100483.0,2018.0,5.5,1.0,52.0,1.0,0,1,0,1,0,1,0,2019
17038853,N,04/26/2019,10:23 AM,45,11,1,1,8,2,1,10,1.0,227,22,30.34774163,-97.71247936,SL,275.0,5.977,SL0275,Y,N,2,FRI,2.0,20.0,12.0,4.0,14.0,37706.0,2018.0,1.2,,,,0,1,0,1,0,1,0,2019
17038911,N,04/26/2019,04:39 PM,60,11,1,1,20,2,4,20,1.0,227,22,30.33508978,-97.70270093,IH,35.0,238.979,IH0035,Y,N,2,FRI,20.0,20.0,3.0,6.0,11.0,199837.0,2018.0,9.4,1.0,409.0,1.0,0,1,0,4,0,1,0,2019
17038920,N,04/26/2019,07:32 PM,65,11,1,1,20,7,4,1,4.0,227,22,,,,,,SH0001,Y,N,1,FRI,,,,,,,,,,,,1,0,0,0,0,1,0,2019
17038924,N,04/26/2019,08:39 PM,60,11,4,1,20,2,1,34,1.0,227,22,30.44389256,-97.74235428,FM,734.0,7.002999999999999,FM0734,Y,N,2,FRI,8.0,20.0,36.0,6.0,14.0,55456.0,2018.0,3.8,,,,0,1,1,0,0,2,0,2019
17038970,N,04/26/2019,09:28 PM,-1,11,4,1,20,2,4,20,1.0,227,22,30.33026023,-97.70532966,IH,35.0,238.611,IH0035,Y,N,2,FRI,20.0,20.0,3.0,6.0,11.0,199837.0,2018.0,9.4,,,,0,1,0,2,0,1,0,2019
17038971,N,04/26/2019,09:36 PM,-1,11,1,1,20,2,4,22,1.0,227,22,30.24814624,-97.73537776,IH,35.0,232.545,IH0035,Y,N,2,FRI,4.0,10.0,3.0,6.0,11.0,142856.0,2018.0,11.0,1.0,238.0,3.0,0,1,0,1,0,1,0,2019
17038979,N,04/27/2019,08:42 AM,65,11,1,1,20,2,4,20,1.0,227,22,30.38862147,-97.67239367,IH,35.0,243.103,IH0035,Y,N,2,SAT,8.0,20.0,3.0,6.0,11.0,159315.0,2018.0,11.5,,,,0,1,0,1,0,1,0,2019
17038986,N,04/27/2019,05:28 PM,-1,11,1,1,5,2,2,22,1.0,227,22,30.37957165,-97.68769698,SL,275.0,3.289,SL0275,Y,N,2,SAT,0.0,2.0,0.0,4.0,14.0,30447.0,2018.0,1.8,,,,0,1,0,2,0,1,0,2019
17038992,N,04/27/2019,06:31 PM,55,11,1,1,20,2,3,14,1.0,227,22,30.40045438,-97.8557093,RM,620.0,12.588,RM0620,Y,N,2,SAT,8.0,8.0,0.0,4.0,14.0,50802.0,2018.0,3.1,,,,0,1,0,4,0,1,0,2019
17039059,N,04/28/2019,05:00 PM,50,11,1,1,5,2,1,34,1.0,227,22,30.28564453,-97.6653595,US,183.0,323.551,US0183,Y,N,2,SUN,16.0,20.0,36.0,4.0,14.0,67460.0,2018.0,6.6,,,,0,2,0,1,0,2,0,2019
17039120,N,04/28/2019,01:30 AM,70,11,3,1,1,2,4,20,1.0,227,22,30.18030623,-97.77739081,IH,35.0,227.193,IH0035,Y,N,2,SUN,6.0,20.0,30.0,6.0,11.0,156852.0,2018.0,11.1,,,,0,1,0,0,1,1,0,2019
17039123,N,04/28/2019,05:11 PM,55,11,1,1,20,9,4,1,1.0,227,22,30.35112112,-97.79615848,SL,360.0,4.478,SL0360,Y,N,2,SUN,8.0,20.0,60.0,4.0,14.0,53846.0,2018.0,2.7,,,,0,2,0,2,0,2,0,2019
17039359,N,04/27/2019,05:40 PM,60,11,1,1,1,2,3,23,1.0,227,9999,30.39752171,-97.92780006,RM,620.0,7.671,RM0620,Y,Y,2,SAT,8.0,8.0,0.0,4.0,14.0,31078.0,2018.0,3.6,,,,0,1,0,1,0,1,0,2019
17040564,N,04/29/2019,05:42 PM,65,11,1,1,1,2,4,22,1.0,227,22,30.222617699999997,-97.76338067,US,290.0,116.355,US0290,Y,N,2,MON,20.0,20.0,42.0,6.0,12.0,140123.0,2018.0,2.6,,,,0,1,0,2,1,1,0,2019
17040570,N,04/29/2019,04:57 PM,55,11,1,1,20,2,4,20,1.0,227,22,30.16786672,-97.65864165,FM,973.0,32.11,FM0973,Y,N,2,MON,5.0,5.0,0.0,2.0,16.0,12543.0,2018.0,6.7,,,,0,1,0,2,0,1,0,2019
17040649,N,04/30/2019,06:30 AM,45,12,2,1,20,2,4,20,1.0,227,22,30.27572526,-97.63627314,FM,969.0,4.227,FM0969,Y,N,1,TUE,0.0,0.0,0.0,4.0,14.0,20957.0,2018.0,6.4,,,,1,0,0,1,0,1,0,2019
17041427,Y,04/23/2019,06:30 AM,45,12,3,1,1,2,4,34,1.0,227,9999,30.45726913,-97.83248031,RM,2769.0,6.773,RM2769,Y,Y,2,TUE,4.0,4.0,25.0,4.0,16.0,22986.0,2018.0,4.7,1.0,49.0,5.0,0,1,0,2,0,1,0,2019
17043123,N,03/13/2019,10:06 AM,65,2,1,2,20,2,4,20,1.0,227,22,30.3998055,-97.67373501,IH,35.0,243.899,IH0035,Y,N,2,WED,8.0,20.0,3.0,6.0,11.0,159315.0,2018.0,11.5,1.0,438.0,1.0,0,1,0,1,0,1,0,2019
17043131,N,04/24/2019,07:03 AM,55,2,2,2,8,2,1,14,1.0,227,22,30.36292491,-97.79552018,RM,2222.0,4.789,RM2222,Y,N,2,WED,8.0,8.0,0.0,4.0,14.0,51893.0,2018.0,3.1,1.0,80.0,4.0,0,1,0,1,0,1,0,2019
17043135,N,04/25/2019,07:16 PM,-1,11,1,1,1,2,3,10,1.0,227,22,30.24741786,-97.77426842,SL,343.0,1.981,SL0343,Y,N,2,THU,0.0,0.0,0.0,4.0,14.0,36688.0,2018.0,1.5,,,,0,2,0,0,0,2,0,2019
17043141,N,04/29/2019,04:04 PM,-1,11,1,1,1,7,4,1,2.0,227,22,30.28506901,-97.68779929,FM,969.0,0.981,FM0969,Y,N,1,MON,0.0,0.0,0.0,4.0,14.0,16460.0,2018.0,6.7,,,,1,0,0,0,0,1,0,2019
17043175,N,04/30/2019,03:46 PM,-1,12,1,1,20,7,4,1,2.0,227,22,,,SH,71.0,,SH0071,Y,N,2,TUE,,,,,,,,,,,,0,1,0,0,0,1,0,2019
17043179,N,04/30/2019,02:05 PM,-1,12,1,1,1,7,4,1,2.0,227,22,30.22257639,-97.83467193,SL,1.0,20.673,SL0001,Y,N,2,TUE,20.0,20.0,3.0,6.0,12.0,84322.0,2018.0,1.6,1.0,94.0,1.0,0,1,0,0,0,1,0,2019
17043184,N,04/30/2019,02:40 PM,-1,12,1,1,20,2,4,21,1.0,227,22,30.28006228,-97.76721473,SL,1.0,14.842,SL0001,Y,N,2,TUE,12.0,20.0,60.0,6.0,12.0,145144.0,2018.0,1.2,1.0,245.0,0.0,0,1,0,1,0,1,0,2019
17045447,N,04/13/2019,12:22 PM,-1,11,1,1,20,2,4,21,1.0,227,22,30.33276937,-97.70416519,IH,35.0,238.797,IH0035,Y,N,2,SAT,20.0,20.0,3.0,6.0,11.0,199837.0,2018.0,9.4,1.0,409.0,1.0,0,4,1,4,0,5,0,2019
17045458,N,05/01/2019,12:56 PM,45,12,1,1,11,2,4,20,1.0,227,22,30.33210915,-97.68536417,US,183.0,319.661,US0183,Y,N,2,WED,2.0,10.0,24.0,5.0,12.0,65226.0,2018.0,6.6,,,,0,3,0,1,0,3,0,2019
17045465,N,05/01/2019,04:08 PM,45,12,1,1,1,2,1,10,1.0,227,9999,30.26365815,-97.81673632,SL,360.0,11.392,SL0360,Y,Y,1,WED,8.0,20.0,60.0,4.0,14.0,55818.0,2018.0,2.6,,,,2,0,0,0,0,2,0,2019
17045491,N,05/01/2019,04:00 PM,45,12,1,1,5,2,2,22,1.0,227,22,30.24943003,-97.76744648,SL,343.0,2.414,SL0343,Y,N,2,WED,0.0,0.0,0.0,4.0,14.0,46479.0,2018.0,1.4,1.0,304.0,2.0,0,1,0,0,2,1,0,2019
17045492,N,05/01/2019,05:38 PM,45,12,1,2,5,2,1,10,1.0,227,22,30.23557305,-97.82463513,US,290.0,112.426,US0290,Y,N,2,WED,20.0,20.0,42.0,5.0,12.0,77933.0,2018.0,3.6,1.0,361.0,1.0,0,2,0,2,0,2,0,2019
17045503,N,05/01/2019,07:42 PM,60,11,5,1,20,2,4,20,1.0,227,22,30.33508978,-97.70270093,IH,35.0,238.979,IH0035,Y,N,2,WED,20.0,20.0,3.0,6.0,11.0,199837.0,2018.0,9.4,1.0,409.0,1.0,0,2,0,0,0,2,0,2019
17045658,N,05/01/2019,04:03 PM,50,11,1,1,5,2,1,10,1.0,227,22,30.42039108,-97.70423126,FM,734.0,9.83,FM0734,Y,N,1,WED,8.0,20.0,36.0,6.0,14.0,61367.0,2018.0,3.7,1.0,276.0,0.0,2,0,0,4,0,2,0,2019
17045660,N,05/02/2019,06:36 AM,70,12,1,2,20,7,4,1,4.0,227,22,30.35805755,-97.68815665,IH,35.0,240.781,IH0035,Y,N,2,THU,20.0,20.0,3.0,6.0,11.0,138459.0,2018.0,12.2,,,,0,3,0,1,0,3,0,2019
17046271,N,05/02/2019,06:44 PM,40,2,1,2,20,2,4,30,1.0,227,9999,30.448374600000005,-97.85785617,RM,2769.0,4.829,RM2769,Y,Y,2,THU,3.0,3.0,0.0,2.0,16.0,7248.0,2018.0,8.0,1.0,64.0,4.0,0,1,0,2,0,1,0,2019
17047687,N,05/02/2019,05:30 PM,55,2,1,2,20,2,4,22,1.0,227,250,30.33311602,-97.96824551,RM,620.0,2.277,RM0620,Y,N,2,THU,8.0,8.0,0.0,5.0,14.0,50317.0,2018.0,3.1,,,,0,1,0,4,0,1,0,2019
17048511,N,05/03/2019,05:07 PM,65,2,1,2,8,2,1,10,1.0,227,9999,30.14417665,-97.69667957,US,183.0,334.0630000000001,US0183,Y,Y,1,FRI,8.0,8.0,0.0,4.0,14.0,17419.0,2018.0,9.9,1.0,316.0,1.0,1,0,2,1,0,3,0,2019
17049188,N,04/28/2019,09:46 PM,45,11,3,1,1,7,4,1,2.0,227,1016,30.34350603,-97.54837288,SL,212.0,1.283,SL0212,Y,N,2,SUN,0.0,0.0,0.0,2.0,16.0,9087.0,2018.0,7.7,1.0,328.0,2.0,0,1,0,0,0,1,0,2019
17049370,N,04/25/2019,09:17 AM,80,11,1,1,1,7,4,1,4.0,227,330,30.47683734,-97.58965342,SH,130.0,16.175,SH0130,Y,N,2,THU,8.0,20.0,135.0,4.0,12.0,38706.0,2018.0,17.5,,,,0,1,0,0,0,1,0,2019
17049418,N,05/03/2019,10:30 PM,55,2,4,2,5,2,1,10,1.0,227,330,30.46491623,-97.59442139,SH,130.0,17.055,SH0130,Y,N,2,FRI,8.0,20.0,135.0,4.0,12.0,45033.0,2018.0,17.2,1.0,556.0,1.0,0,4,0,5,0,4,0,2019
17052213,N,04/18/2019,10:16 AM,55,11,1,1,5,2,1,14,1.0,227,22,30.18061621,-97.64663008,FM,973.0,30.958,FM0973,Y,N,4,THU,4.0,4.0,0.0,2.0,16.0,18337.0,2018.0,5.9,1.0,202.0,3.0,0,0,0,1,0,0,1,2019