Crash_ID,Cmv_Involv_Fl,Crash_Date,Crash_Time,Crash_Speed_Limit,Wthr_Cond_ID,Light_Cond_ID,Surf_Cond_ID,Traffic_Cntl_ID,Harm_Evnt_ID,Intrsct_Relat_ID,FHE_Collsn_ID,Road_Relat_ID,Cnty_ID,City_ID,Latitude,Longitude,Hwy_Sys,Hwy_Nbr,Dfo,Street_Name,Onsys_Fl,Rural_Fl,Crash_Sev_ID,Day_of_Week,Shldr_Width_Left,Shldr_Width_Right,Median_Width,Nbr_Of_Lane,Func_Sys_ID,Adt_Curnt_Amt,Adt_Curnt_Year,Trk_Aadt_Pct,Curve_Type_ID,Curve_Lngth,Cd_Degr,Sus_Serious_Injry_Cnt,Nonincap_Injry_Cnt,Poss_Injry_Cnt,Non_Injry_Cnt,Unkn_Injry_Cnt,Tot_Injry_Cnt,Death_Cnt,Year
17226820,N,08/09/2019,02:25 PM,35,11,1,1,21,2,1,10,1.0,227,22,30.27468087,-97.73146403,IH,35.0,234.431,IH0035,Y,N,1,FRI,20.0,40.0,3.0,8.0,11.0,177389.0,2018.0,9.9,,,,4,2,0,2,0,6,0,2019
17226821,N,08/09/2019,04:52 PM,40,11,1,1,5,2,1,34,1.0,227,22,30.22328848,-97.74734329,IH,35.0,230.658,IH0035,Y,N,2,FRI,4.0,20.0,3.0,6.0,11.0,157370.0,2018.0,10.5,,,,0,1,0,2,0,1,0,2019
17226823,N,08/09/2019,04:53 PM,40,11,1,1,20,2,3,14,1.0,227,22,30.27638055,-97.69998439,SL,111.0,0.488,SL0111,Y,N,2,FRI,1.0,2.0,0.0,4.0,14.0,31328.0,2018.0,1.8,1.0,98.0,2.0,0,2,0,0,0,2,0,2019
17226824,N,08/09/2019,08:30 PM,70,11,3,1,1,7,4,1,4.0,227,22,,,SH,130.0,,SH0130,Y,N,2,FRI,,,,,,,,,,,,0,1,0,0,0,1,0,2019
17226827,N,08/10/2019,09:02 AM,65,11,1,1,8,5,1,2,1.0,227,22,30.38823684,-97.75354052,SL,360.0,0.565,SL0360,Y,N,2,SAT,8.0,20.0,48.0,4.0,14.0,53584.0,2018.0,2.7,,,,0,1,0,1,0,1,0,2019
17226829,N,08/10/2019,03:46 PM,75,11,1,1,1,7,4,1,4.0,227,22,30.32978235,-97.63765596,US,290.0,129.313,US0290,Y,N,2,SAT,20.0,20.0,3.0,6.0,12.0,34434.0,2018.0,8.4,1.0,137.0,0.0,0,1,0,1,0,1,0,2019
17226835,N,08/10/2019,04:59 PM,50,11,1,1,5,2,4,21,1.0,227,22,30.22304595,-97.74748313,IH,35.0,230.639,IH0035,Y,N,2,SAT,4.0,20.0,3.0,6.0,11.0,157370.0,2018.0,10.5,,,,0,1,0,12,0,1,0,2019
17226847,N,08/11/2019,06:00 PM,40,11,1,1,5,2,1,10,1.0,227,22,30.23414107,-97.79637462,SL,343.0,0.35600000000000004,SL0343,Y,N,2,SUN,6.0,16.0,10.0,2.0,14.0,36688.0,2018.0,1.5,,,,0,1,0,2,0,1,0,2019
17226848,N,08/11/2019,08:47 PM,55,11,4,1,1,7,4,1,2.0,227,22,30.33534369,-97.70254067,IH,35.0,238.999,IH0035,Y,N,2,SUN,20.0,20.0,3.0,6.0,11.0,199837.0,2018.0,9.4,1.0,409.0,1.0,0,2,0,0,0,2,0,2019
17226889,N,07/13/2019,05:31 AM,65,11,4,1,1,2,4,21,1.0,227,22,30.25994501,-97.79492208,SL,1.0,17.055999999999994,SL0001,Y,N,2,SAT,10.0,16.0,60.0,7.0,12.0,153269.0,2018.0,1.2,,,,0,1,0,3,0,1,0,2019
17226891,N,07/25/2019,10:25 PM,65,11,4,1,20,2,4,22,1.0,227,22,30.21033001,-97.75503227,IH,35.0,229.655,IH0035,Y,N,2,THU,4.0,20.0,3.0,6.0,11.0,148474.0,2018.0,11.3,1.0,301.0,0.0,0,1,0,1,0,1,0,2019
17226929,N,08/09/2019,01:10 PM,65,11,1,1,20,2,4,20,1.0,227,22,30.24381551,-97.80915721,SL,1.0,18.499,SL0001,Y,N,2,FRI,12.0,20.0,500.0,6.0,12.0,83195.0,2018.0,1.6,1.0,308.0,3.0,0,1,0,2,0,1,0,2019
17226934,N,08/09/2019,04:06 PM,-1,11,1,1,20,2,4,20,1.0,227,22,30.28044742,-97.76700609,SL,1.0,14.812,SL0001,Y,N,2,FRI,12.0,20.0,60.0,6.0,12.0,145144.0,2018.0,1.2,1.0,245.0,0.0,0,1,0,1,0,1,0,2019
17226935,N,08/09/2019,03:33 PM,-1,12,1,1,1,2,4,20,1.0,227,22,30.26693522,-97.78007029,SL,1.0,16.044,SL0001,Y,N,2,FRI,8.0,12.0,36.0,8.0,12.0,139370.0,2018.0,1.2,1.0,442.0,0.0,0,1,0,1,0,1,0,2019
17226937,N,08/09/2019,04:17 PM,-1,11,1,1,20,2,4,22,1.0,227,22,30.30385901,-97.71398638,IH,35.0,236.697,IH0035,Y,N,2,FRI,8.0,20.0,24.0,8.0,11.0,196302.0,2018.0,9.5,,,,0,1,0,2,0,1,0,2019
17227003,N,08/09/2019,07:04 PM,-1,11,1,1,5,2,1,10,1.0,227,22,30.27356299,-97.69790834,SL,111.0,0.72,SL0111,Y,N,2,FRI,1.0,2.0,0.0,4.0,14.0,31328.0,2018.0,1.8,,,,0,1,1,3,1,2,0,2019
17227009,N,08/09/2019,08:57 PM,-1,11,4,1,5,2,1,10,1.0,227,22,30.42434539,-97.67155315,IH,35.0,245.616,IH0035,Y,N,2,FRI,8.0,20.0,3.0,6.0,11.0,132719.0,2018.0,12.4,,,,0,2,0,1,0,2,0,2019
17227038,N,07/31/2019,11:12 AM,45,11,1,1,5,2,1,34,1.0,227,9999,30.30440648,-97.84121072,RM,2244.0,6.485,RM2244,Y,Y,2,WED,10.0,10.0,0.0,4.0,14.0,47314.0,2018.0,3.1,,,,0,1,0,3,0,1,0,2019
17227076,N,08/10/2019,04:15 PM,45,11,1,1,20,2,4,20,1.0,227,22,30.19844814,-97.76410039,IH,35.0,228.673,IH0035,Y,N,2,SAT,24.0,24.0,42.0,6.0,11.0,148474.0,2018.0,11.3,,,,0,2,0,3,0,2,0,2019
17227160,N,08/11/2019,03:41 PM,70,11,1,1,20,2,4,20,1.0,227,22,30.17848291,-97.77858438,IH,35.0,227.049,IH0035,Y,N,2,SUN,6.0,20.0,30.0,6.0,11.0,156852.0,2018.0,11.1,,,,0,1,0,5,0,1,0,2019
17227164,N,08/11/2019,06:37 PM,65,11,1,1,20,2,4,22,1.0,227,22,,,SL,1.0,,SL0001,Y,N,1,SUN,,,,,,,,,,,,1,4,1,1,0,6,0,2019
17227172,N,08/11/2019,05:03 AM,65,12,3,1,11,2,4,20,1.0,227,22,30.34650586,-97.71036812,US,183.0,317.851,US0183,Y,N,2,SUN,13.0,13.0,8.0,5.0,12.0,139965.0,2018.0,3.6,,,,0,1,0,3,0,1,0,2019
17227672,N,07/31/2019,05:53 PM,60,11,1,1,20,2,4,30,1.0,227,9999,30.13029755,-97.64398281,FM,812.0,4.164,FM0812,Y,Y,4,WED,10.0,10.0,0.0,2.0,6.0,15228.0,2018.0,6.8,1.0,119.0,5.0,0,0,0,2,0,0,1,2019
17228899,N,08/05/2019,05:42 PM,65,11,1,1,5,2,4,20,1.0,227,1016,30.34914422,-97.54650009,US,290.0,134.95600000000002,US0290,Y,N,2,MON,12.0,20.0,46.0,4.0,14.0,51848.0,2018.0,6.4,,,,0,3,1,6,0,4,0,2019
17229525,N,08/13/2019,08:09 AM,65,11,1,1,8,2,1,10,1.0,227,9999,30.14420276,-97.69668104,US,183.0,334.061,US0183,Y,Y,2,TUE,8.0,8.0,0.0,4.0,14.0,17419.0,2018.0,9.9,1.0,316.0,1.0,0,4,0,0,0,4,0,2019
17229888,N,08/02/2019,04:00 PM,70,11,1,1,20,2,4,20,1.0,227,9999,30.44688354,-97.66724187,IH,35.0,247.187,IH0035,Y,Y,2,FRI,8.0,20.0,3.0,6.0,11.0,129244.0,2018.0,12.7,,,,0,1,0,2,0,1,0,2019
17229946,N,08/13/2019,01:30 PM,60,11,1,1,20,2,3,14,1.0,227,9999,30.21165098,-97.96813009,US,290.0,103.223,US0290,Y,Y,2,TUE,1.0,1.0,0.0,4.0,14.0,37680.0,2018.0,2.9,,,,0,1,0,4,0,1,0,2019
17230145,N,08/13/2019,04:35 PM,55,11,1,1,1,2,3,10,1.0,227,9999,30.25466447,-97.60677487,FM,969.0,6.574,FM0969,Y,Y,2,TUE,0.0,0.0,0.0,2.0,14.0,22309.0,2018.0,6.4,,,,0,1,1,0,0,2,0,2019
17230605,N,08/07/2019,01:26 PM,-1,11,1,1,5,2,1,34,1.0,227,22,30.40566973,-97.66875019999999,FM,734.0,12.211,FM0734,Y,N,2,WED,4.0,20.0,16.0,6.0,14.0,46970.0,2018.0,3.9,1.0,181.0,3.0,0,5,0,3,0,5,0,2019
17230608,N,08/07/2019,01:26 PM,-1,11,1,1,1,2,3,10,1.0,227,22,30.41849824,-97.84649181,RM,620.0,13.945,RM0620,Y,N,2,WED,8.0,8.0,0.0,4.0,14.0,50802.0,2018.0,3.1,,,,0,1,0,1,0,1,0,2019
17230611,N,08/08/2019,08:58 AM,55,12,1,1,20,2,4,22,1.0,227,22,30.42636877,-97.67115534,IH,35.0,245.757,IH0035,Y,N,2,THU,8.0,20.0,3.0,6.0,11.0,132719.0,2018.0,12.4,,,,0,2,0,2,0,2,0,2019
17230613,N,08/10/2019,07:40 PM,70,11,1,1,20,2,4,20,1.0,227,22,30.26426256,-97.73520336,IH,35.0,233.68,IH0035,Y,N,2,SAT,8.0,20.0,3.0,8.0,11.0,158343.0,2018.0,10.4,1.0,248.0,2.0,0,1,0,1,0,1,0,2019
17230619,N,08/12/2019,11:22 AM,55,11,1,1,5,2,1,10,1.0,227,22,30.40230849,-97.65732455,FM,734.0,12.946,FM0734,Y,N,1,MON,8.0,20.0,55.0,6.0,14.0,46970.0,2018.0,3.9,1.0,305.0,3.0,1,0,0,3,0,1,0,2019
17230648,N,08/12/2019,04:46 PM,-1,11,1,1,20,2,1,23,1.0,227,22,30.22840116,-97.74434759,IH,35.0,231.052,IH0035,Y,N,2,MON,4.0,20.0,3.0,6.0,11.0,157370.0,2018.0,10.5,,,,0,3,0,0,0,3,0,2019
17230663,N,08/12/2019,05:09 PM,-1,11,1,1,5,2,2,20,1.0,227,22,30.41330998,-97.69069982,FM,734.0,10.773,FM0734,Y,N,4,MON,10.0,20.0,36.0,6.0,14.0,56464.0,2018.0,3.8,,,,0,1,3,0,0,4,1,2019
17230674,N,08/13/2019,08:03 AM,-1,11,1,1,20,2,4,20,1.0,227,22,30.18411603,-97.77489619,IH,35.0,227.49400000000003,IH0035,Y,N,2,TUE,6.0,20.0,30.0,6.0,11.0,156852.0,2018.0,11.1,,,,0,1,4,0,0,5,0,2019
17230702,N,08/13/2019,10:13 AM,-1,11,1,1,5,1,1,1,1.0,227,22,30.39111111,-97.72182174,FM,1325.0,6.886,FM1325,Y,N,2,TUE,0.0,0.0,0.0,4.0,14.0,43120.0,2018.0,1.5,,,,0,1,0,1,0,1,0,2019
17230718,N,08/13/2019,04:30 PM,35,11,1,1,20,2,3,10,1.0,227,22,30.26040742,-97.75868207,SL,343.0,3.35,SL0343,Y,N,2,TUE,0.0,0.0,0.0,4.0,14.0,46479.0,2018.0,1.4,1.0,66.0,3.0,0,1,0,3,0,1,0,2019
17230724,N,08/13/2019,08:05 PM,-1,11,4,1,1,2,1,34,1.0,227,22,30.28670488,-97.67396049,FM,969.0,1.814,FM0969,Y,N,2,TUE,0.0,0.0,0.0,4.0,14.0,17992.0,2018.0,6.6,,,,0,2,1,3,0,3,0,2019
17233184,N,08/10/2019,11:26 PM,-1,11,3,1,11,7,4,1,2.0,227,22,30.24903285,-97.80534194,SL,1.0,18.065,SL0001,Y,N,2,SAT,12.0,20.0,500.0,6.0,12.0,153269.0,2018.0,1.2,,,,0,1,0,0,0,1,0,2019
17233186,N,08/13/2019,10:11 PM,-1,11,4,1,1,2,4,20,1.0,227,22,,,IH,35.0,,IH0035,Y,N,1,TUE,,,,,,,,,,,,1,0,2,2,0,3,0,2019
17233260,N,08/14/2019,08:02 AM,60,11,1,1,20,2,4,22,5.0,227,22,,,US,290.0,,US0290,Y,N,2,WED,,,,,,,,,,,,0,2,0,1,0,2,0,2019
17233271,N,08/14/2019,01:59 PM,55,12,1,1,20,7,4,1,4.0,227,22,30.32666223,-97.67020806,US,290.0,127.355,US0290,Y,N,2,WED,20.0,20.0,3.0,4.0,12.0,24503.0,2018.0,2.7,,,,0,1,0,1,0,1,0,2019
17233596,N,08/15/2019,12:10 PM,-1,11,1,1,1,2,4,20,1.0,227,22,30.35008901,-97.74933704,SL,1.0,9.827,SL0001,Y,N,2,THU,12.0,20.0,36.0,6.0,12.0,148872.0,2018.0,1.2,,,,0,1,1,0,0,2,0,2019
17233764,Y,08/14/2019,11:50 AM,55,11,1,1,8,2,1,14,1.0,227,671,30.10042727,-97.75624586,FM,1327.0,3.194,FM1327,Y,Y,2,WED,10.0,10.0,0.0,2.0,16.0,17645.0,2018.0,5.2,,,,0,1,0,1,0,1,0,2019
17235594,N,08/15/2019,11:19 AM,50,11,1,1,20,2,3,13,1.0,227,22,30.19796532,-97.7644895,IH,35.0,228.633,IH0035,Y,N,2,THU,24.0,24.0,42.0,6.0,11.0,170988.0,2018.0,10.7,,,,0,1,0,2,0,1,0,2019
17235598,N,08/15/2019,01:19 PM,65,11,1,1,20,2,4,21,1.0,227,22,30.34205548,-97.70310145,US,183.0,318.388,US0183,Y,N,2,THU,20.0,20.0,24.0,6.0,12.0,116357.0,2018.0,3.9,,,,0,1,0,1,0,1,0,2019
17235605,N,08/15/2019,09:52 PM,-1,11,4,1,5,2,1,10,1.0,227,22,30.38194413,-97.68635362,SL,275.0,3.107,SL0275,Y,N,2,THU,0.0,2.0,0.0,4.0,14.0,28204.0,2018.0,1.4,,,,0,2,0,3,0,2,0,2019
17235608,Y,08/16/2019,03:06 AM,55,11,4,1,20,2,2,13,1.0,227,22,30.14022565,-97.79601657,IH,35.0,224.201,IH0035,Y,N,1,FRI,6.0,20.0,30.0,6.0,11.0,128785.0,2018.0,12.2,,,,1,0,0,1,0,1,0,2019
17235610,N,08/16/2019,08:11 AM,55,11,1,1,20,2,1,34,1.0,227,22,30.4066208,-97.85252139,RM,620.0,13.053,RM0620,Y,N,2,FRI,8.0,8.0,0.0,4.0,14.0,50802.0,2018.0,3.1,,,,0,1,0,1,0,1,0,2019
17235661,N,07/26/2019,12:52 PM,40,11,1,1,20,2,3,13,1.0,227,22,30.3882929,-97.7444503,US,183.0,314.1020000000001,US0183,Y,N,2,FRI,20.0,20.0,36.0,6.0,12.0,146786.0,2018.0,1.9,,,,0,2,0,0,0,2,0,2019
17235662,Y,07/27/2019,01:37 AM,60,11,4,1,20,1,4,1,1.0,227,22,30.34554116,-97.6960916,IH,35.0,239.799,IH0035,Y,N,4,SAT,20.0,20.0,3.0,6.0,11.0,145168.0,2018.0,11.9,,,,0,0,0,2,0,0,1,2019
17235663,N,08/08/2019,02:22 PM,50,11,1,1,20,2,4,30,1.0,227,22,30.32220669,-97.81493695,SL,360.0,6.7620000000000005,SL0360,Y,N,2,THU,8.0,20.0,60.0,4.0,14.0,53846.0,2018.0,2.7,1.0,189.0,3.0,0,1,0,2,0,1,0,2019
17235673,N,08/14/2019,02:10 PM,-1,11,1,1,1,2,4,20,1.0,227,22,30.263669300000004,-97.78817272,SL,1.0,16.579,SL0001,Y,N,2,WED,10.0,16.0,60.0,7.0,12.0,153269.0,2018.0,1.2,1.0,158.0,1.0,0,1,0,2,0,1,0,2019
17235699,N,08/15/2019,09:42 PM,70,11,4,1,1,2,4,20,1.0,227,22,30.19729124,-97.76503276,IH,35.0,228.576,IH0035,Y,N,2,THU,24.0,24.0,42.0,6.0,11.0,170988.0,2018.0,10.7,,,,0,1,0,1,0,1,0,2019
17236455,N,08/05/2019,10:06 AM,55,11,1,1,8,2,1,10,1.0,227,9999,30.3520852,-98.06380379,SH,71.0,100.628,SH0071,Y,Y,1,MON,2.0,2.0,0.0,4.0,2.0,37755.0,2018.0,3.3,,,,2,0,0,0,0,2,0,2019
17237954,N,08/18/2019,05:47 PM,80,11,1,1,20,8,4,1,1.0,227,9999,30.22841881,-97.6203048,SH,130.0,34.912,SH0130,Y,Y,2,SUN,12.0,20.0,135.0,4.0,12.0,43413.0,2018.0,17.5,,,,0,1,0,0,1,1,0,2019
17237962,N,08/17/2019,10:00 PM,40,11,3,1,1,2,3,14,1.0,227,1258,30.27291524,-97.79825048,RM,2244.0,9.987,RM2244,Y,Y,2,SAT,0.0,0.0,0.0,4.0,14.0,36498.0,2018.0,3.4,,,,0,1,0,3,0,1,0,2019
17239803,N,07/24/2019,06:53 AM,40,11,1,1,20,2,1,34,1.0,227,22,30.37765043,-97.68878483,SL,275.0,3.4360000000000004,SL0275,Y,N,2,WED,0.0,2.0,0.0,4.0,14.0,29928.0,2018.0,1.4,,,,0,1,1,0,0,2,0,2019
17239822,N,08/16/2019,04:37 PM,45,11,1,1,20,2,4,22,1.0,227,22,30.28748214,-97.72437839,IH,35.0,235.411,IH0035,Y,N,2,FRI,20.0,40.0,3.0,8.0,11.0,202376.0,2018.0,9.3,,,,0,1,0,1,0,1,0,2019
17239915,N,08/16/2019,09:31 PM,45,11,4,1,20,2,1,10,1.0,227,22,30.21527015,-97.73507805,SH,71.0,124.481,SH0071,Y,N,2,FRI,20.0,20.0,44.0,8.0,12.0,85342.0,2018.0,3.6,,,,0,2,0,3,0,2,0,2019
17239922,N,08/17/2019,02:05 AM,65,11,4,1,20,10,4,1,1.0,227,22,,,,,,US0001,Y,N,2,SAT,,,,,,,,,,,,0,2,0,0,0,2,0,2019
17239924,N,08/17/2019,09:21 AM,40,11,1,1,5,2,1,34,1.0,227,22,30.36477532,-97.69604529,SL,275.0,4.421,SL0275,Y,N,2,SAT,0.0,0.0,0.0,4.0,14.0,37689.0,2018.0,1.2,,,,0,2,0,1,0,2,0,2019
17240032,N,08/18/2019,09:21 AM,-1,11,1,1,5,2,1,10,1.0,227,22,30.16744269,-97.7858369,IH,35.0,226.174,IH0035,Y,N,2,SUN,6.0,20.0,30.0,6.0,11.0,156852.0,2018.0,11.1,1.0,586.0,0.0,0,2,2,0,0,4,0,2019
17240034,N,08/18/2019,12:28 PM,55,11,1,1,5,2,2,22,1.0,227,22,30.16744269,-97.7858369,IH,35.0,226.174,IH0035,Y,N,2,SUN,6.0,20.0,30.0,6.0,11.0,156852.0,2018.0,11.1,1.0,586.0,0.0,0,1,2,1,0,3,0,2019
17240097,N,08/18/2019,12:32 PM,30,11,1,1,5,5,2,1,1.0,227,22,30.26579775,-97.73463464,IH,35.0,233.791,IH0035,Y,N,2,SUN,20.0,40.0,3.0,8.0,11.0,158343.0,2018.0,10.4,,,,0,1,0,1,0,1,0,2019
17240101,N,08/18/2019,05:32 PM,-1,11,1,1,5,2,2,22,1.0,227,22,30.32140749,-97.69590989,US,290.0,125.756,US0290,Y,N,2,SUN,12.0,20.0,24.0,5.0,12.0,55306.0,2018.0,6.3,1.0,1034.0,0.0,0,1,0,4,0,1,0,2019
17240105,N,08/18/2019,06:29 PM,60,11,1,1,20,2,4,20,1.0,227,22,30.22549093,-97.74605279999999,IH,35.0,230.828,IH0035,Y,N,2,SUN,4.0,20.0,3.0,6.0,11.0,157370.0,2018.0,10.5,,,,0,3,0,2,0,3,0,2019
17241428,N,08/20/2019,01:09 AM,55,11,4,1,20,1,4,1,1.0,227,22,,,SH,290.0,,SH0290,Y,N,1,TUE,,,,,,,,,,,,1,0,0,1,0,1,0,2019
17241433,N,08/20/2019,08:05 AM,-1,11,1,1,20,2,3,14,1.0,227,22,30.34245692,-97.76367404,RM,2222.0,8.046,RM2222,Y,N,2,TUE,0.0,0.0,0.0,4.0,14.0,27256.0,2018.0,3.8,1.0,39.0,10.0,0,1,0,1,0,1,0,2019
17242129,N,08/19/2019,06:59 AM,45,11,2,1,5,2,1,10,1.0,227,22,30.23660541,-97.83982325,US,290.0,111.51,US0290,Y,N,1,MON,20.0,20.0,42.0,5.0,12.0,68372.0,2018.0,2.7,1.0,465.0,0.0,1,0,0,1,0,1,0,2019
17242132,N,08/19/2019,04:50 PM,50,11,1,1,20,2,4,21,1.0,227,22,30.19021144,-97.77071017,IH,35.0,227.983,IH0035,Y,N,2,MON,24.0,24.0,42.0,6.0,11.0,156852.0,2018.0,11.1,,,,0,1,0,1,0,1,0,2019
17242141,N,08/19/2019,08:09 PM,-1,11,1,1,5,2,1,10,1.0,227,22,30.28919539,-97.72326549,IH,35.0,235.547,IH0035,Y,N,2,MON,8.0,20.0,24.0,8.0,11.0,202376.0,2018.0,9.3,,,,0,1,0,1,0,1,0,2019
17242199,Y,08/20/2019,11:32 AM,60,12,1,1,20,2,4,20,1.0,227,22,30.27598149,-97.73103682,IH,35.0,234.524,IH0035,Y,N,2,TUE,20.0,40.0,3.0,8.0,11.0,177389.0,2018.0,9.9,,,,0,1,1,2,0,2,0,2019
17242201,N,08/20/2019,12:39 PM,40,11,1,1,5,2,1,10,1.0,227,22,30.26670353,-97.73431686,IH,35.0,233.856,IH0035,Y,N,2,TUE,20.0,40.0,3.0,8.0,11.0,177389.0,2018.0,9.9,,,,0,2,0,1,0,2,0,2019
17242312,Y,08/20/2019,08:46 AM,55,11,1,1,5,2,2,22,1.0,227,9999,30.14978324,-97.69684387,US,183.0,333.67800000000005,US0183,Y,Y,2,TUE,8.0,8.0,0.0,4.0,14.0,17419.0,2018.0,9.9,,,,0,1,0,1,0,1,0,2019
17242687,N,08/20/2019,05:51 PM,-1,11,1,1,20,2,2,22,1.0,227,9999,30.2331103,-97.62702719,FM,973.0,26.961,FM0973,Y,Y,2,TUE,5.0,5.0,0.0,2.0,16.0,22301.0,2018.0,5.5,,,,0,1,0,5,0,1,0,2019
17244308,N,08/17/2019,05:43 PM,-1,11,1,1,5,2,1,46,1.0,227,9999,30.35240271,-97.5922647,FM,734.0,18.442,FM0734,Y,Y,2,SAT,4.0,4.0,66.0,4.0,14.0,22111.0,2018.0,4.8,,,,0,1,0,1,0,1,0,2019
17244494,N,08/19/2019,09:01 PM,-1,11,4,1,5,1,2,1,1.0,227,22,30.26244633,-97.74102359999999,SL,343.0,4.758,SL0343,Y,N,2,MON,10.0,10.0,0.0,4.0,14.0,24852.0,2018.0,2.0,,,,0,1,0,1,0,1,0,2019
17244495,N,08/20/2019,05:30 AM,75,11,4,1,20,7,4,1,2.0,227,22,30.42039161,-97.70423338,SL,1.0,3.976,SL0001,Y,N,2,TUE,20.0,20.0,36.0,6.0,12.0,97934.0,2018.0,8.4,,,,0,1,0,0,0,1,0,2019
17244562,Y,08/21/2019,06:45 AM,40,11,1,1,5,2,1,10,1.0,227,22,30.28304348,-97.72725377,IH,35.0,235.061,IH0035,Y,N,2,WED,20.0,40.0,3.0,8.0,11.0,202376.0,2018.0,9.3,1.0,45.0,5.0,0,1,0,1,0,1,0,2019
17244564,N,08/21/2019,07:15 AM,35,11,1,1,5,2,1,34,1.0,227,22,30.32827237,-97.65942166,US,290.0,128.01,US0290,Y,N,2,WED,20.0,20.0,3.0,5.0,12.0,24503.0,2018.0,2.7,1.0,655.0,0.0,0,1,0,4,0,1,0,2019
17245528,Y,08/19/2019,09:50 AM,55,11,1,1,5,2,1,34,1.0,227,22,30.35929871,-97.79117584,RM,2222.0,5.159,RM2222,Y,N,2,MON,4.0,10.0,15.0,4.0,14.0,51893.0,2018.0,3.1,1.0,136.0,7.0,0,1,0,2,0,1,0,2019
17245560,N,08/21/2019,06:36 PM,-1,11,1,1,1,7,4,1,4.0,227,22,30.23249482,-97.80066346,US,290.0,113.93,US0290,Y,N,2,WED,20.0,20.0,10.0,7.0,12.0,127013.0,2018.0,2.7,1.0,227.0,3.0,0,1,0,2,0,1,0,2019
17245607,N,08/22/2019,04:04 AM,70,11,4,1,1,1,4,1,1.0,227,22,,,IH,35.0,,IH0035,Y,N,1,THU,,,,,,,,,,,,1,0,0,1,0,1,0,2019
17246829,N,08/22/2019,05:55 PM,-1,11,1,1,1,2,4,34,1.0,227,9999,30.3724816,-97.62509386,FM,734.0,15.899,FM0734,Y,Y,2,THU,10.0,6.0,66.0,4.0,14.0,31624.0,2018.0,4.3,,,,0,1,1,3,0,2,0,2019
17248275,N,08/22/2019,05:27 AM,55,11,2,1,20,2,4,20,1.0,227,22,30.24251411,-97.68990494,US,183.0,327.112,US0183,Y,N,2,THU,6.0,10.0,36.0,4.0,14.0,97049.0,2018.0,5.6,1.0,408.0,4.0,0,1,0,3,0,1,0,2019
17248281,N,08/22/2019,12:39 PM,45,11,1,1,20,2,4,21,1.0,227,22,30.28282905,-97.65326918,FM,969.0,3.0860000000000003,FM0969,Y,N,2,THU,0.0,0.0,0.0,4.0,14.0,32176.0,2018.0,6.2,,,,0,2,0,0,0,2,0,2019
17248315,N,08/22/2019,06:15 PM,40,12,1,1,5,2,1,10,1.0,227,22,30.21848803,-97.69090747,SH,71.0,127.21,SH0071,Y,N,2,THU,4.0,5.0,44.0,6.0,12.0,70740.0,2018.0,4.0,,,,0,2,0,2,0,2,0,2019
17248317,N,08/22/2019,04:50 PM,35,11,1,1,8,2,2,22,1.0,227,22,30.4179374,-97.67275396,IH,35.0,245.17,IH0035,Y,N,2,THU,8.0,20.0,3.0,6.0,11.0,134367.0,2018.0,12.4,,,,0,1,0,0,0,1,0,2019
17248330,N,08/23/2019,08:25 AM,50,12,1,1,20,2,4,20,1.0,227,22,30.16072503,-97.78928455,IH,35.0,225.667,IH0035,Y,N,2,FRI,6.0,20.0,30.0,6.0,11.0,128785.0,2018.0,12.2,,,,0,1,0,1,0,1,0,2019
17253704,N,08/26/2019,05:06 PM,-1,11,1,1,20,2,4,20,1.0,227,22,30.3761518,-97.73944095,SL,1.0,7.931,SL0001,Y,N,2,MON,20.0,20.0,36.0,5.0,12.0,149361.0,2018.0,1.2,1.0,171.0,0.0,0,2,0,1,0,2,0,2019
17253801,N,08/19/2019,04:32 PM,-1,11,1,1,5,2,1,10,1.0,227,22,30.35806933,-97.68814856,IH,35.0,240.782,IH0035,Y,N,2,MON,20.0,20.0,3.0,6.0,11.0,138459.0,2018.0,12.2,,,,0,5,0,1,0,5,0,2019
17253859,N,08/23/2019,04:27 PM,55,11,1,1,1,2,4,21,1.0,227,22,,,,,,IH0183,Y,N,2,FRI,,,,,,,,,,,,0,1,0,1,0,1,0,2019
17253872,N,08/23/2019,02:38 PM,-1,11,1,1,5,2,2,22,1.0,227,22,30.33256829,-97.68650517,US,183.0,319.585,US0183,Y,N,2,FRI,4.0,10.0,24.0,5.0,12.0,65226.0,2018.0,6.6,,,,0,2,0,0,1,2,0,2019
17253964,N,08/23/2019,01:41 AM,-1,11,4,1,11,4,4,1,3.0,227,22,30.35169182,-97.69219784,IH,35.0,240.282,IH0035,Y,N,1,FRI,20.0,20.0,3.0,6.0,11.0,145168.0,2018.0,11.9,,,,2,0,0,1,2,2,0,2019
17253965,N,08/23/2019,09:37 AM,50,11,1,1,10,2,1,10,1.0,227,22,30.14280956,-97.80156193,FM,1626.0,0.354,FM1626,Y,N,2,FRI,1.0,1.0,0.0,2.0,16.0,14556.0,2018.0,4.7,1.0,80.0,3.0,0,1,0,1,0,1,0,2019
17253971,Y,08/24/2019,12:35 AM,65,11,3,1,11,2,4,20,1.0,227,22,30.23292349,-97.74167296,IH,35.0,231.402,IH0035,Y,N,2,SAT,4.0,20.0,3.0,6.0,11.0,150700.0,2018.0,10.7,,,,0,1,0,1,0,1,0,2019
17253997,N,08/24/2019,02:41 PM,-1,11,1,1,11,2,4,20,1.0,227,22,30.27196347,-97.77308004,SL,1.0,15.5,SL0001,Y,N,2,SAT,12.0,20.0,36.0,6.0,12.0,139370.0,2018.0,1.2,,,,0,2,0,2,0,2,0,2019