Crash_ID,Cmv_Involv_Fl,Crash_Date,Crash_Time,Crash_Speed_Limit,Wthr_Cond_ID,Light_Cond_ID,Surf_Cond_ID,Traffic_Cntl_ID,Harm_Evnt_ID,Intrsct_Relat_ID,FHE_Collsn_ID,Road_Relat_ID,Cnty_ID,City_ID,Latitude,Longitude,Hwy_Sys,Hwy_Nbr,Dfo,Street_Name,Onsys_Fl,Rural_Fl,Crash_Sev_ID,Day_of_Week,Shldr_Width_Left,Shldr_Width_Right,Median_Width,Nbr_Of_Lane,Func_Sys_ID,Adt_Curnt_Amt,Adt_Curnt_Year,Trk_Aadt_Pct,Curve_Type_ID,Curve_Lngth,Cd_Degr,Sus_Serious_Injry_Cnt,Nonincap_Injry_Cnt,Poss_Injry_Cnt,Non_Injry_Cnt,Unkn_Injry_Cnt,Tot_Injry_Cnt,Death_Cnt,Year
17254113,N,08/25/2019,04:27 AM,70,11,4,1,20,7,4,1,2.0,227,22,30.21545699,-97.7363192,SH,71.0,124.406,SH0071,Y,N,2,SUN,20.0,20.0,32.0,8.0,12.0,122565.0,2018.0,3.2,,,,0,1,0,0,0,1,0,2019
17254130,N,08/25/2019,06:28 PM,50,11,1,1,1,7,4,1,2.0,227,22,30.180335600000003,-97.77737158,IH,35.0,227.195,IH0035,Y,N,1,SUN,6.0,20.0,30.0,6.0,11.0,156852.0,2018.0,11.1,,,,1,0,0,0,0,1,0,2019
17254132,N,08/25/2019,10:04 PM,-1,11,3,1,20,2,4,22,1.0,227,22,30.25914908,-97.7370301,IH,35.0,233.312,IH0035,Y,N,2,SUN,8.0,20.0,3.0,8.0,11.0,142856.0,2018.0,11.0,1.0,76.0,3.0,0,1,0,4,0,1,0,2019
17254211,N,08/26/2019,05:50 PM,-1,11,1,1,9,2,1,34,1.0,227,22,30.25231297,-97.76413177,SL,343.0,2.695,SL0343,Y,N,2,MON,0.0,0.0,0.0,4.0,14.0,46479.0,2018.0,1.4,,,,0,1,0,1,0,1,0,2019
17254212,N,08/26/2019,06:49 PM,45,11,1,1,15,5,1,3,1.0,227,22,30.18593481,-97.81631823,FM,2304.0,1.106,FM2304,Y,N,1,MON,13.0,14.0,0.0,4.0,14.0,35199.0,2018.0,3.5,,,,1,0,0,1,0,1,0,2019
17254214,N,08/26/2019,05:37 PM,50,11,1,1,11,2,4,22,1.0,227,22,30.40095907,-97.74580543,US,183.0,313.207,US0183,Y,N,2,MON,20.0,20.0,36.0,6.0,12.0,137676.0,2018.0,2.0,1.0,270.0,1.0,0,1,0,2,0,1,0,2019
17254518,N,08/27/2019,07:23 AM,35,11,1,1,11,2,4,22,1.0,227,671,30.08926648,-97.73469655,FM,1625.0,4.744,FM1625,Y,Y,2,TUE,0.0,0.0,0.0,2.0,17.0,6758.0,2018.0,8.3,,,,0,2,0,1,0,2,0,2019
17254522,N,08/17/2019,10:21 PM,45,11,4,1,20,2,1,14,1.0,227,22,30.34119313,-97.7769325,RM,2222.0,7.2010000000000005,RM2222,Y,N,4,SAT,0.0,0.0,0.0,4.0,14.0,27256.0,2018.0,3.8,,,,0,0,0,2,0,0,2,2019
17255294,N,08/24/2019,02:27 AM,65,12,3,1,11,10,4,1,2.0,227,9999,30.15793305,-97.69474989,US,183.0,333.102,US0183,Y,Y,1,SAT,8.0,8.0,0.0,4.0,14.0,23967.0,2018.0,8.1,,,,1,0,1,0,0,2,0,2019
17256933,N,08/23/2019,06:13 PM,-1,11,1,1,1,2,4,22,1.0,227,538,30.30837387,-97.96781170000001,RM,3238.0,6.659,RM3238,Y,Y,1,FRI,1.0,1.0,0.0,2.0,16.0,17316.0,2018.0,4.2,,,,1,0,0,1,1,1,0,2019
17258450,Y,08/29/2019,07:25 AM,70,11,1,1,20,2,4,20,1.0,227,9999,30.35619583,-97.58974574,SH,130.0,24.757,SH0130,Y,Y,2,THU,8.0,20.0,135.0,4.0,12.0,39424.0,2018.0,17.9,,,,0,1,0,4,0,1,0,2019
17258567,N,08/26/2019,10:53 AM,55,11,1,1,1,2,4,22,1.0,227,22,30.42531949,-97.84386467,RM,620.0,14.44,RM0620,Y,N,2,MON,8.0,8.0,0.0,4.0,14.0,50802.0,2018.0,3.1,,,,0,2,0,1,0,2,0,2019
17258574,Y,08/27/2019,01:37 AM,75,11,4,1,20,2,4,20,1.0,227,22,30.41059626,-97.71069265,SL,1.0,4.767,SL0001,Y,N,2,TUE,28.0,28.0,36.0,9.0,12.0,112974.0,2018.0,1.6,1.0,425.0,1.0,0,2,0,1,0,2,0,2019
17258580,Y,08/27/2019,09:55 AM,70,11,1,1,20,2,4,22,1.0,227,22,30.1842157,-97.77483012,IH,35.0,227.502,IH0035,Y,N,2,TUE,6.0,20.0,30.0,6.0,11.0,156852.0,2018.0,11.1,,,,0,1,0,1,0,1,0,2019
17258634,N,08/27/2019,10:36 AM,-1,12,1,1,1,2,4,22,1.0,227,22,30.39201312,-97.83157643,RM,2222.0,1.696,RM2222,Y,N,2,TUE,8.0,8.0,0.0,4.0,14.0,42777.0,2018.0,3.2,1.0,158.0,4.0,0,1,0,0,1,1,0,2019
17258648,N,08/27/2019,05:20 PM,60,12,1,1,20,2,2,22,1.0,227,22,30.20321274,-97.63948059,SH,71.0,130.719,SH0071,Y,N,2,TUE,0.0,0.0,180.0,6.0,14.0,53382.0,2018.0,8.3,,,,0,1,0,1,0,1,0,2019
17258720,N,08/28/2019,07:02 AM,75,11,2,1,20,2,4,22,1.0,227,22,30.43437068,-97.69957233,SL,1.0,2.9760000000000004,SL0001,Y,N,2,WED,20.0,20.0,36.0,6.0,12.0,64650.0,2018.0,2.0,1.0,150.0,1.0,0,1,0,1,0,1,0,2019
17258743,N,08/28/2019,11:56 AM,45,11,1,1,5,2,2,20,1.0,227,22,30.2856397,-97.66535824,US,183.0,323.551,US0183,Y,N,2,WED,16.0,20.0,36.0,4.0,14.0,67460.0,2018.0,6.6,,,,0,1,0,2,0,1,0,2019
17258752,N,08/28/2019,01:00 PM,-1,11,1,1,20,2,4,20,1.0,227,22,30.38001323,-97.73870925,US,183.0,314.777,US0183,Y,N,2,WED,20.0,20.0,36.0,6.0,12.0,146786.0,2018.0,1.9,,,,0,1,0,2,0,1,0,2019
17258753,N,08/28/2019,01:32 PM,55,11,1,1,20,2,4,20,1.0,227,22,30.38506651,-97.76670032,SL,360.0,1.4240000000000002,SL0360,Y,N,2,WED,8.0,20.0,48.0,4.0,14.0,53584.0,2018.0,2.7,1.0,104.0,2.0,0,1,1,0,0,2,0,2019
17258762,N,08/28/2019,04:09 PM,-1,11,1,1,5,2,1,21,1.0,227,22,30.34050179,-97.5911026,US,290.0,132.21,US0290,Y,N,1,WED,20.0,20.0,3.0,5.0,12.0,34434.0,2018.0,8.4,,,,1,0,0,1,0,1,0,2019
17258824,N,08/29/2019,09:11 AM,75,11,1,1,20,2,4,20,1.0,227,22,30.4311157,-97.70064687,SL,1.0,3.209,SL0001,Y,N,2,THU,20.0,20.0,36.0,6.0,12.0,64650.0,2018.0,2.0,1.0,192.0,0.0,0,1,0,1,0,1,0,2019
17258889,N,08/29/2019,11:43 AM,45,11,1,1,20,2,4,21,1.0,227,22,30.35109136,-97.69257798,IH,35.0,240.235,IH0035,Y,N,2,THU,20.0,20.0,3.0,6.0,11.0,145168.0,2018.0,11.9,,,,0,1,0,1,0,1,0,2019
17260206,N,08/24/2019,04:48 PM,50,11,1,1,8,2,1,14,1.0,227,895,30.50333746,-97.91555344,RM,1431.0,51.578,RM1431,Y,Y,1,SAT,3.0,3.0,0.0,4.0,6.0,20913.0,2018.0,3.8,1.0,129.0,0.0,1,0,1,0,0,2,0,2019
17261955,N,08/31/2019,05:38 PM,60,11,1,1,6,2,1,10,1.0,227,9999,30.18271668,-97.54115154,SH,71.0,137.089,SH0071,Y,Y,1,SAT,6.0,10.0,40.0,4.0,2.0,40580.0,2018.0,9.6,1.0,384.0,1.0,1,0,0,3,0,1,0,2019
17262347,N,09/01/2019,07:20 AM,65,11,1,1,8,2,1,14,1.0,227,9999,30.35662267,-97.60001679,FM,734.0,17.895,FM0734,Y,Y,2,SUN,4.0,4.0,66.0,4.0,14.0,22111.0,2018.0,4.8,1.0,382.0,2.0,0,1,1,0,0,2,0,2019
17263062,N,08/19/2019,05:28 PM,70,12,1,1,20,2,4,20,1.0,227,372,30.47951469,-97.67369132,IH,35.0,249.49400000000003,IH0035,Y,N,1,MON,16.0,20.0,3.0,6.0,11.0,162734.0,2018.0,11.4,,,,1,0,1,3,0,2,0,2019
17263163,N,08/30/2019,05:43 PM,40,12,1,1,12,2,4,20,1.0,227,9999,30.44743805,-97.85843364,RM,2769.0,4.756,RM2769,Y,Y,2,FRI,3.0,3.0,0.0,2.0,16.0,7248.0,2018.0,8.0,1.0,70.0,8.0,0,1,0,1,0,1,0,2019
17267176,N,08/12/2019,09:03 PM,70,11,4,1,20,2,4,20,1.0,227,22,30.17033434,-97.78392829,IH,35.0,226.404,IH0035,Y,N,2,MON,6.0,20.0,30.0,6.0,11.0,156852.0,2018.0,11.1,1.0,586.0,0.0,0,2,0,5,0,2,0,2019
17267195,N,08/19/2019,02:00 AM,70,11,4,1,17,2,4,20,1.0,227,22,30.17801187,-97.77889273,IH,35.0,227.011,IH0035,Y,N,2,MON,6.0,20.0,30.0,6.0,11.0,156852.0,2018.0,11.1,,,,0,1,0,3,0,1,0,2019
17267199,N,08/23/2019,12:58 PM,-1,11,1,1,5,5,4,1,1.0,227,22,30.21630058,-97.75140957,IH,35.0,230.11900000000003,IH0035,Y,N,4,FRI,4.0,20.0,3.0,6.0,11.0,157370.0,2018.0,10.5,,,,0,0,0,1,0,0,1,2019
17267201,N,08/24/2019,08:13 PM,45,2,1,2,5,2,1,10,1.0,227,22,30.27356299,-97.69790834,SL,111.0,0.72,SL0111,Y,N,2,SAT,1.0,2.0,0.0,4.0,14.0,31328.0,2018.0,1.8,,,,0,2,0,3,0,2,0,2019
17267204,N,08/26/2019,05:48 PM,-1,11,1,1,8,2,1,10,1.0,227,22,30.17295018,-97.78529633,SL,275.0,20.758000000000006,SL0275,Y,N,2,MON,0.0,0.0,0.0,4.0,14.0,17455.0,2018.0,1.8,,,,0,1,0,1,0,1,0,2019
17267206,Y,08/26/2019,04:53 AM,45,11,3,1,20,2,3,14,1.0,227,22,30.21630801,-97.74770223,SH,71.0,123.723,SH0071,Y,N,1,MON,20.0,20.0,32.0,6.0,12.0,122565.0,2018.0,3.2,1.0,202.0,0.0,1,0,0,1,0,1,0,2019
17267208,N,08/27/2019,11:30 AM,40,11,1,1,1,2,4,22,1.0,227,22,30.23682159,-97.73937581,IH,35.0,231.703,IH0035,Y,N,2,TUE,4.0,20.0,3.0,6.0,11.0,150700.0,2018.0,10.7,,,,0,1,0,0,1,1,0,2019
17267272,N,08/29/2019,04:08 PM,65,11,1,1,1,2,4,22,1.0,227,22,,,SL,1.0,,SL0001,Y,N,2,THU,,,,,,,,,,,,0,1,0,1,0,1,0,2019
17267278,N,08/29/2019,05:30 AM,-1,11,3,1,1,10,1,1,1.0,227,22,30.34177408,-97.6984764,IH,35.0,239.504,IH0035,Y,N,2,THU,20.0,20.0,3.0,6.0,11.0,145168.0,2018.0,11.9,,,,0,1,0,0,1,1,0,2019
17267343,N,08/30/2019,10:18 AM,45,11,1,1,20,2,4,20,1.0,227,22,30.19274125,-97.76869969,IH,35.0,228.194,IH0035,Y,N,2,FRI,24.0,24.0,42.0,6.0,11.0,170988.0,2018.0,10.7,1.0,208.0,0.0,0,1,0,2,0,1,0,2019
17267347,N,08/30/2019,11:33 AM,-1,11,1,1,21,2,1,10,1.0,227,22,30.29420905,-97.7200531,IH,35.0,235.941,IH0035,Y,N,2,FRI,8.0,20.0,24.0,8.0,11.0,202376.0,2018.0,9.3,,,,0,3,0,2,0,3,0,2019
17267488,N,08/30/2019,02:25 PM,50,11,1,1,5,2,1,10,1.0,227,22,,,SH,71.0,,SH0071,Y,N,2,FRI,,,,,,,,,,,,0,1,0,2,0,1,0,2019
17267491,N,08/31/2019,01:38 AM,-1,11,3,1,20,7,4,1,2.0,227,22,30.33064991,-97.62523778,US,290.0,130.055,US0290,Y,N,1,SAT,20.0,20.0,3.0,6.0,12.0,34434.0,2018.0,8.4,,,,1,1,0,0,0,2,0,2019
17267517,N,08/31/2019,04:45 PM,60,11,1,1,12,2,4,20,1.0,227,22,,,IH,35.0,,IH0035,Y,N,2,SAT,,,,,,,,,,,,0,1,0,1,0,1,0,2019
17267644,N,08/31/2019,08:35 PM,45,11,4,1,21,2,1,10,1.0,227,22,30.28564453,-97.6653595,US,183.0,323.551,US0183,Y,N,2,SAT,16.0,20.0,36.0,4.0,14.0,67460.0,2018.0,6.6,,,,0,1,0,2,0,1,0,2019
17267657,N,09/01/2019,01:34 AM,-1,11,4,1,20,2,4,22,1.0,227,22,30.31181367,-97.70902383,IH,35.0,237.32,IH0035,Y,N,2,SUN,8.0,20.0,24.0,8.0,11.0,193850.0,2018.0,9.5,,,,0,2,0,1,0,2,0,2019
17267658,N,09/01/2019,02:34 AM,-1,11,4,1,15,1,2,2,1.0,227,22,30.26339563,-97.74449683,SL,343.0,4.54,SL0343,Y,N,1,SUN,10.0,10.0,0.0,4.0,14.0,27900.0,2018.0,1.9,,,,1,0,0,0,0,1,0,2019
17267719,N,09/01/2019,03:50 PM,-1,11,1,1,5,2,1,10,1.0,227,22,30.24080479,-97.73699458,IH,35.0,232.012,IH0035,Y,N,2,SUN,4.0,16.0,40.0,6.0,11.0,150700.0,2018.0,10.7,,,,0,1,0,0,3,1,0,2019
17267724,N,09/01/2019,06:25 PM,-1,11,1,1,1,2,1,10,1.0,227,9999,30.263652,-97.81673148,SL,360.0,11.393,SL0360,Y,Y,2,SUN,8.0,20.0,60.0,4.0,14.0,55818.0,2018.0,2.6,,,,0,1,1,7,0,2,0,2019
17267743,N,09/01/2019,06:25 PM,70,11,1,1,1,8,4,1,1.0,227,22,30.26758787,-97.67020704,US,183.0,324.826,US0183,Y,N,2,SUN,18.0,16.0,36.0,4.0,14.0,67460.0,2018.0,6.6,,,,0,1,0,0,0,1,0,2019
17267744,N,09/01/2019,01:08 AM,-1,11,4,1,11,4,4,1,2.0,227,22,30.36570012,-97.68334222,IH,35.0,241.38,IH0035,Y,N,4,SUN,8.0,20.0,3.0,6.0,11.0,138459.0,2018.0,12.2,,,,1,0,0,0,2,1,1,2019
17267811,N,09/02/2019,08:45 PM,-1,11,4,1,1,2,4,20,1.0,227,22,30.25446338,-97.73670449,IH,35.0,232.987,IH0035,Y,N,2,MON,8.0,20.0,3.0,8.0,11.0,142856.0,2018.0,11.0,,,,0,1,0,10,0,1,0,2019
17267815,N,09/03/2019,06:55 AM,70,11,2,1,1,2,4,20,1.0,227,22,30.40018367,-97.67392259,IH,35.0,243.927,IH0035,Y,N,2,TUE,8.0,20.0,3.0,6.0,11.0,159315.0,2018.0,11.5,1.0,438.0,1.0,0,2,3,0,0,5,0,2019
17267816,N,09/03/2019,06:28 AM,-1,11,4,1,20,2,4,22,1.0,227,22,30.24954019,-97.73567895,IH,35.0,232.643,IH0035,Y,N,1,TUE,4.0,10.0,3.0,6.0,11.0,142856.0,2018.0,11.0,1.0,238.0,3.0,1,0,0,1,0,1,0,2019
17267821,N,09/03/2019,08:40 AM,-1,11,1,1,20,2,4,22,1.0,227,22,30.43624581,-97.66927534,IH,35.0,246.446,IH0035,Y,N,2,TUE,8.0,20.0,3.0,6.0,11.0,132719.0,2018.0,12.4,,,,0,3,0,1,0,3,0,2019
17267908,N,09/03/2019,06:26 PM,-1,11,1,1,1,5,3,2,1.0,227,22,30.22716835,-97.77061073,US,290.0,115.821,US0290,Y,N,2,TUE,20.0,20.0,42.0,8.0,12.0,148990.0,2018.0,2.4,1.0,328.0,2.0,0,1,0,1,0,1,0,2019
17267910,N,09/03/2019,06:09 PM,60,11,1,1,5,2,1,10,1.0,227,22,30.33465985,-97.60759425,US,290.0,131.14600000000002,US0290,Y,N,2,TUE,20.0,20.0,3.0,6.0,12.0,34434.0,2018.0,8.4,,,,0,1,0,1,0,1,0,2019
17267913,N,09/03/2019,07:53 PM,55,11,3,1,20,2,4,20,1.0,227,22,30.398063399999995,-97.73174486,SL,1.0,6.352,SL0001,Y,N,2,TUE,24.0,20.0,36.0,6.0,12.0,112347.0,2018.0,1.6,1.0,386.0,1.0,0,1,0,0,2,1,0,2019
17268937,Y,08/28/2019,02:20 PM,55,11,1,1,5,2,1,10,1.0,227,330,30.424226899999997,-97.58812835,SH,130.0,19.892,SH0130,Y,N,2,WED,8.0,20.0,135.0,6.0,12.0,45033.0,2018.0,17.2,,,,0,1,1,2,0,2,0,2019
17269131,N,08/31/2019,11:00 PM,40,11,3,1,1,2,4,30,1.0,227,1258,30.27164567,-97.79635827,RM,2244.0,10.131,RM2244,Y,Y,1,SAT,0.0,0.0,0.0,4.0,14.0,36498.0,2018.0,3.4,1.0,53.0,18.0,2,1,1,0,0,4,0,2019
17270666,N,09/05/2019,07:46 AM,55,11,1,1,5,2,1,34,1.0,227,250,30.36484372,-97.95191003,RM,620.0,4.828,RM0620,Y,N,1,THU,8.0,8.0,0.0,4.0,14.0,43643.0,2018.0,3.2,1.0,78.0,2.0,1,0,2,0,0,3,0,2019
17270690,Y,09/02/2019,03:09 AM,60,11,4,1,20,1,4,1,1.0,227,22,30.27682232,-97.7307038,IH,35.0,234.586,IH0035,Y,N,4,MON,20.0,40.0,3.0,8.0,11.0,177389.0,2018.0,9.9,1.0,119.0,0.0,0,0,0,2,0,0,1,2019
17270708,N,09/04/2019,09:23 AM,70,12,1,1,20,7,4,1,2.0,227,22,30.19951901,-97.76321994,IH,35.0,228.764,IH0035,Y,N,1,WED,24.0,24.0,42.0,6.0,11.0,148474.0,2018.0,11.3,,,,1,0,0,0,0,1,0,2019
17270791,N,09/04/2019,10:52 AM,30,11,1,1,5,2,4,21,1.0,227,22,30.25358907,-97.73652924,IH,35.0,232.926,IH0035,Y,N,2,WED,4.0,10.0,3.0,6.0,11.0,142856.0,2018.0,11.0,,,,0,1,0,1,0,1,0,2019
17270821,N,09/04/2019,02:15 PM,40,11,1,1,5,2,2,22,1.0,227,22,30.24843017,-97.76999803,SL,343.0,2.246,SL0343,Y,N,2,WED,0.0,0.0,0.0,4.0,14.0,36688.0,2018.0,1.5,,,,0,1,0,0,1,1,0,2019
17270863,N,09/05/2019,06:47 AM,60,11,4,1,20,7,4,1,4.0,227,22,30.25580443,-97.73693764,IH,35.0,233.08,IH0035,Y,N,1,THU,8.0,20.0,3.0,8.0,11.0,142856.0,2018.0,11.0,,,,1,0,0,0,0,1,0,2019
17270864,Y,09/05/2019,06:11 AM,-1,11,4,1,20,2,4,22,1.0,227,22,30.18846107,-97.77200678,IH,35.0,227.84,IH0035,Y,N,2,THU,6.0,20.0,30.0,6.0,11.0,156852.0,2018.0,11.1,,,,0,1,0,1,0,1,0,2019
17270865,N,09/05/2019,06:33 AM,60,11,4,1,1,2,4,22,1.0,227,22,30.31755619,-97.70740567,IH,35.0,237.728,IH0035,Y,N,2,THU,8.0,20.0,24.0,8.0,11.0,193850.0,2018.0,9.5,1.0,274.0,0.0,0,2,0,4,0,2,0,2019
17270879,N,09/05/2019,12:15 PM,60,11,1,1,20,2,4,22,1.0,227,22,30.26644071,-97.73440906,IH,35.0,233.838,IH0035,Y,N,2,THU,20.0,40.0,3.0,8.0,11.0,177389.0,2018.0,9.9,,,,0,1,1,1,0,2,0,2019
17270894,N,09/05/2019,01:15 PM,45,11,1,1,5,2,1,34,1.0,227,22,30.27680779,-97.63726807,FM,969.0,4.131,FM0969,Y,N,2,THU,4.0,4.0,0.0,4.0,14.0,20957.0,2018.0,6.4,1.0,256.0,3.0,0,2,0,0,0,2,0,2019
17272010,N,09/06/2019,08:28 AM,70,11,1,1,20,2,4,20,1.0,227,22,30.21266948,-97.65824165,SH,71.0,129.423,SH0071,Y,N,2,FRI,10.0,8.0,2.0,4.0,12.0,66025.0,2018.0,4.1,,,,0,2,0,1,0,2,0,2019
17272789,N,09/05/2019,03:49 PM,30,11,1,1,5,2,1,10,1.0,227,22,30.28584798,-97.68262969,FM,969.0,1.294,FM0969,Y,N,2,THU,0.0,0.0,0.0,4.0,14.0,17992.0,2018.0,6.6,,,,0,3,0,2,0,3,0,2019
17272827,N,01/04/2019,08:43 AM,60,11,1,1,1,2,4,22,1.0,227,22,30.33267175,-97.70422313,IH,35.0,238.79,IH0035,Y,N,2,FRI,20.0,20.0,3.0,6.0,11.0,199837.0,2018.0,9.4,1.0,409.0,1.0,0,1,0,5,0,1,0,2019
17272829,N,09/01/2019,11:28 PM,35,11,4,1,5,8,1,1,1.0,227,22,30.34259639,-97.76300978,RM,2222.0,8.088,RM2222,Y,N,2,SUN,0.0,0.0,0.0,4.0,14.0,27256.0,2018.0,3.8,,,,0,1,0,0,0,1,0,2019
17272833,N,09/05/2019,06:58 PM,55,11,1,1,1,2,4,21,1.0,227,22,30.27682239,-97.73070377,IH,35.0,234.586,IH0035,Y,N,2,THU,20.0,40.0,3.0,8.0,11.0,177389.0,2018.0,9.9,1.0,119.0,0.0,0,1,0,1,0,1,0,2019
17272843,Y,09/05/2019,07:48 PM,70,11,4,1,1,2,4,22,1.0,227,22,30.27099253,-97.73269868,IH,35.0,234.167,IH0035,Y,N,2,THU,20.0,40.0,3.0,8.0,11.0,177389.0,2018.0,9.9,,,,0,1,0,10,0,1,0,2019
17272856,N,09/06/2019,08:25 AM,55,11,1,1,20,2,4,21,1.0,227,22,30.40894409,-97.71385467,SL,1.0,4.989,SL0001,Y,N,2,FRI,28.0,28.0,36.0,9.0,12.0,112974.0,2018.0,1.6,1.0,425.0,1.0,0,2,0,0,1,2,0,2019
17272885,N,09/06/2019,08:51 AM,65,11,1,1,20,2,4,20,1.0,227,22,30.41498062,-97.6733128,IH,35.0,244.96400000000003,IH0035,Y,N,2,FRI,8.0,20.0,3.0,6.0,11.0,134367.0,2018.0,12.4,,,,0,1,0,0,1,1,0,2019
17272887,N,09/06/2019,08:09 AM,-1,11,1,1,11,2,4,21,1.0,227,22,30.26229987,-97.740502,SL,343.0,4.79,SL0343,Y,N,2,FRI,10.0,10.0,0.0,4.0,14.0,30614.0,2018.0,1.8,,,,0,1,0,2,0,1,0,2019
17276046,N,08/31/2019,06:46 PM,50,11,4,1,20,2,2,20,1.0,227,22,30.343138500000002,-97.69761263,IH,35.0,239.611,IH0035,Y,N,2,SAT,20.0,20.0,3.0,6.0,11.0,145168.0,2018.0,11.9,,,,0,4,0,0,1,4,0,2019
17276055,N,09/06/2019,05:40 PM,35,11,1,1,8,2,1,34,1.0,227,22,30.24617953,-97.77876048,SL,343.0,1.696,SL0343,Y,N,2,FRI,0.0,0.0,0.0,4.0,14.0,36688.0,2018.0,1.5,,,,0,1,0,7,0,1,0,2019
17276114,N,09/07/2019,02:59 AM,-1,11,4,1,20,2,4,20,1.0,227,22,30.34300341,-97.69769816,IH,35.0,239.6,IH0035,Y,N,2,SAT,20.0,20.0,3.0,6.0,11.0,145168.0,2018.0,11.9,,,,0,1,0,2,0,1,0,2019
17276149,N,09/07/2019,08:17 AM,40,11,1,1,5,7,2,1,2.0,227,22,30.37290169,-97.72647196,FM,1325.0,8.169,FM1325,Y,N,1,SAT,0.0,0.0,40.0,4.0,14.0,43120.0,2018.0,1.5,,,,1,0,0,0,0,1,0,2019
17276263,Y,09/07/2019,11:01 PM,65,11,4,1,1,2,4,20,1.0,227,22,30.23555091,-97.74012388,IH,35.0,231.605,IH0035,Y,N,2,SAT,4.0,20.0,3.0,6.0,11.0,150700.0,2018.0,10.7,,,,0,1,0,1,0,1,0,2019
17276341,N,09/08/2019,03:47 PM,50,11,1,1,21,2,1,10,1.0,227,22,30.198450399999995,-97.76409857,IH,35.0,228.673,IH0035,Y,N,2,SUN,24.0,24.0,42.0,6.0,11.0,148474.0,2018.0,11.3,,,,0,1,2,0,0,3,0,2019
17276363,N,09/08/2019,04:12 PM,55,11,1,1,1,2,3,23,1.0,227,22,30.17280514,-97.78230114,IH,35.0,226.6,IH0035,Y,N,2,SUN,6.0,20.0,30.0,6.0,11.0,156852.0,2018.0,11.1,,,,0,2,0,1,0,2,0,2019
17276429,N,09/09/2019,05:49 AM,55,11,2,1,1,2,4,22,1.0,227,22,,,SH,71.0,,SH0071,Y,N,1,MON,,,,,,,,,,,,1,0,1,0,0,2,0,2019
17278107,N,09/01/2019,12:09 AM,60,11,4,1,20,2,4,20,1.0,227,22,,,IH,35.0,,IH0035,Y,N,2,SUN,,,,,,,,,,,,0,1,0,1,0,1,0,2019
17278111,N,09/07/2019,12:17 PM,-1,11,1,1,20,2,3,11,1.0,227,22,30.36138241,-97.6860587,IH,35.0,241.042,IH0035,Y,N,2,SAT,8.0,20.0,3.0,6.0,11.0,138459.0,2018.0,12.2,,,,0,4,0,0,0,4,0,2019
17278159,N,09/09/2019,04:02 PM,70,11,1,1,20,2,4,22,1.0,227,22,30.34989148,-97.69333757,IH,35.0,240.14,IH0035,Y,N,2,MON,20.0,20.0,3.0,6.0,11.0,145168.0,2018.0,11.9,,,,0,1,3,4,0,4,0,2019
17278167,N,09/09/2019,06:21 PM,-1,11,1,1,20,2,4,20,1.0,227,22,30.301605900000002,-97.75837862,SL,1.0,13.242,SL0001,Y,N,2,MON,12.0,20.0,60.0,6.0,12.0,150574.0,2018.0,1.2,,,,0,1,1,0,0,2,0,2019
17278585,N,09/02/2019,04:45 PM,60,11,1,1,20,10,4,1,2.0,227,372,30.47464234,-97.67215277,IH,35.0,249.147,IH0035,Y,N,1,MON,16.0,20.0,3.0,6.0,11.0,162734.0,2018.0,11.4,,,,2,0,0,0,0,2,0,2019
17278717,N,09/08/2019,01:21 AM,45,11,3,1,20,10,4,1,1.0,227,9999,30.4541776,-97.66364649,FS,1825.0,0.403,FS1825,Y,Y,4,SUN,8.0,8.0,0.0,2.0,16.0,10460.0,2018.0,6.4,,,,0,0,0,0,0,0,1,2019
17280037,N,09/09/2019,04:14 PM,55,11,1,1,20,2,1,30,1.0,227,895,30.48259679,-97.93215379,RM,1431.0,49.629,RM1431,Y,Y,1,MON,2.0,2.0,0.0,4.0,6.0,19578.0,2018.0,3.9,1.0,183.0,0.0,4,0,0,3,0,4,0,2019
17280672,N,09/04/2019,09:03 AM,65,11,1,1,1,2,4,22,1.0,227,22,30.39302225,-97.73351219,SL,1.0,6.715,SL0001,Y,N,2,WED,24.0,20.0,36.0,6.0,12.0,97149.0,2018.0,1.6,,,,0,2,2,1,0,4,0,2019
17281881,N,09/10/2019,06:20 AM,50,12,4,1,20,2,2,22,1.0,227,22,30.32861343,-97.65496934,US,290.0,128.27700000000002,US0290,Y,N,2,TUE,20.0,20.0,3.0,6.0,12.0,34434.0,2018.0,8.4,,,,0,2,0,2,0,2,0,2019
17281887,N,09/10/2019,07:28 AM,65,11,1,1,20,2,4,20,1.0,227,22,,,SL,1.0,,SL0001,Y,N,2,TUE,,,,,,,,,,,,0,1,0,2,0,1,0,2019
17281890,N,09/10/2019,09:07 AM,55,11,1,1,20,2,4,21,1.0,227,22,30.24237427,-97.68982469,US,183.0,327.123,US0183,Y,N,2,TUE,6.0,10.0,36.0,4.0,14.0,97049.0,2018.0,5.6,1.0,408.0,4.0,0,1,0,2,0,1,0,2019
17281930,N,09/10/2019,04:34 PM,45,2,1,2,1,2,1,10,1.0,227,22,30.32858919,-97.65528576,US,290.0,128.25799999999998,US0290,Y,N,2,TUE,20.0,20.0,3.0,5.0,12.0,24503.0,2018.0,2.7,,,,0,1,0,2,0,1,0,2019
17281936,N,09/10/2019,05:25 PM,-1,12,1,2,1,2,4,20,1.0,227,22,30.30129938,-97.71564659,IH,35.0,236.495,IH0035,Y,N,2,TUE,8.0,20.0,24.0,8.0,11.0,196302.0,2018.0,9.5,,,,0,1,0,1,0,1,0,2019