Crash_ID,Cmv_Involv_Fl,Crash_Date,Crash_Time,Crash_Speed_Limit,Wthr_Cond_ID,Light_Cond_ID,Surf_Cond_ID,Traffic_Cntl_ID,Harm_Evnt_ID,Intrsct_Relat_ID,FHE_Collsn_ID,Road_Relat_ID,Cnty_ID,City_ID,Latitude,Longitude,Hwy_Sys,Hwy_Nbr,Dfo,Street_Name,Onsys_Fl,Rural_Fl,Crash_Sev_ID,Day_of_Week,Shldr_Width_Left,Shldr_Width_Right,Median_Width,Nbr_Of_Lane,Func_Sys_ID,Adt_Curnt_Amt,Adt_Curnt_Year,Trk_Aadt_Pct,Curve_Type_ID,Curve_Lngth,Cd_Degr,Sus_Serious_Injry_Cnt,Nonincap_Injry_Cnt,Poss_Injry_Cnt,Non_Injry_Cnt,Unkn_Injry_Cnt,Tot_Injry_Cnt,Death_Cnt,Year
17439719,N,12/04/2019,11:40 AM,55,11,1,1,9,2,2,22,1.0,227,22,30.21642876,-97.75132751,IH,35.0,230.129,IH0035,Y,N,2,WED,4.0,20.0,3.0,6.0,11.0,157370.0,2018.0,10.5,,,,0,1,1,1,0,2,0,2019
17439724,N,12/04/2019,12:36 PM,55,11,1,1,5,2,1,10,1.0,227,22,30.2152667,-97.73505551,SH,71.0,124.483,SH0071,Y,N,2,WED,20.0,20.0,44.0,8.0,12.0,85342.0,2018.0,3.6,,,,0,3,0,3,0,3,0,2019
17439783,N,12/03/2019,05:49 PM,50,11,1,1,20,2,4,20,1.0,227,1016,30.34892503,-97.55454940000001,US,290.0,134.477,US0290,Y,N,1,TUE,12.0,20.0,46.0,4.0,14.0,51848.0,2018.0,6.4,1.0,250.0,1.0,2,0,0,2,0,2,0,2019
17441869,N,12/04/2019,10:00 AM,-1,11,1,1,1,2,4,21,1.0,227,22,,,IH,35.0,,IH0035,Y,N,2,WED,,,,,,,,,,,,0,1,1,0,0,2,0,2019
17441905,N,12/04/2019,04:11 PM,70,11,1,1,20,2,4,20,1.0,227,22,30.40374432,-97.6750522,IH,35.0,244.182,IH0035,Y,N,2,WED,8.0,20.0,3.0,6.0,11.0,159315.0,2018.0,11.5,,,,0,1,0,1,0,1,0,2019
17441915,N,11/30/2019,12:55 PM,60,11,1,1,5,2,1,34,1.0,227,9999,30.30934272,-97.91807159999999,RM,2244.0,1.146,RM2244,Y,Y,2,SAT,5.0,10.0,0.0,4.0,14.0,19573.0,2018.0,4.4,,,,0,3,0,0,0,3,0,2019
17441919,N,12/05/2019,12:15 PM,45,11,1,1,8,1,2,1,1.0,227,22,30.20651767,-97.64592878,SH,71.0,130.27200000000002,SH0071,Y,N,2,THU,4.0,10.0,2.0,6.0,14.0,60929.0,2018.0,4.2,,,,0,1,0,1,0,1,0,2019
17442763,N,12/05/2019,06:13 PM,65,11,4,1,20,2,4,20,1.0,227,22,30.36931362,-97.7421078,SL,1.0,8.427,SL0001,Y,N,2,THU,12.0,20.0,36.0,6.0,12.0,149361.0,2018.0,1.2,1.0,210.0,1.0,0,1,0,2,0,1,0,2019
17442764,N,12/05/2019,05:01 PM,40,11,1,1,1,2,3,14,1.0,227,22,30.24740726,-97.77435082,SL,343.0,1.976,SL0343,Y,N,2,THU,0.0,0.0,0.0,4.0,14.0,36688.0,2018.0,1.5,,,,0,1,0,1,0,1,0,2019
17443982,N,12/05/2019,05:55 PM,-1,11,3,1,20,2,1,10,1.0,227,9999,30.21217228,-97.96761761,US,290.0,103.27,US0290,Y,Y,2,THU,1.0,1.0,0.0,4.0,14.0,37680.0,2018.0,2.9,,,,0,1,0,2,0,1,0,2019
17444730,N,12/06/2019,08:06 PM,-1,11,3,1,20,2,4,30,1.0,227,9999,30.22759388,-97.6305297,FM,973.0,27.394,FM0973,Y,Y,2,FRI,5.0,5.0,0.0,2.0,16.0,16700.0,2018.0,6.1,,,,0,3,0,1,0,3,0,2019
17445340,N,12/06/2019,07:39 AM,75,11,1,1,20,2,4,22,1.0,227,22,30.33759193,-97.59877751,US,290.0,131.71,US0290,Y,N,2,FRI,20.0,20.0,3.0,5.0,12.0,34434.0,2018.0,8.4,,,,0,1,0,4,0,1,0,2019
17446481,N,12/09/2019,07:19 AM,70,2,1,2,20,2,4,14,1.0,227,9999,30.18606808,-97.55213635,SH,71.0,136.387,SH0071,Y,Y,2,MON,6.0,10.0,40.0,4.0,2.0,40580.0,2018.0,9.6,,,,0,1,1,0,0,2,0,2019
17447541,N,08/31/2019,11:47 AM,55,11,1,1,5,2,1,10,1.0,227,22,30.44034149,-97.69826989,SL,1.0,2.557,SL0001,Y,N,2,SAT,20.0,20.0,36.0,6.0,12.0,64650.0,2018.0,2.0,,,,0,1,1,0,0,2,0,2019
17447557,N,12/06/2019,05:39 PM,-1,11,1,1,1,1,2,1,1.0,227,22,30.44359439,-97.74222452,FM,734.0,7.025,FM0734,Y,N,2,FRI,8.0,20.0,36.0,6.0,14.0,55456.0,2018.0,3.8,,,,0,1,0,1,0,1,0,2019
17447562,N,12/06/2019,07:02 PM,65,11,4,1,1,10,4,1,1.0,227,22,30.31964905,-97.70713867,IH,35.0,237.873,IH0035,Y,N,2,FRI,8.0,20.0,24.0,8.0,11.0,193850.0,2018.0,9.5,1.0,274.0,0.0,0,1,0,0,0,1,0,2019
17447778,N,12/06/2019,10:21 PM,55,11,4,1,20,2,1,10,1.0,227,22,30.23078462,-97.87930829,US,290.0,109.066,US0290,Y,N,2,FRI,0.0,4.0,0.0,4.0,14.0,48197.0,2018.0,3.0,1.0,380.0,2.0,0,1,0,1,0,1,0,2019
17447804,N,12/07/2019,11:52 AM,55,11,1,1,20,2,4,20,1.0,227,22,30.30737688,-97.71171852,IH,35.0,236.974,IH0035,Y,N,2,SAT,8.0,20.0,24.0,8.0,11.0,196302.0,2018.0,9.5,,,,0,2,0,1,0,2,0,2019
17447810,N,12/07/2019,02:59 PM,-1,11,1,1,5,2,1,14,1.0,227,9999,30.29076864,-97.82830245,SL,360.0,9.33,SL0360,Y,Y,2,SAT,8.0,20.0,60.0,4.0,14.0,50299.0,2018.0,2.7,1.0,339.0,2.0,0,1,0,1,0,1,0,2019
17449091,N,12/06/2019,07:10 PM,45,11,4,1,20,2,2,32,1.0,227,22,30.355619300000004,-97.70250163,SL,275.0,5.169,SL0275,Y,N,2,FRI,0.0,0.0,0.0,4.0,14.0,37706.0,2018.0,1.2,,,,0,2,1,2,0,3,0,2019
17449114,N,12/07/2019,03:04 AM,-1,11,4,1,1,2,1,21,1.0,227,22,30.36660309,-97.71831528,US,183.0,316.35,US0183,Y,N,2,SAT,20.0,20.0,8.0,6.0,12.0,138365.0,2018.0,3.6,1.0,117.0,0.0,0,1,0,1,0,1,0,2019
17449119,N,12/08/2019,05:18 PM,35,11,5,1,20,5,2,1,1.0,227,22,30.17318986,-97.88800202,SL,1.0,25.565,SL0001,Y,N,2,SUN,12.0,20.0,325.0,4.0,14.0,24757.0,2018.0,1.5,,,,0,1,0,1,0,1,0,2019
17449179,N,12/09/2019,04:38 PM,-1,11,1,1,9,2,2,25,1.0,227,22,30.20321274,-97.63948059,SH,71.0,130.719,SH0071,Y,N,2,MON,0.0,0.0,180.0,6.0,14.0,53382.0,2018.0,8.3,,,,0,1,0,3,0,1,0,2019
17450015,N,11/24/2019,09:49 AM,55,11,1,1,11,2,3,23,1.0,227,22,30.23821863,-97.87907195,SH,71.0,115.254,SH0071,Y,N,1,SUN,10.0,10.0,0.0,4.0,14.0,34138.0,2018.0,3.5,1.0,210.0,10.0,1,0,0,1,0,1,0,2019
17450023,N,12/04/2019,09:16 AM,55,11,1,1,5,2,1,34,1.0,227,22,,,,,,FM2222,Y,N,2,WED,,,,,,,,,,,,0,1,0,2,0,1,0,2019
17450025,N,12/05/2019,01:19 PM,70,11,1,1,1,2,4,10,1.0,227,22,30.32556534,-97.67331696,US,290.0,127.155,US0290,Y,N,2,THU,12.0,20.0,36.0,4.0,12.0,24503.0,2018.0,2.7,,,,0,1,0,0,1,1,0,2019
17450029,N,12/05/2019,10:45 PM,-1,11,4,1,5,1,2,1,1.0,227,22,30.40795157,-97.67464727,FM,734.0,11.824000000000002,FM0734,Y,N,2,THU,10.0,20.0,36.0,6.0,14.0,63989.0,2018.0,3.7,,,,0,1,0,0,0,1,0,2019
17450037,N,12/06/2019,10:25 AM,55,11,1,1,9,2,1,14,1.0,227,22,30.38841056,-97.75166202,SL,360.0,0.453,SL0360,Y,N,2,FRI,8.0,20.0,48.0,4.0,14.0,53584.0,2018.0,2.7,,,,0,2,0,1,0,2,0,2019
17450115,N,12/02/2019,12:29 PM,45,11,1,1,5,2,1,10,1.0,227,22,30.4078876,-97.74513954,US,183.0,312.73,US0183,Y,N,2,MON,20.0,20.0,36.0,6.0,12.0,137676.0,2018.0,2.0,,,,0,2,0,0,0,2,0,2019
17450122,N,12/06/2019,06:52 AM,60,11,1,1,20,2,4,30,1.0,227,22,30.251099800000002,-97.89671038,SH,71.0,113.851,SH0071,Y,N,4,FRI,10.0,10.0,0.0,4.0,14.0,34138.0,2018.0,3.5,1.0,180.0,2.0,2,1,0,0,0,3,1,2019
17450191,N,12/07/2019,07:15 AM,65,11,1,1,20,7,4,1,2.0,227,22,30.37017574,-97.68049931,IH,35.0,241.732,IH0035,Y,N,1,SAT,8.0,20.0,3.0,6.0,11.0,138459.0,2018.0,12.2,,,,1,0,0,0,0,1,0,2019
17450193,N,12/07/2019,12:33 PM,55,11,1,1,20,2,1,20,1.0,227,22,30.39416253,-97.74647946,US,183.0,313.676,US0183,Y,N,2,SAT,20.0,20.0,36.0,6.0,12.0,137676.0,2018.0,2.0,,,,0,1,0,1,0,1,0,2019
17450205,N,12/07/2019,04:42 PM,-1,11,1,1,11,2,4,22,1.0,227,22,30.24228033,-97.81212759,SL,1.0,18.705,SL0001,Y,N,2,SAT,12.0,20.0,500.0,6.0,12.0,83195.0,2018.0,1.6,,,,0,8,0,0,0,8,0,2019
17450210,Y,12/07/2019,10:10 PM,70,11,4,1,20,2,4,20,3.0,227,22,30.37461516,-97.67767939,IH,35.0,242.08,IH0035,Y,N,4,SAT,8.0,20.0,3.0,6.0,11.0,138459.0,2018.0,12.2,,,,0,0,0,2,0,0,1,2019
17450264,Y,12/07/2019,11:52 PM,60,11,4,1,20,2,4,20,1.0,227,22,30.33893801,-97.70026946,IH,35.0,239.281,IH0035,Y,N,2,SAT,20.0,20.0,3.0,6.0,11.0,145168.0,2018.0,11.9,,,,0,1,0,1,0,1,0,2019
17450276,N,12/09/2019,01:08 AM,65,11,4,1,20,2,4,20,1.0,227,22,30.23661058,-97.83705634,US,290.0,111.675,US0290,Y,N,1,MON,20.0,20.0,42.0,5.0,12.0,68372.0,2018.0,2.7,,,,1,0,1,0,0,2,0,2019
17450278,N,12/09/2019,10:42 AM,35,11,1,1,1,2,4,22,1.0,227,22,30.2419161,-97.7846734,SL,343.0,1.237,SL0343,Y,N,1,MON,0.0,0.0,0.0,4.0,14.0,36688.0,2018.0,1.5,,,,1,0,1,0,0,2,0,2019
17450290,N,12/09/2019,09:27 AM,55,12,1,1,20,2,4,22,1.0,227,22,30.23326414,-97.79723792,US,290.0,114.141,US0290,Y,N,2,MON,20.0,20.0,10.0,7.0,12.0,127013.0,2018.0,2.7,1.0,119.0,1.0,0,1,0,2,0,1,0,2019
17450395,N,12/09/2019,06:33 PM,60,11,4,1,20,2,4,22,1.0,227,22,30.36126188,-97.68613482,IH,35.0,241.033,IH0035,Y,N,2,MON,8.0,20.0,3.0,6.0,11.0,138459.0,2018.0,12.2,,,,0,1,0,2,0,1,0,2019
17450405,N,12/09/2019,02:23 PM,65,11,1,1,1,2,4,22,1.0,227,22,30.33393591,-97.75561768,SL,1.0,11.008,SL0001,Y,N,1,MON,12.0,20.0,100.0,6.0,12.0,157489.0,2018.0,1.1,,,,2,0,2,3,0,4,0,2019
17450420,N,12/10/2019,10:33 AM,-1,2,1,2,11,7,4,1,2.0,227,22,30.18421554,-97.77483023,IH,35.0,227.502,IH0035,Y,N,1,TUE,6.0,20.0,30.0,6.0,11.0,156852.0,2018.0,11.1,,,,1,0,0,0,0,1,0,2019
17450478,N,12/10/2019,11:25 AM,45,2,1,2,5,2,1,10,1.0,227,22,30.415845,-97.69588831,FM,734.0,10.418,FM0734,Y,N,2,TUE,10.0,20.0,36.0,6.0,14.0,56464.0,2018.0,3.8,,,,0,2,1,1,0,3,0,2019
17452615,N,12/03/2019,06:43 AM,40,11,4,1,1,2,4,20,1.0,227,22,30.27860823,-97.72988259999998,IH,35.0,234.718,IH0035,Y,N,2,TUE,20.0,40.0,3.0,8.0,11.0,202376.0,2018.0,9.3,,,,0,1,0,3,0,1,0,2019
17454441,N,12/12/2019,08:25 AM,50,12,1,1,5,1,2,3,1.0,227,330,30.44307568,-97.62766727,FM,1825.0,2.9810000000000003,FM1825,Y,N,2,THU,9.0,9.0,0.0,2.0,16.0,20268.0,2018.0,4.4,,,,0,1,0,1,0,1,0,2019
17454929,N,11/26/2019,04:28 PM,45,12,1,1,1,2,4,21,1.0,227,22,30.23660446,-97.83193159,US,290.0,111.981,US0290,Y,N,2,TUE,20.0,20.0,42.0,5.0,12.0,68372.0,2018.0,2.7,,,,0,1,1,1,0,2,0,2019
17455219,N,12/10/2019,02:59 PM,65,11,1,2,1,2,4,20,1.0,227,22,,,SL,1.0,,SL0001,Y,N,2,TUE,,,,,,,,,,,,0,1,0,1,0,1,0,2019
17455225,N,12/11/2019,11:08 AM,50,11,1,1,5,2,1,24,1.0,227,22,30.23712802,-97.8230643,SL,1.0,19.449,SL0001,Y,N,2,WED,12.0,20.0,60.0,6.0,12.0,83195.0,2018.0,1.6,1.0,240.0,3.0,0,1,0,2,0,1,0,2019
17455280,N,12/11/2019,09:34 PM,-1,11,3,1,1,7,4,1,4.0,227,22,30.39010943,-97.67207863,IH,35.0,243.207,IH0035,Y,N,2,WED,8.0,20.0,3.0,6.0,11.0,159315.0,2018.0,11.5,,,,0,2,0,1,0,2,0,2019
17455282,N,12/11/2019,09:49 PM,50,12,3,1,20,2,3,22,1.0,227,22,30.16965812,-97.6561911,FM,973.0,31.919,FM0973,Y,N,2,WED,4.0,4.0,0.0,2.0,16.0,12543.0,2018.0,6.7,,,,0,2,0,2,0,2,0,2019
17455307,N,12/12/2019,01:18 PM,65,11,1,1,20,2,4,20,1.0,227,22,30.33554848,-97.70241142,IH,35.0,239.015,IH0035,Y,N,2,THU,20.0,20.0,3.0,6.0,11.0,199837.0,2018.0,9.4,1.0,409.0,1.0,0,1,0,1,0,1,0,2019
17455327,Y,12/12/2019,11:30 AM,40,12,1,1,9,2,2,20,1.0,227,22,30.33655739,-97.75543213,RM,2222.0,8.722999999999999,RM2222,Y,N,2,THU,0.0,0.0,14.0,4.0,14.0,32997.0,2018.0,3.5,,,,0,1,0,2,0,1,0,2019
17455328,N,12/12/2019,12:59 PM,65,12,1,1,20,2,4,22,1.0,227,22,30.37010038,-97.74179006,SL,1.0,8.37,SL0001,Y,N,2,THU,12.0,20.0,36.0,6.0,12.0,149361.0,2018.0,1.2,,,,0,1,0,5,0,1,0,2019
17456029,N,12/06/2019,09:22 AM,55,11,1,1,5,2,1,10,1.0,227,22,30.24915146,-97.80529691,SL,360.0,12.601,SL0360,Y,N,2,FRI,8.0,20.0,48.0,4.0,14.0,99537.0,2018.0,2.0,,,,0,1,0,2,0,1,0,2019
17456030,N,12/10/2019,12:03 PM,40,2,1,2,20,2,4,30,1.0,227,22,30.26327453,-97.74404878,SL,343.0,4.5680000000000005,SL0343,Y,N,2,TUE,10.0,10.0,0.0,4.0,14.0,24852.0,2018.0,2.0,,,,0,4,0,0,0,4,0,2019
17456139,N,12/12/2019,07:12 PM,50,11,4,1,1,2,1,34,1.0,227,22,30.28633125,-97.66940378,FM,969.0,2.091,FM0969,Y,N,2,THU,0.0,0.0,0.0,4.0,14.0,17992.0,2018.0,6.6,,,,0,3,0,2,0,3,0,2019
17457182,N,11/30/2019,05:57 PM,65,12,4,1,20,2,4,22,1.0,227,22,30.19251031,-97.76888604,IH,35.0,228.175,IH0035,Y,N,2,SAT,24.0,24.0,42.0,6.0,11.0,170988.0,2018.0,10.7,1.0,208.0,0.0,0,1,1,8,0,2,0,2019
17457186,N,12/13/2019,07:58 AM,-1,11,1,1,1,1,4,1,5.0,227,22,,,US,290.0,,US0290,Y,N,2,FRI,,,,,,,,,,,,0,1,0,0,1,1,0,2019
17457189,N,12/13/2019,10:37 AM,65,11,1,1,20,2,4,20,1.0,227,22,30.38648168,-97.74355829,US,183.0,314.237,US0183,Y,N,2,FRI,20.0,20.0,36.0,6.0,12.0,146786.0,2018.0,1.9,,,,0,3,1,0,0,4,0,2019
17458271,N,12/14/2019,12:21 AM,-1,11,3,1,1,7,4,1,2.0,227,22,30.18913414,-97.68582004,US,183.0,330.892,US0183,Y,N,2,SAT,12.0,20.0,36.0,4.0,14.0,30598.0,2018.0,9.5,,,,0,1,0,0,0,1,0,2019
17458981,N,12/15/2019,01:30 AM,75,12,4,1,20,7,4,1,2.0,227,9999,30.45520727,-97.69731263,SL,1.0,1.513,SL0001,Y,Y,2,SUN,20.0,20.0,36.0,8.0,12.0,64650.0,2018.0,2.0,1.0,934.0,0.0,0,1,0,0,0,1,0,2019
17459657,N,12/09/2019,05:56 PM,50,11,5,1,5,2,1,34,1.0,227,250,30.35409458,-97.96153211,RM,620.0,3.855,RM0620,Y,N,2,MON,8.0,8.0,0.0,4.0,14.0,50317.0,2018.0,3.1,1.0,110.0,2.0,0,1,0,1,0,1,0,2019
17459660,N,12/13/2019,06:17 PM,50,11,4,1,5,2,1,34,1.0,227,250,30.34499797,-97.96567688,RM,620.0,3.178,RM0620,Y,N,2,FRI,8.0,8.0,0.0,4.0,14.0,50317.0,2018.0,3.1,,,,0,1,1,2,0,2,0,2019
17459758,N,12/15/2019,05:31 AM,-1,5,4,1,5,2,1,10,1.0,227,9999,30.25708617,-97.61183531,FM,973.0,25.08,FM0973,Y,Y,2,SUN,5.0,5.0,0.0,2.0,16.0,22301.0,2018.0,5.5,,,,0,1,0,1,0,1,0,2019
17460329,N,12/13/2019,03:09 PM,-1,11,1,1,20,2,4,20,1.0,227,22,30.30505715,-97.71321398,IH,35.0,236.792,IH0035,Y,N,2,FRI,8.0,20.0,24.0,8.0,11.0,196302.0,2018.0,9.5,,,,0,2,0,1,0,2,0,2019
17460344,N,12/13/2019,06:31 PM,-1,11,4,1,8,2,1,10,1.0,227,22,30.42645092,-97.75370342,US,183.0,311.255,US0183,Y,N,1,FRI,20.0,20.0,36.0,6.0,12.0,149347.0,2018.0,1.9,,,,1,0,0,1,0,1,0,2019
17460437,N,12/13/2019,06:54 PM,-1,11,4,1,20,2,4,20,1.0,227,22,,,SH,71.0,,SH0071,Y,N,2,FRI,,,,,,,,,,,,0,1,0,2,0,1,0,2019
17460479,N,12/13/2019,10:25 PM,45,11,4,1,1,2,4,20,1.0,227,22,30.30873487,-97.71084307,IH,35.0,237.081,IH0035,Y,N,2,FRI,8.0,20.0,24.0,8.0,11.0,193850.0,2018.0,9.5,,,,0,1,0,0,0,1,0,2019
17460501,N,12/13/2019,11:24 PM,-1,11,4,1,1,2,4,20,1.0,227,22,30.18299397,-97.68754853,US,183.0,331.326,US0183,Y,N,2,FRI,12.0,20.0,36.0,4.0,14.0,30598.0,2018.0,9.5,,,,0,1,0,2,0,1,0,2019
17460512,N,12/13/2019,06:30 PM,60,11,3,1,20,2,2,22,1.0,227,22,30.25497389,-97.73679476,IH,35.0,233.022,IH0035,Y,N,2,FRI,8.0,20.0,3.0,8.0,11.0,142856.0,2018.0,11.0,,,,0,1,0,1,1,1,0,2019
17460519,N,12/14/2019,01:17 AM,55,11,3,1,20,10,4,1,2.0,227,22,30.20208956,-97.63731893,SH,71.0,130.869,SH0071,Y,N,2,SAT,0.0,0.0,250.0,6.0,14.0,53382.0,2018.0,8.3,,,,0,1,0,0,0,1,0,2019
17460570,N,12/14/2019,04:50 AM,60,11,3,1,1,7,4,1,2.0,227,22,30.29663909,-97.62451356,FM,3177.0,3.12,FM3177,Y,N,2,SAT,10.0,10.0,0.0,4.0,17.0,11798.0,2018.0,6.1,,,,0,1,0,0,0,1,0,2019
17460571,N,12/14/2019,05:26 AM,65,11,4,1,1,2,4,21,1.0,227,22,30.32973097,-97.68015618,US,183.0,320.012,US0183,Y,N,2,SAT,12.0,20.0,70.0,4.0,12.0,65226.0,2018.0,6.6,1.0,308.0,0.0,0,2,1,1,0,3,0,2019
17460608,N,12/14/2019,01:42 PM,70,11,1,1,20,2,4,22,1.0,227,22,30.44152088,-97.66827754,IH,35.0,246.813,IH0035,Y,N,2,SAT,8.0,20.0,3.0,6.0,11.0,129244.0,2018.0,12.7,,,,0,3,0,1,0,3,0,2019
17460610,Y,12/14/2019,03:03 PM,-1,11,1,1,20,2,4,20,1.0,227,9999,30.19491269,-97.62486092,SH,71.0,131.765,SH0071,Y,Y,2,SAT,6.0,10.0,400.0,6.0,14.0,53382.0,2018.0,8.3,1.0,267.0,1.0,0,1,0,1,0,1,0,2019
17460612,N,12/14/2019,03:20 PM,60,11,1,1,20,7,4,1,4.0,227,22,30.21846552,-97.66879637,SH,71.0,128.678,SH0071,Y,N,2,SAT,0.0,14.0,40.0,7.0,12.0,95090.0,2018.0,3.5,,,,0,2,0,0,0,2,0,2019
17460631,N,12/14/2019,05:57 PM,70,11,1,1,1,2,4,20,1.0,227,22,30.23483683,-97.74054312,IH,35.0,231.55,IH0035,Y,N,2,SAT,4.0,20.0,3.0,6.0,11.0,150700.0,2018.0,10.7,,,,0,5,0,3,1,5,0,2019
17460706,N,12/14/2019,06:02 PM,-1,11,4,1,20,2,4,21,1.0,227,22,30.37631923,-97.6765625,IH,35.0,242.215,IH0035,Y,N,2,SAT,8.0,20.0,3.0,6.0,11.0,159315.0,2018.0,11.5,,,,0,1,0,0,3,1,0,2019
17460720,N,12/14/2019,09:57 PM,-1,11,4,1,1,10,4,1,1.0,227,22,30.23407864,-97.68482894,US,183.0,327.767,US0183,Y,N,2,SAT,6.0,10.0,36.0,4.0,14.0,100483.0,2018.0,5.5,1.0,52.0,1.0,0,1,0,0,0,1,0,2019
17460753,N,12/15/2019,07:42 AM,-1,12,8,2,20,9,4,1,2.0,227,22,30.22993135,-97.68299792,US,183.0,328.0730000000001,US0183,Y,N,1,SUN,5.0,11.0,36.0,5.0,14.0,100483.0,2018.0,5.5,,,,1,0,0,0,0,1,0,2019
17460756,N,12/15/2019,10:33 AM,-1,12,1,1,20,2,1,13,1.0,227,22,30.21621427,-97.7440169,SH,71.0,123.943,SH0071,Y,N,1,SUN,20.0,20.0,32.0,6.0,12.0,122565.0,2018.0,3.2,,,,1,0,0,2,0,1,0,2019
17460918,N,12/15/2019,11:29 PM,-1,11,4,1,11,7,4,1,2.0,227,22,30.35825397,-97.68802831,IH,35.0,240.797,IH0035,Y,N,2,SUN,8.0,20.0,3.0,6.0,11.0,138459.0,2018.0,12.2,,,,0,1,0,0,0,1,0,2019
17460925,N,12/16/2019,01:53 AM,-1,11,4,1,1,7,4,1,2.0,227,22,30.21215477,-97.65720004,SH,71.0,129.495,SH0071,Y,N,1,MON,10.0,8.0,2.0,4.0,12.0,66025.0,2018.0,4.1,,,,3,0,0,0,0,3,0,2019
17461966,N,12/05/2019,01:14 PM,70,11,1,1,20,2,4,21,1.0,227,22,30.26242383,-97.7359222,IH,35.0,233.547,IH0035,Y,N,2,THU,8.0,20.0,3.0,8.0,11.0,158343.0,2018.0,10.4,1.0,248.0,2.0,0,1,0,1,0,1,0,2019
17461991,N,12/16/2019,09:45 AM,65,12,1,1,20,2,4,22,1.0,227,22,30.3882929,-97.7444503,US,183.0,314.1020000000001,US0183,Y,N,2,MON,20.0,20.0,36.0,6.0,12.0,146786.0,2018.0,1.9,,,,0,1,0,1,0,1,0,2019
17461994,N,12/16/2019,12:42 PM,45,11,1,1,8,2,2,22,1.0,227,22,30.37094603,-97.72147472,US,183.0,315.981,US0183,Y,N,2,MON,20.0,20.0,8.0,6.0,12.0,138365.0,2018.0,3.6,,,,0,1,0,3,0,1,0,2019
17463259,N,12/06/2019,04:05 PM,70,11,1,1,20,2,4,20,1.0,227,372,30.47329338,-97.67172681,IH,35.0,249.051,IH0035,Y,N,2,FRI,16.0,20.0,3.0,6.0,11.0,162734.0,2018.0,11.4,,,,0,3,0,1,0,3,0,2019
17464088,N,12/17/2019,05:35 AM,70,11,3,1,5,2,4,22,1.0,227,9999,30.18625908,-97.61052132,SH,71.0,132.861,SH0071,Y,Y,2,TUE,4.0,6.0,40.0,4.0,14.0,53382.0,2018.0,8.3,1.0,305.0,3.0,0,1,0,4,0,1,0,2019
17464597,N,11/29/2019,02:46 AM,45,2,4,2,5,2,2,22,1.0,227,22,30.33256829,-97.68650517,US,183.0,319.585,US0183,Y,N,2,FRI,4.0,10.0,24.0,5.0,12.0,65226.0,2018.0,6.6,,,,0,3,0,0,0,3,0,2019
17464747,N,12/16/2019,06:08 PM,35,11,1,1,20,2,3,22,1.0,227,22,30.24620067,-97.77873093,SL,343.0,1.6980000000000002,SL0343,Y,N,1,MON,0.0,0.0,0.0,4.0,14.0,36688.0,2018.0,1.5,,,,1,0,0,1,0,1,0,2019
17464764,N,12/17/2019,09:49 AM,-1,11,1,1,20,2,4,10,1.0,227,22,,,IH,35.0,,IH0035,Y,N,2,TUE,,,,,,,,,,,,0,1,0,4,0,1,0,2019
17465030,N,12/17/2019,03:21 PM,65,11,1,1,5,2,1,34,1.0,227,1088,30.093498200000003,-97.69383032,US,183.0,337.552,US0183,Y,Y,2,TUE,8.0,8.0,0.0,4.0,14.0,19968.0,2018.0,9.0,,,,0,1,0,1,0,1,0,2019
17465670,N,12/16/2019,07:06 AM,55,12,3,2,12,2,4,30,1.0,227,9999,30.39997934,-98.06432226,RM,2322.0,2.849,RM2322,Y,Y,1,MON,4.0,4.0,0.0,2.0,7.0,4867.0,2018.0,10.4,,,,2,1,0,0,0,3,0,2019
17467450,N,12/16/2019,07:28 PM,70,11,4,1,1,2,4,20,1.0,227,9999,30.45530365,-97.66633163,IH,35.0,247.771,IH0035,Y,Y,2,MON,18.0,18.0,12.0,6.0,11.0,129244.0,2018.0,12.7,,,,0,1,0,2,0,1,0,2019
17468027,N,11/21/2019,11:49 AM,55,12,1,1,5,2,1,10,1.0,227,22,30.38954926,-97.74504852,US,183.0,314.008,US0183,Y,N,2,THU,20.0,20.0,36.0,6.0,12.0,137676.0,2018.0,2.0,,,,0,2,1,0,0,3,0,2019
17468049,N,12/17/2019,04:00 PM,-1,11,1,1,1,2,4,20,1.0,227,22,30.2236865,-97.76499141,US,290.0,116.234,US0290,Y,N,2,TUE,20.0,20.0,42.0,6.0,12.0,140123.0,2018.0,2.6,,,,0,2,0,3,0,2,0,2019
17468199,N,12/17/2019,12:57 AM,65,11,4,1,1,7,4,1,4.0,227,22,30.26229354,-97.73598033,IH,35.0,233.537,IH0035,Y,N,2,TUE,8.0,20.0,3.0,8.0,11.0,158343.0,2018.0,10.4,1.0,248.0,2.0,0,1,0,0,0,1,0,2019
17468272,N,12/18/2019,09:02 AM,55,11,1,1,1,2,4,20,1.0,227,22,30.212185499999997,-97.65726246,SH,71.0,129.491,SH0071,Y,N,2,WED,10.0,8.0,2.0,4.0,12.0,66025.0,2018.0,4.1,,,,0,1,0,2,0,1,0,2019
17468278,Y,12/18/2019,08:43 AM,70,11,1,1,20,2,4,20,1.0,227,22,30.19194063,-97.76934794,IH,35.0,228.127,IH0035,Y,N,2,WED,24.0,24.0,42.0,6.0,11.0,170988.0,2018.0,10.7,,,,0,1,1,5,0,2,0,2019