Crash_ID,Cmv_Involv_Fl,Crash_Date,Crash_Time,Crash_Speed_Limit,Wthr_Cond_ID,Light_Cond_ID,Surf_Cond_ID,Traffic_Cntl_ID,Harm_Evnt_ID,Intrsct_Relat_ID,FHE_Collsn_ID,Road_Relat_ID,Cnty_ID,City_ID,Latitude,Longitude,Hwy_Sys,Hwy_Nbr,Dfo,Street_Name,Onsys_Fl,Rural_Fl,Crash_Sev_ID,Day_of_Week,Shldr_Width_Left,Shldr_Width_Right,Median_Width,Nbr_Of_Lane,Func_Sys_ID,Adt_Curnt_Amt,Adt_Curnt_Year,Trk_Aadt_Pct,Curve_Type_ID,Curve_Lngth,Cd_Degr,Sus_Serious_Injry_Cnt,Nonincap_Injry_Cnt,Poss_Injry_Cnt,Non_Injry_Cnt,Unkn_Injry_Cnt,Tot_Injry_Cnt,Death_Cnt,Year
17468340,Y,12/18/2019,08:18 PM,-1,11,4,1,20,2,2,22,1.0,227,22,30.44340323,-97.66791401,IH,35.0,246.945,IH0035,Y,N,2,WED,8.0,20.0,3.0,6.0,11.0,129244.0,2018.0,12.7,,,,0,1,0,2,0,1,0,2019
17468351,N,12/19/2019,06:19 AM,65,11,4,1,1,2,4,20,1.0,227,22,30.32484256,-97.70640858,IH,35.0,238.232,IH0035,Y,N,2,THU,20.0,20.0,3.0,6.0,11.0,199837.0,2018.0,9.4,,,,0,2,0,0,0,2,0,2019
17468435,N,12/19/2019,08:38 AM,50,11,1,1,5,2,1,10,1.0,227,22,30.41327488,-97.69063138,FM,734.0,10.778,FM0734,Y,N,2,THU,10.0,20.0,36.0,6.0,14.0,56464.0,2018.0,3.8,,,,0,1,0,1,0,1,0,2019
17469122,N,12/12/2019,04:18 PM,55,11,1,1,20,2,4,30,1.0,227,9999,30.26896245,-97.91020052,SH,71.0,112.324,SH0071,Y,Y,1,THU,8.0,8.0,0.0,4.0,14.0,50310.0,2018.0,3.1,1.0,117.0,1.0,1,0,0,3,0,1,0,2019
17469486,N,12/19/2019,04:45 PM,65,11,1,1,20,2,4,22,1.0,227,9999,30.12486619,-97.69558211,US,183.0,335.392,US0183,Y,Y,2,THU,8.0,8.0,0.0,4.0,14.0,17419.0,2018.0,9.9,,,,0,1,4,0,0,5,0,2019
17469753,N,12/05/2019,11:38 PM,70,11,4,1,20,7,4,1,2.0,227,330,30.485010100000004,-97.58497379,SH,130.0,15.546,SH0130,Y,N,2,THU,8.0,20.0,135.0,4.0,12.0,38706.0,2018.0,17.5,1.0,371.0,1.0,0,1,0,0,0,1,0,2019
17471750,N,12/20/2019,05:02 PM,55,2,5,2,2,2,4,20,1.0,227,9999,30.31820304,-97.99446331,SH,71.0,105.568,SH0071,Y,Y,2,FRI,5.0,5.0,0.0,4.0,14.0,37755.0,2018.0,3.3,,,,0,1,2,2,1,3,0,2019
17473183,N,12/15/2019,10:50 AM,-1,12,1,1,8,10,2,1,2.0,227,9999,30.256156899999997,-97.55461726,FM,969.0,10.091,FM0969,Y,Y,2,SUN,0.0,0.0,0.0,2.0,7.0,5293.0,2018.0,9.1,1.0,244.0,7.0,0,1,0,0,0,1,0,2019
17474835,N,12/19/2019,06:51 AM,55,11,4,1,20,1,4,1,1.0,227,22,30.24149381,-97.88155037,SH,71.0,114.985,SH0071,Y,N,4,THU,10.0,10.0,0.0,4.0,14.0,34138.0,2018.0,3.5,,,,0,0,0,2,0,0,1,2019
17474926,N,05/09/2019,06:14 AM,50,11,1,1,20,2,4,20,1.0,227,22,30.345791100000003,-97.69593337,IH,35.0,239.819,IH0035,Y,N,2,THU,20.0,20.0,3.0,6.0,11.0,145168.0,2018.0,11.9,,,,0,1,0,2,0,1,0,2019
17475023,N,12/19/2019,05:31 PM,60,11,1,1,1,2,4,21,1.0,227,22,,,,,,US0035,Y,N,2,THU,,,,,,,,,,,,0,1,0,1,0,1,0,2019
17475040,N,12/19/2019,04:04 PM,-1,11,1,1,20,2,4,21,1.0,227,22,30.27807688,-97.73013584,IH,35.0,234.678,IH0035,Y,N,2,THU,20.0,40.0,3.0,8.0,11.0,202376.0,2018.0,9.3,1.0,119.0,0.0,0,1,0,1,1,1,0,2019
17475061,N,12/19/2019,00:00 AM,50,11,4,1,5,2,1,14,1.0,227,22,30.3632256,-97.71753825,US,183.0,316.587,US0183,Y,N,1,THU,20.0,20.0,8.0,6.0,12.0,138247.0,2018.0,3.6,1.0,131.0,3.0,1,0,0,1,0,1,0,2019
17475063,N,12/19/2019,06:39 PM,55,11,4,1,20,2,4,20,1.0,227,22,30.41152862,-97.67396523,IH,35.0,244.723,IH0035,Y,N,2,THU,8.0,20.0,3.0,6.0,11.0,134367.0,2018.0,12.4,,,,0,1,0,5,0,1,0,2019
17475066,N,12/19/2019,06:42 PM,-1,11,4,1,20,2,4,20,1.0,227,22,30.34330311,-97.75233157,SL,1.0,10.327,SL0001,Y,N,2,THU,12.0,20.0,100.0,6.0,12.0,148872.0,2018.0,1.2,,,,0,1,3,0,0,4,0,2019
17475203,N,12/19/2019,10:08 PM,50,11,3,1,20,2,4,21,1.0,227,22,30.21464699,-97.68329733,US,183.0,329.126,US0183,Y,N,2,THU,12.0,16.0,36.0,4.0,14.0,43585.0,2018.0,7.8,,,,0,1,0,0,1,1,0,2019
17475242,N,12/20/2019,11:24 AM,-1,12,1,2,5,2,1,10,1.0,227,22,30.21539143,-97.75199297,IH,35.0,230.048,IH0035,Y,N,2,FRI,4.0,20.0,3.0,6.0,11.0,148474.0,2018.0,11.3,,,,0,1,0,1,0,1,0,2019
17475316,N,12/20/2019,06:22 PM,-1,12,4,2,20,2,4,22,1.0,227,22,,,,,,SH0001,Y,N,1,FRI,,,,,,,,,,,,2,0,1,2,0,3,0,2019
17475383,N,12/20/2019,09:14 PM,-1,2,4,2,20,1,4,1,1.0,227,22,,,IH,35.0,,IH0035,Y,N,2,FRI,,,,,,,,,,,,0,1,0,1,0,1,0,2019
17475386,N,12/20/2019,10:13 PM,-1,12,4,2,5,2,1,10,1.0,227,22,30.41903883,-97.74683905,US,183.0,311.955,US0183,Y,N,2,FRI,20.0,20.0,36.0,6.0,12.0,137676.0,2018.0,2.0,,,,0,1,0,2,0,1,0,2019
17475502,N,12/21/2019,12:20 AM,65,2,4,2,20,2,4,22,1.0,227,22,30.22972095,-97.74357428,IH,35.0,231.154,IH0035,Y,N,2,SAT,4.0,20.0,3.0,6.0,11.0,157370.0,2018.0,10.5,,,,0,1,0,1,0,1,0,2019
17475503,N,12/21/2019,01:34 AM,70,2,4,2,1,2,4,20,1.0,227,22,,,IH,35.0,,IH0035,Y,N,2,SAT,,,,,,,,,,,,0,2,0,3,0,2,0,2019
17475522,N,12/21/2019,11:03 AM,70,12,1,1,20,7,4,1,4.0,227,22,30.20281015,-97.76051201,IH,35.0,229.042,IH0035,Y,N,2,SAT,24.0,24.0,42.0,6.0,11.0,148474.0,2018.0,11.3,,,,0,1,0,0,0,1,0,2019
17475584,N,12/21/2019,03:25 PM,45,11,1,1,20,2,3,14,1.0,227,22,30.44443819,-97.66438668,FM,1825.0,0.449,FM1825,Y,N,2,SAT,8.0,8.0,0.0,4.0,16.0,29814.0,2018.0,3.6,,,,0,7,1,2,0,8,0,2019
17475595,N,12/21/2019,05:58 PM,55,11,4,2,20,2,2,22,1.0,227,22,30.35930179,-97.68737269,IH,35.0,240.879,IH0035,Y,N,2,SAT,8.0,20.0,3.0,6.0,11.0,138459.0,2018.0,12.2,,,,0,1,0,1,0,1,0,2019
17475600,N,12/21/2019,06:06 PM,45,11,3,1,9,2,4,34,1.0,227,22,30.31935041,-97.82015373,SL,360.0,7.13,SL0360,Y,N,2,SAT,8.0,20.0,60.0,4.0,14.0,54423.0,2018.0,2.6,,,,0,2,0,1,0,2,0,2019
17475608,N,12/21/2019,07:33 PM,-1,11,1,1,20,2,4,20,1.0,227,22,30.25879715,-97.73709754,IH,35.0,233.287,IH0035,Y,N,2,SAT,8.0,20.0,3.0,8.0,11.0,142856.0,2018.0,11.0,1.0,76.0,3.0,0,3,0,4,0,3,0,2019
17475655,N,12/21/2019,08:29 AM,45,12,1,2,1,7,4,1,2.0,227,22,30.35937995,-97.79165181,RM,2222.0,5.13,RM2222,Y,N,2,SAT,4.0,10.0,15.0,4.0,14.0,51893.0,2018.0,3.1,1.0,136.0,7.0,0,1,0,0,0,1,0,2019
17475678,N,12/22/2019,03:03 AM,60,11,4,1,1,2,4,20,1.0,227,22,30.29348837,-97.72051492,IH,35.0,235.884,IH0035,Y,N,2,SUN,8.0,20.0,24.0,8.0,11.0,202376.0,2018.0,9.3,,,,0,1,1,1,0,2,0,2019
17475689,N,12/22/2019,01:05 PM,55,11,1,1,20,2,4,20,1.0,227,22,30.24870754,-97.80494261,SL,360.0,12.638,SL0360,Y,N,2,SUN,8.0,20.0,48.0,4.0,14.0,99537.0,2018.0,2.0,,,,0,1,1,0,0,2,0,2019
17475692,N,12/22/2019,02:15 PM,-1,11,1,1,17,2,3,13,1.0,227,22,30.29822911,-97.7175394,IH,35.0,236.256,IH0035,Y,N,2,SUN,8.0,20.0,24.0,8.0,11.0,202376.0,2018.0,9.3,,,,0,1,0,2,0,1,0,2019
17475803,N,12/22/2019,05:14 PM,-1,11,1,1,1,2,4,21,1.0,227,22,30.22353316,-97.74719993,IH,35.0,230.677,IH0035,Y,N,1,SUN,4.0,20.0,3.0,6.0,11.0,157370.0,2018.0,10.5,,,,2,0,0,7,0,2,0,2019
17475808,N,12/23/2019,11:44 PM,-1,11,4,1,20,2,2,22,1.0,227,22,30.40497166,-97.71607718,FM,1325.0,5.87,FM1325,Y,N,2,MON,0.0,0.0,0.0,4.0,14.0,33660.0,2018.0,1.7,,,,0,1,0,2,0,1,0,2019
17475809,N,12/23/2019,12:24 AM,-1,11,4,1,21,2,2,17,1.0,227,22,30.40795135,-97.67464447,IH,35.0,244.474,IH0035,Y,N,2,MON,8.0,20.0,3.0,6.0,11.0,134367.0,2018.0,12.4,1.0,411.0,1.0,0,1,0,5,0,1,0,2019
17475819,N,12/23/2019,06:11 AM,55,11,4,1,11,2,4,21,1.0,227,22,,,SH,71.0,,SH0071,Y,N,2,MON,,,,,,,,,,,,0,1,0,1,0,1,0,2019
17476760,Y,12/12/2019,01:16 PM,55,11,1,1,20,2,4,21,1.0,227,22,30.24143911,-97.68928803,US,183.0,327.195,US0183,Y,N,2,THU,6.0,10.0,36.0,4.0,14.0,97049.0,2018.0,5.6,1.0,408.0,4.0,0,1,0,1,0,1,0,2019
17478737,N,12/24/2019,04:40 PM,55,11,1,1,11,2,2,20,1.0,227,330,30.46491098,-97.59510117,FM,685.0,5.688,FM0685,Y,N,2,TUE,1.0,1.0,14.0,4.0,16.0,29334.0,2018.0,4.3,,,,0,1,1,4,0,2,0,2019
17479659,N,12/20/2019,01:03 PM,-1,2,1,1,20,2,2,22,1.0,227,22,30.373668900000002,-97.69100823,SL,275.0,3.74,SL0275,Y,N,2,FRI,0.0,2.0,0.0,4.0,14.0,29928.0,2018.0,1.4,,,,0,2,0,0,0,2,0,2019
17479763,N,12/23/2019,01:01 PM,40,11,1,1,20,2,3,34,1.0,227,22,30.23830213,-97.78978726,SL,343.0,0.843,SL0343,Y,N,2,MON,0.0,0.0,0.0,5.0,14.0,36688.0,2018.0,1.5,,,,0,2,0,2,0,2,0,2019
17479776,N,12/23/2019,06:11 PM,50,11,3,1,20,2,1,13,1.0,227,22,30.34394083,-97.69710471,IH,35.0,239.674,IH0035,Y,N,2,MON,20.0,20.0,3.0,6.0,11.0,145168.0,2018.0,11.9,,,,0,1,0,1,0,1,0,2019
17479779,N,12/23/2019,06:17 PM,50,11,4,1,20,2,4,20,1.0,227,22,,,IH,35.0,,IH0035,Y,N,2,MON,,,,,,,,,,,,0,2,0,1,1,2,0,2019
17479816,N,12/19/2019,07:00 AM,70,11,1,1,20,10,4,1,2.0,227,330,30.45335762,-97.59426284,SH,130.0,17.85,SH0130,Y,N,2,THU,8.0,20.0,135.0,6.0,12.0,45033.0,2018.0,17.2,,,,0,1,0,0,0,1,0,2019
17479831,N,12/23/2019,06:15 PM,-1,11,4,1,1,2,4,10,5.0,227,22,,,IH,35.0,,IH0035,Y,N,2,MON,,,,,,,,,,,,0,1,1,0,0,2,0,2019
17479836,N,12/23/2019,07:17 PM,45,11,4,1,20,2,3,11,1.0,227,22,30.36333998,-97.71757290000001,US,183.0,316.579,US0183,Y,N,2,MON,20.0,20.0,8.0,6.0,12.0,138247.0,2018.0,3.6,1.0,131.0,3.0,0,1,0,3,0,1,0,2019
17479867,N,12/24/2019,01:37 PM,65,11,1,1,20,2,4,22,1.0,227,22,30.43306099,-97.66988679,IH,35.0,246.224,IH0035,Y,N,2,TUE,8.0,20.0,3.0,6.0,11.0,132719.0,2018.0,12.4,,,,0,1,2,0,0,3,0,2019
17480036,N,12/25/2019,09:21 PM,50,11,4,1,20,2,2,20,1.0,227,22,30.40795135,-97.67464447,IH,35.0,244.474,IH0035,Y,N,2,WED,8.0,20.0,3.0,6.0,11.0,134367.0,2018.0,12.4,1.0,411.0,1.0,0,1,1,2,0,2,0,2019
17480335,N,12/22/2019,07:04 PM,65,11,4,1,8,2,1,14,1.0,227,9999,30.35970778,-97.53264078,FM,973.0,15.493,FM0973,Y,Y,1,SUN,10.0,10.0,0.0,2.0,16.0,15148.0,2018.0,5.5,1.0,333.0,1.0,2,0,1,0,0,3,0,2019
17483249,Y,12/16/2019,06:12 AM,60,2,3,2,20,2,2,22,1.0,227,9999,30.25829242,-97.61108003,FM,973.0,24.985,FM0973,Y,Y,2,MON,5.0,5.0,0.0,2.0,16.0,10385.0,2018.0,7.3,,,,0,1,0,1,0,1,0,2019
17483349,N,12/27/2019,04:16 PM,55,11,1,1,5,2,2,22,1.0,227,9999,30.23226996,-97.90185763,US,290.0,107.661,US0290,Y,Y,2,FRI,0.0,4.0,0.0,4.0,14.0,44818.0,2018.0,2.8,,,,0,2,0,0,0,2,0,2019
17483390,N,12/27/2019,03:00 PM,60,11,1,1,1,2,1,34,1.0,227,9999,30.30806752,-97.89325759,RM,2244.0,2.758,RM2244,Y,Y,2,FRI,5.0,10.0,0.0,4.0,14.0,19573.0,2018.0,4.4,1.0,116.0,1.0,0,2,0,3,0,2,0,2019
17483480,N,12/27/2019,01:59 PM,30,11,1,1,1,7,4,1,2.0,227,1016,30.35260077,-97.53661833,FM,973.0,16.037,FM0973,Y,N,1,FRI,10.0,10.0,0.0,2.0,16.0,15148.0,2018.0,5.5,,,,1,0,0,0,0,1,0,2019
17486546,N,12/23/2019,02:00 AM,55,11,4,1,20,7,2,3,4.0,227,22,30.21620159,-97.74381419,SH,71.0,123.955,SH0071,Y,N,2,MON,20.0,20.0,32.0,6.0,12.0,122565.0,2018.0,3.2,,,,0,4,0,0,0,4,0,2019
17486550,Y,12/26/2019,12:23 PM,60,12,1,1,1,2,4,22,1.0,227,22,30.25326546,-97.73646026,IH,35.0,232.903,IH0035,Y,N,2,THU,4.0,10.0,3.0,6.0,11.0,142856.0,2018.0,11.0,,,,0,4,0,4,0,4,0,2019
17486606,N,12/25/2019,10:04 PM,55,11,4,1,15,1,2,1,1.0,227,22,30.44390411,-97.74236029,FM,734.0,7.002000000000002,FM0734,Y,N,1,WED,8.0,20.0,36.0,6.0,14.0,55456.0,2018.0,3.8,,,,1,0,0,1,0,1,0,2019
17486610,Y,12/26/2019,04:40 PM,-1,11,1,1,5,2,1,10,1.0,227,22,30.34813238,-97.71218295,SL,275.0,5.945,SL0275,Y,N,2,THU,2.0,20.0,12.0,4.0,14.0,37706.0,2018.0,1.2,,,,0,1,0,1,0,1,0,2019
17486641,N,12/27/2019,06:57 AM,50,12,2,1,8,2,2,13,1.0,227,22,30.39341986,-97.67157225,IH,35.0,243.437,IH0035,Y,N,2,FRI,8.0,20.0,3.0,6.0,11.0,159315.0,2018.0,11.5,,,,0,2,0,0,0,2,0,2019
17486703,N,12/27/2019,04:50 PM,-1,11,1,1,20,2,2,20,1.0,227,22,30.33956262,-97.7593136,RM,2222.0,8.402000000000001,RM2222,Y,N,2,FRI,0.0,0.0,0.0,4.0,14.0,32997.0,2018.0,3.5,1.0,36.0,20.0,0,1,0,3,0,1,0,2019
17486732,N,12/27/2019,10:53 PM,70,11,4,1,1,2,4,21,1.0,227,22,30.25871468,-97.73711014,IH,35.0,233.281,IH0035,Y,N,2,FRI,8.0,20.0,3.0,8.0,11.0,142856.0,2018.0,11.0,1.0,76.0,3.0,0,3,0,0,0,3,0,2019
17486862,N,12/28/2019,06:44 PM,55,11,4,1,5,2,2,22,1.0,227,22,30.23653834,-97.68624764,US,183.0,327.578,US0183,Y,N,2,SAT,6.0,10.0,36.0,4.0,14.0,100483.0,2018.0,5.5,1.0,115.0,0.0,0,2,1,0,0,3,0,2019
17486882,N,12/29/2019,10:03 AM,-1,11,1,1,11,2,4,20,1.0,227,22,,,IH,35.0,,IH0035,Y,N,2,SUN,,,,,,,,,,,,0,4,0,3,0,4,0,2019
17486950,N,12/29/2019,03:14 PM,-1,11,1,1,20,2,4,20,1.0,227,22,,,IH,35.0,,IH0035,Y,N,2,SUN,,,,,,,,,,,,0,2,0,5,0,2,0,2019
17486951,N,12/29/2019,04:24 PM,-1,11,1,1,1,10,4,1,1.0,227,22,30.40651235,-97.85257587,RM,620.0,13.045,RM0620,Y,N,1,SUN,8.0,8.0,0.0,4.0,14.0,50802.0,2018.0,3.1,,,,1,1,0,0,0,2,0,2019
17487420,N,12/30/2019,09:02 AM,-1,11,1,1,20,2,3,13,1.0,227,22,30.35582113,-97.71529549,US,183.0,317.1140000000001,US0183,Y,N,2,MON,20.0,20.0,8.0,6.0,12.0,138247.0,2018.0,3.6,,,,0,1,0,1,0,1,0,2019
17487424,N,12/30/2019,11:15 AM,55,11,1,1,20,2,4,20,1.0,227,22,30.20156904,-97.63628527,SH,71.0,130.94,SH0071,Y,N,1,MON,0.0,0.0,250.0,6.0,14.0,53382.0,2018.0,8.3,,,,1,0,0,1,0,1,0,2019
17489468,N,12/30/2019,02:46 PM,-1,11,1,1,5,2,1,34,1.0,227,22,30.42475159,-97.71351381,FM,734.0,9.2,FM0734,Y,N,2,MON,8.0,20.0,36.0,6.0,14.0,49788.0,2018.0,3.9,1.0,52.0,2.0,0,1,0,4,0,1,0,2019
17489469,N,12/31/2019,08:50 AM,55,11,1,1,20,2,1,10,1.0,227,22,30.26758232,-97.73397442,IH,35.0,233.92,IH0035,Y,N,2,TUE,20.0,40.0,3.0,8.0,11.0,177389.0,2018.0,9.9,,,,0,1,0,2,0,1,0,2019
17489712,N,12/30/2019,07:53 PM,50,11,4,1,5,2,2,22,1.0,227,1016,30.34792477,-97.56347424,US,290.0,133.938,US0290,Y,N,2,MON,12.0,20.0,56.0,4.0,14.0,54210.0,2018.0,6.4,,,,0,1,1,5,0,2,0,2019
17490169,N,12/31/2019,12:52 PM,55,11,1,1,20,2,3,14,1.0,227,538,30.30563102,-97.93271689,RM,2244.0,0.206,RM2244,Y,Y,2,TUE,5.0,10.0,0.0,4.0,14.0,19573.0,2018.0,4.4,1.0,112.0,6.0,0,1,0,2,0,1,0,2019
17491541,Y,12/28/2019,03:16 AM,80,5,4,1,20,2,4,30,1.0,227,330,30.49257466,-97.58347396,SH,130.0,15.018,SH0130,Y,N,4,SAT,8.0,20.0,135.0,4.0,12.0,38706.0,2018.0,17.5,,,,0,0,1,0,0,1,1,2019
17491984,N,12/31/2019,02:25 PM,-1,11,1,1,5,2,2,20,1.0,227,22,30.40043692,-97.74585653,US,183.0,313.243,US0183,Y,N,2,TUE,20.0,20.0,36.0,6.0,12.0,137676.0,2018.0,2.0,1.0,270.0,1.0,0,1,1,0,0,2,0,2019
17491994,N,12/31/2019,03:00 PM,65,11,1,1,20,2,4,22,1.0,227,22,30.40103787,-97.74579772,US,183.0,313.202,US0183,Y,N,2,TUE,20.0,20.0,36.0,6.0,12.0,137676.0,2018.0,2.0,1.0,270.0,1.0,0,1,0,1,0,1,0,2019
17492356,N,12/18/2019,04:26 PM,65,11,1,1,1,10,4,1,2.0,227,1016,30.35114663,-97.48189635,US,290.0,138.811,US0290,Y,N,1,WED,8.0,20.0,68.0,4.0,2.0,30629.0,2018.0,8.5,,,,1,0,0,0,0,1,0,2019
17492632,N,12/24/2019,01:17 PM,55,11,1,1,5,2,1,10,1.0,227,22,30.38503873,-97.76674829,SL,360.0,1.4269999999999998,SL0360,Y,N,2,TUE,8.0,20.0,48.0,4.0,14.0,53584.0,2018.0,2.7,1.0,104.0,2.0,0,3,0,2,0,3,0,2019
17494574,N,12/31/2019,11:14 AM,60,11,1,1,1,2,4,22,1.0,227,1016,30.34633716,-97.57078758,US,290.0,133.489,US0290,Y,N,2,TUE,12.0,20.0,56.0,4.0,12.0,54210.0,2018.0,6.4,,,,0,2,0,0,0,2,0,2019
17497329,N,12/28/2019,04:29 AM,-1,11,4,2,5,2,1,10,1.0,227,22,30.33693838,-97.75616102,RM,2222.0,8.672,RM2222,Y,N,2,SAT,0.0,0.0,14.0,4.0,14.0,32997.0,2018.0,3.5,,,,0,4,0,1,0,4,0,2019
17500109,N,12/12/2019,09:54 PM,45,11,4,1,5,2,1,10,1.0,227,22,30.32212067,-97.70681763,IH,35.0,238.044,IH0035,Y,N,2,THU,8.0,20.0,24.0,8.0,11.0,199837.0,2018.0,9.4,,,,0,3,0,5,0,3,0,2019
17502041,Y,12/27/2019,02:19 PM,55,11,1,1,20,2,1,10,1.0,227,9999,30.12898359,-97.71016202,FM,1625.0,1.641,FM1625,Y,Y,1,FRI,4.0,4.0,0.0,2.0,17.0,6715.0,2018.0,8.3,,,,1,0,1,1,0,2,0,2019
17503820,N,12/31/2019,11:42 PM,65,11,4,1,1,2,4,20,1.0,227,22,30.26348353,-97.73550435,IH,35.0,233.624,IH0035,Y,N,2,TUE,8.0,20.0,3.0,8.0,11.0,158343.0,2018.0,10.4,1.0,248.0,2.0,0,1,0,3,0,1,0,2019
17509721,N,12/01/2019,11:02 AM,60,11,1,1,8,2,1,10,1.0,227,22,30.38833229,-97.65082544,FM,734.0,14.01,FM0734,Y,N,2,SUN,11.0,0.0,55.0,4.0,14.0,39056.0,2018.0,4.1,,,,0,1,1,1,0,2,0,2019
17509723,N,12/06/2019,07:39 AM,65,11,1,1,20,2,4,20,1.0,227,22,30.13776336,-97.79698964,IH,35.0,224.022,IH0035,Y,N,2,FRI,6.0,20.0,30.0,6.0,11.0,128785.0,2018.0,12.2,1.0,103.0,0.0,0,1,0,2,0,1,0,2019
17510570,N,10/19/2019,04:34 PM,45,11,1,1,5,2,1,10,1.0,227,22,30.34394479,-97.70522154,US,183.0,318.206,US0183,Y,N,2,SAT,20.0,20.0,24.0,6.0,12.0,139965.0,2018.0,3.6,,,,0,1,0,1,0,1,0,2019
17516824,N,06/21/2019,11:56 PM,70,11,4,1,1,8,4,1,1.0,227,22,30.34691189,-97.69522385,IH,35.0,239.907,IH0035,Y,N,2,FRI,20.0,20.0,3.0,6.0,11.0,145168.0,2018.0,11.9,,,,0,1,0,5,0,1,0,2019
17526054,N,10/10/2019,10:30 AM,-1,11,1,1,1,2,4,20,1.0,227,22,30.32183869,-97.70685719,IH,35.0,238.024,IH0035,Y,N,2,THU,8.0,20.0,24.0,8.0,11.0,199837.0,2018.0,9.4,,,,0,1,0,4,0,1,0,2019
17526058,N,12/09/2019,11:08 AM,45,11,1,1,5,2,1,10,1.0,227,22,30.39456357,-97.84552821,RM,2222.0,0.825,RM2222,Y,N,2,MON,0.0,0.0,0.0,4.0,14.0,42777.0,2018.0,3.2,,,,0,1,1,4,0,2,0,2019
17528501,N,12/30/2019,05:30 AM,55,11,4,1,1,2,3,10,1.0,227,22,30.29499779,-97.62557208,FM,3177.0,3.249,FM3177,Y,N,2,MON,10.0,10.0,0.0,4.0,17.0,11798.0,2018.0,6.1,,,,0,1,0,1,0,1,0,2019
17566128,N,12/17/2019,02:22 AM,45,11,4,1,11,7,4,1,2.0,227,22,30.22293622,-97.76386509999999,US,290.0,116.319,US0290,Y,N,4,TUE,20.0,20.0,42.0,6.0,12.0,140123.0,2018.0,2.6,,,,0,0,0,0,0,0,1,2019
17573161,N,11/02/2019,01:56 AM,-1,5,3,2,5,2,1,10,1.0,227,22,30.28564135,-97.6653578,US,183.0,323.551,US0183,Y,N,1,SAT,16.0,20.0,36.0,4.0,14.0,67460.0,2018.0,6.6,,,,1,0,1,0,0,2,0,2019
17576194,N,11/30/2019,11:23 PM,45,11,4,1,11,2,3,34,1.0,227,22,30.17288135,-97.78531796,SL,275.0,20.763,SL0275,Y,N,4,SAT,0.0,0.0,0.0,4.0,14.0,17455.0,2018.0,1.8,,,,0,3,0,1,0,3,1,2019
17636517,N,10/04/2019,09:17 PM,-1,11,4,1,5,2,1,10,1.0,227,22,30.39403452,-97.74647819,US,183.0,313.685,US0183,Y,N,2,FRI,20.0,20.0,36.0,6.0,12.0,137676.0,2018.0,2.0,,,,0,3,0,0,0,3,0,2019
17664367,N,11/30/2019,02:16 AM,45,2,4,2,1,7,4,1,2.0,227,22,30.30949521,-97.71035291,IH,35.0,237.141,IH0035,Y,N,2,SAT,8.0,20.0,24.0,8.0,11.0,193850.0,2018.0,9.5,,,,0,1,0,0,0,1,0,2019
17854835,N,11/14/2019,02:45 PM,45,2,1,2,1,7,4,1,2.0,227,22,30.27215764,-97.77292773,SL,1.0,15.483,SL0001,Y,N,2,THU,12.0,20.0,36.0,6.0,12.0,139370.0,2018.0,1.2,,,,0,1,0,0,0,1,0,2019
17854965,N,07/22/2019,02:51 PM,55,11,1,1,20,2,4,20,1.0,227,22,30.38251492,-97.77165922,SL,360.0,1.768,SL0360,Y,N,2,MON,8.0,20.0,48.0,4.0,14.0,54706.0,2018.0,2.6,,,,0,1,0,1,0,1,0,2019
17856700,N,08/15/2019,07:41 AM,65,11,1,1,20,2,4,21,3.0,227,22,30.33803756,-97.75496705,SL,1.0,10.722,SL0001,Y,N,2,THU,12.0,20.0,100.0,6.0,12.0,148872.0,2018.0,1.2,1.0,218.0,2.0,0,1,0,1,0,1,0,2019
17859843,N,11/30/2019,12:30 PM,45,11,1,1,10,2,1,34,1.0,227,22,30.37704237,-97.67608134,IH,35.0,242.273,IH0035,Y,N,2,SAT,8.0,20.0,3.0,6.0,11.0,159315.0,2018.0,11.5,,,,0,1,0,0,1,1,0,2019
17864720,N,10/09/2019,07:42 AM,55,12,1,1,1,2,4,20,1.0,227,22,30.42789065,-97.67086709,IH,35.0,245.863,IH0035,Y,N,2,WED,8.0,20.0,3.0,6.0,11.0,132719.0,2018.0,12.4,,,,0,1,1,1,0,2,0,2019
17865991,N,12/18/2019,11:44 PM,70,11,4,1,20,2,4,20,1.0,227,22,30.23746153,-97.73899619,IH,35.0,231.753,IH0035,Y,N,2,WED,4.0,20.0,3.0,6.0,11.0,150700.0,2018.0,10.7,,,,0,1,0,2,0,1,0,2019
17882005,N,07/15/2019,10:56 AM,65,11,1,1,20,7,2,1,2.0,227,22,30.30829318,-97.71112782,IH,35.0,237.047,IH0035,Y,N,2,MON,8.0,20.0,24.0,8.0,11.0,196302.0,2018.0,9.5,,,,0,1,0,0,0,1,0,2019
17882011,N,11/23/2019,08:45 PM,50,11,3,1,20,2,2,22,1.0,227,22,30.278438300000005,-97.72996378,IH,35.0,234.705,IH0035,Y,N,2,SAT,20.0,40.0,3.0,8.0,11.0,202376.0,2018.0,9.3,,,,0,2,0,0,0,2,0,2019
17904515,N,02/04/2019,06:35 PM,30,12,4,1,20,2,2,20,1.0,227,22,30.21976207,-97.68840568,SH,71.0,127.383,SH0071,Y,N,2,MON,10.0,10.0,52.0,6.0,12.0,70740.0,2018.0,4.0,,,,0,1,0,1,1,1,0,2019
17904520,N,07/06/2019,05:29 PM,80,11,1,1,21,2,1,46,1.0,227,22,30.34050179,-97.5911026,US,290.0,132.21,US0290,Y,N,2,SAT,20.0,20.0,3.0,5.0,12.0,34434.0,2018.0,8.4,,,,0,1,0,1,0,1,0,2019