Crash_ID,Cmv_Involv_Fl,Crash_Date,Crash_Time,Crash_Speed_Limit,Wthr_Cond_ID,Light_Cond_ID,Surf_Cond_ID,Traffic_Cntl_ID,Harm_Evnt_ID,Intrsct_Relat_ID,FHE_Collsn_ID,Road_Relat_ID,Cnty_ID,City_ID,Latitude,Longitude,Hwy_Sys,Hwy_Nbr,Dfo,Street_Name,Onsys_Fl,Rural_Fl,Crash_Sev_ID,Day_of_Week,Shldr_Width_Left,Shldr_Width_Right,Median_Width,Nbr_Of_Lane,Func_Sys_ID,Adt_Curnt_Amt,Adt_Curnt_Year,Trk_Aadt_Pct,Curve_Type_ID,Curve_Lngth,Cd_Degr,Sus_Serious_Injry_Cnt,Nonincap_Injry_Cnt,Poss_Injry_Cnt,Non_Injry_Cnt,Unkn_Injry_Cnt,Tot_Injry_Cnt,Death_Cnt,Year
17524334,N,01/18/2020,05:46 PM,-1,11,1,1,21,2,1,28,1.0,227,22,30.40844912,-97.71597104,SL,1.0,5.12,SL0001,Y,N,2,SAT,28.0,28.0,36.0,9.0,12.0,112974.0,2018.0,1.6,,,,0,1,0,0,1,1,0,2020
17524359,N,01/19/2020,08:53 AM,45,11,1,1,5,2,1,10,1.0,227,22,30.18286075,-97.68758604,US,183.0,331.336,US0183,Y,N,2,SUN,12.0,20.0,36.0,4.0,14.0,34458.0,2018.0,6.7,,,,0,1,1,0,0,2,0,2020
17524361,N,01/19/2020,03:50 PM,65,11,1,1,20,7,4,1,2.0,227,22,30.39068085,-97.74564202,US,183.0,313.923,US0183,Y,N,1,SUN,20.0,20.0,36.0,6.0,12.0,137676.0,2018.0,2.0,,,,1,0,0,0,0,1,0,2020
17524426,N,01/19/2020,09:23 PM,60,11,3,1,20,7,4,1,4.0,227,22,30.22134865,-97.67449908,SH,71.0,128.284,SH0071,Y,N,1,SUN,8.0,8.0,40.0,8.0,14.0,95090.0,2018.0,3.5,1.0,188.0,2.0,1,0,0,1,0,1,0,2020
17524461,N,01/20/2020,01:08 PM,-1,11,1,1,20,2,4,21,1.0,227,22,30.23660336,-97.84091778,US,290.0,111.445,US0290,Y,N,2,MON,20.0,20.0,42.0,5.0,12.0,60621.0,2018.0,2.7,1.0,465.0,0.0,0,1,0,5,0,1,0,2020
17524467,N,01/20/2020,03:51 PM,55,11,1,1,20,2,4,20,1.0,227,22,30.24688111,-97.80352381,SL,360.0,12.789,SL0360,Y,N,2,MON,8.0,20.0,48.0,4.0,14.0,99537.0,2018.0,2.0,,,,0,1,0,2,0,1,0,2020
17524501,N,01/20/2020,03:42 PM,35,11,1,1,11,2,3,10,1.0,227,22,30.29026088,-97.62861407,FM,3177.0,3.622,FM3177,Y,N,1,MON,10.0,10.0,0.0,4.0,17.0,11798.0,2018.0,6.1,,,,1,4,0,1,0,5,0,2020
17524510,N,01/20/2020,08:00 PM,40,11,4,1,1,2,4,30,1.0,227,22,30.24834759,-97.77029905,SL,343.0,2.227,SL0343,Y,N,1,MON,0.0,0.0,0.0,4.0,14.0,36688.0,2018.0,1.5,,,,1,0,0,3,0,1,0,2020
17524517,N,01/21/2020,02:52 AM,-1,11,4,1,15,1,2,1,1.0,227,22,30.440112,-97.66855725,IH,35.0,246.715,IH0035,Y,N,2,TUE,8.0,20.0,3.0,6.0,11.0,132719.0,2018.0,12.4,,,,0,1,0,1,0,1,0,2020
17524518,N,01/21/2020,06:15 AM,65,11,1,1,1,2,4,21,1.0,227,22,30.40744232,-97.67473877,IH,35.0,244.438,IH0035,Y,N,2,TUE,8.0,20.0,3.0,6.0,11.0,134367.0,2018.0,12.4,1.0,411.0,1.0,0,1,0,3,0,1,0,2020
17524521,N,01/21/2020,07:15 AM,-1,11,2,1,20,2,4,20,1.0,227,22,30.386213800000004,-97.74342555,US,183.0,314.257,US0183,Y,N,2,TUE,20.0,20.0,36.0,6.0,12.0,146786.0,2018.0,1.9,,,,0,1,0,2,0,1,0,2020
17524933,N,01/21/2020,02:50 PM,55,11,1,1,11,2,1,34,1.0,227,9999,30.24818393,-97.57937464,FM,969.0,8.325,FM0969,Y,Y,2,TUE,0.0,4.0,0.0,2.0,17.0,7570.0,2018.0,8.1,1.0,65.0,4.0,0,1,0,2,0,1,0,2020
17526174,N,01/21/2020,05:32 PM,65,11,1,1,20,2,4,20,1.0,227,22,30.25189712,-97.80414741,SL,1.0,17.855999999999995,SL0001,Y,N,2,TUE,12.0,20.0,60.0,6.0,12.0,153269.0,2018.0,1.2,1.0,445.0,2.0,0,2,0,0,0,2,0,2020
17526179,N,01/21/2020,08:01 PM,-1,12,3,1,5,2,1,34,1.0,227,22,30.41673786,-97.84737853,RM,620.0,13.813,RM0620,Y,N,2,TUE,8.0,8.0,0.0,4.0,14.0,50802.0,2018.0,3.1,,,,0,2,0,1,0,2,0,2020
17526198,N,01/22/2020,08:34 AM,70,2,1,2,20,7,4,1,4.0,227,9999,30.19175514,-97.62123067,SH,71.0,132.072,SH0071,Y,Y,2,WED,6.0,10.0,2.0,4.0,14.0,53382.0,2018.0,8.3,,,,0,1,0,0,0,1,0,2020
17526200,N,01/22/2020,02:24 AM,65,2,4,2,20,7,4,1,4.0,227,22,30.19013083,-97.77077193,IH,35.0,227.976,IH0035,Y,N,2,WED,24.0,24.0,42.0,6.0,11.0,156852.0,2018.0,11.1,,,,0,1,0,0,0,1,0,2020
17528503,N,01/08/2020,06:52 PM,45,11,4,1,1,1,4,1,1.0,227,22,30.27008318,-97.69685542,SL,111.0,0.967,SL0111,Y,N,4,WED,1.0,2.0,0.0,4.0,14.0,31328.0,2018.0,1.8,,,,0,0,0,4,0,0,1,2020
17528614,N,01/22/2020,07:56 PM,35,2,4,2,5,2,1,34,1.0,227,22,30.26339563,-97.74449683,SL,343.0,4.54,SL0343,Y,N,1,WED,10.0,10.0,0.0,4.0,14.0,27900.0,2018.0,1.9,,,,1,0,0,2,0,1,0,2020
17528721,N,01/22/2020,10:55 PM,55,12,4,1,20,2,2,20,1.0,227,22,30.24813225,-97.73537440000001,IH,35.0,232.544,IH0035,Y,N,2,WED,4.0,10.0,3.0,6.0,11.0,142856.0,2018.0,11.0,1.0,238.0,3.0,0,1,0,0,2,1,0,2020
17528725,N,01/22/2020,02:09 PM,40,2,1,2,5,2,1,10,1.0,227,22,30.321393199999996,-97.68908316,US,290.0,126.164,US0290,Y,N,2,WED,12.0,20.0,24.0,5.0,12.0,47490.0,2018.0,6.7,1.0,251.0,0.0,0,4,0,0,0,4,0,2020
17528727,N,01/23/2020,12:21 AM,35,11,3,2,20,2,2,20,1.0,227,22,30.28604327,-97.76385966,SL,1.0,14.383,SL0001,Y,N,2,THU,12.0,20.0,60.0,6.0,12.0,145144.0,2018.0,1.2,,,,0,1,0,0,1,1,0,2020
17528839,N,01/13/2020,05:01 PM,55,11,1,1,2,2,2,22,1.0,227,9999,30.33145525,-98.02453193,SH,71.0,103.451,SH0071,Y,Y,2,MON,5.0,5.0,0.0,4.0,2.0,37755.0,2018.0,3.3,,,,0,2,0,1,0,2,0,2020
17529116,N,01/23/2020,10:02 AM,55,11,1,1,5,2,1,10,1.0,227,22,30.23712885,-97.82306307,SL,1.0,19.449,SL0001,Y,N,2,THU,12.0,20.0,60.0,6.0,12.0,83195.0,2018.0,1.6,1.0,240.0,3.0,0,1,1,2,0,2,0,2020
17529117,N,01/23/2020,11:17 AM,60,11,1,1,20,2,4,20,1.0,227,22,30.31071952,-97.70958219,IH,35.0,237.237,IH0035,Y,N,2,THU,8.0,20.0,24.0,8.0,11.0,193850.0,2018.0,9.5,,,,0,1,0,1,0,1,0,2020
17530405,N,01/18/2020,01:15 PM,55,11,1,1,5,2,1,10,1.0,227,9999,30.4606267,-97.69474075,FM,1325.0,1.5,FM1325,Y,Y,2,SAT,1.0,1.0,0.0,4.0,16.0,20194.0,2018.0,2.2,,,,0,2,0,0,0,2,0,2020
17530630,N,01/17/2020,06:33 AM,70,2,4,2,20,7,4,1,2.0,227,22,30.19705567,-97.62293869999999,SH,130.0,37.098,SH0130,Y,N,4,FRI,12.0,20.0,135.0,4.0,12.0,43413.0,2018.0,17.5,1.0,292.0,1.0,0,0,0,0,0,0,1,2020
17530639,N,01/23/2020,08:48 AM,-1,11,1,1,11,2,1,10,1.0,227,22,30.35821081,-97.68805302,IH,35.0,240.794,IH0035,Y,N,2,THU,8.0,20.0,3.0,6.0,11.0,138459.0,2018.0,12.2,,,,0,2,0,1,0,2,0,2020
17530640,N,01/23/2020,03:13 PM,-1,11,1,1,2,2,1,10,1.0,227,22,30.21848804,-97.69090745,SH,71.0,127.21,SH0071,Y,N,2,THU,4.0,5.0,44.0,6.0,12.0,70740.0,2018.0,4.0,,,,0,1,1,0,0,2,0,2020
17530642,N,01/23/2020,04:20 PM,-1,11,1,1,1,2,4,20,1.0,227,22,30.3014243,-97.75836072,SL,1.0,13.254,SL0001,Y,N,2,THU,12.0,20.0,60.0,6.0,12.0,150574.0,2018.0,1.2,,,,0,1,0,2,0,1,0,2020
17530646,N,01/23/2020,06:18 PM,-1,11,4,1,20,2,4,20,1.0,227,22,,,SL,1.0,,SL0001,Y,N,2,THU,,,,,,,,,,,,0,1,0,1,0,1,0,2020
17531144,N,01/23/2020,09:17 AM,-1,11,1,1,20,2,4,20,1.0,227,22,30.32217041,-97.70653889,US,290.0,125.118,US0290,Y,N,2,THU,12.0,20.0,24.0,5.0,12.0,55306.0,2018.0,6.3,,,,0,1,0,7,0,1,0,2020
17531319,N,01/24/2020,01:25 PM,70,11,1,1,1,2,4,22,1.0,227,22,30.32213405,-97.75590695,SL,1.0,11.819,SL0001,Y,N,2,FRI,12.0,20.0,100.0,6.0,12.0,157489.0,2018.0,1.1,,,,0,2,0,1,0,2,0,2020
17531626,N,01/24/2020,05:59 PM,-1,11,3,1,1,2,2,22,1.0,227,9999,30.30328009,-97.82627826,SL,360.0,8.449,SL0360,Y,Y,2,FRI,8.0,20.0,60.0,4.0,14.0,54423.0,2018.0,2.6,,,,0,1,0,1,0,1,0,2020
17531971,N,01/25/2020,12:11 AM,-1,11,4,1,1,2,2,20,1.0,227,9999,30.45341163,-97.66622034,IH,35.0,247.641,IH0035,Y,Y,2,SAT,18.0,18.0,12.0,6.0,11.0,129244.0,2018.0,12.7,,,,0,2,3,2,0,5,0,2020
17532433,N,01/25/2020,01:55 PM,60,12,1,1,20,2,3,34,1.0,227,9999,30.2344974,-97.91134465,US,290.0,107.07,US0290,Y,Y,2,SAT,0.0,6.0,0.0,4.0,14.0,37680.0,2018.0,2.9,,,,0,3,1,0,0,4,0,2020
17534475,Y,01/01/2020,05:13 AM,65,11,4,1,20,2,4,21,1.0,227,22,30.26144459,-97.73634727,IH,35.0,233.475,IH0035,Y,N,2,WED,8.0,20.0,3.0,8.0,11.0,158343.0,2018.0,10.4,1.0,248.0,2.0,0,2,0,2,0,2,0,2020
17534509,N,01/24/2020,08:32 AM,65,11,1,1,5,2,2,22,1.0,227,22,30.336555999999998,-97.75543014,SL,1.0,10.827,SL0001,Y,N,2,FRI,12.0,20.0,100.0,6.0,12.0,148872.0,2018.0,1.2,1.0,218.0,2.0,0,2,0,1,0,2,0,2020
17534694,N,01/25/2020,04:34 PM,50,12,1,1,20,2,1,23,1.0,227,22,30.31894529,-97.70722266,IH,35.0,237.824,IH0035,Y,N,2,SAT,8.0,20.0,24.0,8.0,11.0,193850.0,2018.0,9.5,1.0,274.0,0.0,0,1,0,4,0,1,0,2020
17534717,N,01/25/2020,07:09 PM,-1,12,6,2,20,2,3,14,1.0,227,22,30.44744796,-97.66249231,FM,1825.0,0.685,FM1825,Y,N,2,SAT,8.0,8.0,0.0,4.0,16.0,29814.0,2018.0,3.6,,,,0,2,0,2,0,2,0,2020
17534735,N,01/25/2020,11:51 AM,35,11,1,1,9,2,2,22,1.0,227,22,30.30260724,-97.66094526,US,183.0,322.355,US0183,Y,N,1,SAT,16.0,16.0,36.0,4.0,14.0,57843.0,2018.0,3.2,,,,1,0,1,0,0,2,0,2020
17534865,N,01/26/2020,04:32 AM,55,11,3,2,1,2,4,21,1.0,227,22,30.22288603,-97.68020289,SH,71.0,127.922,SH0071,Y,N,2,SUN,10.0,10.0,52.0,5.0,12.0,95090.0,2018.0,3.5,,,,0,1,0,0,0,1,0,2020
17534883,N,01/26/2020,06:06 PM,65,11,4,1,20,2,4,20,1.0,227,22,30.3761518,-97.73944095,SL,1.0,7.931,SL0001,Y,N,2,SUN,20.0,20.0,36.0,5.0,12.0,149361.0,2018.0,1.2,1.0,171.0,0.0,0,1,1,1,0,2,0,2020
17534969,N,01/26/2020,08:34 PM,-1,11,4,1,20,2,4,22,1.0,227,22,30.1986358,-97.76394664,IH,35.0,228.689,IH0035,Y,N,2,SUN,24.0,24.0,42.0,6.0,11.0,148474.0,2018.0,11.3,,,,0,2,0,5,1,2,0,2020
17536529,N,01/22/2020,10:11 AM,60,2,1,2,20,2,2,22,1.0,227,9999,30.28207202,-98.06565009,RM,12.0,0.312,RM0012,Y,Y,2,WED,8.0,8.0,0.0,2.0,6.0,7822.0,2018.0,4.8,,,,0,1,0,1,0,1,0,2020
17537889,N,01/16/2020,02:23 PM,30,2,1,2,8,2,1,10,1.0,227,1016,30.34803071,-97.55821709,SL,212.0,0.087,SL0212,Y,N,2,THU,0.0,0.0,0.0,2.0,17.0,2247.0,2018.0,9.8,,,,0,1,0,4,0,1,0,2020
17538887,N,01/18/2020,04:25 PM,-1,0,1,0,5,2,2,22,1.0,227,22,30.32592883,-97.72633812,RM,2222.0,10.772,RM2222,Y,N,2,SAT,0.0,0.0,14.0,4.0,14.0,34181.0,2018.0,3.5,1.0,120.0,0.0,0,1,0,1,1,1,0,2020
17538996,N,01/27/2020,07:34 PM,55,11,3,1,20,7,4,1,2.0,227,22,30.25871317,-97.90596738,SH,71.0,113.084,SH0071,Y,N,2,MON,10.0,10.0,0.0,4.0,14.0,34138.0,2018.0,3.5,,,,0,1,0,0,0,1,0,2020
17538999,N,01/27/2020,07:33 PM,55,11,3,1,5,2,2,22,1.0,227,9999,30.29076749,-97.82830233,SL,360.0,9.33,SL0360,Y,Y,2,MON,8.0,20.0,60.0,4.0,14.0,50299.0,2018.0,2.7,1.0,339.0,2.0,0,1,0,1,0,1,0,2020
17539027,N,01/28/2020,06:21 AM,65,12,4,2,20,2,4,20,1.0,227,22,30.28696376,-97.76321932,SL,1.0,14.309,SL0001,Y,N,2,TUE,12.0,20.0,60.0,6.0,12.0,145144.0,2018.0,1.2,,,,0,1,0,1,0,1,0,2020
17539151,N,01/28/2020,02:00 PM,60,11,1,1,1,2,4,20,1.0,227,22,30.17794934,-97.77893366,IH,35.0,227.007,IH0035,Y,N,2,TUE,6.0,20.0,30.0,6.0,11.0,156852.0,2018.0,11.1,,,,0,1,3,8,0,4,0,2020
17539153,N,01/28/2020,02:20 PM,45,11,1,1,5,2,1,10,1.0,227,22,30.28564453,-97.6653595,US,183.0,323.551,US0183,Y,N,2,TUE,16.0,20.0,36.0,4.0,14.0,67460.0,2018.0,6.6,,,,0,1,0,1,0,1,0,2020
17539169,N,01/28/2020,06:01 PM,60,11,1,1,20,2,1,10,1.0,227,22,30.38833387,-97.650827,FM,734.0,14.01,FM0734,Y,N,2,TUE,11.0,0.0,55.0,4.0,14.0,39056.0,2018.0,4.1,,,,0,1,1,2,0,2,0,2020
17539178,N,01/28/2020,04:30 PM,45,11,1,1,5,2,2,22,1.0,227,22,30.1984147,-97.76412733,IH,35.0,228.67,IH0035,Y,N,2,TUE,24.0,24.0,42.0,6.0,11.0,148474.0,2018.0,11.3,,,,0,1,2,1,0,3,0,2020
17539327,N,01/29/2020,07:39 AM,65,11,1,1,20,2,4,20,1.0,227,9999,30.17300655,-97.69036384,US,183.0,332.033,US0183,Y,Y,2,WED,12.0,20.0,36.0,4.0,14.0,34458.0,2018.0,6.7,,,,0,1,0,3,0,1,0,2020
17541190,N,01/17/2020,11:34 AM,35,2,1,2,21,2,1,10,1.0,227,22,30.2489413,-97.76844671,SL,343.0,2.345,SL0343,Y,N,1,FRI,0.0,0.0,0.0,4.0,14.0,46479.0,2018.0,1.4,1.0,304.0,2.0,1,0,1,1,0,2,0,2020
17541202,N,01/25/2020,03:57 PM,75,11,1,1,1,2,4,22,3.0,227,22,30.2453033,-97.73495544,IH,35.0,232.347,IH0035,Y,N,2,SAT,4.0,16.0,40.0,6.0,11.0,150700.0,2018.0,10.7,,,,0,1,0,1,0,1,0,2020
17541265,N,01/29/2020,10:30 AM,50,11,1,1,20,2,4,20,1.0,227,22,,,US,183.0,,US0183,Y,N,2,WED,,,,,,,,,,,,0,1,0,2,0,1,0,2020
17541273,N,01/29/2020,01:42 PM,60,11,1,1,20,2,4,20,1.0,227,22,30.33640743,-97.70186927,IH,35.0,239.083,IH0035,Y,N,2,WED,20.0,20.0,3.0,6.0,11.0,199837.0,2018.0,9.4,1.0,409.0,1.0,0,1,0,1,0,1,0,2020
17541274,N,01/29/2020,01:43 PM,-1,11,1,1,5,2,2,22,1.0,227,22,30.35806933,-97.68814856,IH,35.0,240.782,IH0035,Y,N,2,WED,20.0,20.0,3.0,6.0,11.0,138459.0,2018.0,12.2,,,,0,1,0,0,0,1,0,2020
17541278,N,01/29/2020,04:50 PM,-1,11,1,1,20,2,4,20,1.0,227,22,30.36799497,-97.74253976,SL,1.0,8.522,SL0001,Y,N,2,WED,12.0,20.0,36.0,6.0,12.0,149361.0,2018.0,1.2,1.0,210.0,1.0,0,1,0,1,0,1,0,2020
17541365,N,01/29/2020,05:35 PM,-1,11,1,1,5,2,2,22,1.0,227,22,30.27167173,-97.73245069,IH,35.0,234.216,IH0035,Y,N,2,WED,20.0,40.0,3.0,8.0,11.0,177389.0,2018.0,9.9,,,,0,1,0,1,0,1,0,2020
17541440,N,01/19/2020,09:18 AM,70,11,1,1,9,2,1,10,1.0,227,9999,30.18812974,-97.56540954,SH,71.0,135.58100000000002,SH0071,Y,Y,4,SUN,4.0,6.0,40.0,4.0,2.0,53382.0,2018.0,8.3,,,,0,1,0,0,0,1,2,2020
17541814,N,01/30/2020,09:37 AM,35,12,1,1,16,5,1,2,1.0,227,22,30.268574800000003,-97.77734499,SL,1.0,15.845999999999998,SL0001,Y,N,1,THU,8.0,12.0,36.0,8.0,12.0,139370.0,2018.0,1.2,,,,1,0,0,1,0,1,0,2020
17542054,N,01/30/2020,10:37 AM,55,12,1,1,20,2,1,34,1.0,227,250,30.33250241,-97.96796761,RM,620.0,2.232,RM0620,Y,N,2,THU,8.0,8.0,0.0,5.0,14.0,50317.0,2018.0,3.1,,,,0,1,0,2,0,1,0,2020
17542646,Y,01/30/2020,02:33 AM,55,2,3,2,17,2,4,21,1.0,227,22,30.23442576,-97.74078446,IH,35.0,231.518,IH0035,Y,N,2,THU,4.0,20.0,3.0,6.0,11.0,150700.0,2018.0,10.7,,,,0,1,0,1,0,1,0,2020
17542674,N,01/30/2020,08:06 PM,-1,11,4,1,9,2,1,34,1.0,227,22,30.3895642,-97.74505947,US,183.0,314.006,US0183,Y,N,2,THU,20.0,20.0,36.0,6.0,12.0,137676.0,2018.0,2.0,,,,0,1,1,0,0,2,0,2020
17542675,N,01/30/2020,09:20 PM,65,12,3,1,20,2,4,20,1.0,227,22,30.27010598,-97.77504578,SL,1.0,15.673,SL0001,Y,N,2,THU,8.0,12.0,36.0,8.0,12.0,139370.0,2018.0,1.2,1.0,187.0,2.0,0,1,0,0,1,1,0,2020
17542683,N,01/31/2020,02:32 AM,-1,11,4,1,1,2,4,20,1.0,227,22,30.32614085,-97.70621664,IH,35.0,238.322,IH0035,Y,N,2,FRI,20.0,20.0,3.0,6.0,11.0,199837.0,2018.0,9.4,,,,0,1,0,1,0,1,0,2020
17542918,N,01/31/2020,07:23 AM,-1,12,1,1,20,2,4,10,1.0,227,22,30.21627119,-97.74585586,SH,71.0,123.833,SH0071,Y,N,2,FRI,20.0,20.0,32.0,6.0,12.0,122565.0,2018.0,3.2,1.0,202.0,0.0,0,1,0,1,0,1,0,2020
17545242,N,01/27/2020,06:47 PM,60,12,3,1,8,2,1,14,1.0,227,9999,30.38893207,-97.89126054,RM,620.0,10.168,RM0620,Y,Y,1,MON,8.0,8.0,0.0,4.0,14.0,32009.0,2018.0,3.5,,,,1,1,0,0,0,2,0,2020
17546203,N,01/31/2020,06:25 PM,55,11,3,1,1,2,4,20,1.0,227,22,30.33448816,-97.6907482,US,183.0,319.301,US0183,Y,N,2,FRI,4.0,10.0,24.0,5.0,12.0,61688.0,2018.0,6.9,,,,0,1,0,4,0,1,0,2020
17546379,N,01/31/2020,04:02 PM,-1,11,1,1,11,2,4,20,1.0,227,22,30.21646975,-97.68328083,US,183.0,329.001,US0183,Y,N,2,FRI,12.0,16.0,36.0,4.0,14.0,43585.0,2018.0,7.8,,,,0,1,2,1,0,3,0,2020
17546382,N,01/31/2020,02:14 PM,-1,11,1,1,20,2,4,20,1.0,227,22,30.19569995,-97.76631521,IH,35.0,228.443,IH0035,Y,N,2,FRI,24.0,24.0,42.0,6.0,11.0,170988.0,2018.0,10.7,,,,0,1,1,0,0,2,0,2020
17546384,N,02/01/2020,01:19 AM,45,11,4,1,20,2,1,34,1.0,227,22,30.3673755,-97.69455808,SL,275.0,4.222,SL0275,Y,N,2,SAT,0.0,0.0,0.0,4.0,14.0,37689.0,2018.0,1.2,,,,0,1,0,4,0,1,0,2020
17546488,N,02/02/2020,07:15 AM,50,11,1,1,5,2,1,10,1.0,227,22,30.33655739,-97.75543213,RM,2222.0,8.722999999999999,RM2222,Y,N,2,SUN,0.0,0.0,14.0,4.0,14.0,32997.0,2018.0,3.5,,,,0,1,0,1,0,1,0,2020
17546494,Y,02/02/2020,01:49 PM,55,11,1,1,1,10,4,1,4.0,227,22,30.22493596,-97.68292302,US,183.0,328.4190000000001,US0183,Y,N,2,SUN,5.0,11.0,36.0,5.0,14.0,100483.0,2018.0,5.5,,,,0,1,1,0,0,2,0,2020
17546565,N,01/31/2020,06:15 PM,45,11,4,1,1,2,4,20,1.0,227,22,30.26026861,-97.79433945,SL,1.0,17.015,SL0001,Y,N,2,FRI,10.0,16.0,60.0,7.0,12.0,153269.0,2018.0,1.2,,,,0,1,0,1,0,1,0,2020
17547830,N,02/03/2020,07:19 PM,60,11,3,1,20,2,3,10,1.0,227,9999,30.24656859,-97.61852533,FM,973.0,25.906,FM0973,Y,Y,2,MON,5.0,5.0,0.0,2.0,16.0,22301.0,2018.0,5.5,,,,0,1,2,0,0,3,0,2020
17548561,N,02/03/2020,12:23 AM,-1,11,4,1,20,7,4,1,1.0,227,22,30.23680063,-97.73938824,IH,35.0,231.701,IH0035,Y,N,2,MON,4.0,20.0,3.0,6.0,11.0,150700.0,2018.0,10.7,,,,0,1,0,0,0,1,0,2020
17548573,N,02/03/2020,07:24 PM,50,11,4,1,9,2,4,14,1.0,227,22,30.21642876,-97.75132751,SH,71.0,123.506,SH0071,Y,N,2,MON,0.0,0.0,32.0,6.0,12.0,122565.0,2018.0,3.2,,,,0,1,1,0,0,2,0,2020
17548576,N,02/03/2020,08:09 PM,-1,11,4,1,1,2,4,20,1.0,227,22,30.39555976,-97.84694172,RM,2222.0,0.7170000000000001,RM2222,Y,N,2,MON,0.0,0.0,0.0,4.0,14.0,42777.0,2018.0,3.2,1.0,58.0,2.0,0,1,0,1,0,1,0,2020
17548578,N,02/03/2020,08:55 PM,-1,11,4,1,5,1,4,1,1.0,227,22,30.37113617,-97.69243006,SL,275.0,3.934,SL0275,Y,N,1,MON,0.0,2.0,0.0,4.0,14.0,37689.0,2018.0,1.2,,,,1,0,0,1,0,1,0,2020
17548637,N,02/03/2020,07:21 PM,-1,11,4,1,1,4,4,4,5.0,227,22,,,SH,71.0,,SH0071,Y,N,1,MON,,,,,,,,,,,,1,0,0,0,0,1,0,2020
17549534,N,01/31/2020,06:50 AM,35,12,4,1,20,2,3,34,1.0,227,22,30.33075386,-97.73126956,RM,2222.0,10.299,RM2222,Y,N,1,FRI,0.0,0.0,0.0,4.0,14.0,34181.0,2018.0,3.5,,,,1,0,0,1,0,1,0,2020
17549544,N,02/04/2020,10:27 AM,45,12,1,1,5,2,2,10,1.0,227,22,30.315988399999995,-97.66311313,US,183.0,321.421,US0183,Y,N,2,TUE,16.0,16.0,70.0,4.0,12.0,57843.0,2018.0,3.2,,,,0,1,0,1,0,1,0,2020
17550041,N,02/05/2020,01:26 AM,55,2,4,2,1,7,4,1,2.0,227,9999,30.46292084,-97.66845146,IH,35.0,248.311,IH0035,Y,Y,2,WED,20.0,20.0,3.0,6.0,11.0,162734.0,2018.0,11.4,,,,0,1,0,0,0,1,0,2020
17550469,N,02/04/2020,04:37 PM,-1,11,1,1,20,2,4,20,1.0,227,22,30.23068693,-97.82747971,SL,1.0,19.968,SL0001,Y,N,2,TUE,20.0,20.0,60.0,6.0,12.0,84322.0,2018.0,1.6,,,,0,1,2,4,0,3,0,2020
17550473,N,02/04/2020,06:28 PM,-1,11,1,1,20,7,4,1,2.0,227,22,,,US,183.0,,US0183,Y,N,2,TUE,,,,,,,,,,,,0,1,0,0,0,1,0,2020
17551196,N,02/04/2020,01:41 PM,55,12,1,1,5,2,1,10,1.0,227,22,30.21539143,-97.75199297,IH,35.0,230.048,IH0035,Y,N,2,TUE,4.0,20.0,3.0,6.0,11.0,148474.0,2018.0,11.3,,,,0,2,0,0,0,2,0,2020
17551242,N,02/05/2020,08:00 AM,65,2,1,2,10,2,4,20,1.0,227,9999,30.44737994,-97.66714601,IH,35.0,247.222,IH0035,Y,Y,2,WED,8.0,20.0,3.0,6.0,11.0,129244.0,2018.0,12.7,,,,0,1,0,1,0,1,0,2020
17552563,N,01/22/2020,07:22 PM,-1,11,4,1,1,2,4,20,1.0,227,22,30.32321341,-97.68012267,US,290.0,126.718,US0290,Y,N,2,WED,12.0,20.0,24.0,4.0,12.0,47490.0,2018.0,6.7,1.0,217.0,1.0,0,1,0,2,1,1,0,2020
17552571,N,02/05/2020,12:12 PM,65,12,1,1,20,7,4,1,2.0,227,22,30.22782461,-97.77935374,US,290.0,115.293,US0290,Y,N,1,WED,20.0,20.0,22.0,8.0,12.0,148990.0,2018.0,2.4,1.0,331.0,1.0,1,0,0,1,0,1,0,2020
17552835,N,02/06/2020,07:01 AM,70,12,2,1,20,2,4,20,1.0,227,22,30.16072503,-97.78928455,IH,35.0,225.667,IH0035,Y,N,2,THU,6.0,20.0,30.0,6.0,11.0,128785.0,2018.0,12.2,,,,0,1,0,1,0,1,0,2020
17552881,N,02/03/2020,01:43 AM,65,11,3,1,20,7,4,1,2.0,227,9999,30.134284499999996,-97.69612221,US,183.0,334.744,US0183,Y,Y,4,MON,8.0,8.0,0.0,4.0,14.0,17419.0,2018.0,9.9,,,,0,0,0,0,0,0,1,2020
17552965,N,02/06/2020,06:15 AM,60,11,3,2,11,2,4,22,1.0,227,671,30.09032663,-97.73512054,FM,1327.0,4.635,FM1327,Y,Y,2,THU,10.0,10.0,0.0,2.0,16.0,12806.0,2018.0,5.9,,,,0,2,0,2,0,2,0,2020
17553160,N,01/29/2020,08:22 AM,55,11,1,1,1,2,4,22,1.0,227,22,30.22114249,-97.67404927,SH,71.0,128.314,SH0071,Y,N,2,WED,8.0,8.0,40.0,8.0,14.0,95090.0,2018.0,3.5,1.0,440.0,1.0,0,1,0,2,0,1,0,2020
17554496,N,02/06/2020,01:44 PM,-1,11,1,1,20,2,4,20,1.0,227,22,,,SH,360.0,,SH0360,Y,N,2,THU,,,,,,,,,,,,0,1,0,1,0,1,0,2020
17554556,N,02/06/2020,06:38 PM,70,11,4,1,1,2,4,20,1.0,227,22,30.10839051,-97.80892386,IH,35.0,221.879,IH0035,Y,N,2,THU,6.0,20.0,20.0,6.0,11.0,131087.0,2018.0,12.1,1.0,84.0,0.0,0,1,0,2,0,1,0,2020