Crash_ID,Cmv_Involv_Fl,Crash_Date,Crash_Time,Crash_Speed_Limit,Wthr_Cond_ID,Light_Cond_ID,Surf_Cond_ID,Traffic_Cntl_ID,Harm_Evnt_ID,Intrsct_Relat_ID,FHE_Collsn_ID,Road_Relat_ID,Cnty_ID,City_ID,Latitude,Longitude,Hwy_Sys,Hwy_Nbr,Dfo,Street_Name,Onsys_Fl,Rural_Fl,Crash_Sev_ID,Day_of_Week,Shldr_Width_Left,Shldr_Width_Right,Median_Width,Nbr_Of_Lane,Func_Sys_ID,Adt_Curnt_Amt,Adt_Curnt_Year,Trk_Aadt_Pct,Curve_Type_ID,Curve_Lngth,Cd_Degr,Sus_Serious_Injry_Cnt,Nonincap_Injry_Cnt,Poss_Injry_Cnt,Non_Injry_Cnt,Unkn_Injry_Cnt,Tot_Injry_Cnt,Death_Cnt,Year
17597546,Y,02/28/2020,11:06 PM,-1,11,4,1,1,2,4,25,1.0,227,22,30.25656234,-97.73706559,IH,35.0,233.133,IH0035,Y,N,2,FRI,8.0,20.0,3.0,8.0,11.0,142856.0,2018.0,11.0,,,,0,1,0,6,0,1,0,2020
17597607,N,02/29/2020,01:00 PM,60,11,1,1,20,2,4,20,1.0,227,22,30.38017373,-97.73896958,US,183.0,314.758,US0183,Y,N,2,SAT,20.0,20.0,36.0,6.0,12.0,146786.0,2018.0,1.9,,,,0,2,0,2,0,2,0,2020
17597681,N,02/29/2020,07:34 PM,55,11,3,1,1,2,4,20,1.0,227,22,30.19377013,-97.76787049,IH,35.0,228.281,IH0035,Y,N,2,SAT,24.0,24.0,42.0,6.0,11.0,170988.0,2018.0,10.7,1.0,208.0,0.0,0,2,0,3,0,2,0,2020
17597682,N,02/29/2020,09:00 PM,50,11,4,1,5,2,1,10,1.0,227,22,30.20321274,-97.63948059,SH,71.0,130.719,SH0071,Y,N,2,SAT,0.0,0.0,180.0,6.0,14.0,53382.0,2018.0,8.3,,,,0,3,1,1,0,4,0,2020
17597703,N,03/01/2020,06:00 AM,70,11,6,1,20,2,4,20,1.0,227,22,30.173591700000003,-97.78178625,IH,35.0,226.662,IH0035,Y,N,2,SUN,6.0,20.0,30.0,6.0,11.0,156852.0,2018.0,11.1,,,,0,1,0,0,0,1,0,2020
17597768,N,03/01/2020,01:10 PM,-1,11,1,1,20,2,4,20,1.0,227,22,30.27957983,-97.72939079999999,IH,35.0,234.791,IH0035,Y,N,2,SUN,20.0,40.0,3.0,8.0,11.0,202376.0,2018.0,9.3,,,,0,1,1,3,0,2,0,2020
17597778,N,03/01/2020,06:23 PM,60,11,1,1,1,2,4,21,1.0,227,22,30.23553995,-97.82456914,US,290.0,112.431,US0290,Y,N,2,SUN,20.0,20.0,42.0,5.0,12.0,77933.0,2018.0,3.6,1.0,361.0,1.0,0,1,0,2,0,1,0,2020
17597780,N,03/01/2020,07:08 PM,-1,11,4,1,21,5,1,1,1.0,227,22,30.32988214,-97.72945919,RM,2222.0,10.422,RM2222,Y,N,2,SUN,0.0,0.0,0.0,4.0,14.0,34181.0,2018.0,3.5,,,,0,1,0,1,0,1,0,2020
17597787,N,03/01/2020,04:38 AM,55,11,4,1,5,2,1,10,1.0,227,22,30.22328848,-97.74734329,IH,35.0,230.658,IH0035,Y,N,1,SUN,4.0,20.0,3.0,6.0,11.0,157370.0,2018.0,10.5,,,,1,0,0,3,0,1,0,2020
17600687,N,02/19/2020,02:16 AM,50,2,4,2,20,2,1,10,1.0,227,22,30.40795523,-97.67464505,IH,35.0,244.474,IH0035,Y,N,2,WED,8.0,20.0,3.0,6.0,11.0,134367.0,2018.0,12.4,1.0,411.0,1.0,0,1,0,2,0,1,0,2020
17600769,N,03/02/2020,05:07 PM,-1,11,1,1,11,2,3,34,1.0,227,22,30.24720522,-97.88874822,SH,71.0,114.397,SH0071,Y,N,2,MON,10.0,10.0,0.0,4.0,14.0,34138.0,2018.0,3.5,,,,0,1,0,3,0,1,0,2020
17600864,N,03/03/2020,07:35 PM,65,11,4,2,20,2,4,22,1.0,227,22,30.30513644,-97.71316286,IH,35.0,236.798,IH0035,Y,N,2,TUE,8.0,20.0,24.0,8.0,11.0,196302.0,2018.0,9.5,,,,0,1,0,0,1,1,0,2020
17602939,N,03/03/2020,06:35 PM,65,11,4,1,11,2,4,21,1.0,227,22,30.40215321,-97.67471908,IH,35.0,244.071,IH0035,Y,N,2,TUE,8.0,20.0,3.0,6.0,11.0,159315.0,2018.0,11.5,1.0,438.0,1.0,0,3,0,3,0,3,0,2020
17602945,N,03/04/2020,01:34 PM,45,12,1,1,20,2,2,22,1.0,227,9999,30.14971434,-97.83318981,FM,2304.0,3.888,FM2304,Y,Y,2,WED,4.0,4.0,0.0,2.0,16.0,18987.0,2018.0,4.5,,,,0,1,0,2,0,1,0,2020
17603007,N,03/04/2020,08:00 PM,65,2,4,2,20,7,4,1,4.0,227,22,30.3768837,-97.73361837,US,183.0,315.149,US0183,Y,N,2,WED,20.0,20.0,8.0,6.0,12.0,138365.0,2018.0,3.6,1.0,198.0,3.0,0,3,0,1,0,3,0,2020
17603035,N,03/05/2020,01:38 AM,55,11,3,1,20,7,4,1,2.0,227,22,30.20328516,-97.63962697,SH,71.0,130.709,SH0071,Y,N,2,THU,0.0,0.0,180.0,6.0,14.0,53382.0,2018.0,8.3,,,,0,1,0,0,0,1,0,2020
17603694,N,03/04/2020,07:44 PM,45,2,4,2,20,2,4,21,1.0,227,22,30.44746691,-97.66248038,FM,1825.0,0.6859999999999999,FM1825,Y,N,2,WED,8.0,8.0,0.0,4.0,16.0,29814.0,2018.0,3.6,,,,0,1,2,1,0,3,0,2020
17603695,N,03/04/2020,01:28 PM,35,12,1,1,11,2,1,14,1.0,227,22,30.33512427,-97.74192013,RM,2222.0,9.59,RM2222,Y,N,2,WED,0.0,0.0,0.0,4.0,14.0,34181.0,2018.0,3.5,1.0,41.0,0.0,0,2,1,0,0,3,0,2020
17605140,N,03/05/2020,09:28 AM,45,11,1,1,17,2,1,10,1.0,227,22,30.38988616,-97.73433842,SL,1.0,6.936,SL0001,Y,N,2,THU,24.0,20.0,36.0,6.0,12.0,97149.0,2018.0,1.6,,,,0,1,0,5,0,1,0,2020
17605155,N,03/05/2020,02:13 PM,-1,11,1,1,5,2,1,10,1.0,227,22,30.24080479,-97.73699458,IH,35.0,232.012,IH0035,Y,N,2,THU,4.0,16.0,40.0,6.0,11.0,150700.0,2018.0,10.7,,,,0,1,0,1,0,1,0,2020
17605157,N,03/05/2020,03:30 PM,-1,11,1,1,5,2,1,10,1.0,227,22,30.38954926,-97.74504852,US,183.0,314.008,US0183,Y,N,2,THU,20.0,20.0,36.0,6.0,12.0,137676.0,2018.0,2.0,,,,0,1,0,1,0,1,0,2020
17605193,N,03/05/2020,04:37 PM,-1,11,1,1,5,2,1,10,1.0,227,22,30.24914405,-97.80529099,SL,360.0,12.601,SL0360,Y,N,2,THU,8.0,20.0,48.0,4.0,14.0,99537.0,2018.0,2.0,,,,0,1,1,0,0,2,0,2020
17605194,N,03/05/2020,05:31 PM,-1,11,5,1,1,5,4,2,5.0,227,22,,,SH,71.0,,SH0071,Y,N,2,THU,,,,,,,,,,,,0,1,0,1,0,1,0,2020
17605195,N,03/05/2020,05:20 PM,35,11,1,1,1,2,1,14,1.0,227,22,30.41059109,-97.68505785,FM,734.0,11.158,FM0734,Y,N,2,THU,10.0,20.0,36.0,6.0,14.0,62519.0,2018.0,3.7,,,,0,1,0,1,0,1,0,2020
17605201,N,03/05/2020,06:23 PM,55,11,3,1,20,2,4,21,1.0,227,22,30.40615455,-97.66995601,FM,734.0,12.132,FM0734,Y,N,2,THU,4.0,20.0,16.0,6.0,14.0,46970.0,2018.0,3.9,,,,0,1,0,1,0,1,0,2020
17605202,N,03/05/2020,06:09 PM,-1,11,1,1,20,2,4,22,1.0,227,22,30.23410002,-97.74097571,IH,35.0,231.493,IH0035,Y,N,2,THU,4.0,20.0,3.0,6.0,11.0,150700.0,2018.0,10.7,,,,0,2,1,0,0,3,0,2020
17605208,Y,03/05/2020,10:30 PM,-1,11,4,1,20,2,4,22,1.0,227,22,30.23410002,-97.74097571,IH,35.0,231.493,IH0035,Y,N,2,THU,4.0,20.0,3.0,6.0,11.0,150700.0,2018.0,10.7,,,,0,2,0,1,0,2,0,2020
17605224,N,03/06/2020,07:29 AM,65,11,1,1,1,2,4,22,1.0,227,22,30.21652247,-97.75127211,IH,35.0,230.137,IH0035,Y,N,2,FRI,4.0,20.0,3.0,6.0,11.0,157370.0,2018.0,10.5,,,,0,1,0,1,0,1,0,2020
17605295,Y,03/02/2020,09:30 AM,70,11,1,1,20,2,3,20,1.0,227,9999,30.18628585,-97.55341334,SH,71.0,136.309,SH0071,Y,Y,2,MON,6.0,10.0,40.0,4.0,2.0,40580.0,2018.0,9.6,,,,0,1,0,3,0,1,0,2020
17607328,N,03/07/2020,12:44 PM,60,12,1,1,20,2,3,34,1.0,227,9999,30.16405338,-97.69258873,FM,812.0,0.022,FM0812,Y,Y,2,SAT,0.0,0.0,0.0,4.0,16.0,18286.0,2018.0,6.6,,,,0,1,1,3,0,2,0,2020
17608379,Y,03/08/2020,01:44 PM,60,12,1,1,5,2,2,20,1.0,227,9999,30.23225876,-97.9018218,US,290.0,107.663,US0290,Y,Y,2,SUN,0.0,4.0,0.0,4.0,14.0,44818.0,2018.0,2.8,,,,0,2,0,1,0,2,0,2020
17608759,N,03/06/2020,07:07 PM,35,11,3,1,1,1,4,1,1.0,227,1016,30.34159535,-97.55214882,SL,212.0,1.019,SL0212,Y,N,2,FRI,0.0,0.0,0.0,2.0,16.0,9087.0,2018.0,7.7,,,,0,1,0,1,0,1,0,2020
17608905,N,03/06/2020,10:40 PM,50,11,4,1,17,2,1,10,1.0,227,538,30.3050499,-97.93601227,SH,71.0,109.268,SH0071,Y,Y,1,FRI,8.0,8.0,0.0,4.0,14.0,50310.0,2018.0,3.1,,,,1,0,1,1,0,2,0,2020
17609406,N,03/01/2020,11:48 AM,55,11,1,1,21,9,2,1,2.0,227,22,30.30260724,-97.66094526,US,183.0,322.355,US0183,Y,N,2,SUN,16.0,16.0,36.0,4.0,14.0,57843.0,2018.0,3.2,,,,0,1,0,0,0,1,0,2020
17609436,N,03/07/2020,12:03 AM,-1,11,4,1,5,2,1,10,1.0,227,22,30.33900328,-97.7002255,IH,35.0,239.286,IH0035,Y,N,2,SAT,20.0,20.0,3.0,6.0,11.0,145168.0,2018.0,11.9,,,,0,2,0,5,0,2,0,2020
17609512,N,02/14/2020,04:30 PM,-1,11,1,1,11,2,1,24,1.0,227,22,30.33917554,-97.70011016,IH,35.0,239.3,IH0035,Y,N,2,FRI,20.0,20.0,3.0,6.0,11.0,145168.0,2018.0,11.9,,,,0,1,0,0,1,1,0,2020
17609541,N,03/06/2020,03:18 PM,-1,11,1,1,5,2,2,22,1.0,227,22,30.23390578,-97.86487056,US,290.0,109.987,US0290,Y,N,2,FRI,6.0,4.0,15.0,4.0,14.0,72290.0,2018.0,2.7,1.0,42.0,4.0,0,1,0,1,0,1,0,2020
17609635,N,03/06/2020,08:24 PM,55,11,4,1,5,2,1,34,1.0,227,22,30.40376938,-97.85397336,RM,620.0,12.839,RM0620,Y,N,2,FRI,8.0,8.0,0.0,4.0,14.0,50802.0,2018.0,3.1,1.0,57.0,2.0,0,1,0,5,0,1,0,2020
17609643,N,03/07/2020,12:50 PM,60,11,1,1,5,2,1,10,1.0,227,22,30.41673786,-97.84737853,RM,620.0,13.813,RM0620,Y,N,2,SAT,8.0,8.0,0.0,4.0,14.0,50802.0,2018.0,3.1,,,,0,2,1,0,0,3,0,2020
17609669,N,03/07/2020,07:18 PM,60,11,4,1,20,2,4,22,1.0,227,22,30.24678711,-97.73507686,IH,35.0,232.45,IH0035,Y,N,2,SAT,4.0,10.0,3.0,6.0,11.0,150700.0,2018.0,10.7,,,,0,1,0,1,0,1,0,2020
17609753,N,03/07/2020,09:04 PM,-1,11,3,1,1,2,3,13,1.0,227,22,30.37572153,-97.67696019,IH,35.0,242.168,IH0035,Y,N,1,SAT,8.0,20.0,3.0,6.0,11.0,138459.0,2018.0,12.2,,,,1,0,0,1,0,1,0,2020
17609772,N,03/08/2020,12:27 PM,65,11,1,1,1,2,4,22,1.0,227,22,,,IH,35.0,,IH0035,Y,N,2,SUN,,,,,,,,,,,,0,1,0,4,0,1,0,2020
17609844,N,03/08/2020,08:49 PM,-1,11,4,1,1,2,4,20,1.0,227,22,30.33053564,-97.62665956,US,290.0,129.97,US0290,Y,N,2,SUN,20.0,20.0,3.0,6.0,12.0,34434.0,2018.0,8.4,,,,0,1,0,1,0,1,0,2020
17609939,N,03/09/2020,09:24 AM,45,2,1,2,20,2,1,34,1.0,227,9999,30.301938899999996,-97.83960615,RM,2244.0,6.683,RM2244,Y,Y,2,MON,10.0,10.0,0.0,4.0,14.0,49430.0,2018.0,3.1,,,,0,1,0,1,0,1,0,2020
17610122,N,03/09/2020,08:27 AM,-1,12,1,2,20,2,3,14,1.0,227,22,30.28228811,-97.70380959999999,SL,111.0,0.022,SL0111,Y,N,2,MON,1.0,2.0,0.0,4.0,14.0,31328.0,2018.0,1.8,,,,0,1,0,2,0,1,0,2020
17610634,N,03/09/2020,11:32 AM,45,2,1,2,20,2,2,17,1.0,227,22,30.34391675,-97.69711995,IH,35.0,239.672,IH0035,Y,N,2,MON,20.0,20.0,3.0,6.0,11.0,145168.0,2018.0,11.9,,,,0,1,1,0,0,2,0,2020
17611819,N,03/07/2020,06:07 PM,45,11,1,1,21,2,4,20,1.0,227,22,30.33917999,-97.70010376,IH,35.0,239.3,IH0035,Y,N,2,SAT,20.0,20.0,3.0,6.0,11.0,145168.0,2018.0,11.9,,,,0,1,0,4,0,1,0,2020
17611820,N,03/07/2020,07:47 PM,45,11,4,1,21,2,1,10,1.0,227,22,30.36322513,-97.71753811,US,183.0,316.587,US0183,Y,N,1,SAT,20.0,20.0,8.0,6.0,12.0,138247.0,2018.0,3.6,1.0,131.0,3.0,1,0,0,1,0,1,0,2020
17611824,N,03/08/2020,09:00 PM,65,11,4,1,1,2,4,20,1.0,227,22,30.21727718,-97.75082785,IH,35.0,230.195,IH0035,Y,N,2,SUN,4.0,20.0,3.0,6.0,11.0,157370.0,2018.0,10.5,,,,0,4,0,0,0,4,0,2020
17611940,N,03/09/2020,07:00 PM,60,2,1,2,20,7,4,1,4.0,227,22,30.3361734,-97.70201698,IH,35.0,239.064,IH0035,Y,N,2,MON,20.0,20.0,3.0,6.0,11.0,199837.0,2018.0,9.4,1.0,409.0,1.0,0,1,0,0,0,1,0,2020
17612600,Y,02/21/2020,03:42 PM,-1,11,1,1,20,2,1,10,1.0,227,22,30.24915683,-97.80529437,SL,1.0,18.056,SL0001,Y,N,1,FRI,12.0,20.0,500.0,6.0,12.0,153269.0,2018.0,1.2,,,,1,0,0,2,0,1,0,2020
17612625,N,03/10/2020,11:16 AM,15,11,1,1,20,2,4,10,5.0,227,22,,,IH,35.0,,IH0035,Y,N,2,TUE,,,,,,,,,,,,0,1,0,1,0,1,0,2020
17612809,N,03/05/2020,02:41 PM,55,11,1,1,5,2,1,10,1.0,227,9999,30.35240173,-97.59226227,SH,130.0,25.058000000000003,SH0130,Y,Y,1,THU,8.0,20.0,135.0,4.0,12.0,39424.0,2018.0,17.9,,,,1,0,1,0,0,2,0,2020
17612938,N,03/10/2020,07:57 AM,55,5,2,2,5,2,3,34,1.0,227,9999,30.44912033,-97.74603824,FM,734.0,6.5779999999999985,FM0734,Y,Y,2,TUE,8.0,20.0,36.0,6.0,14.0,46555.0,2018.0,3.9,,,,0,2,0,0,0,2,0,2020
17613426,N,03/10/2020,03:48 PM,50,11,1,1,20,2,4,22,1.0,227,9999,30.44675723,-97.83155939,RM,620.0,16.111,RM0620,Y,Y,2,TUE,0.0,0.0,0.0,2.0,14.0,41321.0,2018.0,3.2,,,,0,1,0,1,0,1,0,2020
17613934,N,03/10/2020,02:36 PM,-1,11,1,1,5,2,1,34,1.0,227,22,30.36948208,-97.80198119,RM,2222.0,4.185,RM2222,Y,N,2,TUE,8.0,8.0,0.0,4.0,14.0,42777.0,2018.0,3.2,,,,0,1,0,1,0,1,0,2020
17613935,N,03/10/2020,04:43 PM,65,11,1,1,1,2,4,20,1.0,227,22,30.2220077,-97.76234364,US,290.0,116.43,US0290,Y,N,1,TUE,20.0,20.0,42.0,6.0,12.0,140123.0,2018.0,2.6,,,,2,0,1,5,0,3,0,2020
17613941,N,03/10/2020,05:15 PM,60,11,1,1,5,2,1,28,1.0,227,22,30.23078462,-97.87930829,US,290.0,109.066,US0290,Y,N,2,TUE,0.0,4.0,0.0,4.0,14.0,48197.0,2018.0,3.0,1.0,380.0,2.0,0,1,0,1,0,1,0,2020
17614393,N,03/10/2020,08:30 PM,50,0,4,0,1,2,4,21,1.0,227,22,30.21857471,-97.66900340000001,SH,71.0,128.66299999999998,SH0071,Y,N,2,TUE,0.0,14.0,40.0,7.0,12.0,95090.0,2018.0,3.5,,,,0,1,0,0,1,1,0,2020
17615243,Y,02/29/2020,08:27 PM,75,11,4,1,20,7,4,1,2.0,227,330,30.420102899999996,-97.58704299,SH,130.0,20.183,SH0130,Y,N,2,SAT,8.0,20.0,135.0,6.0,12.0,45033.0,2018.0,17.2,,,,0,1,0,2,0,1,0,2020
17615336,N,03/11/2020,06:30 PM,-1,11,1,1,11,2,4,22,1.0,227,9999,30.14060347,-97.82674765,FM,1626.0,1.977,FM1626,Y,Y,2,WED,1.0,1.0,0.0,2.0,16.0,20414.0,2018.0,3.9,,,,0,1,0,2,0,1,0,2020
17615416,N,03/11/2020,03:03 PM,65,11,1,1,20,2,4,21,1.0,227,9999,30.45861685,-97.66709238,IH,35.0,248.004,IH0035,Y,Y,2,WED,18.0,18.0,12.0,6.0,11.0,162734.0,2018.0,11.4,1.0,467.0,1.0,0,1,0,1,0,1,0,2020
17616572,Y,03/12/2020,06:34 AM,45,11,4,1,9,2,2,22,1.0,227,22,30.1124816,-97.8070231,IH,35.0,222.182,IH0035,Y,N,2,THU,6.0,20.0,20.0,6.0,11.0,131087.0,2018.0,12.1,1.0,84.0,0.0,0,1,1,0,0,2,0,2020
17618905,N,03/13/2020,04:05 PM,55,11,1,1,1,2,1,34,1.0,227,9999,30.17603983,-97.63706695,SH,130.0,38.798,SH0130,Y,Y,2,FRI,12.0,20.0,135.0,4.0,12.0,31038.0,2018.0,20.5,,,,0,1,0,6,0,1,0,2020
17619736,N,03/14/2020,05:07 PM,65,11,1,1,20,2,2,22,1.0,227,9999,30.15255207,-97.69626735,US,183.0,333.4840000000001,US0183,Y,Y,2,SAT,8.0,8.0,0.0,4.0,14.0,23967.0,2018.0,8.1,,,,0,2,0,0,0,2,0,2020
17619821,N,03/09/2020,04:59 PM,45,2,1,2,11,2,2,20,1.0,227,9999,30.45064129,-97.85337645,RM,2769.0,5.141,RM2769,Y,Y,2,MON,3.0,3.0,0.0,2.0,16.0,7248.0,2018.0,8.0,,,,0,1,0,1,0,1,0,2020
17620488,N,03/12/2020,12:48 PM,60,11,1,1,20,2,4,22,1.0,227,22,30.27481064,-97.73142416,IH,35.0,234.441,IH0035,Y,N,2,THU,20.0,40.0,3.0,8.0,11.0,177389.0,2018.0,9.9,,,,0,1,0,2,0,1,0,2020
17620602,N,03/14/2020,03:37 PM,70,11,1,1,1,2,2,22,1.0,227,9999,30.1863045,-97.60996898,SH,71.0,132.895,SH0071,Y,Y,2,SAT,4.0,6.0,40.0,4.0,14.0,53382.0,2018.0,8.3,,,,0,1,1,1,0,2,0,2020
17620720,N,03/15/2020,03:01 AM,55,11,4,1,1,2,4,22,1.0,227,9999,30.46201961,-97.66816687,IH,35.0,248.247,IH0035,Y,Y,1,SUN,20.0,20.0,3.0,6.0,11.0,162734.0,2018.0,11.4,1.0,467.0,1.0,1,0,0,2,0,1,0,2020
17621198,N,03/13/2020,12:15 PM,50,12,1,1,20,2,2,22,1.0,227,330,30.45741529,-97.60117768,FM,685.0,6.339,FM0685,Y,N,2,FRI,4.0,4.0,14.0,4.0,16.0,29334.0,2018.0,4.3,,,,0,1,0,4,0,1,0,2020
17621877,N,02/21/2020,01:48 PM,55,11,1,1,20,2,4,20,1.0,227,22,30.33537927,-97.70251822,IH,35.0,239.002,IH0035,Y,N,2,FRI,20.0,20.0,3.0,6.0,11.0,199837.0,2018.0,9.4,1.0,409.0,1.0,0,1,0,2,0,1,0,2020
17621879,N,02/24/2020,10:07 AM,45,11,1,1,5,2,1,10,1.0,227,22,30.34398458,-97.70527827,US,183.0,318.201,US0183,Y,N,2,MON,20.0,20.0,24.0,6.0,12.0,139965.0,2018.0,3.6,,,,0,1,1,1,0,2,0,2020
17621881,N,03/06/2020,09:03 AM,55,11,1,1,20,2,4,21,1.0,227,22,30.27468087,-97.73146403,IH,35.0,234.431,IH0035,Y,N,2,FRI,20.0,40.0,3.0,8.0,11.0,177389.0,2018.0,9.9,,,,0,1,0,0,1,1,0,2020
17621883,N,03/06/2020,11:53 PM,50,11,4,1,1,2,4,20,1.0,227,22,30.317468199999997,-97.70741735,IH,35.0,237.722,IH0035,Y,N,2,FRI,8.0,20.0,24.0,8.0,11.0,193850.0,2018.0,9.5,1.0,274.0,0.0,0,1,0,0,2,1,0,2020
17621917,N,03/11/2020,06:08 PM,65,11,1,1,20,2,4,22,1.0,227,22,,,SL,1.0,,SL0001,Y,N,2,WED,,,,,,,,,,,,0,1,0,2,0,1,0,2020
17621993,N,03/12/2020,07:19 AM,65,12,2,2,20,7,4,1,2.0,227,22,30.33586927,-97.70220894,IH,35.0,239.04,IH0035,Y,N,2,THU,20.0,20.0,3.0,6.0,11.0,199837.0,2018.0,9.4,1.0,409.0,1.0,0,2,0,2,0,2,0,2020
17621998,N,03/12/2020,04:35 PM,65,11,1,1,1,2,4,20,1.0,227,22,30.33270817,-97.70420151,IH,35.0,238.793,IH0035,Y,N,2,THU,20.0,20.0,3.0,6.0,11.0,199837.0,2018.0,9.4,1.0,409.0,1.0,0,2,0,2,0,2,0,2020
17622090,N,03/12/2020,03:06 PM,35,11,1,1,20,2,4,22,1.0,227,22,30.37835373,-97.73593791,US,183.0,314.978,US0183,Y,N,2,THU,20.0,20.0,8.0,6.0,12.0,138365.0,2018.0,3.6,,,,0,1,0,0,1,1,0,2020
17622100,N,03/13/2020,12:37 PM,-1,12,1,1,20,2,4,20,1.0,227,22,30.19776788,-97.76464862,IH,35.0,228.616,IH0035,Y,N,2,FRI,24.0,24.0,42.0,6.0,11.0,170988.0,2018.0,10.7,,,,0,1,1,0,0,2,0,2020
17622108,N,03/13/2020,12:42 PM,65,12,1,1,20,2,4,21,1.0,227,22,30.22688622,-97.83074004,SL,1.0,20.294,SL0001,Y,N,2,FRI,20.0,20.0,3.0,6.0,12.0,84322.0,2018.0,1.6,,,,0,1,0,1,0,1,0,2020
17622169,N,03/13/2020,05:21 PM,55,11,1,1,1,2,4,21,1.0,227,22,30.32555007,-97.67329326,US,183.0,320.514,US0183,Y,N,2,FRI,16.0,20.0,70.0,4.0,12.0,55986.0,2018.0,7.2,,,,0,1,1,0,0,2,0,2020
17622195,N,03/13/2020,03:38 PM,-1,11,1,1,20,2,4,22,1.0,227,22,30.27436094,-97.77127798,SL,1.0,15.303,SL0001,Y,N,2,FRI,12.0,20.0,60.0,6.0,12.0,145144.0,2018.0,1.2,,,,0,1,0,2,0,1,0,2020
17622240,N,03/14/2020,06:30 AM,70,11,4,1,20,7,4,1,2.0,227,22,30.33270612,-97.68681724,US,183.0,319.565,US0183,Y,N,2,SAT,4.0,10.0,24.0,5.0,12.0,65226.0,2018.0,6.6,,,,0,1,0,0,0,1,0,2020
17622257,N,03/14/2020,03:56 PM,-1,11,1,1,20,2,4,21,1.0,227,22,30.37322916,-97.72645715,US,183.0,315.645,US0183,Y,N,2,SAT,20.0,20.0,8.0,6.0,12.0,138365.0,2018.0,3.6,,,,0,1,0,2,0,1,0,2020
17622261,N,03/14/2020,09:30 PM,45,11,4,1,5,2,1,14,1.0,227,22,30.3630463,-97.69702522,SL,275.0,4.5539999999999985,SL0275,Y,N,2,SAT,0.0,0.0,0.0,4.0,14.0,37689.0,2018.0,1.2,,,,0,1,0,2,0,1,0,2020
17622335,N,03/15/2020,04:02 PM,-1,12,1,1,20,2,4,21,1.0,227,22,30.37922875,-97.73739971,US,183.0,314.872,US0183,Y,N,2,SUN,20.0,20.0,36.0,6.0,12.0,146786.0,2018.0,1.9,,,,0,1,0,1,0,1,0,2020
17622336,N,03/15/2020,02:56 PM,-1,11,1,2,1,7,4,1,2.0,227,22,30.26577214,-97.78253851,RM,2244.0,11.218,RM2244,Y,N,2,SUN,0.0,0.0,0.0,4.0,14.0,36498.0,2018.0,3.4,1.0,100.0,32.0,0,1,0,4,0,1,0,2020
17622339,N,03/15/2020,02:40 PM,-1,12,1,1,9,2,2,22,1.0,227,22,30.21642876,-97.75132751,IH,35.0,230.129,IH0035,Y,N,2,SUN,4.0,20.0,3.0,6.0,11.0,157370.0,2018.0,10.5,,,,0,5,0,1,0,5,0,2020
17624406,N,03/16/2020,04:15 PM,50,11,1,1,5,2,2,22,1.0,227,22,30.42436231,-97.67155019,IH,35.0,245.617,IH0035,Y,N,2,MON,8.0,20.0,3.0,6.0,11.0,132719.0,2018.0,12.4,,,,0,1,0,1,1,1,0,2020
17624536,N,03/16/2020,04:59 PM,50,11,1,1,11,2,4,20,1.0,227,22,30.38371797,-97.73599096,SL,1.0,7.372000000000001,SL0001,Y,N,1,MON,20.0,20.0,36.0,5.0,12.0,97149.0,2018.0,1.6,1.0,173.0,1.0,1,0,0,1,0,1,0,2020
17624882,N,03/17/2020,10:13 AM,-1,11,1,1,5,2,1,10,1.0,227,22,30.32212067,-97.70681763,IH,35.0,238.044,IH0035,Y,N,2,TUE,8.0,20.0,24.0,8.0,11.0,199837.0,2018.0,9.4,,,,0,2,0,0,0,2,0,2020
17626326,Y,03/14/2020,01:30 AM,70,11,4,1,20,8,4,1,1.0,227,22,30.20917731,-97.75572357,IH,35.0,229.566,IH0035,Y,N,1,SAT,4.0,20.0,3.0,6.0,11.0,148474.0,2018.0,11.3,,,,1,1,0,3,0,2,0,2020
17626336,N,03/17/2020,04:42 PM,65,11,1,1,5,2,1,10,1.0,227,22,30.32556534,-97.67331696,US,183.0,320.512,US0183,Y,N,1,TUE,16.0,20.0,70.0,4.0,12.0,55986.0,2018.0,7.2,,,,2,0,0,0,0,2,0,2020
17626352,N,03/17/2020,10:26 PM,35,11,4,1,10,2,1,14,1.0,227,22,30.24819973,-97.73538932,IH,35.0,232.549,IH0035,Y,N,2,TUE,4.0,10.0,3.0,6.0,11.0,142856.0,2018.0,11.0,1.0,238.0,3.0,0,1,0,1,0,1,0,2020
17626989,N,03/14/2020,07:13 AM,65,11,2,1,11,2,2,20,1.0,227,9999,30.39842175,-97.51968417,FM,973.0,12.655,FM0973,Y,Y,2,SAT,10.0,10.0,0.0,2.0,6.0,15148.0,2018.0,5.5,,,,0,1,0,1,0,1,0,2020
17627246,N,02/26/2020,01:39 PM,55,11,1,1,20,7,4,1,2.0,227,22,30.21249952,-97.71332029,SH,71.0,125.795,SH0071,Y,N,1,WED,20.0,20.0,44.0,8.0,12.0,85342.0,2018.0,3.6,,,,1,0,0,0,0,1,0,2020
17628247,N,03/18/2020,04:00 PM,35,11,1,1,11,10,4,1,1.0,227,22,30.26663604,-97.75621998,SL,343.0,3.805,SL0343,Y,N,1,WED,0.0,0.0,0.0,4.0,14.0,46479.0,2018.0,1.4,,,,1,0,0,0,0,1,0,2020
17628251,N,03/18/2020,05:37 PM,70,11,1,1,20,2,4,21,1.0,227,22,30.17842672,-97.77862116,IH,35.0,227.044,IH0035,Y,N,2,WED,6.0,20.0,30.0,6.0,11.0,156852.0,2018.0,11.1,,,,0,1,0,1,0,1,0,2020