Crash_ID,Cmv_Involv_Fl,Crash_Date,Crash_Time,Crash_Speed_Limit,Wthr_Cond_ID,Light_Cond_ID,Surf_Cond_ID,Traffic_Cntl_ID,Harm_Evnt_ID,Intrsct_Relat_ID,FHE_Collsn_ID,Road_Relat_ID,Cnty_ID,City_ID,Latitude,Longitude,Hwy_Sys,Hwy_Nbr,Dfo,Street_Name,Onsys_Fl,Rural_Fl,Crash_Sev_ID,Day_of_Week,Shldr_Width_Left,Shldr_Width_Right,Median_Width,Nbr_Of_Lane,Func_Sys_ID,Adt_Curnt_Amt,Adt_Curnt_Year,Trk_Aadt_Pct,Curve_Type_ID,Curve_Lngth,Cd_Degr,Sus_Serious_Injry_Cnt,Nonincap_Injry_Cnt,Poss_Injry_Cnt,Non_Injry_Cnt,Unkn_Injry_Cnt,Tot_Injry_Cnt,Death_Cnt,Year
17697609,N,05/28/2020,06:01 AM,70,11,4,1,11,2,4,20,1.0,227,22,30.40271811,-97.67487159999999,IH,35.0,244.111,IH0035,Y,N,2,THU,8.0,20.0,3.0,6.0,11.0,159315.0,2018.0,11.5,,,,0,1,1,0,1,2,0,2020
17698608,N,05/14/2020,12:41 AM,60,12,4,1,20,7,4,1,4.0,227,22,30.31133369,-97.75704239,SL,1.0,12.565,SL0001,Y,N,1,THU,12.0,20.0,100.0,6.0,12.0,157489.0,2018.0,1.1,,,,1,0,0,1,0,1,0,2020
17698618,N,05/17/2020,10:39 PM,-1,11,4,1,5,2,1,10,1.0,227,22,30.29122135,-97.62800294,FM,3177.0,3.5460000000000003,FM3177,Y,N,1,SUN,10.0,10.0,0.0,4.0,17.0,11798.0,2018.0,6.1,,,,1,0,0,0,1,1,0,2020
17698623,N,05/22/2020,01:39 PM,-1,11,1,1,1,2,4,20,1.0,227,22,30.28943453,-97.72311252,IH,35.0,235.565,IH0035,Y,N,2,FRI,8.0,20.0,24.0,8.0,11.0,202376.0,2018.0,9.3,,,,0,1,0,2,0,1,0,2020
17698624,N,05/22/2020,01:10 PM,-1,11,1,1,20,2,4,20,1.0,227,22,30.24276343,-97.8013892,SL,360.0,13.1,SL0360,Y,N,2,FRI,10.0,20.0,48.0,6.0,14.0,99537.0,2018.0,2.0,,,,0,1,1,0,0,2,0,2020
17698627,N,05/23/2020,11:04 AM,-1,11,1,1,1,2,4,20,1.0,227,22,30.30181128,-97.71530756,IH,35.0,236.536,IH0035,Y,N,1,SAT,8.0,20.0,24.0,8.0,11.0,196302.0,2018.0,9.5,,,,1,1,0,0,0,2,0,2020
17698950,N,05/24/2020,11:03 PM,45,2,4,2,5,2,1,10,1.0,227,22,30.39111111,-97.72182174,FM,1325.0,6.886,FM1325,Y,N,2,SUN,0.0,0.0,0.0,4.0,14.0,43120.0,2018.0,1.5,,,,0,1,1,0,0,2,0,2020
17699001,N,05/10/2020,09:14 PM,60,11,3,1,20,2,4,20,1.0,227,9999,30.254409600000002,-97.61353387,FM,973.0,25.29,FM0973,Y,Y,1,SUN,5.0,5.0,0.0,2.0,16.0,22301.0,2018.0,5.5,,,,1,0,0,3,0,1,0,2020
17699356,N,05/03/2020,10:57 AM,60,11,1,1,11,2,4,20,1.0,227,22,30.23336558,-97.74141001,IH,35.0,231.436,IH0035,Y,N,2,SUN,4.0,20.0,3.0,6.0,11.0,150700.0,2018.0,10.7,,,,0,1,0,1,0,1,0,2020
17699362,N,05/19/2020,07:15 AM,-1,11,1,1,11,7,4,1,2.0,227,22,30.1873347,-97.77276254,IH,35.0,227.75,IH0035,Y,N,2,TUE,6.0,20.0,30.0,6.0,11.0,156852.0,2018.0,11.1,,,,0,1,0,0,0,1,0,2020
17699365,N,05/21/2020,09:22 AM,35,11,1,1,20,2,2,13,1.0,227,22,30.37323466,-97.7264686,US,183.0,315.644,US0183,Y,N,2,THU,20.0,20.0,8.0,6.0,12.0,138365.0,2018.0,3.6,,,,0,1,1,1,0,2,0,2020
17699465,N,05/20/2020,04:42 PM,65,11,1,1,20,1,4,1,1.0,227,9999,30.35458258,-97.59662773,FM,734.0,18.142,FM0734,Y,Y,4,WED,4.0,4.0,66.0,4.0,14.0,22111.0,2018.0,4.8,1.0,175.0,0.0,0,0,1,0,0,1,1,2020
17700366,N,05/17/2020,11:04 AM,45,11,1,1,5,2,1,10,1.0,227,9999,30.456045500000002,-97.66642528,IH,35.0,247.823,IH0035,Y,Y,2,SUN,18.0,18.0,12.0,6.0,11.0,129244.0,2018.0,12.7,,,,0,4,0,1,0,4,0,2020
17701884,N,05/18/2020,12:47 PM,70,11,1,1,20,2,4,20,1.0,227,9999,30.17850886,-97.53323924,SH,71.0,137.643,SH0071,Y,Y,2,MON,6.0,10.0,40.0,4.0,2.0,40580.0,2018.0,9.6,,,,0,2,0,3,0,2,0,2020
17702116,N,05/18/2020,06:00 PM,55,11,1,1,20,2,4,22,1.0,227,22,30.32810272,-97.66163631,US,290.0,127.877,US0290,Y,N,2,MON,20.0,20.0,3.0,5.0,12.0,24503.0,2018.0,2.7,1.0,655.0,0.0,0,2,0,0,0,2,0,2020
17702130,N,05/23/2020,02:41 AM,-1,11,3,1,1,7,4,1,2.0,227,22,30.34247038,-97.6980356,IH,35.0,239.558,IH0035,Y,N,2,SAT,20.0,20.0,3.0,6.0,11.0,145168.0,2018.0,11.9,,,,0,1,0,0,0,1,0,2020
17702141,N,05/25/2020,10:28 PM,-1,11,3,1,5,2,2,22,1.0,227,22,30.37039904,-97.69285282,SL,275.0,3.99,SL0275,Y,N,2,MON,0.0,0.0,0.0,4.0,14.0,37689.0,2018.0,1.2,,,,0,1,0,1,0,1,0,2020
17702336,N,05/30/2020,04:03 AM,35,11,3,1,20,7,4,1,2.0,227,22,,,,,,FM2222,Y,N,2,SAT,,,,,,,,,,,,0,1,0,0,0,1,0,2020
17702350,N,05/30/2020,02:20 PM,45,11,1,1,5,2,1,10,1.0,227,22,30.23538413,-97.85210325,US,290.0,110.77,US0290,Y,N,1,SAT,20.0,20.0,42.0,5.0,12.0,60621.0,2018.0,2.7,,,,1,0,0,2,0,1,0,2020
17702361,N,05/31/2020,02:34 AM,40,11,4,1,5,2,1,10,1.0,227,22,30.33716403,-97.59992118,US,290.0,131.636,US0290,Y,N,1,SUN,20.0,20.0,3.0,5.0,12.0,34434.0,2018.0,8.4,1.0,121.0,1.0,1,2,0,0,0,3,0,2020
17702540,N,05/31/2020,05:29 PM,70,12,1,1,11,2,4,22,1.0,227,22,30.19839224,-97.76414544,IH,35.0,228.669,IH0035,Y,N,2,SUN,24.0,24.0,42.0,6.0,11.0,148474.0,2018.0,11.3,,,,0,2,1,14,0,3,0,2020
17703056,N,06/01/2020,09:21 AM,50,11,1,1,20,2,4,20,1.0,227,250,30.34113826,-97.96846476,RM,620.0,2.865,RM0620,Y,N,1,MON,8.0,8.0,0.0,5.0,14.0,50317.0,2018.0,3.1,,,,1,0,0,1,0,1,0,2020
17703584,N,05/14/2020,04:19 PM,-1,11,1,1,5,2,2,20,1.0,227,22,30.39293732,-97.84175732,RM,2222.0,1.08,RM2222,Y,N,2,THU,0.0,0.0,0.0,4.0,14.0,42777.0,2018.0,3.2,,,,0,1,0,3,0,1,0,2020
17703586,N,05/15/2020,11:49 AM,65,11,1,1,20,7,4,1,4.0,227,22,30.27519141,-97.77067478,SL,1.0,15.235,SL0001,Y,N,2,FRI,12.0,20.0,60.0,6.0,12.0,145144.0,2018.0,1.2,,,,0,1,0,0,0,1,0,2020
17703600,N,05/31/2020,04:12 PM,65,11,1,1,20,2,4,20,1.0,227,22,30.21449168,-97.75254514,IH,35.0,229.977,IH0035,Y,N,2,SUN,4.0,20.0,3.0,6.0,11.0,148474.0,2018.0,11.3,,,,0,2,0,2,2,2,0,2020
17704943,N,05/16/2020,10:02 PM,45,11,4,1,5,2,1,34,1.0,227,22,30.38708413,-97.64859242,FM,734.0,14.168,FM0734,Y,N,2,SAT,11.0,0.0,55.0,4.0,14.0,39056.0,2018.0,4.1,,,,0,1,0,3,0,1,0,2020
17704966,N,06/01/2020,06:26 PM,70,11,1,1,1,2,4,20,1.0,227,22,30.19833559,-97.76419109,IH,35.0,228.664,IH0035,Y,N,2,MON,24.0,24.0,42.0,6.0,11.0,148474.0,2018.0,11.3,,,,0,1,0,1,0,1,0,2020
17704968,N,06/01/2020,04:45 PM,35,11,1,1,11,5,1,3,1.0,227,22,30.25603639,-97.76151136,SL,343.0,2.9960000000000004,SL0343,Y,N,1,MON,0.0,0.0,0.0,4.0,14.0,46479.0,2018.0,1.4,,,,1,0,0,2,0,1,0,2020
17704970,Y,06/01/2020,11:18 PM,50,11,4,1,3,2,1,10,1.0,227,22,30.34050179,-97.5911026,US,290.0,132.21,US0290,Y,N,2,MON,20.0,20.0,3.0,5.0,12.0,34434.0,2018.0,8.4,,,,0,1,0,2,0,1,0,2020
17704971,N,06/01/2020,11:49 PM,65,11,4,1,11,2,4,22,1.0,227,22,30.27201198,-97.73231599,IH,35.0,234.241,IH0035,Y,N,2,MON,20.0,40.0,3.0,8.0,11.0,177389.0,2018.0,9.9,,,,0,2,0,3,0,2,0,2020
17704972,N,06/01/2020,05:40 PM,55,11,1,1,5,2,2,22,1.0,227,22,30.36856269,-97.61329002,FM,734.0,16.66,FM0734,Y,N,2,MON,10.0,6.0,66.0,4.0,14.0,22111.0,2018.0,4.8,,,,0,1,0,0,1,1,0,2020
17705313,N,05/20/2020,09:04 AM,70,11,1,1,20,7,4,1,2.0,227,22,30.14008241,-97.79607186,IH,35.0,224.19,IH0035,Y,N,1,WED,6.0,20.0,30.0,6.0,11.0,128785.0,2018.0,12.2,,,,1,0,0,0,0,1,0,2020
17705653,N,06/02/2020,09:00 PM,55,11,4,1,5,2,1,34,1.0,227,9999,30.46062767,-97.6947406,FM,1325.0,1.5,FM1325,Y,Y,2,TUE,1.0,1.0,0.0,4.0,16.0,20194.0,2018.0,2.2,,,,0,1,0,2,0,1,0,2020
17706365,N,05/22/2020,06:51 AM,40,12,1,1,21,2,1,10,1.0,227,22,30.21840121,-97.69108715,SH,71.0,127.198,SH0071,Y,N,2,FRI,4.0,5.0,44.0,6.0,12.0,70740.0,2018.0,4.0,,,,0,2,0,0,0,2,0,2020
17706366,N,05/23/2020,06:36 PM,-1,11,1,1,9,2,4,14,1.0,227,22,30.21524705,-97.73492728,SH,71.0,124.49,SH0071,Y,N,1,SAT,20.0,20.0,44.0,8.0,12.0,85342.0,2018.0,3.6,,,,1,0,0,0,1,1,0,2020
17706792,N,05/19/2020,12:50 PM,45,11,1,1,9,2,1,10,1.0,227,22,30.31129627,-97.70927665,IH,35.0,237.281,IH0035,Y,N,2,TUE,8.0,20.0,24.0,8.0,11.0,193850.0,2018.0,9.5,,,,0,2,0,1,0,2,0,2020
17707488,N,06/03/2020,03:10 PM,55,12,1,1,8,2,1,14,1.0,227,250,30.35780375,-97.95771517,RM,620.0,4.199,RM0620,Y,N,2,WED,8.0,8.0,0.0,4.0,14.0,50317.0,2018.0,3.1,1.0,87.0,5.0,0,1,0,2,0,1,0,2020
17707778,N,06/04/2020,12:42 AM,65,11,3,1,11,7,4,1,2.0,227,9999,30.15937644,-97.69434284,US,183.0,333.0,US0183,Y,Y,2,THU,8.0,8.0,0.0,4.0,14.0,23967.0,2018.0,8.1,,,,0,1,0,0,0,1,0,2020
17707828,N,05/30/2020,02:28 PM,55,11,1,1,5,2,1,34,1.0,227,538,30.30655634,-97.93116892,RM,2244.0,0.318,RM2244,Y,Y,2,SAT,5.0,10.0,0.0,4.0,14.0,19573.0,2018.0,4.4,,,,0,1,0,2,0,1,0,2020
17707850,N,05/22/2020,06:54 AM,70,11,1,1,20,7,4,1,2.0,227,372,30.473160600000003,-97.67168488,IH,35.0,249.041,IH0035,Y,N,1,FRI,16.0,20.0,3.0,6.0,11.0,162734.0,2018.0,11.4,,,,1,0,0,0,0,1,0,2020
17707952,N,05/23/2020,01:00 AM,-1,11,4,1,1,2,4,20,1.0,227,22,,,,,,US0035,Y,N,2,SAT,,,,,,,,,,,,0,1,0,0,0,1,0,2020
17707964,N,06/03/2020,06:18 PM,60,11,1,1,20,10,4,1,2.0,227,22,30.38516776,-97.64545827,FM,734.0,14.398,FM0734,Y,N,2,WED,4.0,20.0,16.0,6.0,14.0,31624.0,2018.0,4.3,1.0,66.0,3.0,0,1,0,1,0,1,0,2020
17708454,N,05/30/2020,01:25 PM,55,11,1,1,20,2,4,30,1.0,227,250,30.3591597,-97.95480553,RM,620.0,4.396,RM0620,Y,N,1,SAT,8.0,8.0,0.0,4.0,14.0,43643.0,2018.0,3.2,1.0,169.0,5.0,1,2,0,0,0,3,0,2020
17709770,N,05/30/2020,09:36 PM,65,11,4,1,1,2,4,21,1.0,227,22,,,SH,183.0,,SH0183,Y,N,2,SAT,,,,,,,,,,,,0,1,0,1,0,1,0,2020
17709789,N,06/04/2020,05:18 PM,50,11,1,1,5,2,1,10,1.0,227,22,30.321393199999996,-97.68908316,US,290.0,126.164,US0290,Y,N,2,THU,12.0,20.0,24.0,5.0,12.0,47490.0,2018.0,6.7,1.0,251.0,0.0,0,1,0,1,0,1,0,2020
17709794,N,06/04/2020,10:06 PM,35,11,4,1,20,2,2,23,1.0,227,22,30.35764657,-97.7000886,SL,275.0,4.967,SL0275,Y,N,2,THU,0.0,0.0,0.0,4.0,14.0,37689.0,2018.0,1.2,,,,0,2,0,0,0,2,0,2020
17710346,N,05/28/2020,08:43 PM,10,11,4,1,1,2,4,21,5.0,227,22,,,US,290.0,,US0290,Y,N,2,THU,,,,,,,,,,,,0,1,0,1,0,1,0,2020
17710814,N,05/26/2020,07:44 AM,50,11,1,1,5,2,1,34,1.0,227,22,30.20321274,-97.63948059,SH,71.0,130.719,SH0071,Y,N,2,TUE,0.0,0.0,180.0,6.0,14.0,53382.0,2018.0,8.3,,,,0,1,1,0,0,2,0,2020
17712567,N,05/29/2020,10:55 PM,65,11,4,1,5,2,1,24,1.0,227,9999,30.19433975,-97.62417603,SH,71.0,131.822,SH0071,Y,Y,4,FRI,6.0,10.0,400.0,6.0,14.0,53382.0,2018.0,8.3,,,,0,2,1,1,0,3,2,2020
17715010,N,05/16/2020,05:42 PM,55,11,1,1,5,2,2,25,1.0,227,22,30.43066652,-97.70079607,SL,1.0,3.241,SL0001,Y,N,2,SAT,20.0,20.0,36.0,6.0,12.0,64650.0,2018.0,2.0,1.0,192.0,0.0,0,1,0,2,0,1,0,2020
17715011,N,05/16/2020,11:51 PM,55,12,4,1,17,2,1,14,1.0,227,22,30.32212067,-97.70681763,IH,35.0,238.044,IH0035,Y,N,2,SAT,8.0,20.0,24.0,8.0,11.0,199837.0,2018.0,9.4,,,,0,1,0,1,0,1,0,2020
17715020,N,05/23/2020,05:43 PM,50,11,1,1,20,2,4,21,1.0,227,22,30.17771085,-97.77908978,IH,35.0,226.988,IH0035,Y,N,1,SAT,6.0,20.0,30.0,6.0,11.0,156852.0,2018.0,11.1,,,,1,0,2,2,0,3,0,2020
17715421,N,05/30/2020,07:29 AM,45,11,1,1,20,7,4,1,2.0,227,22,30.32454547,-97.67626855,US,290.0,126.966,US0290,Y,N,1,SAT,12.0,20.0,24.0,4.0,12.0,47490.0,2018.0,6.7,,,,1,0,0,1,0,1,0,2020
17715423,N,05/31/2020,04:50 AM,55,11,3,1,20,7,4,1,2.0,227,22,30.15886175,-97.83342702,FM,2304.0,3.259,FM2304,Y,N,2,SUN,13.0,14.0,0.0,2.0,16.0,31291.0,2018.0,3.6,1.0,165.0,4.0,0,1,0,0,0,1,0,2020
17715424,N,06/01/2020,01:12 AM,55,11,4,1,20,7,4,1,3.0,227,22,30.22212817,-97.68328454,SH,71.0,127.73,SH0071,Y,N,1,MON,10.0,10.0,52.0,5.0,12.0,70740.0,2018.0,4.0,1.0,99.0,2.0,1,1,0,0,0,2,0,2020
17715436,N,06/04/2020,09:55 PM,70,11,4,1,20,2,4,21,1.0,227,22,30.44058427,-97.66847597,IH,35.0,246.748,IH0035,Y,N,2,THU,8.0,20.0,3.0,6.0,11.0,129244.0,2018.0,12.7,,,,0,1,0,3,0,1,0,2020
17715573,N,06/05/2020,02:49 PM,65,11,1,1,20,2,4,21,1.0,227,22,30.21661095,-97.75122002,IH,35.0,230.143,IH0035,Y,N,2,FRI,4.0,20.0,3.0,6.0,11.0,157370.0,2018.0,10.5,,,,0,1,0,1,0,1,0,2020
17715574,Y,06/05/2020,02:06 PM,50,11,1,1,20,2,2,23,1.0,227,22,,,US,290.0,,US0290,Y,N,2,FRI,,,,,,,,,,,,0,1,0,1,0,1,0,2020
17715584,N,06/05/2020,08:29 PM,-1,11,4,1,20,2,4,21,1.0,227,22,30.346933,-97.69521048,IH,35.0,239.908,IH0035,Y,N,2,FRI,20.0,20.0,3.0,6.0,11.0,145168.0,2018.0,11.9,,,,0,1,0,4,0,1,0,2020
17715592,N,06/06/2020,09:28 PM,40,11,4,1,1,2,2,13,1.0,227,22,30.40781075,-97.67777292,FM,734.0,11.635,FM0734,Y,N,2,SAT,10.0,10.0,16.0,6.0,14.0,63366.0,2018.0,3.7,,,,0,1,0,0,0,1,0,2020
17715654,N,06/06/2020,01:39 PM,40,11,1,1,8,2,1,10,1.0,227,22,30.33052111,-97.68175738,US,183.0,319.902,US0183,Y,N,2,SAT,12.0,20.0,24.0,4.0,12.0,65226.0,2018.0,6.6,1.0,308.0,0.0,0,2,0,0,0,2,0,2020
17715704,N,06/07/2020,01:35 PM,-1,11,1,1,20,2,4,20,1.0,227,22,30.30737688,-97.71171852,IH,35.0,236.974,IH0035,Y,N,2,SUN,8.0,20.0,24.0,8.0,11.0,196302.0,2018.0,9.5,,,,0,3,0,1,0,3,0,2020
17715712,N,06/07/2020,09:22 PM,-1,11,4,1,5,2,1,10,1.0,227,22,30.33522753,-97.80625057,SL,360.0,5.726,SL0360,Y,N,1,SUN,8.0,20.0,60.0,4.0,14.0,53846.0,2018.0,2.7,,,,2,1,0,1,0,3,0,2020
17718562,N,01/02/2020,09:45 PM,45,11,4,2,5,2,4,21,1.0,227,22,30.33266745,-97.68672968,US,183.0,319.57,US0183,Y,N,2,THU,4.0,10.0,24.0,5.0,12.0,65226.0,2018.0,6.6,,,,0,1,0,1,0,1,0,2020
17718564,N,05/17/2020,01:00 PM,65,11,1,1,1,2,4,21,1.0,227,22,30.19982035,-97.76297199999999,IH,35.0,228.789,IH0035,Y,N,2,SUN,24.0,24.0,42.0,6.0,11.0,148474.0,2018.0,11.3,,,,0,2,0,6,1,2,0,2020
17718589,Y,06/05/2020,03:03 AM,65,11,4,1,20,2,4,20,1.0,227,22,30.3882929,-97.7444503,US,183.0,314.1020000000001,US0183,Y,N,2,FRI,20.0,20.0,36.0,6.0,12.0,146786.0,2018.0,1.9,,,,0,1,0,2,0,1,0,2020
17718631,N,06/07/2020,02:48 PM,-1,11,1,1,1,2,4,21,5.0,227,22,,,US,290.0,,US0290,Y,N,2,SUN,,,,,,,,,,,,0,1,1,0,0,2,0,2020
17718646,N,06/08/2020,06:46 PM,55,11,1,1,9,2,2,22,1.0,227,22,30.44006172,-97.69838503,SL,1.0,2.5780000000000003,SL0001,Y,N,2,MON,20.0,20.0,36.0,6.0,12.0,64650.0,2018.0,2.0,1.0,250.0,1.0,0,1,0,1,0,1,0,2020
17718668,N,06/09/2020,04:18 PM,55,11,1,1,20,2,2,14,1.0,227,22,30.19331375,-97.7682383,IH,35.0,228.242,IH0035,Y,N,2,TUE,24.0,24.0,42.0,6.0,11.0,170988.0,2018.0,10.7,1.0,208.0,0.0,0,2,0,0,1,2,0,2020
17718669,N,06/09/2020,05:19 PM,-1,11,1,1,20,2,3,10,1.0,227,22,30.21476423,-97.70172901,SH,71.0,126.515,SH0071,Y,N,2,TUE,4.0,5.0,44.0,6.0,12.0,70740.0,2018.0,4.0,,,,0,2,0,0,0,2,0,2020
17718670,N,06/09/2020,06:29 PM,-1,11,1,1,20,2,4,21,1.0,227,22,,,IH,35.0,,IH0035,Y,N,2,TUE,,,,,,,,,,,,0,1,0,1,0,1,0,2020
17718728,N,06/09/2020,07:17 PM,-1,11,1,1,20,2,3,14,1.0,227,22,30.25543104,-97.76188296,SL,343.0,2.949,SL0343,Y,N,2,TUE,0.0,0.0,0.0,4.0,14.0,46479.0,2018.0,1.4,,,,0,1,0,0,0,1,0,2020
17719027,N,05/29/2020,03:09 AM,45,11,3,1,20,1,4,1,1.0,227,9999,30.24751929,-97.58349105,FM,969.0,8.073,FM0969,Y,Y,1,FRI,0.0,4.0,0.0,2.0,17.0,7570.0,2018.0,8.1,1.0,150.0,6.0,1,0,0,0,1,1,0,2020
17720452,N,06/10/2020,05:38 AM,55,11,4,1,5,7,4,1,2.0,227,9999,30.38575342,-98.08611682,SH,71.0,97.904,SH0071,Y,Y,2,WED,3.0,3.0,0.0,4.0,2.0,15560.0,2018.0,5.1,,,,0,1,0,0,0,1,0,2020
17720471,N,05/15/2020,08:39 PM,45,12,4,1,1,2,4,34,1.0,227,22,30.28109394,-97.70304378,SL,111.0,0.116,SL0111,Y,N,2,FRI,1.0,2.0,0.0,4.0,14.0,31328.0,2018.0,1.8,,,,0,1,0,3,0,1,0,2020
17720494,N,06/06/2020,11:58 PM,-1,11,4,1,10,2,4,20,1.0,227,22,30.27538431,-97.73123623,IH,35.0,234.482,IH0035,Y,N,2,SAT,20.0,40.0,3.0,8.0,11.0,177389.0,2018.0,9.9,,,,0,1,0,6,0,1,0,2020
17720495,N,06/09/2020,02:15 PM,65,11,1,1,20,7,4,1,2.0,227,22,30.331993800000003,-97.68507527,US,183.0,319.68,US0183,Y,N,2,TUE,2.0,10.0,24.0,5.0,12.0,65226.0,2018.0,6.6,,,,0,1,1,2,0,2,0,2020
17720499,N,06/10/2020,03:45 PM,-1,11,1,1,1,2,4,20,1.0,227,22,30.33169715,-97.75568094,SL,1.0,11.162,SL0001,Y,N,2,WED,12.0,20.0,100.0,6.0,12.0,157489.0,2018.0,1.1,,,,0,1,0,1,0,1,0,2020
17721467,N,05/28/2020,08:00 AM,60,12,1,1,1,2,4,20,1.0,227,22,30.20505832,-97.64310002,SH,71.0,130.468,SH0071,Y,N,1,THU,0.0,0.0,240.0,6.0,14.0,60929.0,2018.0,4.2,,,,1,2,0,0,0,3,0,2020
17722348,N,06/11/2020,02:47 PM,60,11,1,1,11,2,2,22,1.0,227,22,30.38465951,-97.64484715,FM,734.0,14.448,FM0734,Y,N,2,THU,10.0,6.0,59.0,4.0,14.0,31624.0,2018.0,4.3,,,,0,1,2,3,0,3,0,2020
17722790,N,06/05/2020,05:43 PM,50,11,1,1,5,2,1,34,1.0,227,330,30.45078181,-97.60498725,FM,685.0,6.848,FM0685,Y,N,2,FRI,4.0,4.0,14.0,4.0,16.0,29334.0,2018.0,4.3,,,,0,1,1,2,0,2,0,2020
17722899,N,05/23/2020,12:50 AM,65,11,3,1,20,7,4,1,2.0,227,22,30.11082619,-97.80730936,SH,45.0,53.479,SH0045,Y,N,2,SAT,12.0,20.0,50.0,4.0,12.0,18476.0,2018.0,6.6,,,,0,1,0,0,0,1,0,2020
17722912,N,06/11/2020,07:29 PM,45,11,1,1,20,2,1,14,1.0,227,22,30.39298407,-97.84190637,RM,2222.0,1.07,RM2222,Y,N,2,THU,0.0,0.0,0.0,4.0,14.0,42777.0,2018.0,3.2,,,,0,2,0,1,0,2,0,2020
17723212,N,06/06/2020,06:38 PM,50,11,1,1,12,2,1,34,1.0,227,9999,30.24818393,-97.57937464,FM,969.0,8.325,FM0969,Y,Y,1,SAT,0.0,4.0,0.0,2.0,17.0,7570.0,2018.0,8.1,1.0,65.0,4.0,2,0,3,3,0,5,0,2020
17723500,N,06/12/2020,08:15 AM,65,11,1,1,20,2,4,20,1.0,227,22,30.42911075,-97.75913606,US,183.0,310.883,US0183,Y,N,2,FRI,16.0,20.0,36.0,6.0,12.0,149347.0,2018.0,1.9,,,,0,1,0,1,0,1,0,2020
17723503,N,06/12/2020,11:45 AM,55,11,1,1,20,2,4,22,1.0,227,22,30.23532642,-97.853022,US,290.0,110.715,US0290,Y,N,2,FRI,20.0,20.0,42.0,5.0,12.0,60621.0,2018.0,2.7,,,,0,2,0,0,0,2,0,2020
17723876,N,06/06/2020,07:08 PM,55,11,1,1,20,2,3,14,1.0,227,9999,30.31040382,-97.91514255,RM,2244.0,1.335,RM2244,Y,Y,2,SAT,5.0,10.0,0.0,4.0,14.0,19573.0,2018.0,4.4,,,,0,3,0,1,0,3,0,2020
17724388,N,06/08/2020,01:30 PM,50,11,1,1,20,2,3,20,1.0,227,9999,30.44659269,-97.66729805,IH,35.0,247.167,IH0035,Y,Y,2,MON,8.0,20.0,3.0,6.0,11.0,129244.0,2018.0,12.7,,,,0,1,0,1,0,1,0,2020
17724838,N,06/13/2020,07:00 PM,50,11,1,1,20,2,4,24,1.0,227,9999,,,FM,973.0,,FM0973,Y,Y,2,SAT,,,,,,,,,,,,0,3,0,0,0,3,0,2020
17726431,N,05/12/2020,06:05 PM,60,2,1,2,1,2,4,21,1.0,227,22,30.32466069,-97.67212825,US,183.0,320.607,US0183,Y,N,1,TUE,16.0,20.0,70.0,4.0,12.0,55986.0,2018.0,7.2,,,,1,0,0,1,0,1,0,2020
17726449,N,06/12/2020,02:49 AM,-1,11,4,1,5,2,1,10,1.0,227,22,30.408448699999997,-97.71597393,SL,1.0,5.12,SL0001,Y,N,2,FRI,28.0,28.0,36.0,9.0,12.0,112974.0,2018.0,1.6,,,,0,1,0,4,0,1,0,2020
17726472,N,06/12/2020,02:26 PM,-1,11,1,1,20,2,2,24,1.0,227,22,30.35806933,-97.68814856,IH,35.0,240.782,IH0035,Y,N,2,FRI,20.0,20.0,3.0,6.0,11.0,138459.0,2018.0,12.2,,,,0,2,0,0,1,2,0,2020
17726580,N,06/12/2020,06:49 PM,-1,11,1,1,21,2,1,10,1.0,227,22,30.28919539,-97.72326549,IH,35.0,235.547,IH0035,Y,N,2,FRI,8.0,20.0,24.0,8.0,11.0,202376.0,2018.0,9.3,,,,0,1,0,0,2,1,0,2020
17726585,N,06/12/2020,10:59 PM,-1,11,6,1,1,2,4,20,1.0,227,22,30.26063116,-97.73662281,IH,35.0,233.416,IH0035,Y,N,2,FRI,8.0,20.0,3.0,8.0,11.0,158343.0,2018.0,10.4,,,,0,1,0,1,0,1,0,2020
17726611,N,06/13/2020,02:50 AM,55,11,4,1,5,2,4,20,1.0,227,22,,,,,,BF0290,Y,N,2,SAT,,,,,,,,,,,,0,1,0,1,1,1,0,2020
17726631,N,06/13/2020,05:46 PM,60,11,1,1,11,2,4,20,1.0,227,9999,30.26316742,-97.81634986,SL,360.0,11.433,SL0360,Y,Y,2,SAT,8.0,20.0,60.0,4.0,14.0,55818.0,2018.0,2.6,,,,0,1,0,1,0,1,0,2020
17726636,N,06/13/2020,07:42 PM,45,11,1,1,20,2,4,20,1.0,227,22,30.15516864,-97.79096119,IH,35.0,225.272,IH0035,Y,N,2,SAT,6.0,20.0,30.0,6.0,11.0,128785.0,2018.0,12.2,1.0,119.0,0.0,0,1,3,7,0,4,0,2020
17726643,N,06/13/2020,08:50 PM,-1,11,1,1,5,1,4,1,1.0,227,22,30.33917999,-97.70010376,US,183.0,318.656,US0183,Y,N,2,SAT,20.0,20.0,24.0,6.0,12.0,116357.0,2018.0,3.9,,,,0,1,0,1,0,1,0,2020
17726743,N,06/14/2020,01:10 PM,-1,11,1,1,5,2,1,10,1.0,227,22,30.29420905,-97.7200531,IH,35.0,235.941,IH0035,Y,N,1,SUN,8.0,20.0,24.0,8.0,11.0,202376.0,2018.0,9.3,,,,1,0,0,1,0,1,0,2020
17726760,N,06/14/2020,04:34 PM,45,11,1,1,5,2,1,34,1.0,227,22,30.23633273,-97.79261679999999,SL,343.0,0.627,SL0343,Y,N,2,SUN,0.0,0.0,12.0,6.0,14.0,36688.0,2018.0,1.5,1.0,107.0,10.0,0,1,0,1,0,1,0,2020