Crash_ID,Cmv_Involv_Fl,Crash_Date,Crash_Time,Crash_Speed_Limit,Wthr_Cond_ID,Light_Cond_ID,Surf_Cond_ID,Traffic_Cntl_ID,Harm_Evnt_ID,Intrsct_Relat_ID,FHE_Collsn_ID,Road_Relat_ID,Cnty_ID,City_ID,Latitude,Longitude,Hwy_Sys,Hwy_Nbr,Dfo,Street_Name,Onsys_Fl,Rural_Fl,Crash_Sev_ID,Day_of_Week,Shldr_Width_Left,Shldr_Width_Right,Median_Width,Nbr_Of_Lane,Func_Sys_ID,Adt_Curnt_Amt,Adt_Curnt_Year,Trk_Aadt_Pct,Curve_Type_ID,Curve_Lngth,Cd_Degr,Sus_Serious_Injry_Cnt,Nonincap_Injry_Cnt,Poss_Injry_Cnt,Non_Injry_Cnt,Unkn_Injry_Cnt,Tot_Injry_Cnt,Death_Cnt,Year
17870579,N,09/19/2020,12:44 AM,50,11,4,1,5,2,1,34,1.0,227,22,30.33917999,-97.70010376,IH,35.0,239.3,IH0035,Y,N,2,SAT,20.0,20.0,3.0,6.0,11.0,145168.0,2018.0,11.9,,,,0,1,0,0,2,1,0,2020
17870713,N,09/19/2020,05:15 PM,55,11,1,1,5,2,2,22,1.0,227,22,30.18286075,-97.68758604,US,183.0,331.336,US0183,Y,N,2,SAT,12.0,20.0,36.0,4.0,14.0,34458.0,2018.0,6.7,,,,0,1,0,4,0,1,0,2020
17870719,N,09/19/2020,07:19 PM,-1,11,1,1,1,10,4,1,1.0,227,22,30.41152862,-97.67396523,IH,35.0,244.723,IH0035,Y,N,2,SAT,8.0,20.0,3.0,6.0,11.0,134367.0,2018.0,12.4,,,,0,1,0,0,0,1,0,2020
17870763,N,09/20/2020,01:34 AM,65,11,4,1,1,7,4,1,4.0,227,22,30.23305571,-97.79491342,US,290.0,114.282,US0290,Y,N,1,SUN,20.0,20.0,10.0,7.0,12.0,127013.0,2018.0,2.7,1.0,297.0,3.0,1,0,0,0,0,1,0,2020
17870774,N,09/20/2020,06:42 AM,45,11,4,1,20,2,4,20,1.0,227,22,30.3358443,-97.69359233,US,183.0,319.107,US0183,Y,N,2,SUN,4.0,10.0,24.0,5.0,12.0,61688.0,2018.0,6.9,1.0,126.0,3.0,0,1,0,0,1,1,0,2020
17870785,N,09/20/2020,09:14 AM,45,11,1,1,5,2,2,22,1.0,227,22,30.33256829,-97.68650517,US,183.0,319.585,US0183,Y,N,1,SUN,4.0,10.0,24.0,5.0,12.0,65226.0,2018.0,6.6,,,,1,0,3,1,0,4,0,2020
17871072,N,09/19/2020,10:37 AM,55,11,1,1,5,7,4,1,2.0,227,9999,30.30532361,-97.82528605,SL,360.0,8.296,SL0360,Y,Y,2,SAT,8.0,20.0,60.0,4.0,14.0,54423.0,2018.0,2.6,1.0,195.0,4.0,0,1,0,0,0,1,0,2020
17871862,N,09/13/2020,05:29 PM,-1,11,1,1,1,2,4,21,1.0,227,22,30.32480032,-97.67231115,US,183.0,320.592,US0183,Y,N,2,SUN,16.0,20.0,70.0,4.0,12.0,55986.0,2018.0,7.2,,,,0,1,0,2,0,1,0,2020
17871864,N,09/17/2020,01:53 PM,-1,2,1,2,5,2,1,24,1.0,227,22,30.30260724,-97.66094526,US,183.0,322.355,US0183,Y,N,2,THU,16.0,16.0,36.0,4.0,14.0,57843.0,2018.0,3.2,,,,0,1,0,1,0,1,0,2020
17871878,N,09/21/2020,11:02 AM,55,12,1,2,5,2,1,10,1.0,227,22,30.20236682,-97.63786435,SH,71.0,130.83100000000002,SH0071,Y,N,2,MON,0.0,0.0,250.0,6.0,14.0,53382.0,2018.0,8.3,,,,0,2,0,0,0,2,0,2020
17872149,N,09/08/2020,06:04 PM,-1,12,1,1,5,2,1,10,1.0,227,22,30.33716403,-97.59992118,US,290.0,131.636,US0290,Y,N,2,TUE,20.0,20.0,3.0,5.0,12.0,34434.0,2018.0,8.4,1.0,121.0,1.0,0,1,0,3,0,1,0,2020
17872933,N,06/29/2020,12:29 AM,45,0,0,0,1,2,1,13,1.0,227,22,30.3630463,-97.69702522,SL,275.0,4.5539999999999985,SL0275,Y,N,2,MON,0.0,0.0,0.0,4.0,14.0,37689.0,2018.0,1.2,,,,0,1,0,2,0,1,0,2020
17872968,N,09/21/2020,05:55 PM,-1,2,1,2,20,2,4,22,1.0,227,22,30.32141558,-97.69600424,US,290.0,125.751,US0290,Y,N,2,MON,12.0,20.0,24.0,5.0,12.0,55306.0,2018.0,6.3,1.0,1034.0,0.0,0,1,0,1,0,1,0,2020
17873099,N,09/21/2020,06:30 PM,55,11,1,2,1,2,4,21,1.0,227,22,30.36443022,-97.68414019,IH,35.0,241.281,IH0035,Y,N,2,MON,8.0,20.0,3.0,6.0,11.0,138459.0,2018.0,12.2,,,,0,1,0,2,0,1,0,2020
17873493,N,09/20/2020,10:32 PM,65,2,4,2,20,10,4,1,2.0,227,9999,30.387292,-98.08642195,SH,71.0,97.796,SH0071,Y,Y,1,SUN,3.0,3.0,0.0,4.0,2.0,15560.0,2018.0,5.1,,,,1,0,0,0,0,1,0,2020
17874007,N,08/28/2020,09:59 PM,40,11,4,1,15,1,1,1,1.0,227,22,30.40783444,-97.6782314,FM,734.0,11.608,FM0734,Y,N,1,FRI,10.0,10.0,16.0,6.0,14.0,63366.0,2018.0,3.7,,,,1,0,0,3,0,1,0,2020
17874012,N,09/15/2020,12:03 PM,55,11,1,1,20,2,4,20,1.0,227,22,30.30260724,-97.66094526,US,183.0,322.355,US0183,Y,N,2,TUE,16.0,16.0,36.0,4.0,14.0,57843.0,2018.0,3.2,,,,0,1,0,1,1,1,0,2020
17875138,N,09/20/2020,09:19 PM,-1,2,4,2,1,4,4,1,5.0,227,22,,,IH,35.0,,IH0035,Y,N,2,SUN,,,,,,,,,,,,0,1,0,4,0,1,0,2020
17875583,N,09/02/2020,06:12 AM,55,11,4,1,1,2,4,20,1.0,227,22,30.249428899999998,-97.73565490000001,IH,35.0,232.635,IH0035,Y,N,2,WED,4.0,10.0,3.0,6.0,11.0,142856.0,2018.0,11.0,1.0,238.0,3.0,0,1,0,1,0,1,0,2020
17875891,N,09/23/2020,09:38 AM,-1,12,1,2,20,2,3,14,1.0,227,22,30.40078482,-97.85160339,RM,2222.0,0.252,RM2222,Y,N,2,WED,0.0,0.0,0.0,4.0,14.0,42777.0,2018.0,3.2,,,,0,2,0,1,0,2,0,2020
17876570,N,09/14/2020,04:25 PM,40,11,1,1,5,2,1,14,1.0,227,22,30.37957267,-97.68769640000001,SL,275.0,3.289,SL0275,Y,N,2,MON,0.0,2.0,0.0,4.0,14.0,30447.0,2018.0,1.8,,,,0,2,0,0,1,2,0,2020
17876582,N,09/23/2020,03:20 PM,55,11,1,1,20,2,4,20,1.0,227,22,30.34201455,-97.69832417,IH,35.0,239.522,IH0035,Y,N,2,WED,20.0,20.0,3.0,6.0,11.0,145168.0,2018.0,11.9,,,,0,1,0,3,0,1,0,2020
17876588,N,09/23/2020,09:03 PM,50,12,3,1,5,2,1,10,1.0,227,22,30.21621427,-97.7440169,SH,71.0,123.943,SH0071,Y,N,2,WED,20.0,20.0,32.0,6.0,12.0,122565.0,2018.0,3.2,,,,0,4,0,1,0,4,0,2020
17877668,N,09/23/2020,10:13 AM,55,12,1,1,20,1,4,1,1.0,227,22,30.21400279,-97.75283732,IH,35.0,229.94,IH0035,Y,N,2,WED,4.0,20.0,3.0,6.0,11.0,148474.0,2018.0,11.3,,,,0,1,0,2,0,1,0,2020
17877806,N,09/23/2020,06:01 PM,55,11,1,1,20,2,4,21,1.0,227,9999,30.45590816,-97.6664099,IH,35.0,247.813,IH0035,Y,Y,2,WED,18.0,18.0,12.0,6.0,11.0,129244.0,2018.0,12.7,,,,0,1,1,1,0,2,0,2020
17878608,N,09/25/2020,07:45 AM,55,11,1,1,5,2,2,22,1.0,227,22,30.41135013,-97.85012735,RM,620.0,13.408,RM0620,Y,N,1,FRI,8.0,8.0,0.0,4.0,14.0,50802.0,2018.0,3.1,,,,1,0,0,1,0,1,0,2020
17878856,N,08/01/2020,12:48 PM,-1,11,1,1,20,7,4,1,3.0,227,22,30.22287822,-97.67910835,SH,71.0,127.987,SH0071,Y,N,2,SAT,8.0,8.0,40.0,8.0,12.0,95090.0,2018.0,3.5,,,,0,1,0,0,0,1,0,2020
17878859,N,09/04/2020,02:02 AM,55,2,3,2,20,7,4,1,2.0,227,22,30.4184859,-97.70489932,SL,1.0,4.113,SL0001,Y,N,2,FRI,20.0,20.0,36.0,6.0,12.0,112974.0,2018.0,1.6,,,,0,1,0,0,0,1,0,2020
17878870,N,09/12/2020,10:32 PM,55,11,4,1,5,2,2,20,1.0,227,22,30.32827237,-97.65942166,US,290.0,128.01,US0290,Y,N,2,SAT,20.0,20.0,3.0,5.0,12.0,24503.0,2018.0,2.7,1.0,655.0,0.0,0,1,0,0,1,1,0,2020
17879001,N,09/20/2020,12:52 PM,60,11,1,1,1,2,4,20,1.0,227,372,30.47123742,-97.67107759999999,IH,35.0,248.904,IH0035,Y,N,2,SUN,16.0,20.0,3.0,6.0,11.0,162734.0,2018.0,11.4,,,,0,1,0,4,0,1,0,2020
17879090,N,04/15/2020,06:53 AM,30,11,1,1,11,4,2,3,2.0,227,22,30.22328848,-97.74734329,IH,35.0,230.658,IH0035,Y,N,2,WED,4.0,20.0,3.0,6.0,11.0,157370.0,2018.0,10.5,,,,0,1,0,0,0,1,0,2020
17879212,N,09/25/2020,01:04 PM,45,11,1,1,20,2,4,14,1.0,227,22,30.222681199999997,-97.76347724,US,290.0,116.348,US0290,Y,N,2,FRI,20.0,20.0,42.0,6.0,12.0,140123.0,2018.0,2.6,,,,0,1,0,1,0,1,0,2020
17880100,N,09/20/2020,09:57 PM,55,2,6,2,20,2,4,20,1.0,227,9999,30.29414503,-97.82822846,SL,360.0,9.098,SL0360,Y,Y,2,SUN,8.0,20.0,40.0,4.0,14.0,50299.0,2018.0,2.7,,,,0,1,0,2,0,1,0,2020
17880194,N,09/27/2020,01:35 AM,-1,11,4,1,5,2,1,34,1.0,227,9999,30.28803825,-97.57583618,SH,130.0,29.981,SH0130,Y,Y,1,SUN,12.0,20.0,135.0,4.0,12.0,39424.0,2018.0,17.9,,,,1,0,1,4,0,2,0,2020
17880209,N,09/26/2020,02:22 PM,70,11,1,1,20,2,4,20,1.0,227,9999,30.45964379,-97.66741666,IH,35.0,248.077,IH0035,Y,Y,2,SAT,18.0,18.0,12.0,6.0,11.0,162734.0,2018.0,11.4,1.0,467.0,1.0,0,2,0,0,0,2,0,2020
17881778,N,08/21/2020,09:54 AM,55,11,1,1,5,2,1,10,1.0,227,22,30.315981400000002,-97.66311112,US,183.0,321.421,US0183,Y,N,2,FRI,16.0,16.0,70.0,4.0,12.0,57843.0,2018.0,3.2,,,,0,3,0,4,0,3,0,2020
17881787,N,08/23/2020,07:01 AM,75,11,1,1,1,7,4,1,2.0,227,22,30.33744174,-97.59917372,US,290.0,131.684,US0290,Y,N,2,SUN,20.0,20.0,3.0,5.0,12.0,34434.0,2018.0,8.4,,,,0,1,0,0,0,1,0,2020
17881820,N,09/20/2020,09:48 PM,55,12,4,2,21,2,1,10,1.0,227,22,30.32212067,-97.70681763,IH,35.0,238.044,IH0035,Y,N,1,SUN,8.0,20.0,24.0,8.0,11.0,199837.0,2018.0,9.4,,,,1,2,0,0,0,3,0,2020
17881924,N,09/25/2020,04:58 PM,65,11,1,1,20,2,4,20,1.0,227,22,30.35926476,-97.71633854,US,183.0,316.869,US0183,Y,N,2,FRI,20.0,20.0,8.0,6.0,12.0,138247.0,2018.0,3.6,,,,0,1,0,0,0,1,0,2020
17881965,N,09/26/2020,01:51 PM,-1,11,1,1,1,2,4,20,1.0,227,22,30.33993163,-97.59260551,US,290.0,132.112,US0290,Y,N,2,SAT,20.0,20.0,3.0,5.0,12.0,34434.0,2018.0,8.4,,,,0,1,0,3,0,1,0,2020
17882035,N,09/26/2020,05:46 PM,-1,11,1,1,5,2,1,24,1.0,227,22,30.20321274,-97.63948059,SH,71.0,130.719,SH0071,Y,N,2,SAT,0.0,0.0,180.0,6.0,14.0,53382.0,2018.0,8.3,,,,0,5,0,3,0,5,0,2020
17882036,N,09/26/2020,08:50 PM,55,11,4,1,20,2,1,28,1.0,227,22,30.40377405,-97.85397107,RM,620.0,12.839,RM0620,Y,N,2,SAT,8.0,8.0,0.0,4.0,14.0,50802.0,2018.0,3.1,1.0,57.0,2.0,0,1,0,1,0,1,0,2020
17882131,N,09/27/2020,03:47 AM,-1,12,4,1,20,7,4,1,4.0,227,22,30.26463834,-97.73504559,IH,35.0,233.708,IH0035,Y,N,2,SUN,8.0,20.0,3.0,8.0,11.0,158343.0,2018.0,10.4,1.0,248.0,2.0,0,1,2,0,0,3,0,2020
17882150,N,09/27/2020,05:50 AM,-1,11,4,1,17,2,1,10,1.0,227,22,30.32858919,-97.65528576,US,290.0,128.25799999999998,US0290,Y,N,4,SUN,20.0,20.0,3.0,5.0,12.0,24503.0,2018.0,2.7,,,,0,2,0,0,0,2,1,2020
17882157,N,09/27/2020,04:52 PM,-1,11,1,1,1,2,4,10,1.0,227,22,30.22325358,-97.76434178,US,290.0,116.283,US0290,Y,N,2,SUN,20.0,20.0,42.0,6.0,12.0,140123.0,2018.0,2.6,,,,0,1,0,2,0,1,0,2020
17882159,N,09/27/2020,05:07 PM,-1,11,1,1,20,2,4,20,1.0,227,22,30.33985824,-97.80331665,SL,360.0,5.362,SL0360,Y,N,1,SUN,8.0,20.0,60.0,4.0,14.0,53846.0,2018.0,2.7,,,,1,0,0,7,0,1,0,2020
17882271,N,09/28/2020,06:18 AM,-1,11,4,1,20,2,4,21,1.0,227,22,30.17631081,-97.88554946,SL,1.0,25.305,SL0001,Y,N,2,MON,12.0,20.0,325.0,4.0,14.0,24757.0,2018.0,1.5,,,,0,4,0,0,0,4,0,2020
17882386,N,09/28/2020,06:58 AM,55,12,2,1,20,2,3,10,1.0,227,9999,30.11581117,-97.71839436,FM,1625.0,2.6710000000000003,FM1625,Y,Y,1,MON,4.0,4.0,0.0,2.0,17.0,6758.0,2018.0,8.3,,,,1,3,0,3,0,4,0,2020
17882549,N,09/27/2020,11:46 AM,70,11,1,1,20,7,4,1,4.0,227,22,30.29668027,-97.71849772,IH,35.0,236.135,IH0035,Y,N,2,SUN,8.0,20.0,24.0,8.0,11.0,202376.0,2018.0,9.3,,,,0,5,0,1,0,5,0,2020
17882983,Y,09/23/2020,06:07 PM,-1,12,1,1,20,2,4,21,1.0,227,22,30.27870242,-97.72983717,IH,35.0,234.725,IH0035,Y,N,2,WED,20.0,40.0,3.0,8.0,11.0,202376.0,2018.0,9.3,,,,0,2,3,1,0,5,0,2020
17882986,N,09/28/2020,08:32 AM,50,11,1,1,5,2,1,10,1.0,227,22,30.18286075,-97.68758604,US,183.0,331.336,US0183,Y,N,2,MON,12.0,20.0,36.0,4.0,14.0,34458.0,2018.0,6.7,,,,0,1,0,1,2,1,0,2020
17882989,N,09/28/2020,11:53 AM,35,11,1,1,5,2,1,14,1.0,227,22,30.2768416,-97.7003275,SL,111.0,0.45,SL0111,Y,N,2,MON,1.0,2.0,0.0,4.0,14.0,31328.0,2018.0,1.8,1.0,98.0,2.0,0,2,0,0,0,2,0,2020
17882990,N,09/28/2020,12:30 PM,45,11,1,1,20,2,4,20,1.0,227,22,30.17806881,-97.77885546,IH,35.0,227.016,IH0035,Y,N,2,MON,6.0,20.0,30.0,6.0,11.0,156852.0,2018.0,11.1,,,,0,3,0,2,0,3,0,2020
17883147,N,09/19/2020,01:18 AM,60,11,4,1,5,7,2,1,2.0,227,1088,30.08211803,-97.69267861,US,183.0,338.337,US0183,Y,Y,4,SAT,20.0,20.0,100.0,4.0,14.0,19968.0,2018.0,9.0,,,,0,0,0,0,0,0,1,2020
17883905,N,09/28/2020,12:19 AM,45,11,4,1,5,2,1,10,1.0,227,22,30.40795135,-97.67464447,IH,35.0,244.474,IH0035,Y,N,2,MON,8.0,20.0,3.0,6.0,11.0,134367.0,2018.0,12.4,1.0,411.0,1.0,0,1,2,1,0,3,0,2020
17883908,N,09/28/2020,03:35 PM,-1,11,1,1,9,2,2,20,1.0,227,22,30.30260724,-97.66094526,US,183.0,322.355,US0183,Y,N,2,MON,16.0,16.0,36.0,4.0,14.0,57843.0,2018.0,3.2,,,,0,1,0,0,0,1,0,2020
17884010,N,09/28/2020,07:17 PM,-1,11,5,1,20,2,1,24,1.0,227,22,30.32556534,-97.67331696,US,183.0,320.512,US0183,Y,N,2,MON,16.0,20.0,70.0,4.0,12.0,55986.0,2018.0,7.2,,,,0,1,0,2,0,1,0,2020
17884811,N,09/25/2020,02:59 PM,-1,11,1,1,5,2,1,34,1.0,227,22,30.42039108,-97.70423126,FM,734.0,9.83,FM0734,Y,N,2,FRI,8.0,20.0,36.0,6.0,14.0,61367.0,2018.0,3.7,1.0,276.0,0.0,0,1,0,2,0,1,0,2020
17884812,N,09/25/2020,07:26 PM,40,11,4,1,20,2,1,10,1.0,227,22,30.23161907,-97.79163776,US,290.0,114.501,US0290,Y,N,2,FRI,20.0,20.0,10.0,8.0,12.0,127013.0,2018.0,2.7,1.0,297.0,3.0,0,5,0,0,0,5,0,2020
17885027,N,09/29/2020,11:40 AM,50,11,1,1,5,2,1,14,1.0,227,250,30.35219688,-97.96263614,RM,620.0,3.709,RM0620,Y,N,2,TUE,8.0,8.0,0.0,4.0,14.0,50317.0,2018.0,3.1,1.0,96.0,2.0,0,1,0,1,0,1,0,2020
17885922,N,06/17/2020,07:25 PM,35,11,1,1,9,2,1,38,1.0,227,22,30.34740888,-97.75041535,SL,1.0,10.022,SL0001,Y,N,2,WED,12.0,20.0,36.0,6.0,12.0,148872.0,2018.0,1.2,,,,0,1,0,1,0,1,0,2020
17885980,N,09/24/2020,12:39 PM,55,12,1,2,5,2,1,34,1.0,227,22,30.37719863,-97.80549673,RM,2222.0,3.612,RM2222,Y,N,1,THU,8.0,8.0,0.0,4.0,14.0,42777.0,2018.0,3.2,1.0,102.0,2.0,2,1,0,0,0,3,0,2020
17885983,N,09/26/2020,02:13 PM,50,11,1,1,20,2,4,21,1.0,227,22,30.4174105,-97.69904203,FM,734.0,10.202,FM0734,Y,N,2,SAT,10.0,20.0,36.0,6.0,14.0,56464.0,2018.0,3.8,,,,0,1,0,2,0,1,0,2020
17886490,N,09/30/2020,10:19 AM,65,11,1,1,20,2,4,21,1.0,227,22,30.22788396,-97.78130055,US,290.0,115.177,US0290,Y,N,2,WED,20.0,20.0,22.0,8.0,12.0,148990.0,2018.0,2.4,1.0,331.0,1.0,0,1,0,1,0,1,0,2020
17886491,N,09/30/2020,11:19 AM,55,11,1,1,20,2,1,10,1.0,227,22,30.21642876,-97.75132751,IH,35.0,230.129,IH0035,Y,N,2,WED,4.0,20.0,3.0,6.0,11.0,157370.0,2018.0,10.5,,,,0,1,1,0,0,2,0,2020
17887726,N,05/07/2020,02:35 PM,65,12,1,1,1,10,4,1,2.0,227,22,,,US,290.0,,US0290,Y,N,2,THU,,,,,,,,,,,,0,1,0,0,0,1,0,2020
17887732,N,09/26/2020,11:22 AM,45,11,1,1,20,2,1,24,1.0,227,22,30.23003787,-97.78833923,US,290.0,114.726,US0290,Y,N,2,SAT,20.0,20.0,22.0,8.0,12.0,127013.0,2018.0,2.7,,,,0,2,0,0,0,2,0,2020
17887733,N,09/26/2020,12:54 PM,40,11,1,1,20,2,4,20,1.0,227,22,,,IH,35.0,,IH0035,Y,N,2,SAT,,,,,,,,,,,,0,2,0,5,0,2,0,2020
17887739,N,09/30/2020,03:38 PM,70,11,1,1,1,2,4,20,1.0,227,22,30.18562516,-97.77389579,IH,35.0,227.614,IH0035,Y,N,2,WED,6.0,20.0,30.0,6.0,11.0,156852.0,2018.0,11.1,,,,0,1,1,2,0,2,0,2020
17887785,N,09/30/2020,07:11 PM,-1,11,1,1,20,2,1,14,1.0,227,22,30.21239719,-97.71256098,SH,71.0,125.84,SH0071,Y,N,2,WED,20.0,20.0,44.0,8.0,12.0,70740.0,2018.0,4.0,1.0,284.0,2.0,0,1,0,1,0,1,0,2020
17887792,N,10/01/2020,01:07 AM,35,11,3,1,20,2,4,30,1.0,227,22,30.14275142,-97.80141694,FM,1626.0,0.344,FM1626,Y,N,2,THU,1.0,1.0,0.0,2.0,16.0,14556.0,2018.0,4.7,1.0,80.0,3.0,0,5,0,0,0,5,0,2020
17888262,N,09/30/2020,04:36 PM,-1,11,1,1,20,2,4,20,1.0,227,22,30.28241326,-97.72765471,IH,35.0,235.012,IH0035,Y,N,2,WED,20.0,40.0,3.0,8.0,11.0,202376.0,2018.0,9.3,,,,0,1,0,1,0,1,0,2020
17888264,N,10/01/2020,08:53 AM,-1,11,1,1,21,2,1,10,1.0,227,22,30.26122284,-97.73644257,IH,35.0,233.459,IH0035,Y,N,2,THU,8.0,20.0,3.0,8.0,11.0,158343.0,2018.0,10.4,,,,0,1,0,2,0,1,0,2020
17888325,N,10/01/2020,08:45 AM,-1,11,1,1,5,2,1,10,1.0,227,22,,,US,290.0,,US0290,Y,N,2,THU,,,,,,,,,,,,0,1,0,1,0,1,0,2020
17889008,Y,09/29/2020,11:55 PM,80,11,4,1,20,7,4,1,2.0,227,330,30.47481077,-97.59093585,SH,130.0,16.334,SH0130,Y,N,2,TUE,8.0,20.0,135.0,4.0,12.0,38706.0,2018.0,17.5,,,,0,1,0,1,0,1,0,2020
17889523,N,10/01/2020,08:03 AM,65,11,1,1,20,2,4,21,1.0,227,22,30.23179677,-97.74234314,IH,35.0,231.315,IH0035,Y,N,2,THU,4.0,20.0,3.0,6.0,11.0,157370.0,2018.0,10.5,,,,0,1,0,1,0,1,0,2020
17890127,N,09/21/2020,05:20 PM,55,2,1,2,20,2,2,17,1.0,227,372,30.4736614,-97.67184302,IH,35.0,249.077,IH0035,Y,N,2,MON,16.0,20.0,3.0,6.0,11.0,162734.0,2018.0,11.4,,,,0,1,0,1,0,1,0,2020
17890204,Y,10/01/2020,11:58 AM,50,11,1,1,20,2,3,10,1.0,227,538,30.30394805,-97.93402032,SH,71.0,109.409,SH0071,Y,Y,2,THU,8.0,8.0,0.0,4.0,14.0,50310.0,2018.0,3.1,,,,0,1,0,3,0,1,0,2020
17890470,N,10/02/2020,06:22 PM,-1,11,1,1,20,2,1,14,1.0,227,9999,30.14048808,-97.83564261,FM,1626.0,2.508,FM1626,Y,Y,2,FRI,1.0,1.0,0.0,2.0,16.0,17762.0,2018.0,4.2,,,,0,1,0,3,0,1,0,2020
17893238,N,10/02/2020,05:23 PM,-1,11,1,1,5,2,1,10,1.0,227,22,30.30260724,-97.66094526,US,183.0,322.355,US0183,Y,N,2,FRI,16.0,16.0,36.0,4.0,14.0,57843.0,2018.0,3.2,,,,0,1,0,1,0,1,0,2020
17893418,N,10/03/2020,02:51 AM,65,11,4,1,5,2,1,10,1.0,227,22,30.33917999,-97.70010376,IH,35.0,239.3,IH0035,Y,N,2,SAT,20.0,20.0,3.0,6.0,11.0,145168.0,2018.0,11.9,,,,0,1,0,0,1,1,0,2020
17893422,N,10/03/2020,08:56 AM,-1,11,1,1,20,10,4,1,4.0,227,22,30.18961334,-97.68568515,US,183.0,330.858,US0183,Y,N,2,SAT,12.0,20.0,36.0,4.0,14.0,30598.0,2018.0,9.5,,,,0,1,0,0,0,1,0,2020
17893463,N,10/03/2020,10:24 PM,45,11,4,1,5,2,1,34,1.0,227,22,30.35823778,-97.68803757,IH,35.0,240.796,IH0035,Y,N,2,SAT,8.0,20.0,3.0,6.0,11.0,138459.0,2018.0,12.2,,,,0,1,0,3,0,1,0,2020
17893513,N,09/26/2020,03:49 PM,55,11,1,1,8,2,1,10,1.0,227,9999,30.11279418,-97.78229113,FM,1327.0,1.42,FM1327,Y,Y,4,SAT,10.0,10.0,0.0,2.0,16.0,17645.0,2018.0,5.2,,,,0,1,0,0,0,1,1,2020
17893613,N,10/04/2020,06:27 PM,-1,11,1,1,20,2,4,20,1.0,227,22,,,,,,BI0035,Y,N,2,SUN,,,,,,,,,,,,0,1,0,2,0,1,0,2020
17893615,N,10/04/2020,05:45 PM,50,11,1,1,20,7,4,1,2.0,227,22,30.10785294,-97.80917449,IH,35.0,221.83900000000003,IH0035,Y,N,4,SUN,6.0,20.0,20.0,6.0,11.0,131087.0,2018.0,12.1,1.0,84.0,0.0,0,0,0,0,0,0,1,2020
17893994,Y,09/28/2020,01:27 PM,-1,11,1,8,20,2,4,21,1.0,227,22,30.42575916,-97.67127081,IH,35.0,245.715,IH0035,Y,N,2,MON,8.0,20.0,3.0,6.0,11.0,132719.0,2018.0,12.4,,,,0,1,0,13,0,1,0,2020
17893995,N,09/30/2020,01:29 PM,50,11,1,1,20,2,4,22,1.0,227,22,30.40613852,-97.85276368,RM,620.0,13.017,RM0620,Y,N,2,WED,8.0,8.0,0.0,4.0,14.0,50802.0,2018.0,3.1,,,,0,1,0,1,0,1,0,2020
17893996,N,10/01/2020,02:37 PM,65,11,1,1,20,7,4,1,2.0,227,22,30.37966394,-97.73784923,SL,1.0,7.6720000000000015,SL0001,Y,N,1,THU,20.0,20.0,36.0,5.0,12.0,97149.0,2018.0,1.6,,,,1,0,0,0,0,1,0,2020
17894331,N,10/01/2020,07:57 PM,60,11,3,1,20,1,4,1,1.0,227,9999,30.15721563,-97.67819051,FM,812.0,1.002,FM0812,Y,Y,4,THU,0.0,0.0,0.0,4.0,16.0,14493.0,2018.0,6.9,,,,0,0,0,1,0,0,1,2020
17894597,N,09/29/2020,01:35 AM,40,11,4,1,5,2,2,30,1.0,227,138,30.35214348,-97.41206159,US,290.0,142.976,US0290,Y,N,2,TUE,8.0,20.0,68.0,4.0,14.0,30629.0,2018.0,8.5,,,,0,1,0,1,0,1,0,2020
17895543,N,10/05/2020,02:45 PM,45,11,1,1,5,2,2,22,1.0,227,22,30.39298407,-97.84190637,RM,2222.0,1.07,RM2222,Y,N,1,MON,0.0,0.0,0.0,4.0,14.0,42777.0,2018.0,3.2,,,,1,0,0,3,0,1,0,2020
17895544,N,10/05/2020,03:58 PM,-1,11,1,1,20,2,4,20,1.0,227,22,30.21474258,-97.73163479,SH,71.0,124.69,SH0071,Y,N,2,MON,20.0,20.0,44.0,8.0,12.0,85342.0,2018.0,3.6,,,,0,1,0,1,0,1,0,2020
17895545,N,10/05/2020,06:02 PM,-1,11,1,1,9,1,4,1,1.0,227,22,30.23003787,-97.78833923,US,290.0,114.726,US0290,Y,N,2,MON,20.0,20.0,22.0,8.0,12.0,127013.0,2018.0,2.7,,,,0,1,0,1,0,1,0,2020
17895551,N,10/05/2020,04:08 PM,65,11,1,1,20,7,4,1,2.0,227,22,30.28703492,-97.76316982,SL,1.0,14.304,SL0001,Y,N,2,MON,12.0,20.0,60.0,6.0,12.0,145144.0,2018.0,1.2,,,,0,1,0,1,0,1,0,2020
17895552,Y,09/25/2020,08:55 AM,65,11,1,1,11,2,3,34,1.0,227,671,30.1007702,-97.75696517,FM,1327.0,3.145,FM1327,Y,Y,1,FRI,10.0,10.0,0.0,2.0,16.0,17645.0,2018.0,5.2,,,,1,0,0,1,0,1,0,2020
17897308,N,10/01/2020,05:56 PM,50,11,1,1,5,2,1,23,1.0,227,1016,30.34886212,-97.55593759,US,290.0,134.393,US0290,Y,N,2,THU,12.0,20.0,46.0,4.0,14.0,51848.0,2018.0,6.4,1.0,250.0,1.0,0,1,0,0,1,1,0,2020
17897749,N,10/05/2020,02:29 PM,70,11,1,1,20,2,4,20,1.0,227,9999,30.18654122,-97.61485165,SH,71.0,132.599,SH0071,Y,Y,1,MON,4.0,6.0,40.0,4.0,14.0,53382.0,2018.0,8.3,1.0,305.0,3.0,1,0,2,6,0,3,0,2020