Crash_ID,Cmv_Involv_Fl,Crash_Date,Crash_Time,Crash_Speed_Limit,Wthr_Cond_ID,Light_Cond_ID,Surf_Cond_ID,Traffic_Cntl_ID,Harm_Evnt_ID,Intrsct_Relat_ID,FHE_Collsn_ID,Road_Relat_ID,Cnty_ID,City_ID,Latitude,Longitude,Hwy_Sys,Hwy_Nbr,Dfo,Street_Name,Onsys_Fl,Rural_Fl,Crash_Sev_ID,Day_of_Week,Shldr_Width_Left,Shldr_Width_Right,Median_Width,Nbr_Of_Lane,Func_Sys_ID,Adt_Curnt_Amt,Adt_Curnt_Year,Trk_Aadt_Pct,Curve_Type_ID,Curve_Lngth,Cd_Degr,Sus_Serious_Injry_Cnt,Nonincap_Injry_Cnt,Poss_Injry_Cnt,Non_Injry_Cnt,Unkn_Injry_Cnt,Tot_Injry_Cnt,Death_Cnt,Year
17958919,N,11/11/2020,06:27 AM,55,11,4,1,5,1,2,1,1.0,227,22,30.23615868,-97.87762732,SH,71.0,115.42,SH0071,Y,N,2,WED,0.0,0.0,0.0,4.0,14.0,34138.0,2018.0,3.5,,,,0,1,0,1,0,1,0,2020
17958933,N,11/11/2020,01:32 PM,-1,11,1,1,5,2,1,10,1.0,227,22,30.24080479,-97.73699458,IH,35.0,232.012,IH0035,Y,N,2,WED,4.0,16.0,40.0,6.0,11.0,150700.0,2018.0,10.7,,,,0,1,0,1,0,1,0,2020
17958940,N,11/11/2020,04:54 PM,-1,11,1,1,20,2,4,21,1.0,227,22,30.33269354,-97.68678878,US,183.0,319.567,US0183,Y,N,2,WED,4.0,10.0,24.0,5.0,12.0,65226.0,2018.0,6.6,,,,0,1,0,0,1,1,0,2020
17959240,N,11/11/2020,06:11 PM,55,11,3,1,20,2,4,20,1.0,227,22,30.18372694,-97.64580313,FM,973.0,30.736,FM0973,Y,N,2,WED,4.0,4.0,0.0,2.0,16.0,18337.0,2018.0,5.9,,,,0,1,0,1,0,1,0,2020
17959241,Y,11/11/2020,08:16 AM,45,11,1,1,5,1,2,1,1.0,227,22,,,SL,275.0,,SL0275,Y,N,1,WED,,,,,,,,,,,,1,0,0,1,0,1,0,2020
17959244,N,11/11/2020,04:24 PM,65,11,1,1,20,2,4,22,1.0,227,22,30.27635875,-97.76980571,SL,1.0,15.14,SL0001,Y,N,2,WED,12.0,20.0,60.0,6.0,12.0,145144.0,2018.0,1.2,,,,0,1,2,2,0,3,0,2020
17959890,N,11/02/2020,05:50 AM,35,11,4,1,1,2,4,46,1.0,227,22,30.37563602,-97.68990324,SL,275.0,3.59,SL0275,Y,N,2,MON,0.0,2.0,0.0,4.0,14.0,29928.0,2018.0,1.4,,,,0,1,0,0,1,1,0,2020
17959895,N,11/12/2020,02:36 AM,-1,11,4,1,8,7,2,1,2.0,227,22,30.44569175,-97.69654788,SL,1.0,2.175,SL0001,Y,N,2,THU,20.0,20.0,36.0,6.0,12.0,64650.0,2018.0,2.0,1.0,934.0,0.0,0,1,0,0,0,1,0,2020
17959913,N,11/12/2020,07:49 PM,-1,11,4,1,5,1,1,1,1.0,227,22,30.28584974,-97.68261742,FM,969.0,1.295,FM0969,Y,N,1,THU,0.0,0.0,0.0,4.0,14.0,17992.0,2018.0,6.6,,,,1,0,0,1,0,1,0,2020
17960353,N,11/12/2020,05:29 PM,60,11,4,1,5,2,1,14,1.0,227,9999,30.30825416,-97.9048157,RM,2244.0,1.995,RM2244,Y,Y,2,THU,5.0,10.0,0.0,4.0,14.0,19573.0,2018.0,4.4,1.0,241.0,4.0,0,1,1,0,0,2,0,2020
17960660,Y,11/13/2020,01:08 PM,-1,11,1,1,20,7,4,1,4.0,227,22,30.33670438,-97.75539553,SL,1.0,10.817,SL0001,Y,N,1,FRI,12.0,20.0,100.0,6.0,12.0,148872.0,2018.0,1.2,1.0,218.0,2.0,1,0,0,1,0,1,0,2020
17963564,N,10/13/2020,03:57 AM,70,11,4,1,1,2,2,13,1.0,227,22,30.16754995,-97.78576609,IH,35.0,226.183,IH0035,Y,N,2,TUE,6.0,20.0,30.0,6.0,11.0,156852.0,2018.0,11.1,1.0,586.0,0.0,0,1,0,1,0,1,0,2020
17963587,N,11/13/2020,03:33 PM,70,11,1,1,20,2,4,20,1.0,227,22,30.19035979,-97.77059653,IH,35.0,227.995,IH0035,Y,N,2,FRI,24.0,24.0,42.0,6.0,11.0,170988.0,2018.0,10.7,,,,0,1,0,1,0,1,0,2020
17964121,N,11/13/2020,07:06 PM,-1,11,4,1,20,2,4,20,1.0,227,22,30.35929871,-97.79117584,SL,360.0,3.842,SL0360,Y,N,2,FRI,8.0,20.0,60.0,4.0,14.0,53846.0,2018.0,2.7,1.0,460.0,1.0,0,1,0,2,0,1,0,2020
17964126,N,11/13/2020,10:06 PM,35,11,4,1,5,1,1,1,1.0,227,22,30.26808217,-97.69625113,SL,111.0,1.11,SL0111,Y,N,4,FRI,1.0,2.0,0.0,4.0,14.0,31328.0,2018.0,1.8,,,,0,0,0,3,0,0,1,2020
17964135,N,11/14/2020,03:59 AM,-1,12,4,1,20,2,4,21,1.0,227,22,30.44363977,-97.74224413,FM,734.0,7.021,FM0734,Y,N,2,SAT,8.0,20.0,36.0,6.0,14.0,55456.0,2018.0,3.8,,,,0,1,0,1,0,1,0,2020
17964559,N,11/14/2020,01:45 PM,-1,11,1,1,11,2,1,34,1.0,227,22,30.17767515,-97.82157489,FM,2304.0,1.754,FM2304,Y,N,1,SAT,13.0,14.0,0.0,4.0,14.0,34274.0,2018.0,3.5,,,,1,0,0,1,0,1,0,2020
17964569,N,11/14/2020,04:20 PM,50,11,1,1,5,2,1,34,1.0,227,22,30.40180292,-97.67913645,SL,275.0,1.666,SL0275,Y,N,1,SAT,9.0,9.0,0.0,4.0,14.0,27539.0,2018.0,1.4,1.0,157.0,0.0,2,2,0,0,1,4,0,2020
17965159,N,11/15/2020,00:00 AM,45,12,4,1,1,10,4,1,1.0,227,22,,,SH,183.0,,SH0183,Y,N,2,SUN,,,,,,,,,,,,0,1,0,0,0,1,0,2020
17965179,N,11/17/2020,01:06 AM,60,11,3,1,20,7,4,1,2.0,227,9999,30.13133373,-97.64565576,FM,812.0,4.04,FM0812,Y,Y,2,TUE,10.0,10.0,0.0,2.0,6.0,15228.0,2018.0,6.8,,,,0,1,0,0,0,1,0,2020
17965308,N,11/16/2020,02:56 AM,55,11,4,1,5,7,4,5,2.0,227,22,30.33522753,-97.80625057,SL,360.0,5.726,SL0360,Y,N,1,MON,8.0,20.0,60.0,4.0,14.0,53846.0,2018.0,2.7,,,,1,0,0,0,0,1,0,2020
17965319,N,11/16/2020,09:50 AM,50,11,1,1,20,7,4,1,2.0,227,22,30.21865076,-97.69057068,SH,71.0,127.233,SH0071,Y,N,2,MON,4.0,5.0,44.0,6.0,12.0,70740.0,2018.0,4.0,,,,0,1,0,1,0,1,0,2020
17966040,N,11/12/2020,09:11 PM,65,11,4,1,11,2,4,20,1.0,227,22,,,IH,35.0,,IH0035,Y,N,1,THU,,,,,,,,,,,,1,0,0,4,1,1,0,2020
17966043,N,11/16/2020,09:38 AM,45,11,1,1,5,2,1,10,1.0,227,22,30.24819973,-97.73538932,IH,35.0,232.549,IH0035,Y,N,1,MON,4.0,10.0,3.0,6.0,11.0,142856.0,2018.0,11.0,1.0,238.0,3.0,1,3,0,0,0,4,0,2020
17966068,N,11/16/2020,07:34 PM,55,11,6,1,1,2,3,13,1.0,227,22,30.23097055,-97.74283458,IH,35.0,231.251,IH0035,Y,N,2,MON,4.0,20.0,3.0,6.0,11.0,157370.0,2018.0,10.5,,,,0,2,0,0,0,2,0,2020
17966220,N,11/07/2020,06:02 PM,65,11,1,1,5,2,2,20,1.0,227,1016,30.34983186,-97.51874821,US,290.0,136.612,US0290,Y,N,2,SAT,12.0,20.0,68.0,4.0,14.0,44701.0,2018.0,6.9,,,,0,2,0,0,0,2,0,2020
17966437,N,11/14/2020,11:32 AM,55,11,1,1,5,2,1,34,1.0,227,538,30.325015399999998,-97.95824272,RM,620.0,1.409,RM0620,Y,Y,1,SAT,8.0,8.0,0.0,4.0,14.0,26975.0,2018.0,3.8,1.0,173.0,5.0,1,2,0,2,0,3,0,2020
17966651,Y,11/17/2020,02:31 AM,-1,11,4,1,20,7,4,1,4.0,227,22,30.35683618,-97.68894114,IH,35.0,240.685,IH0035,Y,N,2,TUE,20.0,20.0,3.0,6.0,11.0,145168.0,2018.0,11.9,,,,0,1,0,1,0,1,0,2020
17967883,N,11/11/2020,10:19 AM,45,11,1,1,5,2,1,10,1.0,227,330,30.45139069,-97.59422941,SH,130.0,17.985,SH0130,Y,N,4,WED,8.0,20.0,135.0,6.0,12.0,45033.0,2018.0,17.2,,,,0,0,0,1,0,0,2,2020
17968044,N,11/13/2020,01:10 PM,35,11,1,1,20,2,3,23,1.0,227,22,30.36853533,-97.69390841,SL,275.0,4.133,SL0275,Y,N,2,FRI,0.0,0.0,0.0,4.0,14.0,37689.0,2018.0,1.2,,,,0,2,0,0,0,2,0,2020
17968127,N,11/17/2020,02:56 PM,35,11,1,1,1,7,4,1,2.0,227,22,30.4424776,-97.66561344,FM,1825.0,0.29600000000000004,FM1825,Y,N,2,TUE,8.0,8.0,0.0,4.0,16.0,29814.0,2018.0,3.6,,,,0,1,0,0,0,1,0,2020
17968200,N,11/18/2020,10:35 AM,55,11,1,1,20,2,4,21,1.0,227,22,30.28893352,-97.72343128,IH,35.0,235.526,IH0035,Y,N,2,WED,8.0,20.0,24.0,8.0,11.0,202376.0,2018.0,9.3,,,,0,1,0,0,0,1,0,2020
17969566,N,11/15/2020,03:29 PM,55,11,1,1,20,2,3,14,1.0,227,538,30.30840771,-97.94774205,SH,71.0,108.518,SH0071,Y,Y,1,SUN,2.0,10.0,0.0,4.0,14.0,38587.0,2018.0,3.3,,,,1,0,0,2,0,1,0,2020
17969609,N,11/18/2020,05:00 PM,70,11,1,1,20,2,4,22,1.0,227,22,30.16592274,-97.78680764,IH,35.0,226.055,IH0035,Y,N,2,WED,6.0,20.0,30.0,6.0,11.0,128785.0,2018.0,12.2,1.0,586.0,0.0,0,1,0,0,1,1,0,2020
17969618,N,11/18/2020,06:43 PM,45,11,3,1,1,2,4,22,1.0,227,22,30.33990388,-97.69966035,IH,35.0,239.357,IH0035,Y,N,2,WED,20.0,20.0,3.0,6.0,11.0,145168.0,2018.0,11.9,,,,0,1,0,1,0,1,0,2020
17969622,N,11/19/2020,02:26 AM,-1,11,4,1,5,2,2,22,1.0,227,22,30.22295999,-97.76390122,US,290.0,116.316,US0290,Y,N,2,THU,20.0,20.0,42.0,6.0,12.0,140123.0,2018.0,2.6,,,,0,2,0,0,0,2,0,2020
17970551,N,11/11/2020,02:05 PM,60,11,1,1,20,10,4,1,2.0,227,9999,30.41081125,-97.37550824,SH,95.0,47.13800000000001,SH0095,Y,Y,1,WED,10.0,10.0,0.0,2.0,6.0,7127.0,2018.0,13.5,,,,1,0,0,0,1,1,0,2020
17971333,N,11/19/2020,02:42 PM,45,11,1,1,11,2,3,14,1.0,227,22,30.25511148,-97.69277439,SL,111.0,2.026,SL0111,Y,N,2,THU,8.0,2.0,0.0,4.0,14.0,31328.0,2018.0,1.8,,,,0,1,0,2,0,1,0,2020
17971391,N,11/19/2020,11:09 PM,45,11,4,1,5,2,1,34,1.0,227,22,30.41942958,-97.70276609999999,FM,734.0,9.939,FM0734,Y,N,2,THU,8.0,20.0,36.0,6.0,14.0,56464.0,2018.0,3.8,1.0,276.0,0.0,0,2,0,0,0,2,0,2020
17971398,N,11/20/2020,05:18 AM,45,11,4,1,5,2,1,21,1.0,227,22,30.39111111,-97.72182174,FM,1325.0,6.886,FM1325,Y,N,2,FRI,0.0,0.0,0.0,4.0,14.0,43120.0,2018.0,1.5,,,,0,1,1,0,0,2,0,2020
17971401,N,11/20/2020,06:59 AM,50,12,1,1,5,2,1,10,1.0,227,22,30.32140479,-97.69587843,US,290.0,125.758,US0290,Y,N,2,FRI,12.0,20.0,24.0,5.0,12.0,55306.0,2018.0,6.3,1.0,1034.0,0.0,0,1,0,4,0,1,0,2020
17971915,N,11/20/2020,08:51 AM,65,12,1,1,11,2,4,20,1.0,227,22,30.24053163,-97.68866053,US,183.0,327.267,US0183,Y,N,2,FRI,6.0,10.0,36.0,4.0,14.0,97049.0,2018.0,5.6,1.0,408.0,4.0,0,1,0,1,0,1,0,2020
17972551,N,11/20/2020,07:13 PM,-1,11,3,1,11,2,4,20,1.0,227,9999,,,SH,130.0,,SH0130,Y,Y,2,FRI,,,,,,,,,,,,0,1,1,1,1,2,0,2020
17972616,N,11/15/2020,10:20 AM,40,11,1,1,20,2,3,20,1.0,227,22,30.36134481,-97.69796356,SL,275.0,4.683,SL0275,Y,N,2,SUN,0.0,0.0,0.0,4.0,14.0,37689.0,2018.0,1.2,,,,0,1,0,3,0,1,0,2020
17973814,N,11/15/2020,09:30 PM,60,11,3,1,20,2,4,30,1.0,227,9999,30.24065689,-97.62227244,FM,973.0,26.37,FM0973,Y,Y,1,SUN,5.0,5.0,0.0,2.0,16.0,22301.0,2018.0,5.5,,,,1,0,0,0,2,1,0,2020
17973823,N,11/14/2020,06:53 PM,60,11,4,1,20,1,4,1,1.0,227,9999,30.16116082,-97.68658933,FM,812.0,0.4320000000000001,FM0812,Y,Y,4,SAT,0.0,0.0,0.0,4.0,16.0,14493.0,2018.0,6.9,,,,0,0,0,2,0,0,1,2020
17974812,N,11/20/2020,08:10 AM,50,12,1,1,20,2,4,20,1.0,227,330,30.45683692,-97.60155087,FM,685.0,6.384,FM0685,Y,N,2,FRI,4.0,4.0,14.0,4.0,16.0,29334.0,2018.0,4.3,,,,0,1,0,2,0,1,0,2020
17975578,N,02/02/2020,01:52 AM,45,12,4,1,11,7,4,1,2.0,227,22,30.36977764,-97.69320922,SL,275.0,4.038,SL0275,Y,N,1,SUN,0.0,0.0,0.0,4.0,14.0,37689.0,2018.0,1.2,,,,1,0,0,0,0,1,0,2020
17975586,N,10/21/2020,03:04 AM,-1,11,4,1,20,1,4,1,1.0,227,22,30.33979747,-97.69972772,IH,35.0,239.348,IH0035,Y,N,4,WED,20.0,20.0,3.0,6.0,11.0,145168.0,2018.0,11.9,,,,0,0,0,1,0,0,1,2020
17975590,N,11/07/2020,01:26 AM,80,11,4,1,1,2,4,21,1.0,227,22,30.33201031,-97.70458102,IH,35.0,238.74,IH0035,Y,N,2,SAT,20.0,20.0,3.0,6.0,11.0,199837.0,2018.0,9.4,,,,0,1,0,1,0,1,0,2020
17975891,N,11/15/2020,06:27 PM,45,11,4,1,5,2,1,10,1.0,227,22,30.37290169,-97.72647196,FM,1325.0,8.169,FM1325,Y,N,2,SUN,0.0,0.0,40.0,4.0,14.0,43120.0,2018.0,1.5,,,,0,1,0,0,0,1,0,2020
17975918,N,11/20/2020,05:31 PM,65,11,1,1,1,2,4,20,1.0,227,22,30.40766921,-97.67469731,IH,35.0,244.454,IH0035,Y,N,2,FRI,8.0,20.0,3.0,6.0,11.0,134367.0,2018.0,12.4,1.0,411.0,1.0,0,1,1,0,0,2,0,2020
17975922,N,11/20/2020,06:08 PM,65,11,4,1,20,2,4,21,1.0,227,22,30.40875663,-97.71450718,SL,1.0,5.03,SL0001,Y,N,2,FRI,28.0,28.0,36.0,9.0,12.0,112974.0,2018.0,1.6,1.0,425.0,1.0,0,1,2,0,0,3,0,2020
17976204,N,10/11/2020,12:50 AM,40,11,6,1,5,2,2,22,1.0,227,22,30.35545606,-97.70272367,SL,275.0,5.186,SL0275,Y,N,2,SUN,0.0,0.0,0.0,4.0,14.0,37706.0,2018.0,1.2,,,,0,1,0,0,2,1,0,2020
17976206,N,11/23/2020,08:00 AM,70,11,1,1,1,2,4,22,1.0,227,22,30.303619199999996,-97.71414098,IH,35.0,236.678,IH0035,Y,N,1,MON,8.0,20.0,24.0,8.0,11.0,196302.0,2018.0,9.5,,,,1,0,0,5,0,1,0,2020
17976518,N,10/30/2020,03:40 PM,-1,11,1,1,5,2,1,10,1.0,227,22,30.28919539,-97.72326549,IH,35.0,235.547,IH0035,Y,N,2,FRI,8.0,20.0,24.0,8.0,11.0,202376.0,2018.0,9.3,,,,0,1,1,3,0,2,0,2020
17976525,N,11/21/2020,10:53 AM,55,11,1,1,20,2,4,21,1.0,227,22,30.28527902,-97.72580819,IH,35.0,235.237,IH0035,Y,N,2,SAT,20.0,40.0,3.0,8.0,11.0,202376.0,2018.0,9.3,,,,0,1,0,1,0,1,0,2020
17976608,N,11/21/2020,06:37 PM,45,11,4,1,1,2,4,20,1.0,227,22,,,IH,35.0,,IH0035,Y,N,2,SAT,,,,,,,,,,,,0,2,0,0,0,2,0,2020
17976660,N,11/22/2020,04:18 PM,-1,12,1,2,17,2,1,10,1.0,227,22,30.24080479,-97.73699458,IH,35.0,232.012,IH0035,Y,N,2,SUN,4.0,16.0,40.0,6.0,11.0,150700.0,2018.0,10.7,,,,0,1,2,2,0,3,0,2020
17976700,N,11/23/2020,11:40 AM,70,12,1,1,20,2,4,20,1.0,227,22,30.14365612,-97.79476226,IH,35.0,224.448,IH0035,Y,N,2,MON,6.0,20.0,30.0,6.0,11.0,128785.0,2018.0,12.2,,,,0,3,0,2,0,3,0,2020
17976704,N,11/23/2020,01:30 PM,70,11,1,1,20,2,4,20,1.0,227,22,30.13357804,-97.79863278,IH,35.0,223.718,IH0035,Y,N,2,MON,40.0,20.0,2.0,6.0,11.0,135389.0,2018.0,11.8,1.0,103.0,0.0,0,3,0,1,0,3,0,2020
17976729,N,11/23/2020,05:04 PM,55,11,5,1,20,2,2,22,1.0,227,9999,30.22578878,-97.94735614,US,290.0,104.825,US0290,Y,Y,2,MON,0.0,6.0,0.0,4.0,14.0,37680.0,2018.0,2.9,,,,0,1,0,4,0,1,0,2020
17977373,N,11/22/2020,02:57 AM,50,11,4,1,5,7,4,1,2.0,227,22,30.19038878,-97.77057432,IH,35.0,227.997,IH0035,Y,N,2,SUN,24.0,24.0,42.0,6.0,11.0,170988.0,2018.0,10.7,,,,0,2,0,0,0,2,0,2020
17977663,N,11/23/2020,01:30 PM,55,11,1,1,20,2,4,20,1.0,227,22,30.28241889,-97.72765113,IH,35.0,235.012,IH0035,Y,N,2,MON,20.0,40.0,3.0,8.0,11.0,202376.0,2018.0,9.3,,,,0,3,0,5,0,3,0,2020
17977666,Y,11/24/2020,07:07 AM,-1,12,2,2,20,10,4,1,2.0,227,9999,30.16697818,-97.65984985,FM,973.0,32.205,FM0973,Y,Y,2,TUE,5.0,5.0,0.0,2.0,16.0,8093.0,2018.0,8.2,,,,0,1,0,0,0,1,0,2020
17977940,N,02/09/2020,01:25 AM,-1,11,4,1,20,10,4,1,1.0,227,22,30.35843449,-97.68792043,IH,35.0,240.811,IH0035,Y,N,2,SUN,8.0,20.0,3.0,6.0,11.0,138459.0,2018.0,12.2,,,,0,1,1,0,0,2,0,2020
17978409,N,11/24/2020,02:12 PM,-1,11,1,1,11,7,4,1,2.0,227,22,30.25402032,-97.76274929,SL,343.0,2.839,SL0343,Y,N,2,TUE,0.0,0.0,0.0,4.0,14.0,46479.0,2018.0,1.4,1.0,73.0,3.0,0,1,0,0,0,1,0,2020
17978565,N,11/24/2020,04:26 PM,55,11,1,1,20,10,4,1,2.0,227,9999,30.37714863,-97.44291838,FM,1100.0,3.825,FM1100,Y,Y,2,TUE,1.0,1.0,0.0,2.0,8.0,1868.0,2018.0,6.6,,,,0,1,0,0,0,1,0,2020
17979078,N,11/24/2020,01:10 PM,45,11,1,1,1,2,4,30,1.0,227,9999,30.44687925,-97.8587776,RM,2769.0,4.712,RM2769,Y,Y,2,TUE,3.0,3.0,0.0,2.0,16.0,7248.0,2018.0,8.0,1.0,70.0,8.0,0,1,0,1,0,1,0,2020
17979654,N,11/24/2020,09:21 AM,45,2,1,2,5,2,4,20,1.0,227,22,30.265779499999997,-97.78253937,SL,1.0,16.212,SL0001,Y,N,2,TUE,8.0,12.0,36.0,8.0,12.0,139370.0,2018.0,1.2,1.0,442.0,0.0,0,1,0,1,0,1,0,2020
17979658,N,11/25/2020,01:23 AM,60,12,3,1,20,2,4,20,1.0,227,22,30.32534039,-97.70633498,IH,35.0,238.267,IH0035,Y,N,2,WED,20.0,20.0,3.0,6.0,11.0,199837.0,2018.0,9.4,,,,0,1,0,0,1,1,0,2020
17981367,N,11/26/2020,02:05 PM,80,11,1,1,1,10,4,1,2.0,227,9999,30.287238000000002,-97.57639873,SH,130.0,30.046,SH0130,Y,Y,1,THU,12.0,20.0,135.0,4.0,12.0,39424.0,2018.0,17.9,,,,1,0,0,0,0,1,0,2020
17983086,N,11/25/2020,03:40 PM,60,11,1,1,5,2,2,22,1.0,227,9999,30.31819336,-97.86171208,RM,2244.0,4.855,RM2244,Y,Y,2,WED,5.0,5.0,0.0,4.0,14.0,37648.0,2018.0,3.3,1.0,202.0,5.0,0,2,0,1,0,2,0,2020
17984201,N,11/24/2020,04:55 PM,45,11,1,1,5,2,1,34,1.0,227,451,30.2945164,-97.82460611,RM,2244.0,7.795,RM2244,Y,Y,2,TUE,10.0,10.0,0.0,4.0,14.0,28681.0,2018.0,3.8,1.0,148.0,3.0,0,1,0,1,0,1,0,2020
17984690,N,11/09/2020,04:47 PM,-1,11,1,1,8,2,1,10,1.0,227,138,30.36359253,-97.40457411,FM,1100.0,6.374,FM1100,Y,N,2,MON,1.0,1.0,0.0,2.0,17.0,1868.0,2018.0,6.6,,,,0,2,0,1,0,2,0,2020
17985581,N,11/27/2020,08:32 AM,65,12,1,1,5,2,2,22,1.0,227,1016,30.34928465,-97.53848108,US,290.0,135.435,US0290,Y,N,2,FRI,12.0,20.0,68.0,4.0,14.0,44701.0,2018.0,6.9,,,,0,1,0,3,0,1,0,2020
17985736,N,11/30/2020,07:21 AM,65,11,1,1,8,2,1,13,1.0,227,9999,30.37577849,-97.52914335,FM,973.0,14.35,FM0973,Y,Y,2,MON,10.0,10.0,0.0,2.0,16.0,15148.0,2018.0,5.5,,,,0,1,0,4,0,1,0,2020
17986095,N,05/15/2020,01:19 PM,35,11,1,1,20,2,1,14,1.0,227,22,30.27760149,-97.70080768,SL,111.0,0.391,SL0111,Y,N,2,FRI,1.0,2.0,0.0,4.0,14.0,31328.0,2018.0,1.8,,,,0,1,0,3,0,1,0,2020
17986096,N,05/15/2020,05:49 PM,70,11,1,1,20,2,4,20,1.0,227,22,30.242786600000002,-97.73584811,IH,35.0,232.164,IH0035,Y,N,2,FRI,4.0,16.0,40.0,6.0,11.0,150700.0,2018.0,10.7,,,,0,1,0,2,0,1,0,2020
17986340,N,11/27/2020,11:59 AM,65,2,1,2,20,2,4,21,1.0,227,9999,30.39301039,-98.08635964,SH,71.0,97.402,SH0071,Y,Y,1,FRI,6.0,6.0,0.0,4.0,2.0,15560.0,2018.0,5.1,,,,2,2,0,1,0,4,0,2020
17986378,N,10/14/2020,03:03 PM,-1,11,1,1,1,7,4,1,2.0,227,22,,,SL,1.0,,SL0001,Y,N,2,WED,,,,,,,,,,,,0,1,0,0,0,1,0,2020
17986384,N,11/08/2020,06:48 PM,45,11,4,1,20,2,4,20,1.0,227,22,30.39137344,-97.72173271,FM,1325.0,6.867000000000001,FM1325,Y,N,2,SUN,0.0,0.0,0.0,4.0,14.0,43120.0,2018.0,1.5,,,,0,1,0,1,0,1,0,2020
17986789,N,11/29/2020,08:24 AM,55,12,1,2,11,7,4,1,2.0,227,9999,30.23282595,-97.92143509,US,290.0,106.457,US0290,Y,Y,2,SUN,0.0,6.0,0.0,4.0,14.0,37680.0,2018.0,2.9,,,,0,1,0,0,0,1,0,2020
17986843,N,11/25/2020,05:45 PM,45,11,4,1,21,2,1,10,1.0,227,22,30.23538446,-97.85209949,US,290.0,110.77,US0290,Y,N,2,WED,20.0,20.0,42.0,5.0,12.0,60621.0,2018.0,2.7,,,,0,1,0,1,0,1,0,2020
17987156,N,11/25/2020,06:29 PM,-1,11,4,1,5,2,1,10,1.0,227,22,30.20321274,-97.63948059,SH,71.0,130.719,SH0071,Y,N,1,WED,0.0,0.0,180.0,6.0,14.0,53382.0,2018.0,8.3,,,,1,0,2,0,0,3,0,2020
17987173,N,11/26/2020,08:51 AM,-1,11,1,1,11,7,4,1,4.0,227,22,30.1873347,-97.77276254,IH,35.0,227.75,IH0035,Y,N,2,THU,6.0,20.0,30.0,6.0,11.0,156852.0,2018.0,11.1,,,,0,1,0,1,0,1,0,2020
17987462,N,11/26/2020,09:39 PM,-1,11,4,1,5,2,2,22,1.0,227,22,30.33900328,-97.7002255,IH,35.0,239.286,IH0035,Y,N,2,THU,20.0,20.0,3.0,6.0,11.0,145168.0,2018.0,11.9,,,,0,1,0,5,0,1,0,2020
17987466,N,11/27/2020,02:36 AM,55,11,3,2,20,7,4,1,4.0,227,22,30.22010481,-97.75846591,US,290.0,116.696,US0290,Y,N,2,FRI,20.0,20.0,20.0,6.0,12.0,140123.0,2018.0,2.6,,,,0,1,0,0,0,1,0,2020
17987475,N,11/27/2020,07:13 AM,40,12,1,2,5,2,2,22,1.0,227,22,30.27356299,-97.69790834,SL,111.0,0.72,SL0111,Y,N,2,FRI,1.0,2.0,0.0,4.0,14.0,31328.0,2018.0,1.8,,,,0,2,0,2,0,2,0,2020
17987477,N,11/27/2020,08:36 AM,45,12,1,2,20,7,4,1,2.0,227,22,30.26861486,-97.77728453,SL,1.0,15.842,SL0001,Y,N,2,FRI,8.0,12.0,36.0,8.0,12.0,139370.0,2018.0,1.2,,,,0,1,0,0,0,1,0,2020
17987483,N,11/27/2020,09:49 AM,55,2,1,2,5,2,1,10,1.0,227,22,30.28564453,-97.6653595,US,183.0,323.551,US0183,Y,N,2,FRI,16.0,20.0,36.0,4.0,14.0,67460.0,2018.0,6.6,,,,0,1,0,0,0,1,0,2020
17987558,N,11/27/2020,12:55 PM,55,2,1,2,1,7,4,1,4.0,227,22,30.22263094,-97.68173537,SH,71.0,127.828,SH0071,Y,N,2,FRI,10.0,10.0,52.0,5.0,12.0,95090.0,2018.0,3.5,,,,0,1,0,0,0,1,0,2020
17987570,N,11/27/2020,11:48 PM,-1,11,4,1,5,2,1,10,1.0,227,22,30.38194509,-97.68635307,SL,275.0,3.107,SL0275,Y,N,2,FRI,0.0,2.0,0.0,4.0,14.0,28204.0,2018.0,1.4,,,,0,3,0,1,0,3,0,2020
17987701,N,11/29/2020,11:59 AM,-1,11,1,1,11,2,4,20,1.0,227,22,30.28366554,-97.72685184,IH,35.0,235.11,IH0035,Y,N,2,SUN,20.0,40.0,3.0,8.0,11.0,202376.0,2018.0,9.3,,,,0,2,1,9,0,3,0,2020
17988336,N,11/25/2020,01:15 PM,40,11,1,1,5,5,1,1,1.0,227,1258,30.27305776,-97.79847052,RM,2244.0,9.97,RM2244,Y,Y,1,WED,0.0,0.0,0.0,4.0,14.0,36498.0,2018.0,3.4,,,,1,0,0,1,0,1,0,2020
17988480,N,11/29/2020,05:00 PM,55,11,1,1,10,2,1,34,1.0,227,22,30.406620899999997,-97.85252134,RM,620.0,13.053,RM0620,Y,N,2,SUN,8.0,8.0,0.0,4.0,14.0,50802.0,2018.0,3.1,,,,0,1,0,1,0,1,0,2020
17988481,N,11/29/2020,04:46 PM,45,12,1,1,5,2,1,10,1.0,227,22,30.27043897,-97.73289554,IH,35.0,234.127,IH0035,Y,N,2,SUN,20.0,40.0,3.0,8.0,11.0,177389.0,2018.0,9.9,,,,0,1,0,3,0,1,0,2020
17988493,Y,11/29/2020,06:21 PM,60,12,1,1,11,2,4,22,1.0,227,22,,,SH,35.0,,SH0035,Y,N,2,SUN,,,,,,,,,,,,0,2,0,12,0,2,0,2020
17988861,N,11/30/2020,11:06 PM,-1,11,4,1,5,2,2,22,1.0,227,22,30.39910804,-97.67338903,IH,35.0,243.847,IH0035,Y,N,2,MON,8.0,20.0,3.0,6.0,11.0,159315.0,2018.0,11.5,1.0,438.0,1.0,0,1,0,1,0,1,0,2020