Crash_ID,Cmv_Involv_Fl,Crash_Date,Crash_Time,Crash_Speed_Limit,Wthr_Cond_ID,Light_Cond_ID,Surf_Cond_ID,Traffic_Cntl_ID,Harm_Evnt_ID,Intrsct_Relat_ID,FHE_Collsn_ID,Road_Relat_ID,Cnty_ID,City_ID,Latitude,Longitude,Hwy_Sys,Hwy_Nbr,Dfo,Street_Name,Onsys_Fl,Rural_Fl,Crash_Sev_ID,Day_of_Week,Shldr_Width_Left,Shldr_Width_Right,Median_Width,Nbr_Of_Lane,Func_Sys_ID,Adt_Curnt_Amt,Adt_Curnt_Year,Trk_Aadt_Pct,Curve_Type_ID,Curve_Lngth,Cd_Degr,Sus_Serious_Injry_Cnt,Nonincap_Injry_Cnt,Poss_Injry_Cnt,Non_Injry_Cnt,Unkn_Injry_Cnt,Tot_Injry_Cnt,Death_Cnt,Year
17988870,N,11/30/2020,04:51 PM,55,11,1,1,1,2,4,22,1.0,227,22,30.2480278,-97.80440012,SL,360.0,12.695,SL0360,Y,N,2,MON,8.0,20.0,48.0,4.0,14.0,99537.0,2018.0,2.0,,,,0,1,0,2,0,1,0,2020
17989124,N,12/01/2020,08:00 AM,55,11,1,1,1,2,4,20,1.0,227,22,30.22057505,-97.68317965,US,183.0,328.719,US0183,Y,N,2,TUE,12.0,16.0,36.0,4.0,14.0,43585.0,2018.0,7.8,,,,0,1,0,2,0,1,0,2020
17989126,N,12/01/2020,07:39 AM,50,12,1,1,20,2,2,22,1.0,227,22,30.4080484,-97.6763384,FM,734.0,11.723,FM0734,Y,N,2,TUE,10.0,10.0,16.0,6.0,14.0,63989.0,2018.0,3.7,,,,0,1,2,1,0,3,0,2020
17989129,N,12/01/2020,10:35 AM,65,11,1,1,1,7,4,1,2.0,227,22,30.21633696,-97.75006463,SH,71.0,123.582,SH0071,Y,N,2,TUE,0.0,0.0,32.0,6.0,12.0,122565.0,2018.0,3.2,,,,0,1,0,0,0,1,0,2020
17989979,N,11/23/2020,03:30 AM,45,0,0,0,20,2,1,24,1.0,227,22,30.28564453,-97.6653595,US,183.0,323.551,US0183,Y,N,2,MON,16.0,20.0,36.0,4.0,14.0,67460.0,2018.0,6.6,,,,0,1,0,0,1,1,0,2020
17989989,N,12/01/2020,03:26 PM,40,11,1,1,5,2,1,10,1.0,227,22,30.24915123,-97.80529785,SL,1.0,18.057,SL0001,Y,N,2,TUE,12.0,20.0,500.0,6.0,12.0,153269.0,2018.0,1.2,,,,0,1,0,3,0,1,0,2020
17990069,N,12/01/2020,07:34 PM,50,11,4,1,20,2,2,22,1.0,227,22,30.41895684,-97.74682464,US,183.0,311.96,US0183,Y,N,2,TUE,20.0,20.0,36.0,6.0,12.0,137676.0,2018.0,2.0,,,,0,1,0,1,0,1,0,2020
17990074,Y,12/01/2020,09:47 PM,65,11,4,1,20,1,4,1,2.0,227,22,30.41455743,-97.70670457,SL,1.0,4.405,SL0001,Y,N,4,TUE,24.0,20.0,36.0,6.0,12.0,112974.0,2018.0,1.6,1.0,258.0,23.0,3,1,0,0,0,4,1,2020
17990077,N,12/02/2020,01:04 AM,70,11,4,1,1,7,4,1,2.0,227,22,30.10012006,-97.81277984,IH,35.0,221.265,IH0035,Y,N,2,WED,6.0,20.0,20.0,6.0,11.0,131087.0,2018.0,12.1,1.0,173.0,0.0,0,1,0,0,0,1,0,2020
17990529,N,12/02/2020,05:51 AM,45,12,4,1,20,1,4,1,1.0,227,22,30.2831224,-97.7003668,FM,969.0,0.219,FM0969,Y,N,4,WED,0.0,0.0,0.0,4.0,14.0,16460.0,2018.0,6.7,,,,0,1,0,0,0,1,1,2020
17991190,N,11/25/2020,08:50 PM,-1,11,4,1,20,2,4,20,1.0,227,22,30.31924691,-97.6652577,US,183.0,321.16,US0183,Y,N,2,WED,16.0,16.0,70.0,4.0,12.0,55986.0,2018.0,7.2,,,,0,1,3,4,1,4,0,2020
17992011,N,08/22/2020,08:04 PM,-1,11,1,1,1,7,4,1,2.0,227,22,30.38069716,-97.7397069,US,183.0,314.701,US0183,Y,N,2,SAT,20.0,20.0,36.0,6.0,12.0,146786.0,2018.0,1.9,,,,0,1,0,2,0,1,0,2020
17992018,N,12/02/2020,10:55 AM,70,12,1,1,20,7,4,1,4.0,227,22,30.21278114,-97.71536505,SH,71.0,125.671,SH0071,Y,N,2,WED,20.0,20.0,44.0,8.0,12.0,85342.0,2018.0,3.6,1.0,224.0,0.0,0,1,0,0,0,1,0,2020
17992052,N,12/02/2020,07:36 PM,-1,11,4,1,5,1,2,1,1.0,227,22,30.23865375,-97.78930171,SL,343.0,0.8809999999999999,SL0343,Y,N,1,WED,0.0,0.0,0.0,5.0,14.0,36688.0,2018.0,1.5,,,,1,0,0,1,0,1,0,2020
17992053,N,12/02/2020,09:17 PM,70,11,4,1,20,2,4,20,1.0,227,22,30.434685700000003,-97.66957486,IH,35.0,246.337,IH0035,Y,N,2,WED,8.0,20.0,3.0,6.0,11.0,132719.0,2018.0,12.4,,,,0,1,0,3,0,1,0,2020
17992754,N,12/03/2020,08:57 AM,-1,11,1,1,20,2,4,20,1.0,227,22,30.24222852,-97.73616936,IH,35.0,232.121,IH0035,Y,N,2,THU,4.0,16.0,40.0,6.0,11.0,150700.0,2018.0,10.7,,,,0,1,0,1,0,1,0,2020
17992811,N,12/03/2020,12:50 PM,60,11,1,1,17,2,4,22,1.0,227,22,30.25869396,-97.73711329999999,IH,35.0,233.28,IH0035,Y,N,2,THU,8.0,20.0,3.0,8.0,11.0,142856.0,2018.0,11.0,1.0,76.0,3.0,0,1,0,2,0,1,0,2020
17992886,N,10/14/2020,06:30 AM,35,11,1,1,20,1,2,1,1.0,227,22,30.24049501,-97.78665439,SL,343.0,1.084,SL0343,Y,N,2,WED,0.0,0.0,0.0,4.0,14.0,36688.0,2018.0,1.5,,,,0,1,0,1,0,1,0,2020
17993903,N,12/03/2020,04:41 PM,65,11,1,1,20,2,4,20,1.0,227,22,30.19839224,-97.76414544,IH,35.0,228.669,IH0035,Y,N,2,THU,24.0,24.0,42.0,6.0,11.0,148474.0,2018.0,11.3,,,,0,1,1,0,0,2,0,2020
17993917,N,12/03/2020,09:02 PM,-1,11,3,1,5,2,1,34,1.0,227,22,30.28472064,-97.65978215,FM,969.0,2.675,FM0969,Y,N,2,THU,0.0,0.0,0.0,4.0,14.0,32176.0,2018.0,6.2,,,,0,2,0,1,0,2,0,2020
17993953,N,12/04/2020,04:55 AM,70,11,4,1,20,7,4,1,4.0,227,22,30.26166157,-97.73625639,IH,35.0,233.491,IH0035,Y,N,2,FRI,8.0,20.0,3.0,8.0,11.0,158343.0,2018.0,10.4,1.0,248.0,2.0,0,1,0,0,0,1,0,2020
17994569,N,12/04/2020,12:18 PM,50,11,1,1,21,2,1,10,1.0,227,22,30.34050179,-97.5911026,US,290.0,132.21,US0290,Y,N,1,FRI,20.0,20.0,3.0,5.0,12.0,34434.0,2018.0,8.4,,,,1,0,1,1,0,2,0,2020
17996647,N,12/06/2020,06:40 PM,60,11,3,1,20,2,1,24,1.0,227,9999,30.10281598,-97.61176188,FM,812.0,6.907,FM0812,Y,Y,2,SUN,10.0,10.0,0.0,2.0,6.0,13167.0,2018.0,7.0,,,,0,2,2,0,0,4,0,2020
17997955,Y,12/01/2020,11:23 AM,55,11,1,1,8,2,1,14,1.0,227,9999,30.19024366,-97.92673556,RM,1826.0,3.835,RM1826,Y,Y,4,TUE,3.0,3.0,0.0,2.0,17.0,12378.0,2018.0,5.2,,,,0,0,0,1,0,0,2,2020
17998047,N,05/17/2020,09:58 PM,50,11,3,1,20,2,3,13,1.0,227,22,30.237243900000003,-97.68664663,US,183.0,327.524,US0183,Y,N,2,SUN,6.0,10.0,36.0,4.0,14.0,97049.0,2018.0,5.6,1.0,115.0,0.0,0,1,1,1,0,2,0,2020
17998151,N,12/04/2020,08:22 PM,65,11,4,1,20,2,4,22,1.0,227,22,30.37294127,-97.72584076,US,183.0,315.687,US0183,Y,N,2,FRI,20.0,20.0,8.0,6.0,12.0,138365.0,2018.0,3.6,1.0,114.0,1.0,0,1,0,2,0,1,0,2020
17998157,N,12/04/2020,10:50 PM,50,11,6,1,20,1,1,1,1.0,227,22,30.38166267,-97.67404326,IH,35.0,242.614,IH0035,Y,N,4,FRI,8.0,20.0,3.0,6.0,11.0,159315.0,2018.0,11.5,,,,0,0,0,0,1,0,1,2020
17998191,N,12/05/2020,11:36 AM,-1,12,1,1,20,7,4,1,2.0,227,22,30.29208948,-97.76007959,SL,1.0,13.91,SL0001,Y,N,2,SAT,12.0,20.0,60.0,6.0,12.0,150574.0,2018.0,1.2,1.0,338.0,1.0,0,1,0,1,0,1,0,2020
17998194,Y,12/05/2020,09:54 AM,-1,12,1,1,17,2,1,10,1.0,227,22,30.28564453,-97.6653595,US,183.0,323.551,US0183,Y,N,1,SAT,16.0,20.0,36.0,4.0,14.0,67460.0,2018.0,6.6,,,,1,1,0,1,0,2,0,2020
17998201,N,12/05/2020,03:56 PM,50,11,1,1,5,2,2,22,1.0,227,22,30.32140479,-97.69587843,US,290.0,125.758,US0290,Y,N,2,SAT,12.0,20.0,24.0,5.0,12.0,55306.0,2018.0,6.3,1.0,1034.0,0.0,0,1,0,1,0,1,0,2020
17998211,N,12/05/2020,04:28 PM,55,2,1,2,5,2,4,20,1.0,227,22,,,IH,35.0,,IH0035,Y,N,2,SAT,,,,,,,,,,,,0,1,0,2,0,1,0,2020
17998224,N,12/05/2020,05:23 PM,45,12,5,1,5,2,1,34,1.0,227,22,30.20250628,-97.77556804,SL,275.0,18.643,SL0275,Y,N,2,SAT,0.0,0.0,0.0,4.0,14.0,32519.0,2018.0,1.3,1.0,449.0,0.0,0,2,0,3,0,2,0,2020
17998331,N,12/06/2020,01:56 PM,55,11,1,1,10,2,1,34,1.0,227,22,30.42039108,-97.70423126,FM,734.0,9.83,FM0734,Y,N,1,SUN,8.0,20.0,36.0,6.0,14.0,61367.0,2018.0,3.7,1.0,276.0,0.0,1,0,0,2,0,1,0,2020
17998336,N,12/06/2020,02:08 PM,-1,11,1,1,5,2,2,22,1.0,227,9999,30.19424184,-97.62406406,SH,71.0,131.83100000000002,SH0071,Y,Y,2,SUN,6.0,10.0,400.0,6.0,14.0,53382.0,2018.0,8.3,,,,0,2,0,1,0,2,0,2020
17998340,N,12/06/2020,07:28 PM,65,11,4,1,1,7,4,1,2.0,227,22,30.32728394,-97.6676108,US,290.0,127.516,US0290,Y,N,1,SUN,20.0,20.0,3.0,4.0,12.0,24503.0,2018.0,2.7,1.0,655.0,0.0,2,1,0,0,0,3,0,2020
17998448,N,12/07/2020,06:13 AM,60,11,4,1,20,2,4,20,1.0,227,22,30.25259131,-97.73631655,IH,35.0,232.856,IH0035,Y,N,2,MON,4.0,10.0,3.0,6.0,11.0,142856.0,2018.0,11.0,,,,0,2,0,0,0,2,0,2020
17998450,N,12/07/2020,08:00 AM,70,11,1,1,20,2,4,21,1.0,227,22,30.210463899999997,-97.75495225,IH,35.0,229.665,IH0035,Y,N,2,MON,4.0,20.0,3.0,6.0,11.0,148474.0,2018.0,11.3,1.0,301.0,0.0,0,1,0,1,0,1,0,2020
17999799,N,12/02/2020,03:09 PM,50,11,1,2,5,2,2,22,1.0,227,250,30.3452317,-97.96551005,RM,620.0,3.197,RM0620,Y,N,2,WED,8.0,8.0,0.0,4.0,14.0,50317.0,2018.0,3.1,,,,0,1,0,3,0,1,0,2020
17999825,N,01/23/2020,02:30 PM,-1,11,1,1,1,2,2,31,1.0,227,22,30.27441498,-97.73154416,IH,35.0,234.412,IH0035,Y,N,2,THU,20.0,40.0,3.0,8.0,11.0,177389.0,2018.0,9.9,,,,0,1,0,2,0,1,0,2020
17999830,Y,12/06/2020,11:31 PM,60,11,4,1,20,2,4,20,1.0,227,22,30.32930516,-97.70562303,IH,35.0,238.543,IH0035,Y,N,2,SUN,20.0,20.0,3.0,6.0,11.0,199837.0,2018.0,9.4,,,,0,1,0,1,0,1,0,2020
17999854,N,12/07/2020,04:41 PM,-1,11,1,1,1,2,4,21,1.0,227,22,30.27264968,-97.7320848,IH,35.0,234.287,IH0035,Y,N,2,MON,20.0,40.0,3.0,8.0,11.0,177389.0,2018.0,9.9,,,,0,1,0,2,0,1,0,2020
17999860,N,12/07/2020,07:05 PM,-1,11,4,1,1,2,3,14,1.0,227,22,30.28603177,-97.68117407,FM,969.0,1.382,FM0969,Y,N,2,MON,0.0,0.0,0.0,4.0,14.0,17992.0,2018.0,6.6,,,,0,1,0,2,0,1,0,2020
17999864,N,12/07/2020,09:42 PM,45,11,4,1,9,2,2,13,1.0,227,22,30.32212067,-97.70681763,IH,35.0,238.044,IH0035,Y,N,2,MON,8.0,20.0,24.0,8.0,11.0,199837.0,2018.0,9.4,,,,0,2,0,0,0,2,0,2020
18000981,N,12/04/2020,07:08 PM,65,11,4,1,20,1,4,1,1.0,227,9999,30.11803637,-97.69519322,US,183.0,335.862,US0183,Y,Y,1,FRI,8.0,8.0,0.0,4.0,14.0,17419.0,2018.0,9.9,,,,1,0,0,1,0,1,0,2020
18001031,N,12/08/2020,06:16 PM,45,11,3,1,1,2,2,22,1.0,227,9999,30.13828882,-97.67872817,FM,973.0,34.518,FM0973,Y,Y,2,TUE,5.0,5.0,0.0,2.0,16.0,5519.0,2018.0,10.2,,,,0,1,0,4,0,1,0,2020
18001971,N,12/08/2020,04:36 PM,-1,11,1,1,20,2,3,13,1.0,227,22,30.40778094,-97.67467690000001,IH,35.0,244.462,IH0035,Y,N,2,TUE,8.0,20.0,3.0,6.0,11.0,134367.0,2018.0,12.4,1.0,411.0,1.0,0,2,0,1,0,2,0,2020
18001988,N,12/08/2020,07:40 PM,75,11,4,1,20,10,4,1,1.0,227,22,30.17513943,-97.88650942,SL,1.0,25.404,SL0001,Y,N,2,TUE,12.0,20.0,325.0,4.0,14.0,24757.0,2018.0,1.5,,,,0,1,0,0,0,1,0,2020
18002392,N,12/09/2020,06:45 AM,70,11,5,1,1,2,4,21,1.0,227,22,30.09969654,-97.81297729999999,IH,35.0,221.234,IH0035,Y,N,2,WED,6.0,20.0,20.0,6.0,11.0,131087.0,2018.0,12.1,1.0,173.0,0.0,0,1,0,2,0,1,0,2020
18002407,Y,12/09/2020,10:46 AM,55,11,1,1,9,2,1,34,1.0,227,22,30.38853002,-97.75006615,SL,360.0,0.35700000000000004,SL0360,Y,N,2,WED,8.0,20.0,48.0,4.0,14.0,53584.0,2018.0,2.7,,,,0,1,0,1,0,1,0,2020
18003237,N,12/04/2020,08:54 AM,55,11,1,1,20,2,3,13,1.0,227,250,30.32884735,-97.96535911,RM,620.0,1.932,RM0620,Y,N,2,FRI,8.0,8.0,0.0,4.0,14.0,26975.0,2018.0,3.8,,,,0,1,1,0,0,2,0,2020
18003238,N,12/05/2020,08:15 AM,50,12,1,2,5,2,2,22,1.0,227,538,30.30511818,-97.93616729,SH,71.0,109.258,SH0071,Y,Y,2,SAT,8.0,8.0,0.0,4.0,14.0,50310.0,2018.0,3.1,,,,0,1,0,3,0,1,0,2020
18004591,N,10/30/2020,10:40 AM,35,11,1,1,20,2,2,22,1.0,227,22,30.37099816,-97.72159454,US,183.0,315.973,US0183,Y,N,2,FRI,20.0,20.0,8.0,6.0,12.0,138365.0,2018.0,3.6,,,,0,1,0,1,0,1,0,2020
18004601,N,12/08/2020,01:00 PM,-1,11,1,1,5,2,2,22,1.0,227,22,30.34398458,-97.70527827,US,183.0,318.201,US0183,Y,N,2,TUE,20.0,20.0,24.0,6.0,12.0,139965.0,2018.0,3.6,,,,0,1,0,0,0,1,0,2020
18004819,Y,12/09/2020,06:20 PM,-1,11,4,1,20,7,4,1,2.0,227,22,30.18649956,-97.77331615,IH,35.0,227.68400000000003,IH0035,Y,N,2,WED,6.0,20.0,30.0,6.0,11.0,156852.0,2018.0,11.1,,,,0,2,0,1,0,2,0,2020
18004827,N,12/10/2020,03:07 PM,-1,11,1,1,20,2,4,21,1.0,227,22,30.29531812,-97.71934074,IH,35.0,236.028,IH0035,Y,N,2,THU,8.0,20.0,24.0,8.0,11.0,202376.0,2018.0,9.3,,,,0,1,1,0,0,2,0,2020
18005052,N,12/09/2020,06:52 PM,45,11,3,1,1,2,4,20,1.0,227,9999,30.30775567,-97.56434676,FM,973.0,20.08,FM0973,Y,Y,1,WED,6.0,6.0,0.0,2.0,16.0,10893.0,2018.0,7.1,,,,1,0,1,1,0,2,0,2020
18005162,N,12/10/2020,06:56 PM,60,11,4,1,5,2,2,20,1.0,227,9999,30.29571342,-97.82814789,RM,2244.0,7.568,RM2244,Y,Y,2,THU,0.0,0.0,8.0,6.0,14.0,28681.0,2018.0,3.8,1.0,58.0,5.0,0,1,0,4,0,1,0,2020
18005749,N,12/11/2020,08:27 AM,60,12,2,2,11,7,4,1,2.0,227,9999,30.23627234,-97.62503525,FM,973.0,26.713,FM0973,Y,Y,2,FRI,5.0,5.0,0.0,2.0,16.0,22301.0,2018.0,5.5,,,,0,1,1,0,0,2,0,2020
18006131,N,12/11/2020,08:42 AM,45,2,1,2,20,7,2,3,2.0,227,22,30.24755549,-97.80594901,SL,1.0,18.173,SL0001,Y,N,2,FRI,12.0,20.0,500.0,6.0,12.0,153269.0,2018.0,1.2,,,,0,1,0,0,0,1,0,2020
18006499,N,12/11/2020,11:46 AM,35,2,1,2,5,2,2,22,1.0,227,22,30.2201978,-97.83652978,SL,1.0,20.87,SL0001,Y,N,2,FRI,20.0,20.0,3.0,6.0,12.0,84322.0,2018.0,1.6,,,,0,1,0,1,0,1,0,2020
18006502,N,12/11/2020,11:57 AM,50,2,1,2,5,2,2,20,1.0,227,22,30.265779499999997,-97.78253937,RM,2244.0,11.217,RM2244,Y,N,2,FRI,0.0,0.0,0.0,4.0,14.0,36498.0,2018.0,3.4,1.0,100.0,32.0,0,1,0,2,0,1,0,2020
18006672,N,12/05/2020,05:08 AM,-1,11,4,1,1,4,4,1,5.0,227,330,,,FM,685.0,,FM0685,Y,N,2,SAT,,,,,,,,,,,,0,1,0,0,0,1,0,2020
18006816,N,12/07/2020,06:56 PM,70,11,4,1,20,1,4,1,3.0,227,9999,30.18351397,-97.54264876,SH,71.0,136.984,SH0071,Y,Y,2,MON,6.0,10.0,40.0,4.0,2.0,40580.0,2018.0,9.6,1.0,384.0,1.0,0,1,0,2,1,1,0,2020
18007222,N,12/06/2020,02:52 PM,70,11,1,1,17,2,1,10,1.0,227,9999,30.18272322,-97.54116379,SH,71.0,137.088,SH0071,Y,Y,2,SUN,6.0,10.0,40.0,4.0,2.0,40580.0,2018.0,9.6,1.0,384.0,1.0,0,2,2,3,0,4,0,2020
18009845,N,12/14/2020,06:30 AM,65,11,3,1,5,2,1,10,1.0,227,9999,30.19433975,-97.62417603,SH,71.0,131.822,SH0071,Y,Y,2,MON,6.0,10.0,400.0,6.0,14.0,53382.0,2018.0,8.3,,,,0,1,1,2,0,2,0,2020
18010461,N,12/11/2020,04:56 PM,65,11,1,1,8,2,4,20,1.0,227,9999,30.36001951,-97.53252672,FM,973.0,15.47,FM0973,Y,Y,2,FRI,10.0,10.0,0.0,2.0,16.0,15148.0,2018.0,5.5,1.0,333.0,1.0,0,1,2,2,0,3,0,2020
18010846,N,12/05/2020,08:20 PM,70,11,4,1,20,2,4,21,1.0,227,9999,30.45786538,-97.66686559,IH,35.0,247.951,IH0035,Y,Y,2,SAT,18.0,18.0,12.0,6.0,11.0,162734.0,2018.0,11.4,1.0,467.0,1.0,0,2,0,2,0,2,0,2020
18010959,N,10/20/2020,10:06 PM,55,11,3,1,1,7,4,1,2.0,227,22,30.19482198,-97.68464833,US,183.0,330.495,US0183,Y,N,4,TUE,16.0,16.0,36.0,4.0,14.0,30598.0,2018.0,9.5,,,,0,0,0,0,0,0,1,2020
18010968,N,11/14/2020,03:19 AM,-1,11,4,1,5,1,2,1,1.0,227,22,30.23360864,-97.74126543,IH,35.0,231.455,IH0035,Y,N,1,SAT,4.0,20.0,3.0,6.0,11.0,150700.0,2018.0,10.7,,,,1,0,0,2,0,1,0,2020
18010970,Y,11/19/2020,01:25 AM,70,11,4,1,1,2,4,21,1.0,227,22,,,IH,35.0,,IH0035,Y,N,2,THU,,,,,,,,,,,,0,2,0,1,0,2,0,2020
18010978,N,12/10/2020,11:55 AM,40,11,1,1,20,2,3,20,1.0,227,22,,,SL,111.0,,SL0111,Y,N,2,THU,,,,,,,,,,,,0,2,0,1,0,2,0,2020
18011042,N,12/11/2020,02:20 PM,-1,12,1,2,20,2,3,13,1.0,227,22,30.21222301,-97.75390096,IH,35.0,229.802,IH0035,Y,N,2,FRI,4.0,20.0,3.0,6.0,11.0,148474.0,2018.0,11.3,1.0,301.0,0.0,0,1,0,1,0,1,0,2020
18011046,N,12/11/2020,08:54 PM,45,11,4,1,5,2,1,10,1.0,227,22,30.23416675,-97.79634782,SL,343.0,0.359,SL0343,Y,N,2,FRI,6.0,16.0,10.0,2.0,14.0,36688.0,2018.0,1.5,,,,0,1,0,1,0,1,0,2020
18011050,N,12/11/2020,03:22 PM,65,11,1,1,8,2,2,13,1.0,227,22,30.15347267,-97.79145786,IH,35.0,225.152,IH0035,Y,N,2,FRI,6.0,20.0,30.0,6.0,11.0,128785.0,2018.0,12.2,,,,0,1,1,2,0,2,0,2020
18011053,N,12/11/2020,11:32 PM,55,11,4,1,20,2,3,13,1.0,227,22,30.42407204,-97.67160399,IH,35.0,245.597,IH0035,Y,N,2,FRI,8.0,20.0,3.0,6.0,11.0,134367.0,2018.0,12.4,,,,0,2,0,1,0,2,0,2020
18011060,N,12/12/2020,06:03 AM,50,12,3,1,20,7,4,1,2.0,227,22,30.32692936,-97.66942877,US,290.0,127.405,US0290,Y,N,1,SAT,20.0,20.0,3.0,4.0,12.0,24503.0,2018.0,2.7,,,,1,0,0,0,0,1,0,2020
18011095,N,12/12/2020,02:48 PM,-1,11,1,1,20,2,4,20,1.0,227,22,30.29164167,-97.72169824,IH,35.0,235.739,IH0035,Y,N,2,SAT,8.0,20.0,24.0,8.0,11.0,202376.0,2018.0,9.3,,,,0,1,0,3,0,1,0,2020
18011127,N,12/12/2020,10:40 PM,-1,11,4,1,20,7,4,1,2.0,227,22,30.31896936,-97.66499052,US,183.0,321.185,US0183,Y,N,2,SAT,16.0,16.0,70.0,4.0,12.0,55986.0,2018.0,7.2,,,,0,1,0,0,0,1,0,2020
18011170,N,12/13/2020,03:37 AM,65,11,4,1,20,7,4,1,2.0,227,22,30.21759367,-97.75416104,US,290.0,117.007,US0290,Y,N,2,SUN,20.0,20.0,20.0,6.0,12.0,140123.0,2018.0,2.6,1.0,171.0,2.0,0,1,0,1,0,1,0,2020
18011179,N,12/13/2020,02:32 PM,-1,11,1,1,20,2,4,21,1.0,227,22,30.33683189,-97.75536579,SL,1.0,10.808,SL0001,Y,N,2,SUN,12.0,20.0,100.0,6.0,12.0,148872.0,2018.0,1.2,1.0,218.0,2.0,0,1,0,1,0,1,0,2020
18011184,N,12/13/2020,06:45 PM,40,12,4,1,8,2,1,10,1.0,227,22,30.35083993,-97.70915299,SL,275.0,5.684,SL0275,Y,N,2,SUN,8.0,8.0,0.0,4.0,14.0,37706.0,2018.0,1.2,,,,0,1,0,1,0,1,0,2020
18012440,N,12/05/2020,08:08 PM,65,11,1,1,1,2,4,20,1.0,227,22,30.23312252,-97.74155458,IH,35.0,231.417,IH0035,Y,N,2,SAT,4.0,20.0,3.0,6.0,11.0,150700.0,2018.0,10.7,,,,0,1,0,1,0,1,0,2020
18012444,N,12/13/2020,02:23 PM,55,11,1,1,1,2,2,17,1.0,227,22,,,IH,35.0,,IH0035,Y,N,2,SUN,,,,,,,,,,,,0,2,0,2,1,2,0,2020
18012454,N,12/14/2020,06:16 PM,55,11,1,1,1,2,4,30,1.0,227,22,30.24642881,-97.88716099,SH,71.0,114.506,SH0071,Y,N,2,MON,10.0,10.0,0.0,4.0,14.0,34138.0,2018.0,3.5,,,,0,1,2,1,0,3,0,2020
18012512,N,12/15/2020,08:30 AM,65,12,1,1,20,2,2,20,1.0,227,22,30.32212067,-97.70681763,IH,35.0,238.044,IH0035,Y,N,2,TUE,8.0,20.0,24.0,8.0,11.0,199837.0,2018.0,9.4,,,,0,1,0,1,0,1,0,2020
18012860,N,12/14/2020,11:35 AM,65,12,1,1,5,7,2,1,4.0,227,9999,30.18634344,-97.60949555,SH,71.0,132.923,SH0071,Y,Y,1,MON,4.0,6.0,40.0,4.0,14.0,53382.0,2018.0,8.3,,,,1,0,0,0,0,1,0,2020
18012873,N,12/04/2020,04:51 AM,-1,11,6,1,20,2,4,46,1.0,227,22,30.11247995,-97.80702377,IH,35.0,222.182,IH0035,Y,N,2,FRI,6.0,20.0,20.0,6.0,11.0,131087.0,2018.0,12.1,1.0,84.0,0.0,0,1,0,0,1,1,0,2020
18013996,N,09/30/2020,03:47 PM,50,11,1,1,8,2,2,13,1.0,227,22,30.41804569,-97.67273349,IH,35.0,245.177,IH0035,Y,N,2,WED,8.0,20.0,3.0,6.0,11.0,134367.0,2018.0,12.4,,,,0,2,0,1,0,2,0,2020
18014016,N,12/03/2020,09:08 AM,40,11,1,1,5,2,2,22,1.0,227,22,30.37406974,-97.69078395,SL,275.0,3.709,SL0275,Y,N,2,THU,0.0,2.0,0.0,4.0,14.0,29928.0,2018.0,1.4,,,,0,1,0,2,0,1,0,2020
18014070,N,12/15/2020,06:50 PM,65,11,4,1,20,2,4,20,1.0,227,22,30.34394701,-97.70522471,US,183.0,318.205,US0183,Y,N,2,TUE,20.0,20.0,24.0,6.0,12.0,139965.0,2018.0,3.6,,,,0,1,0,1,0,1,0,2020
18014556,N,12/16/2020,07:57 AM,45,11,1,1,20,2,4,22,1.0,227,22,30.22960211,-97.78743028,US,290.0,114.788,US0290,Y,N,2,WED,20.0,20.0,22.0,8.0,12.0,148990.0,2018.0,2.4,,,,0,1,0,1,0,1,0,2020
18015586,N,12/08/2020,01:57 PM,50,11,1,1,5,2,1,10,1.0,227,250,30.35409458,-97.96153211,RM,620.0,3.855,RM0620,Y,N,2,TUE,8.0,8.0,0.0,4.0,14.0,50317.0,2018.0,3.1,1.0,110.0,2.0,0,1,0,1,0,1,0,2020
18016360,N,12/17/2020,11:22 AM,35,11,1,1,20,2,2,22,1.0,227,22,30.26332069,-97.74421955,SL,343.0,4.558,SL0343,Y,N,2,THU,10.0,10.0,0.0,4.0,14.0,24852.0,2018.0,2.0,,,,0,1,0,1,0,1,0,2020
18016877,Y,12/17/2020,06:15 AM,55,11,3,1,11,2,4,30,1.0,227,8389,30.22214621,-97.5079635,FM,969.0,14.404000000000002,FM0969,Y,Y,2,THU,0.0,0.0,0.0,2.0,7.0,3927.0,2018.0,10.3,1.0,253.0,7.0,0,1,0,1,0,1,0,2020
18017630,N,12/07/2020,08:24 PM,45,11,4,1,20,2,4,20,1.0,227,9999,30.2513696,-97.59523965,FM,969.0,7.314,FM0969,Y,Y,2,MON,0.0,0.0,0.0,2.0,17.0,22309.0,2018.0,6.4,,,,0,1,0,1,0,1,0,2020
18018490,N,11/18/2020,07:53 PM,65,11,3,1,20,6,4,1,1.0,227,9999,30.18928691,-97.58234102,SH,71.0,134.558,SH0071,Y,Y,2,WED,4.0,6.0,40.0,4.0,2.0,53382.0,2018.0,8.3,,,,0,1,0,1,0,1,0,2020
18019293,N,12/13/2020,09:38 AM,45,2,1,2,20,2,2,10,1.0,227,671,30.10119086,-97.72752209999999,FM,1625.0,3.815,FM1625,Y,Y,2,SUN,4.0,4.0,0.0,2.0,17.0,6758.0,2018.0,8.3,,,,0,1,0,1,2,1,0,2020
18020129,N,12/20/2020,09:50 AM,60,11,1,1,17,2,1,34,1.0,227,22,30.20321274,-97.63948059,SH,71.0,130.719,SH0071,Y,N,2,SUN,0.0,0.0,180.0,6.0,14.0,53382.0,2018.0,8.3,,,,0,2,0,1,0,2,0,2020